0 821
0 1860
0 2986
0 3735
0 3738
0 3741
0 772
0 1912
0 6916
1 290
1 291
1 1694
1 1701
1 2277
1 3819
1 6856
2 1243
2 2648
2 8950
2 10596
2 8492
2 8495
2 198
2 10835
2 7025
2 10047
2 10850
3 4293
3 3845
3 7046
3 5716
3 5708
4 11485
4 10280
4 11484
4 11487
4 5976
4 9735
4 10578
4 10302
4 395
4 10419
4 10626
4 2726
4 347
4 3905
4 8832
4 9507
4 11704
4 7018
4 10493
4 11515
4 11744
4 11782
4 8675
4 10932
4 11136
4 4385
4 11645
5 1624
5 6488
5 7541
5 8449
5 8417
5 3164
5 7629
5 10234
5 3658
5 11282
5 11600
5 5707
5 11439
5 3620
5 8181
6 4347
6 4933
6 1457
6 5228
6 1249
6 1464
6 6077
7 4389
7 3197
7 6444
7 6446
7 1503
8 2377
8 6983
8 7569
8 8112
8 8325
8 8405
8 10177
8 3135
8 3155
8 5885
8 8842
8 10858
8 9076
8 2277
8 3159
8 6404
8 3928
8 3937
8 10151
8 4426
8 10789
8 2888
8 4339
8 821
8 4093
8 10866
8 7004
8 8168
8 8346
8 11502
8 10137
8 322
8 2409
8 9615
8 7887
8 6079
8 142
8 1046
8 10503
9 5980
9 3183
9 6239
9 5385
9 6240
9 3459
10 3589
10 4702
10 4724
10 4923
10 1457
10 1464
10 5611
10 5393
10 8449
10 8680
10 8679
10 9011
10 8211
10 7683
10 6258
10 9947
10 9730
10 10238
10 9690
10 10798
10 5780
10 11196
10 11098
10 11496
11 6340
11 2227
11 664
11 2812
11 8386
12 3834
12 4091
12 6443
12 835
12 4218
12 4791
12 3845
12 820
13 5390
13 3101
13 6363
13 8415
13 8572
13 8573
13 7683
13 10633
13 11117
13 10969
13 6096
13 11580
13 11675
14 1841
14 5195
14 2419
14 555
14 4781
14 4319
14 1188
14 1442
14 1268
14 968
14 3038
14 3557
14 1813
14 4456
14 6934
14 6480
15 1716
15 3193
15 5226
15 1230
15 5393
15 6077
15 4461
15 1624
15 8449
15 3503
15 8407
15 8409
15 2667
15 9659
15 9772
15 9774
15 9733
15 8787
15 3666
15 11521
15 11490
15 11739
15 1827
15 6446
15 11136
15 11772
15 11775
15 2012
15 11828
15 11822
16 3478
16 10998
16 3613
16 6900
16 10997
16 8496
17 3970
17 9700
17 7442
17 8470
17 10864
17 8888
17 9398
17 6326
17 8885
17 9243
17 4325
17 6364
17 11447
17 11487
17 11630
17 11613
17 11156
17 10626
17 11782
17 11515
17 909
17 11769
17 11766
17 11399
17 11773
17 1825
17 9799
17 1579
17 2213
18 1624
18 8573
18 6258
18 8242
18 9947
18 9444
18 9772
18 11539
18 6445
19 444
19 1410
19 2442
19 9130
19 3563
20 209
20 665
20 2516
20 9508
20 10774
20 10041
21 9933
21 883
21 3999
21 7569
21 9111
21 10672
21 670
21 825
21 2089
21 4956
21 5632
21 7795
21 9089
21 9701
21 912
21 9909
21 4053
21 191
21 5978
22 5328
22 142
22 1041
22 1177
22 5244
22 11227
23 1312
23 3898
23 5306
23 1584
23 8308
23 4771
23 2939
24 3630
24 2766
24 2920
24 4157
24 1046
24 2759
24 4249
24 5418
24 2894
24 6389
24 6324
24 6693
24 11568
25 4062
25 7764
25 4727
25 7833
25 3355
25 3528
25 8783
25 6651
25 4724
25 6116
25 6646
25 6649
25 4723
25 6650
25 8531
25 9832
25 5457
25 9150
25 9845
25 9736
25 6381
25 11377
26 7060
26 840
26 8736
26 9490
26 9281
26 10169
26 9604
26 9519
26 5291
26 9774
26 6729
26 10449
26 10618
26 10798
26 5782
26 7551
26 11524
26 9612
26 11735
26 11709
26 11768
27 4355
27 6694
27 112
27 4020
27 7064
27 6138
27 5573
27 6145
27 2551
27 6193
27 7063
27 2008
27 9808
27 6641
27 6055
27 5381
28 3310
28 5371
28 7613
28 1023
28 1506
28 11044
28 11050
28 11054
28 73
28 7957
28 11058
29 889
29 895
29 3465
29 3466
29 3376
29 3589
29 4725
29 4730
29 4923
29 5226
29 1464
29 5390
29 1624
29 8383
29 8510
30 823
30 3677
30 3243
30 8297
30 5991
31 5974
31 6363
31 7173
31 7354
31 8485
31 9109
31 9744
31 9794
31 9745
31 10289
31 11128
31 5834
31 10806
31 10774
31 11744
31 11782
31 9799
31 11816
32 3166
32 3485
32 3552
32 3592
32 4032
32 4352
32 4422
32 5327
32 7083
32 7129
32 7984
32 8605
32 9490
32 10056
32 10798
33 226
33 3331
33 3966
33 1860
33 8868
33 10611
34 3517
34 6483
34 7060
34 8779
34 4218
34 9603
34 10277
35 4608
35 4469
35 7554
35 3613
35 4238
35 11047
35 2479
36 1891
36 3351
36 9109
36 10367
36 10418
37 6819
37 5851
37 7691
37 6466
37 6342
37 10980
38 4035
38 5063
38 8487
38 9674
38 11360
39 9659
39 7694
39 10169
39 7824
39 9855
39 6258
39 9745
39 10381
39 10418
39 9519
39 9444
39 9744
39 10639
39 9733
39 10201
39 10976
39 10798
39 5834
39 10289
39 7960
39 9154
39 6096
39 4104
39 11484
39 11270
39 11558
39 11613
39 9507
39 11399
39 11540
39 10106
40 10786
40 11420
40 11536
40 5170
40 10947
40 11711
41 9064
41 9067
41 9260
41 6258
41 9733
41 5304
41 10271
41 11255
41 11483
41 11583
41 11539
41 10446
41 11832
42 8385
42 9067
42 1453
42 8120
42 6755
42 8501
43 2496
43 672
43 11219
43 9029
43 3433
44 2658
44 9413
44 4573
44 1084
44 4969
44 7941
45 3338
45 4795
45 4420
45 1472
45 55
46 5505
46 5681
46 8399
46 5385
46 5224
46 792
47 1578
47 4173
47 8073
47 9154
47 5435
47 8235
47 7117
48 5903
48 8098
48 8328
48 7234
48 5369
48 6838
48 8456
48 268
48 10574
49 5506
49 4532
49 59
49 10234
49 7044
50 3000
50 4280
50 7417
50 4732
50 9699
50 8828
50 5862
51 5016
51 1624
51 2025
51 8779
51 8249
52 5105
52 5935
52 6124
52 11273
52 1707
52 5182
53 6942
53 5774
53 3673
53 2893
53 7211
53 4566
53 5865
53 6693
54 7541
54 8131
54 8254
54 8384
54 8383
54 8102
54 8382
54 8602
54 8763
54 7684
54 7694
54 8207
54 9947
54 9100
54 10236
54 9733
54 11544
55 5660
55 3445
55 4226
55 4361
55 4362
55 4364
55 4365
56 9947
56 9730
56 9444
56 10497
56 10201
56 10637
56 10774
56 10618
56 10976
56 8293
56 8787
56 7018
56 9318
56 5834
56 8596
56 10247
56 11399
56 7354
56 11581
56 11601
56 2573
56 10626
56 11744
56 5788
56 770
56 11771
57 10287
57 2550
57 8721
57 10368
57 10753
57 7871
58 2709
58 873
58 6205
58 6206
58 6200
58 358
58 424
59 5978
59 892
59 10418
59 41
59 7911
60 1859
60 4414
60 5663
60 5684
60 2373
60 11222
60 10839
60 5269
60 1258
61 1054
61 7740
61 6601
61 8327
61 6724
61 5222
61 7509
61 7510
61 10949
61 6625
61 5162
61 7416
61 10852
61 11657
61 3819
62 1413
62 448
62 2588
62 7728
62 8731
62 3083
62 1609
62 11792
62 3510
63 3873
63 3127
63 4324
63 8960
63 9396
63 5678
63 3192
63 3375
64 5178
64 6887
64 404
64 10418
64 10397
64 4553
64 10730
64 10462
64 1231
64 1780
64 11037
64 11521
65 5230
65 8103
65 8602
65 9852
65 9154
65 11282
65 11283
65 5788
66 7552
66 9772
66 10287
66 11399
66 5788
66 11635
67 1580
67 618
67 10004
67 6183
67 9403
67 9770
68 8169
68 9659
68 10759
68 9318
68 10238
68 11481
69 668
69 4426
69 5162
69 7453
69 8736
69 1060
69 8079
69 8077
69 7750
69 8073
69 10704
70 8903
70 4796
70 1968
70 9395
70 11149
70 6692
71 4409
71 228
71 1461
71 5569
71 9206
72 1078
72 660
72 2277
72 7941
72 8898
72 9472
73 4268
73 8816
73 9799
73 10957
73 4116
73 584
73 1404
73 7660
73 9514
73 9653
73 1875
73 5482
73 6599
73 7693
74 792
74 4148
74 4145
74 3462
74 4733
74 8474
74 3375
74 4225
74 4422
74 5634
74 8473
74 6214
74 6138
75 1466
75 6957
75 2751
75 478
75 2978
75 2780
75 5865
76 3397
76 3376
76 3589
76 4702
76 4923
76 6343
76 6484
76 6363
76 7552
76 7514
76 6258
76 11185
76 5834
76 11568
76 10092
77 892
77 4487
77 9619
77 5717
77 6575
77 6957
77 9723
78 4331
78 3898
78 6684
78 9233
78 6957
78 11551
79 4730
79 3776
79 4923
79 1777
79 2188
79 5228
79 5263
79 5395
79 4812
79 4813
79 2546
79 2157
79 5099
79 1613
79 6403
79 1828
79 1120
79 1128
79 1133
79 1134
79 2039
79 1123
79 2037
79 2817
79 2743
79 1261
79 4551
79 5124
79 2682
80 5390
80 5709
80 6077
80 2431
80 7060
80 7796
80 6363
80 8383
80 8382
80 7684
80 11130
80 11132
80 9690
80 7017
80 8293
80 5783
80 7551
80 11816
81 236
81 670
81 1928
81 3553
81 8438
82 5395
82 1624
82 6482
82 1500
82 8132
82 9067
82 7629
83 6133
83 4694
83 1949
83 5576
83 2121
83 5964
83 11265
83 6910
84 5255
84 8333
84 10464
84 892
84 7758
84 10367
84 10754
85 11196
85 11098
85 10169
85 10247
85 10919
85 4091
85 10600
85 10911
85 8681
85 10797
85 10918
85 11194
85 11529
85 11530
85 11550
85 11481
85 11544
85 11581
85 11582
85 11041
85 11329
85 11539
85 741
85 6270
85 2609
85 11578
85 11254
85 10520
85 11771
85 11774
86 3159
86 3325
86 3329
86 8417
86 9260
86 11819
87 6298
87 1689
87 9242
87 200
87 8606
87 3236
87 7104
87 11143
87 11625
87 10852
87 2447
87 5601
88 876
88 3336
88 4084
88 6970
88 132
89 9054
89 3777
89 10169
89 9966
89 11529
89 6096
89 11156
89 10626
89 11516
90 5226
90 5016
90 5229
90 1624
90 7552
90 8253
90 8382
90 8407
90 3166
90 10234
90 11098
90 11185
90 6410
90 6096
90 11544
90 2609
90 11663
90 11136
90 10446
91 540
91 3465
91 3589
91 4725
91 4702
91 3506
91 4350
91 3516
91 6077
91 7060
91 8251
91 8189
91 9700
92 7796
92 8207
92 7585
92 9947
92 9856
92 5307
92 10236
92 10774
92 10326
92 10798
92 11185
92 11031
92 10919
92 11378
92 10912
92 11483
92 10911
92 11307
92 11530
92 11521
92 11528
92 11522
92 5635
92 11194
92 11255
92 11399
92 11524
92 11527
92 11529
92 11531
93 1008
93 1481
93 2384
93 2823
93 3327
93 3329
93 1860
93 2101
93 3414
93 7114
93 1484
93 9170
93 7001
94 1296
94 1408
94 6363
94 7585
94 9776
94 10760
94 6096
94 11791
95 10903
95 11132
95 10976
95 5834
95 6730
95 11098
95 11196
95 11232
95 10247
95 11030
95 11031
95 11379
95 11527
95 11255
95 11531
95 11521
95 11530
95 11329
95 11582
95 11481
95 11581
95 11578
95 11735
95 10616
95 11709
95 6443
95 6446
95 11774
96 865
96 5486
96 978
96 1327
96 1332
96 1375
96 4612
96 6012
96 6014
96 572
96 822
96 10785
96 9043
96 1019
97 3522
97 7248
97 7938
97 6309
97 512
97 1984
98 7060
98 5940
98 6043
98 1019
98 1860
98 11770
99 4642
99 5153
99 8452
99 6326
99 7663
99 10023
99 7672
100 596
100 5573
100 8514
100 10537
100 11040
100 11205
101 2317
101 2943
101 5142
101 11555
101 2222
101 6968
101 10132
101 10657
102 5031
102 3049
102 1970
102 5493
102 6138
102 5284
102 540
103 5182
103 6077
103 6343
103 7060
103 8169
103 8407
103 1543
103 8572
103 10288
103 11613
103 11540
103 6438
103 6446
103 10092
103 11832
103 11836
104 7699
104 5369
104 9834
104 6781
104 9851
105 4560
105 7101
105 8254
105 7552
105 9067
105 8763
105 11525
105 11041
105 11822
105 9352
106 3461
106 1347
106 4977
106 5964
106 11159
106 9206
107 6553
107 2924
107 3974
107 5265
107 8000
107 8529
107 9109
107 5845
107 9058
107 176
107 1537
107 2791
107 1932
107 11447
107 6418
107 9913
108 5391
108 1624
108 6363
108 8132
108 2102
108 6761
108 4850
108 3605
108 10271
108 7170
108 6435
108 5890
108 10961
109 1655
109 1654
109 3747
109 1649
109 1674
109 2401
109 1356
109 160
109 1729
109 3250
109 5933
109 6863
109 8411
109 1632
109 1671
109 3743
109 10016
109 823
109 2385
109 5571
109 5568
109 11149
109 7829
109 7591
109 6619
109 1335
109 2377
110 364
110 1758
110 4222
110 4770
110 7674
110 4782
110 3018
110 8868
110 5689
110 4459
110 1058
110 1076
110 6238
110 6856
110 8897
110 9076
110 259
111 4335
111 4765
111 5562
111 2131
111 3194
111 4165
111 1439
112 7129
112 9507
112 6712
112 9724
112 10368
112 10418
113 4192
113 4972
113 6070
113 5364
113 1114
113 7244
113 4617
114 4933
114 6680
114 8132
114 8449
114 11490
114 11399
114 11782
115 7681
115 7685
115 1984
115 3796
115 8350
115 4032
116 3125
116 7861
116 9983
116 10314
116 7477
116 9669
117 6751
117 8288
117 859
117 5486
117 10695
117 2069
118 5373
118 896
118 2048
118 6103
118 4212
118 6007
119 4065
119 7201
119 3828
119 10738
119 10806
120 270
120 7525
120 5128
120 2305
120 4032
120 5652
121 2301
121 142
121 10032
121 193
121 1046
121 2390
121 7744
121 6139
121 8861
121 6799
121 6783
121 2146
122 4249
122 5737
122 8618
122 4250
122 5924
122 8896
122 8900
122 10336
122 8296
122 6724
122 7700
122 621
122 622
122 635
122 3015
122 4738
122 9981
122 604
122 11279
122 10852
122 1177
123 3376
123 1073
123 702
123 663
123 2205
123 2980
124 3910
124 4052
124 4854
124 9109
124 10598
124 11113
124 9777
124 7365
125 2232
125 8668
125 3839
125 1079
125 2283
125 8700
125 1048
125 2280
125 7414
126 3
126 4312
126 7520
126 6107
126 10297
126 9689
126 6551
126 7811
126 7768
126 7256
126 7605
126 2335
127 9250
127 3501
127 3368
127 8914
127 8616
128 6200
128 6190
128 6188
128 6189
128 7561
128 6589
128 1719
128 11286
129 6363
129 8415
129 8408
129 3388
129 8211
129 8207
129 8208
129 8510
129 9947
129 11568
129 11540
129 1238
129 10719
130 3323
130 1457
130 5230
130 1464
130 5229
130 2270
130 7860
130 9705
130 7694
130 9100
130 6258
130 9947
130 9730
130 9444
130 10236
130 10618
130 10798
130 5834
130 11232
130 6270
130 741
130 7365
130 11578
130 738
130 739
130 6269
130 7386
130 7435
130 9196
130 10616
130 11709
130 11735
130 11686
131 6928
131 8487
131 7861
131 5059
131 10422
131 6239
131 1624
131 4385
131 8592
132 3870
132 6018
132 1624
132 1790
132 4464
132 8417
132 8169
132 2441
132 4033
132 4274
132 4732
132 8658
132 7694
132 7684
132 10798
132 9154
132 10794
133 9112
133 2286
133 11016
133 4763
133 5684
134 8414
134 5536
134 10787
134 4770
134 11571
134 3622
134 8256
134 8876
134 11624
134 5585
134 8900
134 10925
134 11248
135 4348
135 3788
135 9506
135 9345
135 3117
135 1258
135 6031
135 6751
136 1716
136 173
136 5047
136 8969
136 2390
136 8564
137 555
137 772
137 1366
137 8941
137 1507
137 7298
137 1717
137 3020
137 7278
137 1799
137 7326
137 10054
137 4794
137 7551
137 6431
137 2763
137 1466
137 3700
137 7862
138 5479
138 7530
138 782
138 7234
138 2384
138 10943
138 300
138 5335
138 6406
138 10838
139 1916
139 2434
139 6014
139 8168
139 6966
140 2832
140 4923
140 1464
140 6680
140 8407
140 7585
140 9037
140 9183
140 8208
140 9700
140 9730
140 10169
140 5307
140 10236
140 10760
140 10014
140 10449
140 10955
140 44
140 10288
140 11196
140 9154
140 11399
140 11041
140 11601
140 4098
140 11744
141 867
141 2403
141 2153
141 4028
141 9508
141 1325
141 2468
141 2476
141 4440
142 7443
142 715
142 5717
142 4077
142 5817
142 7248
142 3229
143 1969
143 10445
143 2599
143 3413
143 3414
143 4492
143 7229
143 5298
143 10254
143 767
143 5092
143 11365
143 422
143 3396
143 3717
143 8016
143 10013
143 5477
143 7354
144 8325
144 8826
144 2894
144 4042
144 10721
144 6239
145 301
145 6436
145 1258
145 3554
145 4116
145 9203
146 5228
146 7060
146 8103
146 8382
146 10169
147 5830
147 1661
147 4225
147 11256
147 1274
147 9207
147 2961
148 823
148 1720
148 7401
148 5619
148 6754
148 402
148 365
148 5420
148 1481
148 5775
148 3157
148 3981
148 4452
148 4460
148 9448
149 4035
149 5057
149 656
149 3001
149 4179
150 9013
150 821
150 2893
150 4773
150 7494
150 7781
150 8132
151 6228
151 6497
151 6498
151 10852
151 11568
152 7846
152 636
152 2453
152 9039
152 632
152 892
152 10523
152 2027
153 6059
153 1581
153 1591
153 1580
153 1687
153 4516
153 6011
153 6718
153 4813
153 5882
153 2192
153 1250
153 597
153 7644
153 3918
153 7618
153 7641
153 7638
153 5657
153 1225
153 5653
153 9361
153 4280
153 4091
153 693
153 696
153 7635
153 5153
153 7627
153 7337
154 1486
154 2646
154 6443
154 475
154 9290
154 5470
154 2853
154 8298
154 798
154 2831
154 4871
154 6717
154 6971
154 9491
154 3728
155 4133
155 6818
155 9246
155 4327
155 9949
155 9205
155 9023
155 11144
156 668
156 10071
156 10121
156 7976
156 8541
156 10418
156 10651
156 11221
156 4765
156 6683
156 9097
156 5588
157 8652
157 6044
157 1028
157 6184
157 3097
157 3893
157 9212
158 4280
158 7296
158 8577
158 8796
158 10262
158 5823
158 10296
159 4229
159 2430
159 7462
159 2139
159 7906
159 1729
159 1143
159 561
159 1112
159 2231
159 3453
159 2248
159 1740
159 6467
159 7317
159 3952
159 4490
159 1120
159 4142
159 5397
159 6869
159 7417
159 9434
160 8562
160 2031
160 8703
160 10649
160 5509
160 11362
161 6516
161 7485
161 10715
161 7561
161 9728
161 4285
161 4325
161 6644
161 7575
161 8816
161 4143
161 4191
161 8070
161 10485
161 1845
161 4315
161 7151
161 4248
162 5709
162 6017
162 6343
162 1624
162 6773
162 8253
162 8779
162 8763
162 10638
162 10955
162 10797
162 11558
162 1591
162 11788
163 3124
163 3282
163 3288
163 6625
163 9287
163 947
163 9380
163 596
163 2863
164 7861
164 3771
164 6003
164 1849
164 8419
164 10663
165 6691
165 2085
165 9045
165 11022
165 4825
165 1957
165 9805
165 2653
165 516
165 3853
166 6717
166 8165
166 1523
166 7718
166 1486
166 4209
166 883
166 8480
166 912
166 7841
166 1504
166 5500
166 6095
166 9203
166 5399
166 1222
166 4205
166 10561
166 3639
166 9107
166 7260
167 9509
167 10026
167 204
167 9150
167 9680
168 9490
168 10542
168 811
168 2399
168 5017
168 5018
168 6031
168 6131
168 7366
168 7764
168 8003
168 9581
168 9642
168 5321
169 300
169 9428
169 8849
169 301
169 664
169 4218
169 7372
169 8277
170 6980
170 8429
170 1046
170 10147
170 11346
171 1245
171 1226
171 4203
171 4312
171 806
171 4205
171 4119
171 3398
171 1533
171 5016
171 8131
171 7071
171 8253
171 10633
172 9846
172 4492
172 10312
172 9109
172 11837
173 2982
173 2946
173 2958
173 2963
173 2975
173 2985
173 2996
173 6214
173 2967
173 2983
173 9405
173 2953
174 2036
174 821
174 1127
174 8250
174 4192
174 1270
174 6138
174 8407
174 7638
174 6011
174 8409
174 8728
174 1998
174 6593
174 7694
174 7683
174 9854
174 3637
174 3070
174 6258
174 7371
174 9774
174 7635
174 10760
174 10955
174 2580
174 10171
174 11290
174 11002
174 11292
174 11282
174 11529
174 5550
174 402
174 11558
174 11439
174 11765
175 9100
175 8389
175 1943
175 5834
175 9735
175 9131
175 11782
175 11084
175 8051
175 1827
175 10321
175 6239
175 2952
176 4816
176 4814
176 4815
176 4811
176 4813
176 8513
176 751
176 1559
176 3289
176 11012
176 2340
177 672
177 2376
177 4657
177 10175
177 477
177 4248
177 7485
177 10032
178 823
178 166
178 960
178 6957
178 257
178 10811
178 990
178 1008
178 757
178 1975
178 1500
178 1328
178 3526
178 6428
178 1015
178 8247
178 10366
178 2317
178 6497
178 10836
178 173
178 10148
179 4350
179 5230
179 5393
179 6344
179 5010
179 1624
179 6363
179 9733
179 9490
180 3336
180 1019
180 1851
180 1054
180 1252
180 6143
180 9295
180 10146
180 10370
181 4460
181 4763
181 1086
181 1108
181 1512
181 888
181 3589
181 3063
181 3064
181 3506
181 1457
181 1561
181 1713
181 5391
181 3166
181 3840
182 9490
182 9100
182 9852
182 9604
182 7629
182 7022
182 11769
183 8417
183 226
183 540
183 6419
183 8779
183 8599
183 9260
183 1543
183 8189
183 9183
183 10169
183 10189
183 7442
183 10271
183 9690
183 10014
184 11732
184 11411
184 11653
184 11608
184 11609
184 11655
184 11413
184 11699
184 11830
185 5579
185 7354
185 8172
185 9508
185 9825
185 3740
185 4499
186 9730
186 9947
186 6258
186 10633
186 10902
186 10449
186 11018
186 9690
186 5304
186 10798
186 11130
186 11131
186 5783
186 11132
186 9319
186 9747
186 9326
186 4345
186 11292
186 11301
186 11286
186 11291
186 10803
186 4335
186 9735
186 11558
186 10811
186 11439
186 9929
186 10465
186 6444
186 1827
186 11675
186 11822
186 11832
186 1074
187 8214
187 4088
187 4377
187 7723
187 9166
187 11103
187 11569
188 2978
188 2979
188 6708
188 4585
188 5274
188 8605
188 10553
189 8728
189 7369
189 6774
189 10955
189 7721
189 6364
190 163
190 4686
190 7421
190 566
190 3529
190 6068
190 3211
190 9949
190 11499
191 5335
191 9461
191 8616
191 8755
191 10634
191 2667
191 10262
192 1624
192 7541
192 7796
192 180
192 2297
192 7273
193 4768
193 4196
193 5420
193 4280
193 6068
193 4632
193 6138
193 4192
193 3301
193 4621
193 974
193 6353
193 9020
193 9553
193 10424
194 1471
194 9070
194 4260
194 9109
194 10328
194 10988
195 1603
195 1563
195 4106
195 2374
195 2390
195 9326
195 9994
195 5353
195 6875
196 1188
196 4973
196 140
196 7238
196 3165
196 1638
196 5993
196 9552
197 1497
197 7844
197 7065
197 8755
197 9507
197 9508
197 6239
197 8051
197 2560
197 5819
197 6205
197 2945
197 8325
197 9913
197 9110
197 10718
197 10823
198 916
198 7679
198 3203
198 1523
198 3063
198 5518
199 8189
199 7683
199 8900
199 9279
199 9100
199 7694
199 6258
199 2783
199 10645
199 5834
199 10683
199 11544
199 11550
199 11582
199 11436
199 11822
199 7781
199 11707
200 1624
200 8415
200 1526
200 7514
200 2780
200 11550
201 1883
201 2736
201 5290
201 5995
201 1481
201 5899
201 2517
202 5304
202 7022
202 5780
202 11130
202 5911
202 7580
202 11196
202 7721
202 11098
202 11031
202 11379
202 10169
202 11029
202 11291
202 11030
202 11378
202 10913
202 10916
202 11307
202 10918
202 10914
202 10912
202 10915
202 10917
202 10911
202 11415
202 11329
202 11578
202 4104
202 2609
202 5788
202 11740
202 11741
202 11739
203 2996
203 3021
203 8751
203 2905
203 9125
203 3442
203 6333
204 5090
204 5755
204 9704
204 5196
204 11154
204 7073
205 5489
205 5490
205 9070
205 130
205 375
206 3164
206 8407
206 9260
206 8211
206 8208
206 9856
206 10278
206 10530
206 11273
206 10169
206 11289
206 11583
206 5788
206 11782
206 6444
207 3751
207 1513
207 6189
207 8392
207 7946
207 2299
207 6137
207 11730
207 6216
208 9100
208 9947
208 9446
208 9733
208 8767
208 10798
208 825
208 1825
209 3989
209 2153
209 1642
209 1649
209 2447
210 917
210 1672
210 881
210 5395
210 1624
210 7060
210 8169
210 8254
210 896
210 8449
210 9033
210 9037
210 8407
210 6258
210 7369
210 10798
210 6364
210 11483
210 11543
210 11439
211 991
211 1506
211 4042
211 9001
211 9149
211 2623
211 4174
211 4938
211 5389
211 8343
211 9126
211 8308
211 9448
211 9151
212 201
212 3164
212 7153
212 9659
212 2763
212 4516
212 2665
212 6030
212 2690
212 206
212 55
212 5432
212 10916
212 11232
212 11308
212 825
212 9612
212 217
212 2228
212 11600
212 11720
212 4931
212 8896
212 11740
212 11770
212 11675
212 10968
212 11835
213 5217
213 7930
213 10794
213 7366
213 2687
214 8132
214 8407
214 9174
214 8102
214 8728
214 9260
214 9283
214 8211
214 7694
214 9100
214 9855
214 8755
214 8510
214 7683
214 10287
214 10288
214 10289
214 9747
214 825
214 11606
214 10626
214 11540
214 11399
214 4280
214 11439
214 11782
214 11788
214 11816
215 6401
215 1492
215 9020
215 6445
215 539
215 5470
215 9337
215 7979
216 8417
216 8253
216 8382
216 8599
216 1543
216 9856
216 9255
216 11002
216 10969
217 1055
217 4459
217 5643
217 4628
217 8068
217 1082
217 1428
217 5219
217 1110
217 8834
217 4393
217 8897
217 5162
217 4513
217 8640
217 2939
217 1848
218 1624
218 8415
218 8510
218 5291
218 10798
219 6983
219 9745
219 5976
219 6739
219 7247
219 1698
219 11638
220 2581
220 3218
220 1472
220 3589
220 4702
220 4724
220 4730
220 1457
220 5016
220 3516
220 6077
220 6680
220 3592
220 6484
220 8417
220 11041
220 11568
220 11540
220 11439
220 6444
221 3884
221 4255
221 4768
221 4260
221 1469
221 9774
221 6679
221 11074
221 11600
221 8073
221 1979
221 6611
221 10163
221 9728
222 1995
222 3465
222 3466
222 3376
222 3589
222 6248
222 823
222 4730
222 3573
222 6017
222 880
222 1629
222 6483
222 7060
222 7541
222 8449
222 8385
222 46
222 11297
222 11298
223 1623
223 909
223 5202
223 5203
223 5204
223 1769
223 2783
223 8967
223 1865
223 10591
223 1984
224 4702
224 4724
224 3506
224 4730
224 8415
224 8382
224 3164
224 9037
224 8728
224 9010
224 9284
224 9659
224 9700
224 5307
224 10234
224 9733
224 10115
224 10236
224 10637
224 10976
224 10014
224 7721
224 7018
224 11232
224 11483
224 10600
224 11523
224 11580
224 11601
224 11600
225 3951
225 1252
225 5195
225 935
225 3111
225 7723
225 6814
226 7168
226 4872
226 8380
226 4389
226 4714
226 489
226 490
226 3637
226 5174
226 5815
226 8561
226 9000
226 9313
226 10835
227 4029
227 11146
227 5147
227 5551
227 5136
228 1209
228 2329
228 4254
228 11024
228 4691
229 5458
229 6258
229 8783
229 5649
229 5687
229 4565
229 690
229 7025
229 6342
229 11005
229 10753
229 598
229 1521
229 8755
229 6918
229 4532
229 7049
229 9015
229 10634
229 9218
229 10262
229 10993
229 11257
229 7477
229 9543
229 5361
229 7248
230 10369
230 10418
230 1348
230 4069
230 11268
231 6114
231 580
231 5334
231 10818
231 10820
231 198
231 401
231 11214
231 400
231 583
231 585
231 802
231 816
231 883
231 1224
231 1906
231 2153
231 3535
231 4811
231 5454
231 6512
231 7604
231 8874
231 9022
231 9463
231 9509
231 10264
231 10567
231 10635
231 11581
231 3551
231 2524
231 912
231 10805
231 873
231 2357
231 8460
232 3228
232 8135
232 9151
232 9258
232 9262
233 6551
233 988
233 329
233 7796
233 1446
233 5941
233 909
233 5097
233 6443
233 5059
233 6986
233 1507
233 5834
233 6220
233 1542
233 5062
233 5896
233 322
233 983
233 1219
233 10882
233 755
233 822
233 5477
233 164
233 823
233 1703
233 1240
233 990
233 1249
233 1119
233 1480
233 1706
233 270
233 1481
233 3332
233 1479
233 4725
233 979
233 9953
233 3193
233 4730
233 1451
233 4724
234 5372
234 5378
234 3974
234 5424
234 6482
234 8415
234 8383
234 1366
234 9064
234 3096
234 1960
234 9286
234 9852
234 9855
234 9512
234 10234
234 9100
234 7683
234 1831
234 4430
234 11326
235 821
235 1483
235 1006
235 3378
235 8818
236 91
236 92
236 1861
236 2014
236 5078
236 7525
237 7585
237 3658
237 10567
237 9612
237 11580
237 11399
238 3515
238 5230
238 5611
238 5895
238 6482
238 8415
238 7463
238 7168
238 9037
238 9033
238 6481
238 6771
238 3166
238 7694
238 9730
238 9854
239 9922
239 3658
239 11074
239 11130
239 5834
239 11284
239 6096
239 10520
240 3993
240 4000
240 5975
240 5978
240 4014
240 7976
240 821
240 5824
240 10418
241 4479
241 9284
241 9690
241 9612
241 11602
241 11565
242 1581
242 4795
242 1714
242 5655
242 9382
242 1495
242 892
242 11128
242 3999
243 5361
243 7699
243 4863
243 5862
243 3810
243 7009
243 3375
243 9817
243 6693
243 7213
243 11699
244 344
244 383
244 386
244 3501
244 9369
245 3397
245 3398
245 3589
245 4724
245 3457
245 1457
245 5016
245 1464
245 8384
245 8408
246 3632
246 9569
246 3027
246 3336
246 11415
247 8415
247 9659
247 10169
247 7694
247 9730
247 9700
247 5307
247 6258
247 10955
247 11098
247 11511
247 11496
247 11788
248 617
248 620
248 623
248 636
248 637
248 776
248 1301
248 9943
248 788
248 619
248 777
248 6644
248 2946
249 9063
249 11154
249 1213
249 5631
249 7361
249 11278
249 10552
249 11161
250 1457
250 5016
250 1464
250 8103
250 11294
250 11156
250 11540
250 11739
250 11740
250 11741
250 11399
251 3063
251 4724
251 4730
251 1464
251 5016
251 5390
251 4625
251 8254
251 8449
251 8251
251 8415
251 3821
251 3239
251 5459
251 9463
251 11399
252 3243
252 6737
252 8629
252 11049
252 6152
252 7078
252 10367
252 10369
253 6003
253 892
253 4035
253 5147
253 10313
254 6225
254 4032
254 4647
254 5233
254 7071
254 8778
254 6977
254 6972
254 9330
254 9699
254 6618
254 10063
254 6825
254 1143
254 6824
254 8188
254 4387
254 6974
254 561
254 6468
254 11736
254 6979
254 11518
254 1
254 4064
255 6724
255 4539
255 5047
255 1475
255 1553
255 6113
255 7897
255 7926
255 10298
255 6378
255 4694
255 3418
255 10104
255 8433
255 2161
256 7163
256 5736
256 3930
256 1166
256 9109
257 1055
257 2555
257 8900
257 1084
257 2357
258 97
258 7541
258 8602
258 412
258 6646
258 9185
259 8334
259 2102
259 7321
259 4917
259 7643
259 2118
259 3549
260 253
260 491
260 3040
260 4860
260 5564
261 4923
261 5230
261 5226
261 5229
261 5228
261 1624
261 7541
261 8384
261 8415
261 7514
261 8250
261 8132
261 9037
261 9947
261 9855
261 9100
261 9444
261 10798
261 11194
262 10313
262 5414
262 2267
262 3111
262 8896
262 9380
262 1073
262 2178
263 3456
263 8254
263 7181
263 11280
263 11528
263 11529
264 770
264 8
264 5710
264 5711
264 7892
264 11419
264 2323
265 8417
265 9034
265 8599
265 8598
265 8207
265 9705
265 7683
265 9947
265 10169
265 7694
265 9100
265 9773
265 9855
265 9730
265 6774
265 10326
265 11529
265 11524
265 11539
265 11568
265 11490
265 1825
266 8169
266 7071
266 8250
266 8385
266 8604
266 7684
266 7683
266 10113
266 10798
266 8129
266 11580
266 11497
266 11515
266 10520
267 5228
267 5229
267 5016
267 9033
267 8728
267 7585
267 11526
267 11522
267 9612
267 11606
268 1457
268 1464
268 6363
268 8253
268 8207
268 10271
268 11132
268 11130
269 3515
269 10288
269 10969
269 11399
269 11486
270 3255
270 833
270 9485
270 337
270 11392
271 2024
271 5221
271 2258
271 1849
271 5047
271 10592
271 11503
272 5246
272 3375
272 8616
272 5074
272 767
272 6469
272 9565
272 9403
272 10254
272 9083
272 885
272 10473
272 9717
272 4311
272 9478
272 6090
272 6494
272 10594
272 3229
272 4824
272 11491
273 5228
273 6343
273 1624
273 6484
273 8415
273 8779
273 8409
273 9034
273 8763
273 8211
273 9584
273 9859
273 7694
273 9775
273 9773
273 6258
273 9444
273 10798
273 11772
273 11771
274 9109
274 4532
274 9744
274 7421
274 11634
275 10287
275 11290
275 11606
275 11766
275 11828
276 5445
276 149
276 7472
276 5191
276 5891
276 197
276 5773
276 5160
276 10471
276 170
277 4776
277 1170
277 5726
277 6957
277 8326
278 3893
278 9377
278 6957
278 11408
278 5571
278 7374
278 8890
278 11569
279 3592
279 4851
279 8105
279 10923
279 10206
279 10571
280 452
280 6584
280 6583
280 8287
280 8845
280 10221
280 11103
280 909
280 10479
281 6857
281 4846
281 7563
281 387
281 2188
281 3370
281 4830
282 572
282 892
282 2763
282 11005
282 11487
283 2052
283 8505
283 5486
283 2996
283 9294
283 1079
283 6007
284 5230
284 7101
284 8132
284 7552
284 9064
284 9490
284 9100
284 9444
284 10798
284 11074
284 6730
285 5390
285 6344
285 3518
285 951
285 1624
285 7552
285 7796
285 8382
285 8250
285 7017
286 1348
286 651
286 827
286 1351
286 2578
286 2624
286 3118
286 3132
286 3134
287 1175
287 4117
287 3397
287 4721
287 2310
287 4923
287 3874
287 5391
288 7060
288 6363
288 8382
288 8598
288 10633
288 11486
288 10387
288 11782
289 1159
289 3193
289 1813
289 2363
289 2855
289 5226
289 3515
289 6018
289 9034
289 9174
289 8510
289 9285
289 9947
289 11185
289 5834
289 11232
289 11630
289 10626
289 11819
289 10092
290 3391
290 6584
290 6583
290 1994
290 3709
290 5886
290 1997
290 4797
290 4126
290 4633
290 912
290 10939
290 6995
290 7599
290 8623
290 3118
290 3120
290 6893
290 7627
291 1124
291 3442
291 572
291 8675
291 3255
291 10711
292 9194
292 10292
292 6986
292 8579
292 8784
292 217
292 4763
293 2069
293 1851
293 809
293 4369
293 1084
293 806
293 4604
293 11159
293 393
293 6185
293 6393
293 4969
294 1481
294 5230
294 7060
294 8131
294 8383
294 9037
294 8736
294 10014
294 10955
294 11132
294 2573
294 11601
294 11720
294 6446
294 11518
294 11773
294 896
295 6752
295 3923
295 7561
295 11322
295 8710
296 3148
296 10378
296 5680
296 9729
296 2296
297 8755
297 4032
297 5851
297 4151
297 5413
297 8736
297 10378
297 3962
298 3465
298 3466
298 3589
298 3063
298 3064
298 5226
298 8102
298 9774
298 10995
298 10271
298 5834
298 7721
298 10798
298 11029
298 11580
298 11600
298 2573
298 11601
298 11720
298 3736
298 7926
299 834
299 4035
299 4982
299 978
299 2366
299 2461
299 7443
299 10313
299 10175
300 7101
300 7102
300 7060
300 8131
300 8417
300 7514
300 8408
300 8763
300 1543
300 10955
300 10976
300 10014
300 11185
300 6410
300 11399
301 3979
301 3976
301 3977
301 7821
301 5507
301 4426
302 3376
302 3589
302 3517
302 4725
302 4730
302 5230
302 8604
302 8207
302 10600
302 11515
302 11782
303 8415
303 8778
303 8779
303 8679
303 8728
303 8211
303 10271
303 11002
303 4280
303 11496
304 583
304 5184
304 3320
304 3243
304 6382
304 3219
304 9040
304 4296
304 3105
304 137
304 6906
304 5518
304 7916
304 9791
304 992
304 5047
304 4871
304 6211
304 10223
304 11175
305 5100
305 11133
305 3212
305 3609
305 7810
305 9104
305 4293
305 11696
306 441
306 1595
306 1616
306 10202
306 1612
307 6990
307 6992
307 7301
307 7172
307 8211
307 9507
307 3231
307 10169
307 5743
307 9497
307 6138
307 9444
307 7570
307 10497
307 5760
307 1155
307 1402
307 10976
307 10618
307 9690
307 9319
307 5834
307 10668
307 11316
307 11032
307 837
307 11029
307 11030
307 3844
307 302
307 11439
307 1231
307 11399
307 7504
308 5124
308 5792
308 6185
308 3677
308 1674
308 10536
308 5442
308 1810
308 1268
308 7287
309 6042
309 6772
309 9109
309 6029
309 5616
309 2378
309 2447
309 10569
309 10806
309 8754
310 3711
310 3787
310 7468
310 8712
310 1961
310 3310
310 4091
310 9359
311 4335
311 4515
311 8868
311 9522
311 6695
311 7367
311 7507
311 1459
312 11133
312 9569
312 1196
312 1218
312 5464
312 9406
312 9570
313 6478
313 6479
313 9294
313 2284
313 3243
313 5863
313 8865
313 10544
313 4238
313 5861
314 3375
314 8778
314 8208
314 179
314 3015
314 3613
314 3847
314 11569
314 11085
315 11223
315 9162
315 1054
315 5432
315 7726
315 7858
315 8675
315 5862
315 9030
316 5228
316 5226
316 1624
316 8253
316 8604
316 8763
316 9604
316 7526
317 3166
317 4202
317 6894
317 7203
317 7679
317 11460
317 8895
317 2575
317 11648
318 4035
318 2091
318 4068
318 6522
318 6310
318 7730
318 7768
318 767
318 5976
318 10730
318 10685
319 1602
319 3362
319 4981
319 4990
319 3129
320 6083
320 5153
320 9558
320 3454
320 3827
320 8842
320 2926
320 7508
320 1897
321 1046
321 2810
321 3454
321 872
321 4599
322 7579
322 7184
322 7568
322 5454
322 5460
323 2397
323 6673
323 540
323 5489
323 3427
324 1647
324 1700
324 4170
324 4448
324 9474
325 802
325 585
325 892
325 3999
325 8781
326 3765
326 4155
326 8077
326 2781
326 9729
326 11224
326 8876
326 10936
326 8786
327 4933
327 5016
327 7060
327 7617
327 7071
327 8254
327 8385
327 7585
327 8728
327 10169
328 116
328 7947
328 8584
328 8452
328 11768
329 10262
329 10242
329 6454
329 912
329 1258
329 6808
329 3166
330 1789
330 1897
330 6654
330 10177
330 5440
330 2427
330 5005
330 6724
330 811
331 5880
331 6508
331 6594
331 11128
331 4944
331 8947
331 9434
332 964
332 6919
332 2696
332 259
332 2773
332 7276
333 412
333 6132
333 9558
333 190
333 5876
333 5878
333 4887
334 11432
334 9710
334 11435
334 11445
334 6805
335 5391
335 1624
335 7552
335 3164
335 7694
335 9700
335 10618
335 10271
335 5780
335 5834
335 11030
335 11031
335 11606
336 2374
336 3120
336 5590
336 5930
336 3555
336 8135
336 9532
336 4819
337 7864
337 8199
337 1765
337 8254
337 8778
337 8407
337 9037
337 8736
337 8189
337 8208
337 7683
337 7684
337 9281
337 7694
337 8510
337 9922
337 9947
337 9730
337 9856
337 9254
337 9444
337 10234
337 3472
337 10201
337 10798
337 5782
337 11098
337 11232
337 11550
337 2573
337 11632
337 11540
337 11767
337 770
337 11118
338 2470
338 9151
338 3960
338 9175
338 2863
338 4460
338 5346
338 5451
338 192
338 193
338 9145
339 4136
339 2578
339 5864
339 9507
339 7233
339 8938
340 4482
340 2864
340 2447
340 4130
340 4202
340 6678
340 6857
340 7534
340 6802
340 3453
340 9030
340 2545
340 7710
341 4386
341 8325
341 8220
341 892
341 7967
342 10303
342 8411
342 3368
342 4532
342 10852
343 9730
343 9947
343 3154
343 10976
343 825
344 6363
344 8132
344 8449
344 8382
344 8679
344 9490
344 7552
344 9604
344 9637
344 9775
344 9733
344 7369
344 5782
344 10288
344 11185
344 11098
344 11002
344 7551
344 11600
344 11270
344 5788
344 10811
344 11540
344 11788
344 6443
344 11399
345 9538
345 9835
345 3894
345 9448
345 7049
345 10287
345 7044
345 5883
345 2258
345 5684
345 6848
345 7019
345 7604
345 7662
345 11156
345 9109
345 7744
345 6265
346 4091
346 860
346 865
346 4632
346 6217
346 7625
346 457
346 8371
346 5783
346 2296
346 423
346 1561
346 3096
346 3213
346 3671
346 6582
346 8623
346 8624
346 10169
346 10233
346 7059
346 1384
346 4600
346 10378
346 495
346 4058
347 8131
347 9855
347 10449
347 11448
347 11529
347 11528
347 11511
347 11270
347 11490
347 11739
347 11768
348 1668
348 4350
348 1507
348 4204
348 1249
348 4478
348 1624
348 872
348 5810
348 5573
348 3382
348 8131
348 8132
348 8254
348 8604
348 4289
348 2418
348 4300
348 9286
348 7629
348 7684
348 9776
348 10798
348 5834
348 6096
348 2573
348 1044
348 11601
348 11600
348 1827
349 3589
349 1457
349 2310
349 1464
349 11232
350 6404
350 1322
350 1327
350 2153
350 2294
350 6262
350 7764
350 128
350 1331
350 1090
350 2363
350 3324
350 3965
350 9866
350 8563
351 3042
351 5460
351 9671
351 5136
351 457
351 8120
351 5356
351 7034
351 3632
351 912
352 2771
352 3613
352 823
352 2161
352 1860
352 6300
352 10788
353 2882
353 5567
353 7534
353 8625
353 2509
353 3541
354 4035
354 5178
354 5877
354 7168
354 9507
355 946
355 4290
355 811
355 8079
355 8069
355 9418
356 1725
356 1078
356 4131
356 1666
356 1893
356 9961
356 6102
356 9392
356 8763
356 5730
357 3063
357 6724
357 681
357 7234
357 7417
357 6654
358 4260
358 5229
358 5226
358 5016
358 5230
358 3932
358 5395
358 6411
358 3592
358 1624
358 7101
358 8599
358 9775
358 9100
358 9857
358 9444
358 7117
358 7442
358 10201
358 10798
358 5834
358 9747
358 11232
358 11295
358 11765
359 1730
359 3536
359 4112
359 5293
359 5629
359 6051
359 6733
359 7016
359 7965
359 9109
359 8675
359 4978
359 872
359 4209
359 8842
359 6489
359 6840
359 3953
360 4601
360 6775
360 458
360 9371
360 3227
360 9558
360 3447
361 3456
361 1624
361 7796
361 8382
361 8208
361 9799
362 226
362 540
362 4312
362 4049
362 4778
362 3063
362 8494
362 5977
362 8605
362 3299
362 7031
362 8239
363 4702
363 5228
363 3592
363 1464
363 1624
363 9179
363 3164
363 8572
363 9100
363 10169
363 10626
364 10271
364 8994
364 3105
364 4463
364 7093
364 10971
364 10356
365 792
365 130
365 4221
365 3677
365 3675
366 9773
366 1502
366 10579
366 883
366 4035
366 10116
366 10907
366 8596
366 10637
366 3166
366 10400
366 10760
366 10850
366 10418
366 10289
366 8278
366 10288
366 10182
366 8966
366 10287
366 7018
366 10798
366 11196
366 11285
366 6364
366 11399
366 11530
366 11524
366 11484
366 11481
366 11606
366 11613
366 11487
366 11578
366 11156
366 10626
366 11632
366 11819
366 10092
366 11816
367 9235
367 6239
367 4293
367 6802
367 5185
367 4782
367 10483
367 1638
367 179
367 3656
367 7627
368 10169
368 10309
368 715
368 597
368 8625
369 11185
369 5834
369 11196
369 11379
369 6410
369 7227
369 10169
369 11030
369 11031
369 11378
369 10914
369 10912
369 10915
369 10917
369 11521
369 11194
369 11399
369 11522
369 11528
369 11523
369 11524
369 11525
369 11529
369 11255
369 11527
369 11606
369 11581
369 11481
369 11613
369 11702
369 11739
369 11703
369 6438
369 11769
369 11770
370 10793
370 10911
370 10912
370 10919
370 10918
370 10913
370 10915
370 10916
370 10914
370 10917
370 11194
370 11522
370 11521
370 11255
370 11523
370 11524
370 11525
370 11526
370 11527
370 11528
370 11530
370 11531
370 5635
370 11529
370 11543
370 11582
370 11329
370 11481
370 11539
370 11576
370 11581
370 741
370 6270
370 11558
370 6864
370 11578
370 739
370 738
370 6269
370 7386
370 9196
370 5788
370 6443
371 6084
371 5079
371 4280
371 7129
371 10729
372 3038
372 1880
372 2073
372 6125
372 9058
372 437
372 7669
373 7122
373 6881
373 4456
373 6874
373 7151
373 1630
373 4389
373 5752
373 2418
373 7907
374 630
374 3630
374 8226
374 11333
374 9376
374 6534
375 1344
375 1348
375 6680
375 1624
375 7101
375 7779
375 8169
375 2873
375 11074
375 10913
375 11232
375 9612
375 912
376 7035
376 7541
376 8779
376 7514
376 8680
376 8728
376 8763
376 6276
376 7683
376 9659
376 6258
376 10875
376 3658
376 5834
376 10449
376 11580
376 11579
376 11702
377 4694
377 301
377 1638
377 1840
377 2267
377 6022
377 6625
377 7911
377 8049
377 10772
377 10384
377 2759
377 10698
377 2867
377 9413
377 7838
377 572
377 2894
377 10956
378 9802
378 10654
378 6720
378 217
378 10975
379 1676
379 1725
379 2313
379 1263
379 4802
379 1104
379 5383
379 5480
379 4445
379 148
379 1624
379 2475
379 6048
379 1682
379 7779
379 8415
379 8417
379 7101
379 9657
379 7684
379 9659
379 9700
379 8767
379 1916
379 10955
379 6450
379 10891
379 10797
379 409
379 7551
379 8003
379 11566
379 11565
379 11564
379 2466
379 6751
380 892
380 2195
380 2211
380 4042
380 8596
380 10806
381 9458
381 332
381 9666
381 7712
381 9193
381 10377
382 1769
382 10626
382 8608
382 912
382 4614
382 5752
383 4284
383 5978
383 3999
383 10753
383 6239
383 11264
383 2885
384 4215
384 3453
384 4192
384 4464
384 3832
384 468
384 2580
384 5261
384 5554
384 6490
384 10145
384 7906
385 4923
385 5229
385 5230
385 1464
385 5016
385 3515
385 5391
385 3932
385 7060
385 7779
385 8408
385 9472
385 8728
385 7694
385 7683
385 3164
385 9659
385 277
385 278
385 3066
385 5318
385 6774
385 11600
385 11766
385 11777
386 8842
386 10032
386 2191
386 301
386 8396
386 9902
386 6957
387 2513
387 10783
387 10833
387 10951
387 11518
387 10235
387 5117
387 10650
388 814
388 1624
388 2881
388 6224
388 4032
388 2860
388 5098
389 7193
389 3313
389 6888
389 8286
389 3080
389 5689
389 9485
390 5229
390 3516
390 8415
390 8409
390 3164
390 8208
390 6864
390 10615
390 9799
391 9700
391 9947
391 7369
391 10182
391 7721
391 7832
391 11777
391 11791
391 10446
392 4518
392 5418
392 7838
392 5157
392 6547
393 3721
393 3398
393 1366
393 3210
393 9100
393 9947
393 9730
393 11483
394 980
394 1479
394 9347
394 1445
394 3543
394 5173
395 3269
395 821
395 6557
395 1784
395 3275
395 3773
395 6221
396 4730
396 8408
396 9037
396 10113
396 10115
397 9054
397 9730
397 9700
397 9604
397 10774
397 10793
397 6096
397 10811
398 7684
398 10115
398 6258
398 11281
398 11300
398 11270
398 11566
399 4432
399 1603
399 7122
399 1232
399 8841
399 1103
399 7788
399 4783
399 755
399 8899
399 9361
399 5474
399 8923
399 1135
399 2831
399 3598
399 11167
399 1927
400 1056
400 5399
400 1905
400 6686
400 3382
400 5227
400 585
401 2280
401 4436
401 6094
401 5921
401 6237
401 10550
401 809
402 806
402 1822
402 1442
402 4478
402 822
402 4459
402 2449
402 402
402 2486
402 4617
402 4104
402 3138
402 737
402 1233
402 903
402 5799
402 3781
402 1268
402 5561
402 4352
402 2874
402 9017
402 9020
403 1027
403 3096
403 3365
403 3993
403 6312
403 9100
403 6247
403 10287
403 10774
403 10288
403 11621
403 6874
403 11501
403 6986
404 3156
404 7222
404 5671
404 6042
404 5136
404 7789
404 9894
404 8622
404 2167
404 10396
404 9175
404 9966
404 2169
404 10888
404 9508
404 10718
404 10619
404 10683
404 2168
404 9939
404 10491
404 365
404 4716
404 7813
404 9850
404 11369
404 3921
404 8416
404 3285
404 10945
404 5310
405 872
405 2146
405 5886
405 7265
405 11505
406 8542
406 11197
406 8543
406 11199
406 10778
407 2023
407 3987
407 3613
407 9114
407 4093
407 7234
407 8705
407 9609
407 2759
407 5837
408 1912
408 3096
408 5889
408 2366
408 8429
408 7713
409 8393
409 3859
409 9362
409 8616
409 2648
409 1593
409 9478
409 9168
409 4280
409 8204
409 4281
409 3055
409 4092
409 1312
410 2913
410 5794
410 7957
410 4591
410 6683
411 4725
411 3506
411 4730
411 1464
411 7060
411 7860
411 7551
412 2327
412 4762
412 8475
412 4719
412 8842
412 6142
413 5709
413 6029
413 7101
413 2421
413 1900
413 8407
413 9700
413 10051
413 9757
413 3388
413 7321
413 4370
414 3439
414 5976
414 9109
414 5907
414 9507
414 10313
415 3457
415 4933
415 5226
415 5230
415 1249
415 5229
415 8207
415 9853
415 9100
415 10271
415 10287
415 10615
416 10370
416 373
416 4939
416 8563
416 11080
416 3333
417 1624
417 7541
417 6626
417 8384
417 8779
417 9664
417 11187
417 5144
417 6014
417 6012
417 7411
417 11490
417 11567
417 11822
418 6620
418 10418
418 512
418 6239
418 10704
418 896
418 1074
418 6114
418 6779
418 11410
419 7590
419 1912
419 10553
419 8654
419 10993
419 11647
420 1457
420 3932
420 6680
420 7796
420 8169
420 8207
420 9444
420 11232
420 6230
420 770
420 1827
421 4035
421 2938
421 8417
421 8254
421 4032
421 8797
421 6624
421 9700
421 6258
421 9730
421 1845
421 9182
421 10626
421 11782
422 6878
422 6306
422 7199
422 6443
422 11794
422 6316
422 10647
422 2815
423 1100
423 2281
423 1082
423 9797
423 2643
423 9944
423 5672
424 249
424 1985
424 1108
424 2468
424 3453
424 6167
424 6464
424 6959
424 3798
424 9136
424 3729
424 954
424 2166
424 4238
424 2199
424 4181
424 5565
424 9135
424 936
424 7639
424 2358
424 2394
424 8190
425 9186
425 2215
425 5686
425 7819
425 9438
425 9935
425 10419
425 4694
425 8473
426 7387
426 7203
426 10112
426 8925
426 9556
426 69
426 11153
426 9552
426 264
426 3155
427 2299
427 3184
427 4383
427 9114
427 3410
427 136
427 6102
428 3243
428 11227
428 11596
428 5837
428 10934
429 1860
429 3261
429 749
429 4899
429 270
429 6605
429 9317
429 1288
429 4777
429 1481
429 6601
429 6486
429 1500
429 981
429 991
429 5932
429 9753
429 6603
429 8088
429 7273
430 4038
430 5974
430 4035
430 1828
430 4976
430 1304
431 9519
431 9774
431 1548
431 8182
431 10117
431 9733
431 3158
431 11333
431 9311
431 7369
431 10014
431 10618
431 10798
431 7018
431 9626
431 8978
431 9922
431 10076
431 249
431 11185
431 7551
431 11031
431 1414
431 10794
431 1261
431 9612
431 11550
431 11528
431 11255
431 11525
431 2573
431 11578
431 2609
431 11490
431 11254
431 10811
431 11540
431 6443
431 11701
431 2815
431 11675
432 8415
432 7071
432 8382
432 8250
432 8409
432 8679
432 9034
432 9260
432 9010
432 7694
432 8510
432 9947
432 9700
432 10234
432 9733
432 6258
432 10798
432 5782
432 11280
432 11281
432 11285
432 11232
432 9612
432 11486
432 8616
432 11775
433 4426
433 1078
433 3188
433 6586
433 6627
433 7512
433 3889
433 1064
433 1976
433 3613
434 3589
434 1464
434 6363
434 8384
434 8778
434 3164
434 7514
435 5226
435 6484
435 7060
435 1019
435 8382
435 9037
435 7585
435 9584
435 9444
435 9700
435 7824
435 6667
435 10035
435 10398
435 10236
435 10449
435 10182
435 10288
435 11132
435 10798
435 5783
435 11399
435 9799
435 10092
436 8779
436 9054
436 8677
436 9664
436 9852
436 9518
436 10774
436 10995
436 11515
436 11819
437 2858
437 10643
437 8418
437 3214
437 7198
437 3038
437 8234
438 873
438 3679
438 7658
438 9178
438 9506
438 3595
438 9367
439 4726
439 2387
439 8867
439 1756
439 5336
439 1482
439 4619
439 8311
440 9949
440 8694
440 2282
440 4120
440 6974
440 1686
440 3368
440 4121
440 4150
440 9067
441 1504
441 8470
441 10718
441 9521
441 7861
441 11574
442 1265
442 1087
442 1585
442 5942
442 5951
442 10846
442 4369
442 7136
442 10133
442 3613
442 8435
442 10609
443 11478
443 11477
443 6927
443 10697
443 11535
443 9150
443 11016
443 8884
443 10564
444 2034
444 6484
444 5000
444 6120
444 3164
444 7514
444 2522
444 3627
444 7694
444 8510
444 10169
444 6258
444 9858
444 9518
444 10234
444 10637
444 10639
444 10955
444 5780
444 10326
444 11280
444 11285
444 11289
444 3625
444 6364
444 9612
444 11522
444 11581
444 11822
445 4033
445 8931
445 1624
445 7915
445 6476
445 6649
445 6998
445 7048
446 3465
446 4108
446 3376
446 3589
446 4702
446 3193
446 3456
446 4923
446 5228
446 5391
446 3932
446 5393
446 6344
446 7541
446 8132
446 8415
446 8382
446 9037
446 9856
446 5291
446 9859
446 9444
446 10774
446 6729
446 11185
446 2831
446 11399
446 11765
447 9444
447 10511
447 7775
447 7683
447 10497
447 10326
447 1098
447 10798
447 2373
447 5834
447 3382
447 10919
447 1950
447 4982
447 10626
447 11788
447 6571
447 5300
447 11342
448 1397
448 1593
448 1278
448 2369
448 3522
448 1587
448 3521
448 5406
448 707
448 8145
448 8379
448 593
448 2087
448 3151
448 902
448 9334
448 9335
448 412
448 9618
448 2018
448 1711
448 1925
448 3428
448 8088
448 9092
449 1947
449 3023
449 5684
449 9081
449 10163
449 551
449 1748
449 8214
449 2121
449 10773
449 5519
449 742
449 11018
450 6017
450 4790
450 6343
450 1624
450 6363
450 3166
450 7684
450 9285
450 9286
450 9773
450 9700
450 5834
450 10793
450 11568
451 3963
451 4069
451 10097
451 11229
451 898
452 4385
452 7984
452 8180
452 9913
452 9756
453 902
453 1796
453 1188
453 4415
453 935
453 1264
453 1478
453 857
453 896
453 2024
453 2025
453 4798
453 909
453 4631
453 1604
453 1050
453 1938
453 6693
453 6855
453 7639
453 7649
453 7645
454 5395
454 5393
454 3063
454 4238
454 1624
454 6483
454 8169
454 8189
454 8677
454 9281
454 9859
454 6258
454 9922
454 9853
454 11290
454 11280
454 11528
454 4280
454 11775
455 5593
455 7600
455 6778
455 6818
455 8593
455 10585
455 10518
455 7248
455 9108
455 11413
455 7895
455 3372
455 7801
455 7687
455 8724
455 898
455 543
455 3263
455 1825
455 5309
455 8937
455 5934
455 4104
455 7273
455 8758
455 396
455 11359
455 11801
455 5423
455 9508
455 7380
455 8365
455 5775
456 1202
456 1220
456 3042
456 6574
456 10264
456 10453
456 6321
456 10266
456 772
456 785
457 5395
457 5228
457 1624
457 8103
457 9669
458 2374
458 6040
458 6151
458 7624
458 2072
458 5940
459 8417
459 1962
459 8189
459 7711
459 7720
459 9858
459 10995
459 11118
460 1268
460 392
460 5534
460 1543
460 9444
460 10014
460 6364
460 11525
461 969
461 7819
461 5716
461 11225
461 5507
461 8567
461 6998
461 2490
461 6653
461 7557
462 4730
462 3161
462 6680
462 4486
462 6679
462 11600
462 7440
463 1624
463 8132
463 8449
463 8383
463 8778
463 9037
463 9260
463 1941
463 9703
463 9281
463 7694
463 8240
463 9772
463 9776
463 10774
463 10288
463 10876
463 10567
463 11029
463 11031
463 10914
463 8051
463 6096
463 11630
463 11156
463 11399
463 11439
464 3376
464 3589
464 3457
464 5228
464 5016
464 5390
464 5709
464 1879
464 7779
464 8510
465 7813
465 812
465 1297
465 2188
465 2270
465 3190
465 5263
465 5452
465 5851
465 6957
465 7248
465 7250
465 7569
465 8048
465 9098
465 9290
465 1922
465 898
465 3643
465 5764
465 5964
465 11377
465 3901
465 11666
466 1070
466 2465
466 3820
466 1780
466 4253
466 4994
466 4684
466 424
466 4380
466 2173
466 2786
466 3299
466 3973
466 9735
466 9394
466 1201
466 2818
466 4691
466 5539
466 7578
466 8393
466 8410
466 10928
466 11212
466 7248
466 8583
466 2061
466 5220
466 10068
466 10069
467 734
467 5366
467 6752
467 3396
467 2329
467 2750
468 3602
468 883
468 4794
468 7465
468 4112
468 7717
468 5976
468 11249
469 6785
469 7640
469 2014
469 1839
469 3729
469 8088
469 7253
469 1047
469 4293
469 9754
469 1858
469 4393
469 507
469 2282
469 7801
469 9367
469 7709
469 9246
469 10136
469 6625
469 9693
469 6857
469 11169
469 882
469 8371
469 9692
469 9138
469 10795
469 179
469 6367
469 7809
469 7034
469 9799
469 10028
470 3466
470 3589
470 4191
470 2294
470 112
470 9947
470 9730
470 9706
470 9707
470 10823
470 10976
470 10618
470 11130
470 11421
470 10321
471 3613
471 3348
471 4185
471 380
471 6504
471 8822
471 2894
471 6786
471 5753
471 3112
471 5432
471 5813
471 6030
471 8881
472 4590
472 1906
472 1301
472 4426
472 7430
472 10252
472 4997
472 2447
472 11028
472 7418
472 8618
472 3242
472 5281
472 2251
472 8777
473 9524
473 7569
473 10949
473 11349
473 3788
473 3792
473 7938
474 4760
474 910
474 4351
474 5896
474 7103
474 9085
474 7618
474 806
474 7372
474 7955
474 5300
474 5516
474 7459
474 4325
474 5289
474 10017
474 10023
474 6749
474 3126
474 7781
474 130
474 2884
474 4042
474 10381
474 4507
474 7265
474 10721
474 8539
474 9239
474 3987
475 198
475 969
475 5851
475 7914
475 7598
475 3437
475 7443
475 10814
475 5717
476 3916
476 6545
476 7642
476 3949
476 7599
476 7833
476 2056
476 5626
476 7604
476 7634
476 6601
476 6715
476 2317
476 10007
476 2770
476 3137
476 5723
476 7256
476 2542
476 2819
476 11396
476 584
476 2807
476 7641
476 5085
476 7021
476 8942
476 696
476 5516
476 7461
476 11369
476 9570
476 590
476 6718
476 7645
476 6809
476 2736
476 3637
476 4811
476 4814
476 6731
476 7647
477 3065
477 4043
477 5836
477 5837
477 8879
477 11562
478 10289
478 10288
478 10798
478 5834
478 11098
478 11290
478 11232
478 11031
478 11029
478 11378
478 11030
478 11308
478 10797
478 2573
478 11601
478 11254
478 5788
478 11564
478 11767
479 682
479 3341
479 10755
479 11647
479 9301
480 211
480 472
480 7750
480 8280
480 3356
480 9145
481 7251
481 10207
481 7145
481 9954
481 4042
481 5147
481 9507
481 10722
481 4039
481 6900
481 10806
481 11605
482 6343
482 1624
482 8132
482 8382
482 9100
482 9947
482 8385
482 8415
482 123
482 11484
483 4987
483 7680
483 5766
483 9081
483 5763
483 9442
484 4702
484 4724
484 4730
484 4923
484 6344
484 7541
484 8169
484 9037
484 1543
484 9011
484 9279
484 9947
484 9700
484 9776
484 10326
484 11117
484 11185
484 11232
484 825
484 7551
484 11558
484 5788
484 770
484 10520
485 6114
485 2374
485 2397
485 2460
485 6658
486 1054
486 1082
486 2453
486 2881
486 4421
486 5470
486 9864
486 8844
486 2578
486 9182
486 10271
486 10475
486 8130
486 7081
486 8340
486 1335
486 1681
486 5559
486 7380
486 5705
486 961
486 5290
486 10457
486 10455
486 10082
486 10822
486 4032
486 6751
486 10037
486 4152
486 1979
486 1984
486 10791
486 11532
486 9272
487 10161
487 840
487 4201
487 4151
487 5813
487 10083
487 10322
487 10335
487 6933
487 9704
487 10166
487 11151
487 8206
487 9368
487 3711
487 8616
487 11212
487 836
487 9740
488 9391
488 6620
488 7593
488 8480
488 4247
488 8905
488 444
488 4489
488 3613
488 10852
488 4901
488 4572
488 4977
488 8072
488 8288
488 3390
488 2632
488 5439
488 8705
488 11204
488 8996
489 5390
489 6344
489 6482
489 7060
489 8169
489 11131
489 9319
489 4104
489 11578
489 11579
489 11580
490 1593
490 687
490 4505
490 5921
490 5017
490 8774
490 859
490 1957
490 2687
490 6276
490 6389
490 6497
490 7157
490 10648
490 11533
491 4035
491 5389
491 6001
491 8364
491 4855
491 875
492 3589
492 6363
492 8779
492 8407
492 8510
492 836
492 11002
492 10446
492 11767
492 11770
493 8207
493 9100
493 9730
493 9444
493 10637
493 10201
493 11689
494 9260
494 3164
494 8207
494 9282
494 9853
494 7694
494 9100
494 9947
494 6258
494 9730
494 9444
494 10236
494 10201
494 10798
494 5834
494 837
494 11232
494 11581
495 8254
495 8250
495 8385
495 7514
495 9034
495 8763
495 8189
495 9922
495 8242
495 9855
495 9856
495 7625
495 10955
495 10995
495 10271
495 10798
495 11316
495 11579
495 6449
496 5226
496 5230
496 5227
496 5016
496 1464
496 2741
496 2742
496 4133
496 4147
496 3541
496 6680
496 980
496 1001
496 6488
496 7060
496 7779
496 8417
496 8415
496 3164
496 9037
496 8679
496 8208
496 7585
496 8207
496 9286
496 8510
496 9947
496 9730
496 6258
496 10234
496 10955
496 11284
496 11282
496 11550
497 6951
497 5285
497 6187
497 8077
497 1054
497 7460
497 9162
497 11450
497 839
497 8862
497 1162
497 4167
497 11804
498 6646
498 3961
498 5802
498 8726
498 591
498 592
498 1198
498 3541
498 1383
498 1780
498 5543
498 7145
498 1722
498 8923
498 7879
498 886
498 1415
498 1943
498 4053
498 1046
499 8384
499 8778
499 8679
499 8599
499 8763
499 9922
499 8240
499 9947
499 6258
499 10567
499 11675
500 5182
500 6824
500 6825
500 8205
500 6826
500 9508
500 10860
501 8778
501 8572
501 9853
501 7694
501 9604
501 10633
501 11287
501 11291
501 9735
501 9734
502 10845
502 9473
502 452
502 476
502 8961
502 11007
502 7478
503 7731
503 1845
503 1026
503 440
503 1606
504 633
504 217
504 8700
504 9648
504 11472
504 9388
505 4898
505 2827
505 150
505 10716
505 154
505 2162
505 11226
505 901
505 3793
505 4087
505 6153
506 585
506 4621
506 10169
506 7629
506 6258
506 11521
506 11523
506 6096
506 10811
506 11635
506 1827
506 11439
507 3376
507 3589
507 1457
507 8779
507 9700
507 5291
507 9318
507 6258
507 5834
507 10811
507 11496
507 9669
507 10446
508 859
508 821
508 5217
508 1263
508 6031
509 4303
509 4459
509 5837
509 1624
509 11485
510 5528
510 6017
510 3528
510 8755
510 9506
510 11360
510 4293
510 10722
511 7203
511 7442
511 10167
511 36
511 2579
511 1258
512 1781
512 885
512 583
512 7046
512 10681
512 2434
512 3716
512 4265
512 886
512 6496
512 7477
512 10968
512 11002
512 9232
512 6638
512 9017
512 9019
512 10199
512 3952
512 11399
512 6342
512 11321
512 2270
512 1009
512 11496
512 11788
512 6443
512 6445
512 6225
513 8710
513 1481
513 1916
513 5411
513 9498
514 7721
514 11196
514 11232
514 11483
514 10600
514 11307
514 11308
514 10911
514 10913
514 10918
514 10915
514 10916
514 10919
514 11524
514 11194
514 11528
514 11529
514 11255
514 11539
514 11544
514 11550
514 11582
514 11543
514 11581
514 11578
514 11540
514 11791
514 10520
515 1677
515 2578
515 10734
515 8021
515 10097
516 9444
516 10236
516 10201
516 10759
516 9318
516 10976
516 8293
516 5782
516 10798
516 5834
516 10969
516 10169
516 11196
516 11098
516 11232
516 11378
516 11379
516 11286
516 11484
516 11602
516 4492
516 11578
516 11766
516 11773
516 11771
516 11774
516 11776
517 3884
517 3457
517 4350
517 5228
517 5230
517 1464
517 1249
517 1624
517 1845
517 4422
517 7060
517 7796
517 7616
517 7617
517 8199
517 8415
517 8382
517 8408
517 2004
517 8409
517 9037
517 8407
517 9260
517 9340
517 8510
517 10371
517 7442
518 7694
518 9100
518 9947
518 6258
518 9730
518 9444
518 8987
518 10497
518 10637
518 10639
518 10201
518 9690
518 10798
518 5304
518 11098
518 10247
518 11307
518 11308
518 11483
518 10600
518 10793
518 5635
518 11530
518 11576
518 11334
518 5788
518 11014
519 8865
519 10179
519 5137
519 8363
519 10225
519 11370
520 1624
520 8169
520 8254
520 8449
520 8253
520 8603
520 9037
520 9922
520 9857
520 10234
520 10449
520 11765
520 10446
521 1624
521 7541
521 8253
521 9947
521 9603
521 10234
521 9690
521 11701
522 6549
522 9022
522 10141
522 4098
522 5300
522 5904
522 7627
522 8365
522 8682
522 9364
522 10033
522 10499
522 10560
522 809
522 6145
522 7415
522 10930
522 11355
523 10618
523 5782
523 10798
523 6601
523 5834
523 10567
523 11002
523 10797
523 10911
523 10915
523 10919
523 11483
523 10793
523 10918
523 11448
523 10917
523 10914
523 10912
523 10913
523 10916
523 11399
523 11521
523 11522
523 11530
523 5635
523 11255
523 11531
523 11194
523 11526
523 11527
523 11528
523 11529
523 11524
523 11539
523 11544
523 11041
523 11329
523 11543
523 4104
523 6096
523 11481
523 11270
523 7018
524 1602
524 6239
524 8372
524 9813
524 10047
525 1658
525 4255
525 1464
525 7036
525 9663
525 9850
525 937
525 9561
526 4571
526 1636
526 4092
526 6224
526 7089
526 4977
526 4978
526 4305
526 7075
526 6931
526 3792
526 3189
526 5412
526 7321
526 6096
526 8289
526 1269
526 9444
526 3960
526 8909
526 1932
526 9125
526 8006
526 8874
526 2335
526 9131
526 2028
526 4751
526 3663
526 11791
527 10418
527 10738
527 10368
527 3213
527 10369
527 11613
527 9508
527 11447
527 6601
527 10492
527 10367
527 10730
528 3592
528 7060
528 9730
528 9444
528 11776
529 8659
529 3242
529 8078
529 8826
529 8872
529 8874
529 178
529 187
529 8677
529 8861
529 11824
529 1098
529 8785
529 8839
529 8895
529 10503
529 11795
530 5509
530 877
530 2198
530 9204
530 2566
530 7126
530 11182
530 5360
530 11334
531 7728
531 8982
531 9760
531 10610
531 1579
531 8372
531 3368
531 4091
531 833
531 3501
532 5276
532 4166
532 5299
532 752
532 3261
532 4542
532 8183
532 1094
532 4387
532 10738
533 5135
533 2108
533 2305
533 3489
533 10027
533 9673
534 9745
534 10287
534 10368
534 10730
534 10753
534 5976
534 8112
534 9507
534 3038
534 5958
534 8120
535 5947
535 3536
535 10973
535 2715
535 2716
535 7375
535 10577
535 8261
536 8417
536 1839
536 9664
536 7341
536 8448
536 10774
536 854
536 11744
536 11439
536 11440
536 10321
536 7247
536 11822
536 11804
537 5229
537 8254
537 8449
537 8779
537 9603
538 4170
538 6335
538 9507
538 4280
538 3166
539 6330
539 6771
539 11808
539 17
539 515
540 1169
540 8637
540 2977
540 9270
540 2956
540 1449
540 2905
540 2990
540 6491
541 3323
541 3457
541 4350
541 4933
541 4923
541 1457
541 5230
541 5016
541 6680
541 1624
541 3592
541 7101
541 7060
541 8385
541 9033
541 8211
541 9659
541 9859
541 7694
541 9775
541 9603
541 9519
541 9100
541 11483
541 11736
541 11564
541 11788
542 795
542 7166
542 9484
542 4189
542 3540
543 7585
543 7683
543 7694
543 9859
543 9700
543 9775
543 10169
543 7629
543 5307
543 6258
543 9947
543 9444
543 9100
543 10236
543 10114
543 10117
543 9733
543 10637
543 10774
543 10497
543 10201
543 10014
543 10326
543 3658
543 10798
543 9243
543 5834
543 10289
543 11029
543 7551
543 9154
543 10912
543 11232
543 11486
543 2573
543 11635
543 11788
543 11118
543 11136
544 822
544 1015
544 6957
544 4259
544 257
544 1860
544 1481
544 1494
544 821
544 1037
544 1482
544 1292
544 4511
544 2638
545 7141
545 4614
545 8608
545 6694
545 11542
546 1900
546 2420
546 6030
546 307
546 308
546 6911
546 7534
546 7904
546 2520
546 4025
546 1988
547 10169
547 7629
547 4085
547 9254
547 10234
547 10236
547 9733
547 7442
547 10271
547 10798
547 5834
547 5782
547 7694
547 11018
547 9100
547 5781
547 9243
547 9747
547 10913
547 11232
547 11135
547 11527
547 11524
547 10793
547 7918
547 6096
547 11565
547 11566
547 7677
547 6446
547 11701
547 9669
547 11832
548 7988
548 10047
548 9508
548 6739
548 5192
548 9507
548 7973
548 6738
548 3784
548 3601
548 1744
548 9325
548 7817
548 7824
548 7979
548 8402
549 602
549 612
549 607
549 6603
549 11610
549 11710
549 11793
550 5016
550 5393
550 6077
550 8382
550 8763
550 10236
551 3456
551 4933
551 5391
551 5226
551 5395
551 5390
551 5228
551 6077
551 6485
551 6363
551 3164
551 1543
551 9603
551 9604
551 9776
551 10116
551 10449
551 10798
551 10289
551 11399
551 11487
551 11606
551 11254
551 10092
552 2590
552 166
552 5434
552 3432
552 6945
552 5793
552 8566
552 1548
552 1766
552 5695
552 3207
552 1001
553 7060
553 7541
553 8131
553 8415
553 8417
553 8679
553 9037
553 7585
553 9853
553 6258
553 10169
553 9659
553 9518
553 9011
553 7745
553 10638
553 11130
553 9650
553 11580
553 11606
553 11270
553 11399
553 11702
553 4280
553 11739
553 11819
553 6438
553 10321
554 3248
554 5976
554 6900
554 363
554 6239
555 9195
555 1044
555 3390
555 11091
555 11818
556 4096
556 4982
556 5369
556 11327
556 4416
556 4510
557 2610
557 2611
557 6784
557 4978
557 8955
557 3952
557 10641
558 1034
558 6957
558 5370
558 2222
558 2014
558 820
558 2277
559 4772
559 2781
559 6694
559 9276
559 8608
559 3029
560 3778
560 7873
560 9670
560 5582
560 5580
560 6961
560 3843
560 10028
560 5516
560 7006
560 912
560 3808
560 5117
560 3336
560 7840
560 11568
560 8029
560 1502
560 6706
560 11542
560 11228
561 6331
561 283
561 365
561 11613
561 3149
561 6887
562 4342
562 3167
562 10629
562 5573
562 6811
563 8217
563 10037
563 9026
563 7982
563 8808
564 118
564 2220
564 4733
564 11075
564 7201
565 6443
565 3613
565 9759
565 609
565 8552
565 7271
565 257
565 330
565 642
565 820
565 1624
565 4031
565 10853
565 8318
565 2829
565 557
565 621
565 3353
565 6693
565 2761
565 8563
565 11355
566 7824
566 4042
566 5178
566 9745
566 226
566 10748
566 10774
566 10775
566 7631
566 11399
566 11606
566 11487
566 11633
566 11713
566 11684
566 6239
566 6991
567 1933
567 2050
567 3548
567 8657
567 792
567 3349
567 3454
567 3589
567 11118
568 6440
568 10996
568 8759
568 7624
568 5360
568 5887
568 7336
568 7421
568 412
569 5409
569 6017
569 1624
569 10289
569 8616
570 2386
570 10364
570 2520
570 9085
570 9778
571 4266
571 1761
571 4265
571 6867
571 7465
572 4395
572 1601
572 7248
572 8391
572 4029
573 760
573 1560
573 8519
573 759
573 10331
573 3412
573 9546
573 10836
574 5082
574 5023
574 4035
574 4009
574 7467
574 9745
574 10626
575 6344
575 6485
575 7060
575 8415
575 8407
575 1543
575 6258
575 9700
575 10955
575 10976
575 10618
575 9154
575 11526
575 11529
575 11399
575 11600
575 5788
575 11602
576 3398
576 3376
576 3589
576 4724
576 3063
576 4725
576 3193
576 3506
576 4923
576 5229
576 5230
576 5391
576 8383
576 9109
576 8779
576 9010
576 9011
576 8778
576 10289
576 11484
576 11606
576 2158
576 11766
576 11767
576 11775
576 10092
577 533
577 8333
577 3405
577 5821
577 8552
577 1047
577 2687
577 3876
577 3877
577 6751
577 7551
577 1078
577 1079
577 6855
577 8288
577 2204
577 8009
578 3503
578 1092
578 1102
578 8679
578 9037
578 6799
578 8596
578 8599
578 8976
578 5079
578 8189
578 8249
578 7063
578 7683
578 7694
578 8207
578 8211
578 4747
578 9700
578 9100
578 10774
578 8905
578 9246
578 10775
578 892
578 10794
578 11232
578 11378
578 11613
578 3759
578 11635
578 6443
579 1296
579 1906
579 2376
579 2419
579 3595
579 4847
579 11232
579 11791
580 5226
580 5229
580 5228
580 5393
580 6077
580 6482
580 3415
580 6483
580 8449
580 7552
580 2345
580 8208
580 9659
580 7684
580 10371
580 7201
580 2014
580 680
580 11496
580 9734
581 1348
581 6998
581 6999
581 11807
581 5716
581 9363
582 6645
582 6643
582 6642
582 4421
582 7831
582 4227
582 4763
582 8208
582 2748
582 9949
582 10203
583 5501
583 2003
583 3675
583 4344
583 5897
583 10378
583 3679
583 4345
583 7211
583 4347
583 6045
583 9022
583 10134
583 11024
583 11192
583 3677
583 3556
583 9693
584 2411
584 5233
584 7464
584 8343
584 104
584 6445
584 9009
585 806
585 3987
585 11075
585 6688
585 8347
586 896
586 4618
586 4347
586 5016
586 1464
586 5228
586 2022
586 6488
586 7541
586 7796
586 7060
586 7860
586 8417
586 8250
586 8778
586 8779
586 8407
586 9340
586 9705
586 8598
586 9518
586 5834
586 11399
586 11579
586 11580
586 11772
587 10300
587 5976
587 1252
587 5979
587 10374
588 8415
588 9100
588 9947
588 7694
588 9444
588 7369
588 10201
588 11074
588 3658
588 6438
588 11518
589 8055
589 6774
589 5919
589 2301
589 6718
589 597
589 9138
589 7248
589 5399
589 7252
589 10216
589 912
589 3514
589 11680
589 3038
590 3323
590 3457
590 4350
590 4933
590 4923
590 5226
590 5016
591 341
591 1980
591 8407
591 204
591 9150
591 4024
591 2789
591 502
592 4262
592 4783
592 5474
592 4828
592 9521
592 4638
592 2649
592 2898
592 1415
592 3387
592 6626
592 5551
592 8943
592 5319
593 3832
593 5557
593 4709
593 3833
593 6928
593 3188
593 2224
593 2508
593 4856
593 7800
593 9996
593 10626
593 3492
593 3613
593 4023
593 4431
593 11271
593 2048
593 9303
593 9605
593 10718
594 10381
594 10369
594 10729
594 9745
594 2707
594 10684
594 68
594 7988
594 9724
595 990
595 1078
595 2182
595 5863
595 5993
595 7842
595 6585
595 2584
595 4810
596 2830
596 6650
596 7685
596 9009
596 1305
596 7938
597 4933
597 4923
597 5229
597 5226
597 5230
597 1249
597 5393
597 1624
597 8254
597 8250
597 8251
597 8253
597 8197
597 8763
597 10236
597 10238
598 9870
598 10369
598 892
598 2218
598 8826
599 33
599 5402
599 6053
599 912
599 9089
600 1624
600 6485
600 8103
600 8169
600 8778
600 8779
600 9037
600 7694
600 9100
600 6258
600 11285
601 4249
601 4091
601 5369
601 4526
601 6287
601 7577
601 2988
601 9616
601 412
601 9765
601 5349
602 7186
602 4042
602 5978
602 8487
602 9507
602 9744
602 9913
602 8939
602 7570
602 6001
602 10626
602 10967
602 758
602 7877
602 892
602 2195
602 5977
602 8325
602 10368
602 10073
602 10106
602 11078
602 9445
602 9508
603 1456
603 6077
603 6680
603 1624
603 6488
603 7796
603 1836
603 8383
603 7552
603 7551
603 8580
603 9260
603 8208
603 7694
603 8510
603 6258
603 9775
603 10520
603 11772
603 10657
603 11767
604 1457
604 5016
604 6482
604 7060
604 9659
604 7694
604 6258
604 9947
604 9444
604 10201
604 10236
604 10798
604 10969
604 11232
604 11484
604 8391
605 1020
605 4923
605 5226
605 3515
605 3516
605 5395
605 4603
605 5976
605 3932
605 6488
605 1244
605 1204
605 1860
605 896
605 9037
605 8407
605 8409
605 8408
605 8728
605 9340
605 9858
605 9947
605 11739
605 11766
605 11776
605 11770
605 6860
605 11771
606 848
606 2025
606 4414
606 8410
606 5770
606 456
606 9617
606 9012
606 10017
606 4218
606 4178
606 4619
606 4144
606 4750
606 3177
607 7815
607 6467
607 10553
607 792
607 3063
608 11314
608 10517
608 10715
608 3453
608 5844
608 7966
608 9521
609 3512
609 5830
609 7886
609 10089
609 5828
609 11625
610 10327
610 10996
610 7903
610 6102
610 5133
610 10997
611 5390
611 8382
611 8407
611 8408
611 8409
611 9705
611 9947
611 9604
611 11030
612 10171
612 3076
612 6323
612 2665
612 5659
612 8866
613 7372
613 4353
613 4590
613 7181
613 8066
614 6631
614 7326
614 3509
614 9130
614 2048
615 7252
615 9589
615 203
615 7248
615 585
615 6213
615 5516
615 1935
615 883
615 912
615 8838
616 2028
616 1608
616 10889
616 7466
616 11457
616 5138
617 6248
617 3457
617 3456
617 5226
617 5229
617 5016
617 5230
617 8103
617 8207
617 9859
617 9444
617 7694
617 9947
618 6077
618 6485
618 7060
618 7541
618 8132
618 8254
618 8382
618 7514
618 9037
618 8249
618 9280
618 10278
618 8250
618 6258
618 10234
618 10371
618 7918
618 11600
618 10555
618 11558
618 11602
618 11720
619 1636
619 7838
619 3936
619 1287
619 5363
619 7545
619 7546
619 1653
619 4481
619 7664
619 7665
620 8415
620 8407
620 9037
620 9260
620 8408
620 9659
620 6258
621 9044
621 1807
621 3375
621 2391
621 2377
621 5034
621 2270
621 11069
622 2456
622 3420
622 7865
622 5054
622 670
623 5418
623 5366
623 130
623 2933
623 3762
623 7894
623 8733
624 9067
624 10169
624 9700
624 10234
624 11524
624 8681
624 11664
624 11689
624 6445
625 110
625 5331
625 109
625 5136
625 3985
625 9650
626 5228
626 6077
626 6486
626 7796
626 7860
626 8131
626 8383
626 8253
626 3503
626 9260
626 9659
626 2823
626 6258
626 11098
626 825
626 11568
626 11270
626 1361
626 11540
626 11632
626 10446
626 9919
626 11828
626 11811
627 9109
627 3215
627 10907
627 10965
627 8594
627 4052
627 8791
627 3212
627 3806
627 11212
627 227
627 4621
627 3514
627 7280
627 3510
628 9268
628 2996
628 6205
628 8264
628 8863
628 3429
628 6521
629 4260
629 5016
629 8132
629 8510
629 11439
630 5976
630 3990
630 3999
630 5147
630 7570
630 10403
630 10430
631 1636
631 5226
631 1464
631 5016
631 5230
631 5395
631 6018
631 6343
631 8382
631 8409
631 8510
631 9010
631 10014
631 10271
631 11185
631 4086
631 11002
631 11640
631 11601
631 770
631 11791
632 4923
632 1457
632 5229
632 5230
632 5016
632 5391
632 5395
632 5393
632 6482
632 7060
632 7796
632 9037
632 8677
632 1543
632 9011
632 9281
632 8510
632 9856
632 5291
632 10234
632 9733
632 10497
632 10637
632 7369
632 7442
632 10271
632 6774
632 10014
632 10449
632 11185
632 11307
632 11002
632 11524
632 11041
632 11525
632 11702
632 5788
632 11516
632 11741
632 11701
632 770
633 1158
633 2599
633 1251
633 5485
633 4621
634 7215
634 2676
634 8352
634 9533
634 6953
635 8235
635 896
635 6855
635 9165
635 11687
635 10194
635 10216
636 4621
636 7683
636 7680
636 9700
636 6619
636 6184
636 171
636 645
636 4125
636 6624
636 11601
636 5788
636 11600
636 11736
637 624
637 8169
637 8131
637 1543
637 10600
637 6364
637 7365
637 7435
638 1238
638 8101
638 167
638 173
638 63
638 1425
638 9656
638 4459
639 3522
639 3730
639 2282
639 5976
639 8777
639 9507
640 10090
640 7509
640 2781
640 6028
640 6931
640 9922
640 6026
640 10871
640 11625
640 8036
640 2855
640 3375
640 10852
641 1624
641 6488
641 7060
641 7541
641 8131
641 7071
641 7514
641 8408
641 9034
641 9174
641 8407
641 8208
641 9340
641 9260
641 8207
641 9947
641 9659
641 6258
641 9730
641 10115
641 10638
641 10289
641 11185
641 5781
641 10919
641 11526
641 6114
641 10811
641 11766
641 10092
641 11767
641 11822
642 1944
642 7743
642 895
642 9645
642 4489
642 6547
642 7551
643 3012
643 8427
643 6567
643 10560
643 11343
643 1745
643 2739
643 4315
643 4901
643 10979
644 4779
644 5285
644 5716
644 5917
644 8868
644 9648
644 9777
644 10957
644 8231
644 1729
644 11461
644 4459
644 6751
644 8092
645 4702
645 4724
645 4730
645 5016
645 6483
645 8131
645 8382
645 7585
645 9859
645 9854
645 9733
645 11185
645 11041
646 9146
646 1305
646 8234
646 7809
646 3166
646 5555
646 10605
646 8536
646 5560
647 3589
647 4933
647 4923
647 5226
647 5016
647 5229
647 5395
647 3063
647 6363
647 9100
647 9853
647 9700
647 10287
647 11002
647 11606
647 11780
647 9734
647 11819
647 11822
648 5975
648 5392
648 6638
648 547
648 9691
648 4035
648 6405
649 10949
649 11619
649 1475
649 5047
649 9209
649 9384
649 6508
649 8586
649 10688
650 8510
650 9700
650 4098
650 1502
650 10688
650 5074
650 6512
650 741
650 11313
650 852
650 10733
650 11216
651 3745
651 3748
651 1643
651 1644
651 6083
652 3
652 9582
652 254
652 5441
652 6162
652 8840
652 2555
652 4516
652 5602
652 7295
652 1270
652 6105
652 6620
652 5869
652 5669
652 3852
652 9448
652 792
653 1325
653 4392
653 4393
653 9476
653 865
653 10851
654 6957
654 7458
654 9097
654 872
654 3368
655 11187
655 4156
655 4837
655 5579
655 7922
656 4035
656 2195
656 3446
656 4046
656 1457
656 6680
656 1624
656 8131
656 8449
657 7552
657 8251
657 8385
657 8728
657 1543
657 9947
657 6404
657 10449
657 11283
657 10913
657 6096
657 11736
658 1464
658 5016
658 6486
658 7541
658 9174
658 5780
658 11399
658 11632
659 8173
659 1772
659 1773
659 2183
659 7072
660 7248
660 11744
660 11782
660 5588
660 11399
661 4923
661 5229
661 5016
661 5226
661 3515
661 5228
661 5390
661 6077
661 1624
661 7060
661 8199
661 8449
661 8250
661 8382
661 8407
661 8197
661 8573
661 7694
661 7683
661 9281
661 9922
661 6258
661 9853
661 9855
661 9856
661 9519
661 10633
661 11132
661 3658
661 11283
661 11583
661 11254
661 11540
661 11496
661 11773
661 6449
661 1825
661 11635
662 5494
662 9173
662 5708
662 6950
662 10679
662 11813
662 10173
662 2079
662 8150
662 2183
662 4151
663 2419
663 2352
663 1624
663 4263
663 6363
663 2423
664 5228
664 5230
664 3932
664 1624
664 8132
664 8763
664 6258
664 9700
664 9857
664 9519
664 9604
664 10182
664 11194
664 11720
664 462
664 11632
664 11769
665 2524
665 2540
665 4202
665 5510
665 9500
666 5784
666 8
666 5753
666 5976
666 5978
666 4035
666 7354
666 9745
667 4280
667 3231
667 6034
667 9290
667 7432
667 6196
668 2373
668 5716
668 6527
668 11046
668 3375
669 226
669 3047
669 6323
669 6939
669 6941
669 11004
670 6801
670 3465
670 3466
670 3398
670 3721
670 8250
670 9776
670 8390
670 5775
670 10837
671 4289
671 4454
671 4554
671 4916
671 2442
671 5236
671 9817
672 6171
672 7649
672 812
672 10910
672 11224
672 3521
672 1435
672 6341
672 7639
672 7647
672 3543
672 3111
672 8551
672 5837
673 7514
673 8197
673 7629
673 5834
673 187
674 512
674 4901
674 7295
674 7456
674 1624
674 9534
674 1848
674 2014
674 2408
674 4238
674 4993
674 5856
674 5860
674 9030
674 9032
674 10205
674 434
674 6105
675 4324
675 1848
675 3336
675 3375
675 3888
675 7201
676 5818
676 5816
676 4930
676 5432
676 11349
676 9151
676 8937
677 4426
677 4663
677 8839
677 3579
677 6998
677 10154
678 3274
678 6316
678 10792
678 4868
678 8957
679 251
679 2154
679 6600
679 2581
679 2146
680 4205
680 1723
680 1724
680 5346
680 5098
680 2520
680 6863
680 3166
680 3898
680 10634
680 8136
681 2047
681 1624
681 53
681 876
681 821
681 7796
681 9774
681 11074
681 11529
681 6449
681 1825
681 11797
681 11798
682 2515
682 4644
682 9182
682 10719
682 11304
683 1504
683 2365
683 3100
683 3101
683 3452
683 6184
684 10418
684 10492
684 3161
684 8013
684 9109
685 2874
685 5796
685 3900
685 5797
685 7227
685 7216
685 7218
685 7226
685 7230
685 7232
686 1713
686 5294
686 9713
686 8185
686 4361
687 4923
687 5611
687 8132
687 8251
687 8254
687 3503
687 5421
687 896
687 5291
687 11765
687 11767
688 1579
688 1794
688 2048
688 8066
688 10116
688 1258
688 9490
688 10634
689 7165
689 9565
689 8616
689 9436
689 10363
689 10673
690 6680
690 1624
690 6488
690 6363
690 8383
690 8253
690 1543
690 8189
690 7629
690 10014
690 5780
691 7273
691 4668
691 9836
691 10733
691 10721
691 10411
691 6639
691 6193
691 7346
692 9506
692 5978
692 9745
692 6692
692 10418
693 4078
693 6336
693 5933
693 3243
693 7765
693 8391
693 512
693 9195
693 8915
693 9201
693 10607
694 611
694 7205
694 8670
694 1271
694 10414
694 836
694 11540
694 1825
694 11136
695 2664
695 6053
695 6184
695 8011
695 8257
695 5188
695 6480
696 4488
696 5651
696 6438
696 4609
696 2914
696 8045
696 2897
696 6761
696 1385
696 3833
696 8637
696 9293
696 608
696 7839
696 8896
696 9106
696 1598
696 4519
696 1052
696 4157
696 10677
697 7864
697 8728
697 7018
697 7022
697 5781
697 11284
697 11529
697 11558
697 1825
697 1827
698 4375
698 1824
698 6771
698 6547
698 925
699 873
699 877
699 3748
699 1558
699 1641
699 1644
699 8415
699 8778
699 8407
699 8728
699 8763
699 7694
699 7683
699 9853
699 4085
699 4086
699 9603
699 7659
699 3163
699 9774
699 10955
699 8329
699 5834
699 1880
699 11788
700 2898
700 8971
700 2943
700 6625
700 8842
701 5226
701 5016
701 3932
701 5395
701 6077
701 1624
701 6485
701 7796
701 8132
701 8382
701 8408
701 9037
701 8409
701 8728
701 6258
701 8407
701 9280
701 5291
701 10113
701 9733
701 11378
701 11481
701 11490
701 11497
701 11770
702 392
702 3456
702 3884
702 4923
702 1464
702 6018
703 557
703 9211
703 114
703 9209
703 5240
704 1817
704 685
704 10409
704 1891
704 243
704 4986
705 7462
705 8972
705 10492
705 8809
705 11458
706 893
706 168
706 1125
706 2354
706 4405
706 4406
706 4554
706 4752
706 4900
706 6029
706 6034
706 8943
706 9217
707 2970
707 274
707 8253
707 8251
707 8736
707 8763
707 9490
707 8208
707 7694
707 8510
707 5602
707 9733
707 10236
707 7442
707 7114
707 9690
707 5834
707 11232
707 837
707 11281
707 11485
707 10132
707 11486
707 11606
707 10418
707 11156
707 11782
707 11744
707 6443
707 8288
707 10367
707 10092
707 11832
707 11816
708 8510
708 9947
708 9700
708 7694
708 9773
708 6258
708 9444
708 10236
708 10201
708 9109
708 10618
708 10823
708 9690
708 10798
708 11698
708 11249
708 11568
708 8112
708 3166
708 10626
708 11744
709 11521
709 11523
709 11526
709 11525
709 2781
709 11254
709 4452
709 9935
709 5450
709 5449
709 6231
709 6449
710 653
710 1109
710 3659
710 3986
710 6693
710 7031
710 3064
710 1311
710 4970
710 866
710 3810
710 1860
710 8550
710 1853
710 3658
710 3617
710 3523
710 7051
710 10223
711 7362
711 9168
711 8606
711 2014
711 2687
712 7553
712 5008
712 5964
712 1773
712 9963
712 1772
713 5543
713 4841
713 6838
713 4568
713 3262
713 8605
713 1117
713 6719
713 248
713 583
713 7755
713 10621
713 5522
713 8569
713 9487
713 10466
713 5432
713 11332
713 1914
713 565
713 1908
713 4499
713 9082
713 9104
713 5295
713 5938
713 9384
714 6750
714 6751
714 4032
714 8551
714 9621
714 7803
714 11676
714 901
714 1424
715 7945
715 8150
715 4389
715 1875
715 3430
715 3482
716 2148
716 1053
716 4292
716 3166
716 1505
716 3015
717 8385
717 8415
717 3164
717 9033
717 7585
717 3166
717 7694
717 9100
717 9947
717 6729
717 11497
717 11635
718 1624
718 7101
718 8131
718 8415
718 8417
718 8778
718 8763
718 9340
718 9730
718 10919
718 2873
718 11399
718 11736
718 6449
718 10084
719 3193
719 2892
719 5016
719 4106
719 11291
719 11527
719 6364
719 11821
720 2681
720 7885
720 791
720 1012
720 991
720 1009
720 1485
720 4340
720 1001
721 3218
721 3376
721 3589
721 4724
721 4730
721 5226
721 5016
721 5395
721 1624
721 6483
721 7060
721 6363
721 8779
721 896
721 8407
721 1543
721 9785
721 7694
721 7683
721 9775
721 10115
721 6774
721 7721
721 11720
721 11770
721 11776
721 11439
722 3466
722 3589
722 4702
722 3193
722 8779
722 9067
722 3164
722 1055
722 6258
722 10626
722 11788
722 10092
723 4702
723 5390
723 6486
723 7541
723 7617
723 6363
723 7514
723 9285
723 7694
723 7625
723 7629
723 11074
723 6410
723 2351
723 1827
724 2567
724 3193
724 1827
724 5229
724 5230
724 5016
724 6680
724 3592
724 7060
724 7585
724 10169
724 11399
724 11255
724 11530
724 11581
724 11606
724 11270
724 10626
724 11156
724 11739
724 11773
724 1825
725 912
725 3093
725 4023
725 8566
725 809
725 10722
726 3243
726 3767
726 7897
726 9266
726 9958
727 4920
727 8603
727 9664
727 9705
727 9922
727 11606
727 10626
728 1258
728 2758
728 4032
728 6051
728 6725
728 8563
728 11369
729 4621
729 9174
729 1482
729 4617
729 1240
729 9871
729 10366
729 3711
729 858
729 5137
729 9111
729 1039
729 4293
729 4956
729 9691
729 179
730 5339
730 8885
730 8908
730 8351
730 8878
730 5575
730 9686
730 4560
731 1477
731 4020
731 6626
731 2447
731 3493
731 4920
731 5261
732 1457
732 5229
732 5230
732 1464
732 5016
732 1624
732 7796
732 8250
732 9064
732 8602
732 7694
732 10798
732 10823
732 10976
733 11232
733 6332
733 11307
733 11308
733 11568
733 11521
733 11522
733 4536
733 11329
733 11543
733 11550
733 11582
733 11602
733 2573
733 3415
733 10308
733 3898
733 10767
733 10307
733 11110
733 10306
733 11632
733 11702
733 2828
733 11121
733 123
733 11780
733 6444
733 9734
733 8337
733 9669
733 11778
733 11811
734 3946
734 1943
734 8444
734 9739
734 326
735 1348
735 4654
735 5074
735 6290
735 7287
735 9602
735 10354
736 6483
736 9947
736 9254
736 9318
736 6258
736 10014
736 6729
736 7721
736 10169
736 11300
736 11522
736 11602
736 11600
736 11632
736 11766
736 11791
736 10446
736 11767
737 4618
737 4667
737 333
737 2918
737 326
737 5409
737 14
738 5835
738 1421
738 3496
738 3375
738 21
738 642
738 1299
739 8417
739 8253
739 8677
739 9011
739 8728
739 9700
739 9852
739 10117
739 9733
739 3658
739 10182
739 7774
739 6275
739 10567
739 11232
739 4486
739 11298
739 11529
739 8653
739 11788
740 3323
740 9444
740 10793
740 10794
740 11600
741 3703
741 7914
741 8931
741 6613
741 11047
742 8254
742 8680
742 6258
742 9922
742 9100
742 9700
742 9730
742 7629
742 9444
742 7694
742 10236
742 10201
742 10759
742 9398
742 10798
742 5834
742 11232
742 10169
742 10247
742 10600
742 11307
742 11255
742 11308
742 11530
742 11521
742 11531
742 5635
742 11254
743 9112
743 3368
743 8467
743 8468
743 9563
744 768
744 939
744 2351
744 6145
744 1796
744 7331
744 9741
744 7255
744 1310
744 1905
744 4567
744 496
744 2422
744 2527
744 3514
744 3951
744 4782
744 8414
744 9759
744 1644
744 1556
745 1125
745 1257
745 4459
745 1479
745 4400
745 1128
745 2321
745 6906
746 1145
746 3456
746 943
746 4933
746 4923
746 5228
746 5226
746 5393
746 6224
746 1624
746 8169
746 8131
746 8778
746 8677
746 9604
746 9518
746 7101
746 10169
746 11232
746 2573
746 11776
746 11765
746 11770
747 4723
747 38
747 239
747 505
747 645
747 2674
747 5494
747 6588
747 7006
747 7063
747 170
747 570
747 2541
747 2907
747 11167
747 39
747 2542
747 2885
748 5226
748 5229
748 5367
748 3164
748 10236
748 5834
748 5901
749 1587
749 3454
749 1268
749 1361
749 1608
749 1780
749 7647
749 9247
750 4430
750 1157
750 1984
750 4459
750 2444
750 1602
750 1978
750 3833
751 8382
751 8385
751 8779
751 8763
751 9490
751 10113
751 10114
751 9733
751 10271
751 4151
751 10798
751 10449
751 11098
751 11185
751 6410
751 11194
751 11526
751 11539
751 7918
751 2609
751 11401
751 11511
751 11580
751 11516
751 9734
751 11777
751 11773
751 6190
751 6181
751 11836
752 4259
752 115
752 9957
752 3065
752 9889
752 9974
752 9445
752 5039
752 7039
752 7049
752 8997
752 3091
752 2028
752 4826
752 4393
752 9039
752 10298
753 9109
753 7365
753 2520
753 5165
753 11799
753 11336
754 802
754 4301
754 2270
754 4702
754 3457
754 3884
754 4255
754 5226
754 5228
754 1624
754 7779
754 8254
754 8253
754 9037
754 896
754 3166
754 10236
755 7942
755 10011
755 4151
755 7954
755 994
755 5327
755 5396
755 10945
755 9804
755 10404
756 399
756 792
756 2213
756 2447
756 5067
756 7813
756 8755
757 1442
757 2085
757 3735
757 5481
757 412
757 4734
757 5521
757 1554
757 8824
757 6888
757 8397
757 2384
757 8184
757 6724
757 166
757 4848
757 11507
758 7307
758 7914
758 8219
758 9151
758 7306
758 2062
758 11264
759 4724
759 4725
759 4728
759 112
759 4565
760 2447
760 8572
760 5084
760 8264
760 9815
761 6484
761 7060
761 8251
761 1543
761 8407
761 9340
761 7694
761 6258
761 9775
761 9773
761 10236
761 10113
761 10288
761 9776
761 5834
761 3658
761 11135
761 11399
761 9612
761 11484
762 621
762 1078
762 1638
762 1639
762 2014
762 7154
763 638
763 6321
763 8326
763 9828
763 10893
763 2781
763 5886
763 10894
764 8417
764 9100
764 9700
764 8723
764 11288
764 11289
765 5230
765 5016
765 1464
765 5395
765 1624
765 8449
765 11297
766 4160
766 4032
766 6892
766 3261
766 7041
766 7448
766 2235
766 7381
766 6908
767 3160
767 9606
767 1084
767 3459
767 805
768 2194
768 2256
768 4386
768 3576
768 4390
768 3993
768 2195
768 3996
768 3999
768 4035
768 4283
769 2512
769 2516
769 5228
769 6018
769 6017
769 8169
769 8132
769 9033
769 9260
769 10236
769 10760
769 10169
769 11232
769 11531
769 11530
769 11580
769 10520
769 1827
769 6443
770 97
770 1726
770 5418
770 4782
770 3987
770 1080
770 44
770 7512
770 8433
770 5181
770 2381
770 8111
770 10370
770 5370
771 6932
771 5436
771 10758
771 9756
771 2840
771 5932
771 7534
772 2399
772 5044
772 5439
772 3171
772 812
773 10355
773 10809
773 5034
773 2083
773 6690
773 1860
774 5230
774 6488
774 1154
774 1316
774 6098
774 2542
774 4695
774 11132
774 5834
774 8017
774 4104
775 5034
775 3432
775 3806
775 7201
775 10285
775 9550
775 3174
776 3398
776 3217
776 3466
776 3376
776 3589
776 2286
776 1537
776 509
776 1624
776 1072
776 1793
776 7060
776 6222
776 3164
776 8208
776 8207
776 9100
776 6258
776 10236
776 11316
776 11456
776 11496
776 6444
776 9669
777 1959
777 1457
777 5230
777 5016
777 5229
777 3592
777 1624
777 7796
777 8169
777 7552
777 8680
777 8510
778 8702
778 9074
778 6443
778 6454
778 2204
778 228
779 4174
779 6284
779 11242
779 2841
779 11680
779 8391
779 11168
780 11600
780 11601
780 11515
780 5788
780 11518
780 10321
780 11816
781 5856
781 5891
781 6643
781 7273
781 7469
782 9477
782 4389
782 6826
782 10902
782 4388
782 7574
782 3166
782 11481
782 3016
782 1177
782 6345
782 9475
782 11767
782 5369
782 11822
782 9988
782 3474
783 1879
783 8778
783 8211
783 9260
783 3399
783 8208
783 6187
783 6189
783 9200
783 7283
783 6192
784 4000
784 7173
784 1425
784 892
784 5978
784 8487
784 7572
785 6613
785 9601
785 190
785 6827
785 6826
786 8415
786 8382
786 8779
786 8409
786 8408
786 9011
786 8211
786 7694
786 9854
786 9773
786 10976
786 10169
786 11606
786 11270
786 11767
787 2450
787 3368
787 4543
787 5194
787 5245
787 7830
788 1179
788 5631
788 1624
788 7101
788 8132
788 8131
788 8417
788 8250
788 8779
788 1092
788 1258
788 9037
788 6258
788 9947
788 445
788 9444
788 10236
788 10201
788 9318
788 3375
788 10271
788 5783
788 5780
788 5834
788 11232
788 11550
788 11041
788 11578
788 10626
789 5623
789 6439
789 2498
789 2534
789 10494
789 11568
789 11616
789 10714
790 3466
790 3376
790 4724
790 4558
790 4923
790 1457
790 5016
790 5229
790 5230
790 3515
790 1624
790 8131
790 8132
790 8254
790 8251
790 8382
790 7514
790 8407
790 9490
790 10449
790 3164
790 11098
790 11196
790 7551
790 11522
790 11524
790 11602
790 11540
790 11767
790 11771
790 10968
791 7718
791 10442
791 1415
791 9150
791 10835
792 6130
792 3794
792 4185
792 2374
792 6927
792 10063
792 5440
792 806
792 9151
792 711
793 8625
793 4426
793 8616
793 10221
793 898
793 9508
794 4389
794 9445
794 1193
794 9980
794 2698
795 5390
795 8169
795 8208
795 8679
795 6258
795 9774
795 8728
795 11819
796 250
796 6867
796 8904
796 10272
796 6166
797 365
797 2496
797 923
797 1174
797 5228
797 5226
797 2759
797 2134
797 11742
798 11529
798 11041
798 11527
798 11582
798 11543
798 11550
798 11539
798 10647
798 9950
798 11579
798 4104
798 11580
798 2609
798 11254
798 3600
798 5631
798 11167
798 11516
799 9453
799 3437
799 6072
799 7913
799 3863
799 2216
799 6265
799 11416
799 2036
799 9477
799 10107
800 1195
800 5176
800 5999
800 3831
800 6262
800 7293
800 8583
800 1891
800 4032
800 9109
800 7295
800 11264
800 10369
801 6565
801 6363
801 8728
801 6258
801 9922
801 10277
801 11283
802 8618
802 2980
802 2823
802 4042
802 5178
802 11397
802 5885
802 11189
802 11105
803 8131
803 8449
803 8251
803 7050
803 7861
803 9705
803 9775
803 6258
803 9947
803 9773
803 9700
803 5291
803 5307
803 9776
803 8763
803 10236
803 10760
803 10955
803 10326
803 10288
803 9507
803 10287
803 11302
803 825
803 11582
803 10272
803 11399
803 11601
803 2681
803 10446
804 10866
804 10854
804 766
804 2181
804 9478
804 11322
805 633
805 990
805 991
805 1002
805 1020
805 4621
806 9019
806 2871
806 3555
806 3011
806 7979
807 5395
807 7060
807 7541
807 8415
807 9037
807 11518
808 2190
808 4775
808 2640
808 4185
808 1040
808 6388
808 1738
809 7060
809 9100
809 9947
809 892
809 10753
809 11098
809 11472
809 10169
809 11448
809 11375
809 5788
810 1495
810 1899
810 1906
810 2464
810 8383
810 8382
810 9183
810 9604
810 11690
810 11735
810 11515
811 1681
811 6179
811 6274
811 3380
811 1688
811 1281
811 2923
811 5870
811 6180
811 2397
811 8382
811 9034
811 9037
811 8189
811 8249
811 9705
811 9922
811 9584
811 6258
811 9947
811 9100
811 8207
811 7629
811 7442
811 9094
811 6774
811 10201
811 5782
811 11185
811 9243
811 7551
811 11540
812 5229
812 3516
812 5228
812 6482
812 7060
812 8250
812 8417
812 8779
812 8679
812 7585
812 9785
812 7694
812 9100
812 10169
812 10234
812 11098
812 9319
812 11601
812 11156
812 11399
812 11782
812 11136
813 6395
813 180
813 365
813 1165
813 1169
813 1897
813 1301
813 2447
814 2290
814 6873
814 359
814 9438
814 10142
815 4923
815 6483
815 8207
815 10798
815 2317
815 4280
816 4460
816 7295
816 8405
816 1051
816 1054
816 3342
816 4762
816 5181
816 4893
816 6042
816 9119
816 9153
816 4912
816 7361
816 8829
816 3110
816 7762
817 6363
817 7514
817 978
817 7684
817 7683
817 9604
818 3077
818 4976
818 5866
818 874
818 9745
818 6844
818 8237
818 892
818 1596
818 4856
818 1595
818 9041
818 10492
818 8750
818 9507
818 6454
818 10718
818 883
818 1832
818 1914
818 5924
818 9135
818 6043
818 8878
818 2182
818 5120
818 7354
818 6703
818 8176
818 3368
818 3501
818 7534
818 10418
818 2457
818 10626
818 10674
818 1303
818 5544
818 6449
818 7270
818 9080
818 10753
818 10754
818 11679
818 5563
819 7694
819 6258
819 9947
819 9730
819 10234
819 9444
819 10236
819 6774
819 10201
819 10497
819 8767
819 10798
819 5304
819 9690
819 11130
819 11132
819 7018
819 8787
819 7022
819 5834
819 11098
819 11196
819 6096
819 11635
820 1771
820 1885
820 4151
820 5110
820 11264
820 825
821 5924
821 135
821 2160
821 4544
821 7523
821 6748
821 3550
821 5136
822 5228
822 6680
822 1624
822 8169
822 8449
822 8250
822 8382
822 8415
822 9037
822 7585
822 8189
822 7684
822 10169
822 6258
822 9776
822 5291
822 5307
822 9519
822 10117
822 10116
822 10236
822 10238
822 10271
822 11074
822 11131
822 11098
822 10918
822 11521
822 4104
822 6096
822 11739
822 11740
822 11741
823 3086
823 4622
823 6190
823 6188
823 6646
823 6782
823 5539
823 892
823 4487
823 7810
823 7984
823 8105
823 9109
823 9507
823 10597
823 5978
823 996
824 1982
824 2554
824 3613
824 5834
824 7400
825 4465
825 1087
825 4541
825 2085
825 7539
825 7201
825 5055
826 542
826 3465
826 3398
826 3376
826 3589
826 4725
826 4923
826 5229
826 5391
826 6077
826 270
826 6403
826 1325
826 7060
826 6389
826 777
826 8728
826 7684
826 11736
827 7546
827 1280
827 2398
827 2513
827 3352
827 11760
828 3529
828 9121
828 9404
828 9490
828 2191
828 5224
829 997
829 2858
829 5820
829 6469
829 6875
829 1410
829 1344
829 5310
829 10734
829 7740
829 3639
830 3573
830 3618
830 1628
830 1502
830 5016
830 8176
831 1399
831 3792
831 5395
831 5393
831 6004
831 7036
831 4958
831 8207
831 8208
831 9100
831 1624
831 1916
831 9626
831 10928
831 5255
831 9932
831 11093
831 11558
831 11636
831 11094
831 4280
831 11675
831 10503
831 10711
832 8789
832 7971
832 3527
832 1905
832 7547
832 3922
832 3553
832 7245
833 8254
833 8253
833 8778
833 896
833 11528
833 11531
833 11640
834 2687
834 867
834 2416
834 10170
834 8019
835 8410
835 7874
835 733
835 3567
835 7043
835 7621
835 6305
836 5001
836 5960
836 3038
836 6359
836 912
837 3577
837 6668
837 9744
837 11156
837 8582
838 8052
838 1484
838 4215
838 1500
838 4701
838 6573
838 6977
838 3368
838 3345
839 10838
839 10369
839 11624
839 11644
839 3590
840 10626
840 10368
840 10418
840 6230
840 10367
840 11671
840 1583
840 7897
841 876
841 4910
841 167
841 806
841 6521
841 8217
841 8818
842 301
842 1860
842 9326
842 515
842 2492
842 6355
843 4302
843 4350
843 1599
843 7860
843 8612
843 4724
843 3351
843 7683
843 5834
843 5780
843 11098
843 7972
844 2134
844 2653
844 3694
844 4238
844 382
844 2666
844 7577
844 1988
844 6053
844 9531
844 8920
844 8965
844 9519
844 5603
844 10026
844 10342
844 3663
845 1753
845 1771
845 1752
845 4730
845 9604
846 4063
846 4398
846 688
846 877
846 2036
846 2681
847 1091
847 2213
847 2284
847 2286
847 3336
847 7155
847 8895
847 6793
848 6940
848 8281
848 892
848 5976
848 7089
848 5977
848 9109
848 3999
849 3466
849 3398
849 3589
849 7541
849 8415
849 8417
849 8778
849 7796
849 8169
849 9604
849 10113
849 11744
849 770
849 11816
850 4372
850 5839
850 4375
850 5369
850 4238
850 3403
850 3336
850 2284
850 631
850 6957
850 9814
850 1477
850 1846
850 3007
850 4862
850 4032
850 8487
850 7175
850 8777
851 4547
851 5975
851 6522
851 3113
851 7354
851 3000
851 9745
851 10738
851 11014
852 4237
852 7933
852 8745
852 2718
852 2771
852 5272
853 9506
853 4381
853 4382
853 6535
853 7441
853 9445
853 9727
853 9794
853 10222
853 6246
853 7354
853 11217
853 8487
854 7071
854 8251
854 7514
854 9034
854 4732
854 7684
855 11436
855 596
855 3586
855 6146
855 8363
855 10486
855 2182
855 2195
855 5978
855 6286
855 10423
855 10947
855 2905
855 10368
855 10418
855 6874
855 8111
855 11569
855 9935
855 5990
855 10004
855 271
855 2024
855 7201
855 9109
855 10367
856 4467
856 2014
856 4250
856 6059
856 7268
856 909
856 7671
856 3096
856 2771
856 4616
856 9171
856 6145
856 2643
856 1874
856 1423
856 2470
856 2840
856 3375
856 8404
856 9247
856 11518
856 903
856 5212
856 11517
856 11481
856 1783
856 6396
856 2020
856 11218
856 9349
856 10823
857 8828
857 8770
857 8771
857 4156
857 7430
857 1376
858 3376
858 3589
858 1569
858 5226
858 5230
858 5395
858 2024
858 6077
858 6344
858 1624
858 7541
858 8383
858 7864
858 8251
858 8382
858 7619
858 8207
858 9730
858 9100
858 3143
858 11528
858 11529
858 10626
859 288
859 289
859 2558
859 11174
859 8520
860 1024
860 4699
860 4223
860 814
860 10633
861 5228
861 7541
861 9506
861 8510
861 9947
861 3166
862 1653
862 4252
862 5837
862 6016
862 6497
862 8879
862 1090
862 1104
862 8891
862 3244
863 4427
863 10364
863 3115
863 5730
863 8785
864 2886
864 10418
864 11389
864 9743
864 9108
865 10544
865 7321
865 9176
865 11212
865 11638
866 2797
866 9601
866 1419
866 2815
866 661
866 3637
866 5455
867 6486
867 613
867 7060
867 7541
867 11185
867 10969
867 11399
867 11156
867 11632
867 11772
868 928
868 1805
868 8407
868 8409
868 8189
868 9785
868 10798
868 10811
868 11518
869 4724
869 5226
869 5016
869 5391
869 5228
869 1624
869 6680
869 6488
869 7060
869 8208
869 9260
869 9776
869 7694
869 11487
870 5148
870 1681
870 11806
870 1793
870 1816
870 2013
870 10823
870 2432
870 2714
870 4024
870 5755
871 8417
871 8415
871 8409
871 7585
871 8207
871 9340
871 8728
871 10234
871 11289
871 11583
871 11539
871 770
871 11777
871 10446
872 1149
872 1466
872 2678
872 1640
872 5119
872 6279
872 6445
873 3585
873 11013
873 6197
873 11345
873 11566
874 494
874 6187
874 3435
874 7940
874 7268
875 10797
875 10915
875 11448
875 10918
875 10794
875 10913
875 10914
875 10916
875 11524
875 11525
875 11521
875 11522
875 11523
875 11526
875 11527
875 11528
875 11568
875 11503
875 6238
875 11632
875 5788
875 11515
875 10647
875 11794
875 11777
875 11774
875 11769
875 11776
876 5372
876 4400
876 6039
876 804
876 1281
876 801
877 6404
877 718
877 3874
877 4610
877 3821
878 6774
878 5781
878 11280
878 11523
878 11772
879 1258
879 3063
879 3161
879 3160
879 8549
879 3066
880 7824
880 10626
880 7974
880 9113
880 7559
880 7976
880 8487
880 8811
880 8812
880 4042
881 1456
881 648
881 226
881 7392
881 6047
882 1230
882 1510
882 587
882 4632
882 931
882 1517
882 2801
882 933
883 126
883 173
883 457
883 1717
883 2505
883 3499
883 3706
883 3901
883 4926
883 5747
883 7199
883 11066
884 3300
884 9507
884 7722
884 10626
884 3368
885 5978
885 72
885 5549
885 9109
885 9507
885 9745
885 10369
885 11568
886 4664
886 3100
886 5452
886 7796
886 9284
886 7101
887 3454
887 4238
887 5162
887 1428
887 5602
887 9117
887 9148
887 9198
887 8354
887 3198
887 9558
887 9109
887 2781
887 6693
887 9114
887 2939
887 9517
887 11534
887 11266
887 7878
887 6340
887 3445
888 4366
888 4361
888 4365
888 4362
888 6463
888 4360
889 6077
889 1624
889 7796
889 8407
889 8677
889 1543
889 8208
889 7694
889 10169
889 6258
889 9857
889 7683
889 6774
889 5782
889 10182
889 10798
889 11098
889 11185
889 6364
889 5635
889 11720
889 6445
889 11765
890 7860
890 8102
890 8604
890 9067
890 9037
890 8510
890 10626
890 4553
890 10806
890 11816
891 5933
891 2815
891 4496
891 10792
891 7551
891 7552
891 6827
891 6927
892 5976
892 7354
892 7256
892 5194
892 7046
892 7171
892 2377
892 6863
892 8616
892 9531
892 7557
892 10430
892 7299
893 1632
893 9404
893 792
893 10089
893 2358
894 2564
894 1499
894 9908
894 4556
894 8040
894 9053
894 9645
895 2562
895 8848
895 1079
895 2525
895 7622
895 10908
895 811
895 8832
896 8211
896 7683
896 9705
896 9859
896 9700
896 9773
896 9856
896 9858
896 7629
896 9604
896 9772
896 9776
896 10236
896 2323
896 5369
896 10798
896 3075
896 5834
896 11232
896 11736
897 4320
897 1827
897 3589
897 4321
897 1960
897 4113
897 792
898 6187
898 6211
898 447
898 4722
898 6212
898 1169
898 6489
898 11013
899 5228
899 9340
899 8207
899 8510
899 6258
899 7694
899 2235
899 11786
900 6727
900 10828
900 3821
900 6468
900 8842
901 2025
901 8092
901 5546
901 10242
901 6288
902 1413
902 2078
902 2715
902 7481
902 3999
902 8325
902 3101
903 217
903 6922
903 8913
903 6672
903 5660
903 8456
903 9648
903 7106
903 3166
903 4969
903 10096
903 337
903 7679
904 823
904 4214
904 2888
904 5439
904 6017
904 3166
904 1624
904 935
904 4213
904 6431
904 6363
904 3503
904 9283
904 6258
904 10287
904 11486
904 11744
904 1827
905 3376
905 3589
905 4730
905 4923
905 5228
905 5016
905 5834
905 2747
906 10994
906 11119
906 3620
906 5350
906 1231
906 10026
906 1105
906 6366
906 6385
906 6626
906 2771
906 4932
906 1112
906 2105
906 9473
907 5016
907 3515
907 6485
907 6484
907 6488
907 9010
907 5834
907 8681
907 11018
908 6626
908 1869
908 30
908 188
908 3812
908 8675
908 505
908 7587
908 1760
908 9521
908 465
908 1546
908 8732
908 2226
908 5370
908 2059
909 928
909 6794
909 4035
909 2995
909 7354
909 395
909 8383
909 6734
909 7862
909 9824
909 6258
909 10035
909 4775
909 3101
909 10289
909 3026
909 11824
909 10976
910 2682
910 11240
910 92
910 2246
910 2605
910 2736
910 5845
910 3947
910 123
911 8417
911 7585
911 8510
911 9100
911 7365
911 7435
912 755
912 4924
912 9741
912 7933
912 1855
912 6120
912 7028
912 1829
912 459
912 3596
912 6230
912 4592
912 401
913 10193
913 4694
913 7968
913 4738
913 7969
913 2377
913 4188
913 11264
913 6293
914 6239
914 7795
914 9701
914 11568
914 809
914 6851
914 9727
914 9903
914 10626
914 11339
915 806
915 841
915 2085
915 8333
915 3485
916 10234
916 10236
916 10633
916 7369
916 10449
916 10618
916 10182
916 9318
916 10976
916 9243
916 6729
916 5781
916 5834
916 3845
916 11185
916 10169
916 11526
916 7551
916 11291
916 11041
916 11582
916 6096
916 11270
916 11578
916 11540
916 11741
916 11518
916 6445
916 6443
916 11701
916 11766
916 11777
917 8755
917 4352
917 9756
917 10963
917 9714
917 892
917 3403
917 3513
917 7477
917 8764
917 9526
917 10485
917 10487
917 10569
917 10888
917 11507
917 1054
917 1271
917 4094
917 4393
917 5859
917 6294
917 8258
917 8288
917 8334
917 8705
917 10852
917 10566
918 856
918 1579
918 2369
918 5769
918 1732
918 2776
918 6703
918 185
918 9754
919 704
919 4901
919 505
919 5837
919 7101
919 8131
919 8449
919 7514
919 9010
919 9858
919 9853
919 10236
919 9747
919 11298
919 11601
919 11600
919 11720
920 3323
920 1234
920 5184
920 5834
920 11232
921 8231
921 3125
921 4426
921 4848
921 6724
921 5700
922 4284
922 5513
922 6380
922 7178
922 873
922 8861
922 3079
922 10958
922 583
922 412
922 3761
922 5729
922 3200
923 3322
923 3063
923 8677
923 2894
923 11074
923 1845
924 2284
924 8832
924 9448
924 9494
924 3832
924 9195
924 6724
924 8863
924 8943
924 11374
925 4113
925 8436
925 9922
925 7694
925 9700
925 7629
925 6258
925 9100
925 9774
925 9444
925 10236
925 10201
925 10497
925 7900
925 10014
925 11074
925 8293
925 8787
925 11131
925 11132
925 11130
925 10271
925 11232
925 2009
925 5150
925 8205
925 9061
925 6444
926 9497
926 468
926 3613
926 2894
926 512
926 3243
926 8288
926 3794
926 6749
926 1177
926 3015
926 9039
927 9732
927 5274
927 1301
927 11197
927 8542
927 10574
927 11659
927 10778
927 2791
927 8111
927 8903
928 7315
928 5986
928 8555
928 7411
928 9508
928 412
928 9745
928 10718
928 2823
928 6500
928 10088
928 2295
928 540
928 4560
928 9955
928 10045
928 402
928 909
928 5834
928 6239
928 6512
928 6620
928 8755
928 8616
928 11011
928 6920
928 7099
928 9195
928 10704
928 11091
928 11169
928 6100
928 11189
929 10976
929 9327
929 8755
929 7129
929 9024
929 10004
929 4978
929 6639
929 5369
929 9753
929 4805
929 6466
929 10458
929 3243
929 7970
929 5581
929 9393
929 10968
929 5942
929 7265
929 8701
929 2819
929 10304
929 5116
929 912
929 8582
929 9962
929 5380
929 7046
929 6826
930 11471
930 10145
930 2282
930 4033
930 10655
930 11383
931 3157
931 5738
931 6096
931 7015
931 7365
931 9644
931 10124
932 7726
932 2354
932 6350
932 1900
932 4914
932 7728
933 8131
933 7552
933 3166
933 10169
933 9255
933 11117
933 11600
933 11399
933 1827
933 11773
933 1825
934 4759
934 6510
934 5364
934 5978
934 4035
935 4265
935 4780
935 6360
935 3365
935 3366
935 4740
935 3364
935 5739
935 5208
935 4521
935 5277
935 5092
935 2625
935 9225
935 6880
935 3549
935 6875
935 10610
935 4731
935 5718
935 4484
936 187
936 6256
936 9485
936 11243
936 11410
936 2738
936 7103
937 1090
937 6790
937 572
937 2023
937 2362
937 6674
937 1475
937 4286
937 7295
937 2408
937 2031
937 4238
937 5369
937 7509
937 4157
937 10569
938 1258
938 3930
938 7164
938 9294
938 7005
938 3380
938 10140
938 991
938 3120
938 5849
938 2481
938 11088
938 8092
938 1583
938 6675
938 7710
938 5579
938 10754
939 4255
939 4260
939 5228
939 5230
939 9490
939 1741
940 1600
940 816
940 1960
940 809
940 5069
940 4465
941 1637
941 1264
941 530
941 1730
941 2391
941 629
941 628
941 623
941 630
941 616
941 773
941 816
941 3277
941 1196
941 1537
941 3739
941 3788
941 3789
941 175
941 609
941 10481
941 1698
941 873
941 3270
941 7587
941 6870
941 6876
941 6103
941 736
941 6875
941 6884
941 1188
941 8605
941 6240
941 10676
941 3446
941 5588
941 10136
941 10954
941 10502
941 9658
942 8577
942 8578
942 5978
942 7129
942 10806
943 5230
943 3516
943 5391
943 1624
943 6484
943 7541
943 8131
943 6363
943 8417
943 8415
943 8603
943 3164
943 8679
943 8728
943 8763
943 9010
943 9659
943 8510
943 9700
943 7694
943 10169
943 9100
943 9730
943 9947
943 6258
943 9444
943 10955
943 10326
943 10618
943 10798
943 5834
943 11232
943 10793
943 8516
944 7552
944 8251
944 4997
944 3264
944 8736
944 8189
944 8249
944 6620
944 7442
944 10798
944 1914
944 8489
944 5047
944 4641
944 7912
944 10238
944 2942
944 10463
944 818
944 6843
944 3336
944 5162
944 11563
945 9854
945 9733
945 10236
945 10201
945 10618
945 10823
945 10976
945 11098
945 11196
945 10911
945 10915
945 10916
945 10917
945 11524
945 5635
945 11194
945 11255
945 11521
945 11526
945 11527
945 11528
945 11530
945 11531
945 11481
945 11484
945 11487
945 11581
945 10626
945 1916
945 9734
946 3376
946 3506
946 5226
946 5016
946 6484
946 3164
946 9700
946 9776
946 11568
946 11770
947 2541
947 4284
947 4035
947 5976
947 1978
947 1984
947 4576
947 5516
947 6573
947 3999
947 7068
948 3457
948 1327
948 3096
948 9064
948 10794
948 10797
948 7551
948 11564
948 11565
948 11791
949 5391
949 6077
949 7060
949 7035
949 8384
949 8778
949 9067
949 722
949 6443
950 10
950 4737
950 3857
950 3860
950 5838
950 1714
950 1252
950 9664
950 9100
950 10536
951 7354
951 4145
951 9506
951 9745
951 9701
952 9814
952 2764
952 2689
952 2690
952 6500
952 9815
952 2889
952 10284
952 2953
952 2968
952 2992
952 11410
953 4363
953 4879
953 4894
953 8416
953 4361
953 9579
953 8868
954 3637
954 4965
954 6824
954 10838
954 5612
954 8156
954 10930
955 4660
955 5464
955 447
955 8693
955 5179
956 7514
956 8763
956 8207
956 9659
956 10169
956 5294
956 7629
956 6258
956 9519
956 10236
956 10618
956 11185
956 10798
956 5834
956 7918
956 6443
956 11739
956 11774
957 10110
957 5862
957 10111
957 10112
957 5856
957 5861
957 9505
958 4978
958 8150
958 1502
958 5140
958 6259
959 10418
959 10368
959 9913
959 10774
959 10287
959 10288
959 9508
959 11613
959 2250
959 10626
959 11782
959 11399
959 11791
959 9799
959 11823
960 1860
960 6638
960 821
960 9775
960 3407
961 8705
961 5368
961 4032
961 6839
961 10475
961 11075
961 3381
961 6878
961 10178
962 1464
962 5016
962 5227
962 1624
962 7101
962 8169
962 8132
962 8254
962 8251
962 9037
962 8409
962 8408
962 9490
962 1543
962 9260
962 8211
962 8249
962 7694
962 10169
962 9444
962 10114
962 9733
962 11185
962 11529
962 11550
962 11583
962 7918
962 2609
962 11558
962 10446
962 9669
962 11832
963 9613
963 9517
963 202
963 3807
963 3063
963 3987
963 8288
963 9615
963 11625
963 9210
963 10755
964 5199
964 133
964 2304
964 5340
964 2025
964 8417
964 8778
964 8407
964 6114
964 9603
964 9947
965 9527
965 1503
965 3426
965 5944
965 2372
965 8120
965 10581
965 3594
965 4637
965 5627
965 9325
965 6692
966 390
966 10906
966 581
966 3465
966 3376
966 3589
966 3517
966 4702
966 4725
966 965
966 5230
966 6587
966 1624
966 2864
966 7060
966 7617
966 8417
966 7514
966 9340
966 9659
966 9947
966 11529
966 5788
966 11439
967 10377
967 3822
967 6309
967 119
967 1174
968 1457
968 5226
968 5229
968 1249
968 5395
968 1624
968 7060
968 7541
968 8199
968 8449
968 8407
968 8189
968 8573
968 9280
968 9281
968 9856
968 9604
968 6258
968 8596
968 10287
968 6731
968 7988
968 10823
968 6364
968 11291
968 11606
968 6096
968 11484
968 11600
968 11439
968 8800
968 11770
969 4105
969 1086
969 3268
969 4933
969 5016
969 5391
969 5393
969 5390
969 2318
969 7796
969 8384
969 11486
969 11525
969 11528
969 11606
969 2056
969 9799
969 10321
969 11819
970 2297
970 2578
970 1457
970 9067
970 9034
970 9037
970 9174
970 9705
970 9922
970 9947
970 7625
970 9855
970 9858
970 6258
970 9730
970 10201
970 10618
970 11098
971 7541
971 8131
971 7514
971 8449
971 9637
971 8325
972 133
972 974
972 5368
972 7338
972 7723
973 3336
973 140
973 4339
973 6119
973 6384
973 3030
974 8417
974 8763
974 7694
974 9859
974 9700
974 9855
974 11543
974 11736
975 603
975 876
975 8417
975 8382
975 8778
975 9304
975 9490
975 7585
975 8207
975 8208
975 8211
975 7694
975 9659
975 9947
975 9700
975 10169
975 9857
975 9772
975 10371
975 9774
975 9776
975 9100
975 10236
975 10760
975 10238
975 5834
975 10182
975 11232
975 11797
976 3348
976 9838
976 10313
976 11613
976 10884
977 3573
977 5310
977 6055
977 2293
977 4112
977 5739
977 1578
977 6657
977 217
977 3833
977 1591
977 1579
977 1581
978 1916
978 2760
978 9398
978 5034
978 10944
979 9506
979 11480
979 9481
979 9507
979 8112
980 10918
980 10911
980 11194
980 11399
980 11522
980 11526
980 11530
980 11524
980 11525
980 11527
980 11255
980 5635
980 11528
980 11531
980 11529
980 11521
980 11543
980 11550
980 11582
980 11579
980 2609
980 11613
980 11578
980 10626
980 11702
980 9375
980 8355
980 9326
980 10357
980 10430
980 9733
980 9735
980 11401
980 11494
980 2786
980 3214
980 11684
980 11769
980 11767
980 11768
981 7573
981 9447
981 2479
981 6857
981 6812
982 4042
982 2273
982 240
982 6002
982 6073
982 5178
982 792
983 7170
983 7663
983 9508
983 2025
983 9507
983 816
983 5233
984 42
984 3619
984 8911
984 7793
984 11229
984 6438
984 7018
985 226
985 3376
985 3466
985 7514
985 3164
985 11485
985 11447
985 11633
986 546
986 6239
986 6826
986 1054
986 9106
986 9350
987 8169
987 3166
987 11194
987 11782
987 6443
988 1482
988 873
988 2019
988 2926
988 10063
988 1398
988 6923
988 3422
988 11064
989 2024
989 4198
989 4249
989 7048
989 1869
989 3219
989 3613
989 3369
990 4702
990 1464
990 7585
990 8505
990 9853
990 9603
990 5291
990 9733
990 9243
990 2555
990 10793
990 11525
990 11399
991 10774
991 10823
991 7018
991 9319
991 10271
991 11132
991 11131
991 11130
991 10618
991 6730
991 10969
991 11232
991 10247
991 11378
991 11379
991 10169
991 11543
991 11550
991 11539
991 11568
991 11581
992 7270
992 4426
992 7291
992 5482
992 3613
992 4250
993 6814
993 10511
993 8453
993 7898
993 1169
994 9730
994 10618
994 10976
994 11300
994 11270
994 11496
994 11788
995 8589
995 6125
995 1194
995 2519
995 2821
995 2352
995 4156
995 10152
995 9876
996 1244
996 1449
996 3180
996 3601
996 3703
996 5964
996 6854
996 8696
996 9390
996 7445
996 10109
996 4216
996 5865
996 11085
997 1188
997 3589
997 10859
997 8624
997 8623
997 6649
998 5273
998 6680
998 7060
998 7796
998 6363
998 8384
998 3164
998 9037
998 1904
998 9100
998 10014
998 4071
999 10430
999 270
999 7302
999 7559
999 10289
999 8661
1000 4145
1000 4188
1000 4468
1000 3058
1000 4297
1000 6
1000 611
1000 4208
1000 7679
1000 9141
1000 3207
1000 3082
1000 2315
1000 8551
1000 10129
1000 1553
1000 11327
1001 3168
1001 4035
1001 9794
1001 2931
1001 10369
1001 10190
1002 412
1002 2319
1002 4353
1002 9147
1002 9792
1002 5924
1002 7922
1002 6912
1003 6311
1003 7796
1003 2864
1003 9506
1003 8778
1003 9260
1003 8510
1003 8176
1003 11074
1003 5834
1003 10418
1003 7721
1003 11543
1003 11329
1003 11544
1003 11582
1003 11041
1003 6096
1003 11634
1003 11601
1003 2573
1003 11399
1003 10811
1003 11663
1003 11664
1003 11690
1003 5515
1003 11741
1003 770
1004 685
1004 3398
1004 3589
1004 4724
1004 3193
1004 8385
1004 9064
1004 3658
1004 11568
1004 4280
1004 11832
1005 5226
1005 5230
1005 5016
1005 1624
1005 6482
1005 7060
1005 7541
1005 8384
1005 8415
1005 8778
1005 9037
1005 896
1005 8779
1005 9507
1005 9705
1005 8211
1005 6258
1005 10287
1005 10288
1005 8383
1005 10106
1005 11407
1005 11156
1005 11399
1005 10626
1006 1055
1006 6385
1006 9099
1006 8919
1006 9178
1006 5430
1006 10979
1006 9363
1006 6600
1006 11179
1006 707
1007 555
1007 3589
1007 4702
1007 4725
1007 4730
1007 4558
1007 3776
1007 1457
1007 5226
1007 5016
1007 1464
1007 6482
1007 6485
1007 7779
1007 7796
1007 8169
1007 7071
1007 8449
1007 8254
1007 7036
1007 8382
1007 7514
1007 8604
1007 9037
1007 3164
1007 8407
1007 8763
1007 9852
1007 9700
1007 9253
1007 9519
1007 9774
1007 10234
1007 10798
1007 11002
1007 11292
1007 11524
1007 10520
1007 10446
1008 9947
1008 6258
1008 10236
1008 10238
1008 10976
1008 10759
1008 11130
1008 5304
1008 11131
1008 5834
1008 11232
1008 8681
1008 10600
1008 11307
1008 11308
1008 10916
1008 10918
1008 11002
1008 10797
1008 10915
1008 11581
1008 11777
1009 3408
1009 2301
1009 7712
1009 341
1009 4333
1009 9819
1010 2694
1010 1776
1010 8250
1010 3164
1010 5003
1010 6649
1010 7684
1010 9730
1010 6679
1010 10902
1010 10938
1010 11486
1010 11524
1010 5788
1010 10092
1011 4480
1011 6069
1011 7736
1011 6597
1011 4899
1011 5579
1011 6591
1012 142
1012 3023
1012 1860
1012 821
1012 1635
1012 9639
1012 11726
1012 11568
1012 254
1012 1057
1012 7116
1012 8882
1012 9076
1012 9350
1012 217
1012 1054
1012 5317
1012 5429
1012 9645
1012 2284
1012 11724
1012 11625
1013 7266
1013 5073
1013 10530
1013 11231
1013 11272
1013 11273
1013 9151
1014 10014
1014 10798
1014 5834
1014 10793
1014 10794
1014 5976
1014 4280
1014 11496
1014 11782
1014 10446
1014 11769
1014 11770
1015 1729
1015 3090
1015 2447
1015 1722
1015 142
1015 309
1016 153
1016 6846
1016 6627
1016 6724
1016 2576
1016 9622
1016 5464
1016 11246
1017 2864
1017 112
1017 359
1017 1868
1017 3017
1017 5078
1017 898
1017 2046
1017 2047
1017 1020
1017 1407
1017 3283
1017 3375
1017 5482
1018 5004
1018 5976
1018 4234
1018 5006
1018 4035
1018 4992
1018 7354
1018 9508
1018 7349
1018 10431
1018 7862
1019 530
1019 2025
1019 3884
1019 4465
1019 4350
1019 4923
1019 5016
1019 2373
1019 5395
1019 4459
1019 5228
1019 2085
1019 7514
1019 9010
1019 9490
1019 8249
1019 7684
1019 9280
1019 9858
1019 7694
1019 9690
1019 5759
1019 8241
1019 8798
1019 3941
1019 9162
1020 7529
1020 1603
1020 2023
1020 1841
1020 7613
1021 823
1021 3514
1021 4042
1021 4386
1021 9040
1021 8970
1021 1481
1021 8487
1021 5834
1021 9057
1022 3995
1022 5178
1022 4042
1022 5977
1022 8325
1023 9659
1023 9700
1023 6258
1023 9518
1023 10236
1023 10976
1023 10182
1023 11294
1023 11295
1023 11516
1023 11828
1024 130
1024 6138
1024 5267
1024 176
1024 5851
1024 11568
1024 11114
1024 5467
1024 10470
1024 11077
1024 11015
1025 187
1025 10370
1025 9688
1025 178
1025 1449
1025 2307
1025 9002
1026 2696
1026 7938
1026 10376
1026 2215
1026 7655
1026 6531
1026 7114
1026 5067
1026 11104
1026 2542
1026 4126
1026 10340
1026 8165
1027 9940
1027 10423
1027 4040
1027 11698
1027 10828
1028 8415
1028 9010
1028 7585
1028 7683
1028 9730
1028 10289
1028 770
1028 11773
1029 5194
1029 10376
1029 1226
1029 3670
1029 898
1029 1827
1029 4955
1029 6778
1029 8467
1030 3111
1030 6058
1030 5442
1030 1877
1030 11488
1030 10454
1030 10455
1030 11400
1030 8051
1030 10515
1030 892
1030 1109
1030 4032
1030 10989
1031 2481
1031 10957
1031 3683
1031 5129
1031 9738
1031 9151
1031 7430
1032 8251
1032 8736
1032 9183
1032 9947
1032 7387
1032 10288
1033 1103
1033 2866
1033 280
1033 11044
1033 1653
1033 5208
1033 4098
1033 4838
1034 896
1034 3077
1034 1464
1034 1624
1034 7060
1034 7035
1034 8253
1034 7684
1034 9183
1034 6258
1034 6680
1034 9853
1034 9676
1034 9690
1034 10798
1034 9243
1034 836
1034 10797
1034 11308
1034 1093
1034 8831
1034 11564
1035 6340
1035 9045
1035 5716
1035 375
1035 7429
1036 8045
1036 142
1036 5368
1036 2554
1036 7627
1036 17
1036 5444
1037 2598
1037 2607
1037 1301
1037 184
1037 5579
1037 5773
1038 2738
1038 142
1038 3161
1038 4023
1038 4967
1039 4075
1039 7440
1039 890
1039 5851
1039 10412
1040 2425
1040 2424
1040 3604
1040 4694
1040 9593
1040 886
1040 2014
1040 9240
1040 3166
1040 5945
1040 9897
1041 1443
1041 703
1041 555
1041 1233
1041 1454
1041 6073
1041 5898
1041 5964
1041 9305
1041 7551
1041 5178
1041 9427
1041 1791
1041 10335
1041 1503
1041 7146
1041 6792
1041 8391
1041 612
1041 10241
1041 9016
1041 1698
1042 1257
1042 3457
1042 4255
1042 5016
1042 5229
1042 6018
1042 7060
1042 9730
1042 10113
1042 10116
1043 4981
1043 10496
1043 6188
1043 4151
1043 8416
1043 4461
1043 11179
1044 6912
1044 7133
1044 5761
1044 7704
1044 8456
1044 9960
1044 540
1044 6412
1044 4476
1045 7779
1045 9444
1045 9774
1045 6291
1045 9188
1045 2691
1045 10151
1045 2307
1045 8137
1045 3159
1046 2572
1046 6372
1046 7354
1046 892
1046 2447
1046 5974
1046 5977
1046 3190
1046 8842
1046 10806
1046 11613
1046 10730
1046 11479
1047 1389
1047 1391
1047 1394
1047 9035
1047 8411
1047 9623
1047 10241
1048 3515
1048 4035
1048 1624
1048 6470
1048 97
1048 1860
1048 6667
1048 2777
1048 10271
1048 8975
1049 7796
1049 7071
1049 8385
1049 8602
1049 8677
1049 8211
1049 2898
1049 5788
1049 11602
1049 57
1050 1941
1050 6060
1050 1988
1050 9686
1050 3715
1050 6253
1050 11638
1051 1012
1051 5777
1051 10831
1051 3319
1051 7907
1052 4341
1052 222
1052 5219
1052 10852
1052 11473
1052 11620
1053 2821
1053 10016
1053 3562
1053 5516
1053 8625
1053 10559
1053 6787
1053 9929
1054 9173
1054 1652
1054 1246
1054 1093
1054 4248
1055 10185
1055 5925
1055 10852
1055 10946
1055 9449
1056 5009
1056 8605
1056 6184
1056 7029
1056 792
1056 873
1056 9745
1056 9746
1056 10368
1056 10626
1056 10730
1056 8771
1056 3613
1056 8582
1056 9138
1056 10898
1056 3428
1056 9020
1056 1063
1056 6626
1056 10116
1056 7321
1056 7447
1056 8658
1056 5883
1056 7019
1056 11613
1056 4204
1056 3593
1056 6802
1056 3637
1056 7370
1056 9693
1056 401
1056 909
1056 6389
1056 8334
1056 9362
1056 11722
1056 1638
1056 8329
1056 11488
1056 11507
1057 1087
1057 1089
1057 2447
1057 7773
1057 9053
1057 10949
1058 118
1058 4052
1058 4752
1058 4969
1058 5344
1058 284
1059 7862
1059 1072
1059 3987
1059 8795
1059 8877
1059 10146
1059 10147
1059 10345
1059 4283
1059 6735
1059 3242
1059 3592
1059 3613
1059 3769
1059 4035
1059 9414
1059 9445
1059 9919
1059 605
1059 1077
1059 3753
1059 5832
1059 6926
1059 7154
1059 10642
1059 10838
1060 10372
1060 11452
1060 512
1060 295
1060 598
1060 1056
1060 3539
1060 9197
1060 11569
1060 833
1060 5504
1060 2894
1060 958
1060 1110
1060 5761
1060 5921
1060 7234
1060 8437
1061 4040
1061 4637
1061 5442
1061 7361
1061 1885
1061 4426
1061 4987
1061 5107
1061 7607
1061 7918
1061 5439
1061 3806
1061 5788
1061 884
1061 7808
1061 10614
1061 7490
1061 3606
1061 8656
1061 672
1061 3536
1061 11424
1062 2862
1062 895
1062 9547
1062 6326
1062 7673
1062 896
1062 5300
1062 4308
1062 3541
1062 7248
1062 8746
1062 9886
1063 672
1063 1681
1063 6017
1063 4930
1063 8889
1063 1601
1063 1602
1064 9037
1064 3261
1064 9730
1064 9774
1064 11194
1064 11579
1064 11724
1065 3930
1065 878
1065 3667
1065 3711
1065 1510
1065 5442
1066 4091
1066 981
1066 5639
1066 10009
1066 2297
1067 7248
1067 5716
1067 5034
1067 5470
1067 8796
1067 7951
1067 9419
1067 11053
1067 11059
1068 8045
1068 997
1068 5327
1068 9125
1068 4568
1068 2897
1068 7622
1068 7634
1068 7642
1068 8404
1068 9308
1068 4461
1068 3550
1068 5686
1068 2872
1068 5667
1068 5679
1068 6237
1068 6102
1068 1169
1068 2948
1068 887
1068 5787
1068 7750
1068 4152
1068 8736
1068 2010
1068 5663
1068 6823
1068 9416
1068 9438
1068 3200
1068 5677
1068 157
1068 896
1068 4605
1068 7192
1068 10239
1068 8365
1069 9470
1069 7976
1069 9726
1069 3999
1069 9799
1069 11574
1069 11670
1070 2038
1070 2238
1070 2901
1070 3357
1070 7726
1071 6266
1071 6051
1071 6786
1071 8640
1071 8834
1072 6014
1072 3881
1072 4426
1072 5267
1072 11745
1072 8165
1072 1011
1073 868
1073 2861
1073 9507
1073 7926
1073 11457
1074 9680
1074 3258
1074 7692
1074 9881
1074 10952
1074 1986
1074 5369
1075 792
1075 2953
1075 6423
1075 5459
1075 8425
1075 10705
1076 5709
1076 6018
1076 7541
1076 741
1076 9196
1076 7386
1077 10497
1077 10201
1077 10703
1077 7712
1077 7718
1077 4332
1077 5304
1077 7721
1077 9690
1077 5834
1077 7017
1077 10169
1077 9747
1077 7211
1077 10794
1077 11289
1077 10913
1077 11523
1077 11525
1077 9900
1077 11521
1077 11524
1077 10151
1077 11649
1077 6767
1077 11511
1077 9735
1077 11600
1077 11741
1077 7492
1077 11740
1077 3951
1077 11136
1077 1827
1077 6449
1077 11765
1077 11768
1077 10968
1077 11797
1078 270
1078 7381
1078 912
1078 4498
1078 7573
1078 8152
1078 8283
1079 3869
1079 274
1079 3866
1079 7774
1079 10287
1080 892
1080 6928
1080 4611
1080 7531
1080 3154
1080 1618
1080 3015
1080 3133
1080 8172
1080 9508
1080 10368
1080 11005
1080 3000
1081 1527
1081 81
1081 5980
1081 1360
1081 4626
1081 1120
1081 6890
1081 5788
1082 4048
1082 4008
1082 7049
1082 7570
1082 7988
1082 11156
1083 1600
1083 4436
1083 943
1083 4442
1083 5229
1083 5195
1083 6017
1083 6680
1083 7060
1083 6363
1083 8603
1083 7514
1083 8736
1083 7442
1083 9100
1083 9243
1083 10798
1083 9747
1084 4042
1084 6003
1084 792
1084 3063
1084 6001
1084 8417
1084 3800
1084 8599
1084 7987
1084 10313
1084 11583
1084 11744
1084 11739
1084 8487
1084 10092
1084 11439
1085 2986
1085 833
1085 1456
1085 2166
1085 4250
1085 8231
1085 11625
1085 3847
1085 3849
1085 9381
1085 8564
1085 10140
1086 5838
1086 8010
1086 9607
1086 10590
1086 1475
1086 1860
1086 2687
1086 2894
1086 7800
1086 8433
1086 9114
1086 3449
1086 4969
1086 3595
1086 3876
1086 4250
1086 9448
1086 9759
1087 5226
1087 5016
1087 1464
1087 5229
1087 5230
1087 5391
1087 5395
1087 5709
1087 1022
1087 6063
1087 8779
1087 3658
1088 3487
1088 6610
1088 8931
1088 11016
1088 11181
1088 5640
1089 623
1089 2916
1089 269
1089 6518
1089 5583
1089 6190
1089 5504
1089 9085
1090 1464
1090 5016
1090 5391
1090 1624
1090 7617
1090 7796
1090 8415
1090 8417
1090 8385
1090 8407
1090 8409
1090 8763
1090 9947
1090 6258
1090 5307
1090 6774
1090 10955
1090 10449
1090 11232
1090 5781
1090 11640
1090 11270
1090 11601
1090 10446
1091 2867
1091 11073
1091 2690
1091 5196
1091 5767
1091 10151
1091 5843
1091 10683
1092 176
1092 6068
1092 3361
1092 7063
1092 1581
1092 4117
1092 4686
1092 10610
1092 11009
1093 4923
1093 5016
1093 3516
1093 7796
1093 8383
1093 8382
1093 9037
1093 1543
1093 9011
1093 9773
1093 9603
1093 10115
1093 9733
1093 10271
1093 6774
1093 10449
1093 7839
1093 6410
1093 4620
1093 11521
1093 11522
1093 6096
1093 11481
1093 11632
1093 11767
1093 8842
1093 11773
1093 11832
1094 5016
1094 5391
1094 5395
1094 9064
1094 8207
1094 8208
1094 8736
1094 9776
1095 3403
1095 5655
1095 10223
1095 5171
1095 5362
1096 1562
1096 4822
1096 1696
1096 155
1096 980
1096 1739
1096 3928
1096 8616
1096 1845
1096 1906
1096 6722
1096 4440
1096 5416
1096 4393
1096 633
1096 4286
1097 11273
1097 3390
1097 3319
1097 9817
1097 2328
1098 226
1098 8851
1098 1073
1098 9109
1098 10313
1098 611
1099 431
1099 220
1099 6840
1099 7604
1099 9691
1099 9930
1099 11492
1100 4724
1100 4730
1100 4933
1100 5226
1100 5016
1100 5390
1100 7101
1100 5492
1100 1956
1100 8778
1100 9490
1100 6258
1100 9100
1100 9444
1100 10014
1100 11485
1101 623
1101 620
1101 785
1101 5976
1101 6310
1101 9037
1101 9340
1101 8541
1101 10455
1102 6838
1102 9792
1102 7146
1102 10403
1102 2776
1102 10530
1102 7472
1102 2250
1102 9150
1102 7535
1102 10602
1102 10808
1102 10523
1102 3946
1103 799
1103 3193
1103 5391
1103 226
1103 10202
1103 7907
1104 972
1104 10169
1104 894
1104 2539
1104 10405
1104 3415
1104 10830
1104 7008
1104 6225
1105 6042
1105 5120
1105 7146
1105 9151
1105 9187
1106 5228
1106 8250
1106 4715
1106 8211
1106 9444
1106 11523
1106 11524
1106 4104
1106 4280
1106 6449
1106 11439
1107 887
1107 2282
1107 6007
1107 6014
1107 7764
1108 695
1108 704
1108 705
1108 723
1108 6586
1108 8846
1109 896
1109 9037
1109 8407
1109 9340
1109 8208
1109 8207
1109 9637
1109 9947
1109 7694
1109 9855
1109 6258
1109 9100
1109 9444
1109 9318
1109 10976
1109 10823
1109 10618
1109 10798
1109 10271
1109 11185
1109 9319
1109 8293
1109 5783
1109 7017
1109 8787
1109 11130
1109 11131
1109 11132
1109 10169
1109 8391
1110 3272
1110 7489
1110 1955
1110 2075
1110 3558
1111 8519
1111 2330
1111 1172
1111 9115
1111 9527
1112 4440
1112 2444
1112 6602
1112 1887
1112 4836
1112 4874
1112 3261
1112 5331
1112 3840
1112 9523
1112 1849
1112 10789
1113 4725
1113 4923
1113 5016
1113 5226
1113 5229
1113 1464
1113 3063
1113 1624
1113 8415
1113 9033
1113 9037
1113 9286
1113 9700
1113 10234
1113 9444
1113 9518
1113 3485
1113 770
1113 11675
1114 73
1114 3607
1114 20
1114 1625
1114 183
1114 11406
1114 2286
1114 10211
1114 2703
1114 7771
1114 7772
1114 2832
1114 7504
1114 4543
1114 4997
1114 167
1114 2490
1114 5019
1114 7017
1114 11706
1114 3637
1114 4632
1114 3143
1114 4633
1114 11504
1114 3920
1114 5085
1114 7939
1114 3471
1114 1228
1114 410
1114 457
1114 3546
1114 4105
1114 11415
1114 6339
1114 2524
1114 11536
1115 5226
1115 5016
1115 5395
1115 5390
1115 5611
1115 1624
1115 7060
1115 8169
1115 8779
1115 8409
1115 8207
1115 9281
1115 9859
1115 10169
1115 7369
1115 7721
1115 11280
1115 11765
1115 1825
1116 7169
1116 10399
1116 10400
1116 3824
1116 7317
1116 10109
1116 6467
1116 4060
1116 11536
1116 10786
1116 5170
1116 11711
1117 1485
1117 6957
1117 8390
1117 4678
1117 6427
1117 1860
1118 7026
1118 8464
1118 9109
1118 767
1118 4048
1118 6734
1119 3456
1119 3013
1119 6484
1119 10806
1119 10753
1120 8076
1120 6048
1120 8850
1120 9448
1120 10785
1120 3028
1121 1130
1121 3268
1121 4032
1121 2347
1121 7125
1121 7188
1121 4770
1121 2014
1121 6262
1121 6620
1121 1906
1121 1900
1121 5573
1121 2420
1121 1301
1121 3833
1121 6371
1121 6070
1121 2430
1121 7190
1121 6464
1121 4249
1121 4847
1121 1125
1121 8954
1121 2354
1121 4863
1121 8997
1121 2395
1121 8347
1121 9294
1121 7338
1121 4914
1121 2254
1121 1258
1121 8734
1121 4822
1121 7710
1121 10146
1121 5467
1121 7911
1122 8417
1122 8382
1122 9037
1122 8679
1122 9260
1122 9010
1122 9947
1122 9922
1122 9100
1122 7694
1122 5307
1122 9444
1122 10637
1122 10639
1122 9318
1122 10014
1122 10497
1122 10798
1122 11098
1122 6364
1122 11135
1122 739
1122 11578
1122 6864
1122 6270
1122 11702
1122 11375
1122 11650
1122 11720
1122 11735
1122 11768
1123 6351
1123 495
1123 2946
1123 8516
1123 9701
1123 1223
1124 3376
1124 3589
1124 7060
1124 6363
1124 7514
1124 8763
1124 8207
1124 6258
1124 11074
1124 10182
1124 11529
1124 6443
1124 10446
1125 8208
1125 9705
1125 9659
1125 9700
1125 9947
1125 9283
1125 8679
1125 9856
1125 9857
1125 9604
1125 9519
1125 10234
1125 9444
1125 5291
1125 10236
1125 10201
1125 10326
1125 6731
1125 5304
1125 10238
1125 7022
1125 5781
1125 10798
1125 5783
1125 8787
1125 6730
1125 5834
1125 11098
1125 11524
1125 11528
1125 11329
1125 10247
1125 11550
1125 11582
1125 4104
1125 11558
1125 11567
1125 11566
1125 11565
1125 6446
1126 2618
1126 5823
1126 1188
1126 2374
1126 10195
1126 8621
1126 3480
1126 5442
1126 10030
1126 10038
1126 4881
1126 10243
1126 10148
1126 365
1126 4091
1126 6239
1127 556
1127 3613
1127 8669
1127 6130
1127 4817
1127 872
1127 5233
1128 359
1128 10774
1128 9850
1128 6676
1128 11831
1129 5230
1129 5229
1129 5016
1129 5395
1129 1624
1129 7101
1129 7060
1129 7779
1129 8131
1129 8132
1129 8254
1129 8251
1129 8778
1129 7514
1129 8385
1129 8679
1129 9260
1129 8763
1129 9037
1129 8207
1129 8208
1129 8211
1129 9281
1129 6258
1129 9922
1129 10169
1129 9856
1129 9603
1129 7629
1129 9776
1129 10236
1129 10014
1129 8767
1129 3658
1129 11185
1129 836
1129 10247
1129 11283
1129 11522
1129 11601
1129 11602
1129 11664
1129 6449
1129 11766
1129 11776
1130 4724
1130 3323
1130 5230
1130 5016
1130 1464
1130 5391
1130 1624
1130 7060
1130 8417
1130 8449
1130 3164
1130 8728
1130 8763
1130 9772
1130 10798
1130 770
1130 11765
1130 11791
1130 10446
1131 4367
1131 6382
1131 1923
1131 6004
1131 2025
1131 5106
1131 6125
1131 831
1131 4467
1131 4375
1132 2267
1132 977
1132 1004
1132 1860
1132 5418
1132 8437
1132 10108
1132 10590
1132 11651
1133 6304
1133 3161
1133 3149
1133 8542
1133 10576
1133 2085
1133 8543
1133 10574
1133 7070
1134 2374
1134 10573
1134 11179
1134 5933
1134 8333
1134 412
1135 7201
1135 1230
1135 1240
1135 7415
1135 9701
1135 10980
1135 11385
1135 3711
1136 1860
1136 3984
1136 4578
1136 8865
1136 7513
1136 10289
1136 10313
1136 7824
1137 4751
1137 10118
1137 486
1137 5369
1137 5343
1137 9409
1138 1072
1138 1107
1138 4863
1138 5236
1138 4867
1138 6099
1138 1979
1139 1854
1139 226
1139 9755
1139 8150
1139 8498
1140 5579
1140 5983
1140 6681
1140 7697
1140 9111
1141 5230
1141 7796
1141 8132
1141 7071
1141 3166
1141 7928
1141 10238
1141 9776
1141 11399
1141 11766
1142 3000
1142 3387
1142 4091
1142 9490
1142 11264
1143 1730
1143 2253
1143 2266
1143 2880
1143 4182
1143 5443
1143 5442
1143 11362
1144 4367
1144 1974
1144 4845
1144 7452
1144 3442
1145 5716
1145 7096
1145 11273
1145 9365
1145 765
1146 8417
1146 3164
1146 7585
1146 10969
1146 9799
1147 2280
1147 1914
1147 8848
1147 4269
1147 7458
1147 7930
1147 10466
1147 1031
1147 5504
1147 489
1147 1912
1147 4185
1147 7921
1147 434
1147 2083
1147 3539
1147 9235
1147 5188
1147 11463
1147 6957
1148 6871
1148 11076
1148 10337
1148 8594
1148 6626
1148 10569
1148 2698
1148 7849
1148 10317
1148 8482
1148 9960
1149 9260
1149 8333
1149 265
1149 8981
1149 5452
1149 7270
1149 9447
1150 5579
1150 7048
1150 5976
1150 3613
1150 7458
1150 1194
1150 11269
1151 1624
1151 9100
1151 6410
1151 6096
1151 11558
1151 11566
1151 1825
1152 6487
1152 4929
1152 6398
1152 6016
1152 9119
1152 6652
1153 2102
1153 10623
1153 2061
1153 6431
1153 11026
1153 1116
1153 2070
1153 2231
1153 2769
1153 8747
1154 4985
1154 11074
1154 9243
1154 6449
1154 11701
1155 2823
1155 9252
1155 1827
1155 11741
1155 11776
1156 10202
1156 8106
1156 1880
1156 5727
1156 7015
1156 11128
1156 4275
1156 6031
1156 7710
1156 8061
1157 9294
1157 2545
1157 2554
1157 7402
1157 9547
1158 3456
1158 4350
1158 3516
1158 5395
1158 8779
1158 8131
1158 8680
1158 6258
1158 7629
1158 836
1158 11526
1158 2573
1158 11490
1159 1100
1159 1659
1159 4263
1159 4375
1159 4426
1159 4900
1159 381
1159 1071
1159 1084
1159 1090
1159 1103
1159 1105
1159 1106
1159 4400
1159 4452
1159 4763
1159 2397
1159 2398
1159 2460
1159 2449
1159 2486
1159 2376
1159 4265
1159 1297
1160 9733
1160 10759
1160 9318
1160 10976
1160 10618
1160 5304
1160 9319
1160 5780
1160 7022
1160 5783
1160 7017
1160 8787
1160 836
1160 837
1160 10169
1160 10797
1160 5635
1160 11255
1160 11329
1160 7365
1160 7435
1160 11578
1160 741
1160 739
1160 11663
1160 11664
1160 11773
1160 6114
1160 11675
1160 11686
1160 11769
1160 11771
1161 3501
1161 7907
1161 8942
1161 10979
1161 9646
1161 1742
1161 4739
1161 5897
1161 3161
1162 888
1162 9519
1162 10933
1162 11340
1162 11536
1162 10786
1162 11420
1162 5170
1162 11742
1162 10947
1163 8778
1163 9054
1163 9705
1163 9853
1163 9857
1163 10794
1163 2609
1163 11540
1164 4923
1164 5228
1164 1925
1164 6485
1164 7060
1164 401
1164 10306
1164 9109
1165 856
1165 4350
1165 4923
1165 5611
1165 5228
1165 5350
1165 9037
1165 7177
1165 11285
1165 11529
1165 11399
1165 11540
1165 11566
1166 3516
1166 193
1166 2428
1166 11485
1166 11439
1166 11744
1167 45
1167 1690
1167 9276
1167 10224
1167 6646
1167 3613
1167 5933
1167 6694
1167 8982
1167 9293
1168 6486
1168 8132
1168 9064
1168 8207
1168 8211
1168 8736
1168 9947
1168 6258
1168 10236
1168 10798
1168 11232
1168 11772
1169 4514
1169 6116
1169 7015
1169 3166
1169 10594
1169 5442
1169 9987
1169 7415
1169 8352
1169 11344
1169 8391
1169 9055
1169 11341
1169 4560
1169 5227
1169 7164
1169 8220
1169 1732
1169 4917
1169 7570
1169 4385
1169 10851
1169 7982
1170 8415
1170 7071
1170 9037
1170 7585
1170 8208
1170 7684
1170 9775
1170 10169
1170 9604
1170 5291
1170 10326
1170 5834
1170 741
1170 9196
1170 6270
1170 7365
1170 7435
1170 11578
1170 10615
1170 10616
1170 11709
1170 5788
1170 11735
1170 11399
1170 11686
1170 11831
1170 11769
1170 11774
1170 11771
1170 11776
1171 5300
1171 6120
1171 5624
1171 1211
1171 896
1171 3551
1171 6059
1171 1481
1171 9773
1171 2702
1171 3541
1171 3922
1171 1993
1171 1561
1172 7616
1172 8131
1172 8383
1172 9010
1172 9700
1172 10014
1172 226
1172 11002
1172 11526
1172 9735
1172 11702
1172 11765
1172 11767
1172 10446
1172 11769
1173 3398
1173 4724
1173 4260
1173 1095
1173 9100
1173 9045
1173 10288
1173 4847
1173 5572
1173 7125
1173 9734
1174 6693
1174 5724
1174 2023
1174 2450
1174 4240
1174 8320
1174 10370
1174 7764
1174 7431
1175 1034
1175 1054
1175 4847
1175 8288
1175 4503
1175 501
1175 2915
1175 3501
1175 6817
1175 11371
1176 11550
1176 4033
1176 811
1176 9077
1176 8764
1176 5923
1177 355
1177 354
1177 3143
1177 5564
1177 11537
1178 2362
1178 3307
1178 4248
1178 790
1178 1177
1178 3616
1178 6205
1178 9109
1179 411
1179 3243
1179 6042
1179 7234
1179 8605
1179 10852
1179 11638
1180 4350
1180 4923
1180 5228
1180 8131
1180 8449
1180 8385
1180 9603
1180 11399
1181 6312
1181 7354
1181 6712
1181 8485
1181 8487
1182 5670
1182 8088
1182 8133
1182 10789
1182 8452
1183 1685
1183 2770
1183 4996
1183 4137
1183 5683
1183 2005
1183 5500
1183 4716
1183 6438
1183 6445
1183 6446
1183 10023
1183 5485
1183 4516
1184 2956
1184 2982
1184 6200
1184 6202
1184 3281
1184 10438
1184 2708
1184 388
1184 2619
1184 2257
1184 2259
1184 3015
1184 5369
1184 7051
1185 10046
1185 10604
1185 10996
1185 637
1185 10265
1185 9168
1186 5443
1186 4028
1186 4326
1186 2447
1186 3909
1186 5716
1186 1047
1186 6966
1186 4325
1186 9093
1186 952
1186 4440
1186 10323
1187 8372
1187 1579
1187 892
1187 10313
1187 10314
1188 8352
1188 7559
1188 7974
1188 8755
1188 9506
1188 892
1188 63
1188 5976
1189 2505
1189 8853
1189 8896
1189 8900
1189 5233
1189 9508
1189 8225
1189 8596
1189 10041
1189 10884
1190 4389
1190 6358
1190 9138
1190 5520
1190 3628
1190 3761
1190 6880
1190 10178
1190 10763
1191 596
1191 10866
1191 5848
1191 3375
1191 7422
1191 2857
1191 11178
1191 7349
1192 4411
1192 433
1192 7120
1192 1481
1192 1860
1192 6666
1192 11164
1192 9654
1193 9893
1193 4764
1193 4560
1193 8456
1193 9445
1193 8255
1193 4385
1193 4030
1194 4702
1194 4725
1194 7265
1194 2800
1194 10968
1195 5834
1195 9707
1195 9406
1195 10305
1195 10306
1195 10307
1195 11602
1195 8224
1195 11742
1195 10647
1196 2459
1196 1374
1196 2460
1196 3884
1196 3457
1196 4350
1196 4923
1196 5016
1196 5228
1196 3516
1196 1249
1196 5390
1196 3592
1196 8131
1196 8132
1196 8415
1196 3407
1196 9179
1196 5782
1196 6258
1196 10567
1196 10626
1197 9445
1197 7559
1197 9109
1197 9723
1197 9974
1197 10418
1197 4855
1197 5147
1197 8808
1197 8940
1198 4651
1198 1207
1198 1632
1198 528
1198 1166
1198 3375
1199 6184
1199 7759
1199 1495
1199 126
1199 382
1199 2495
1199 3910
1199 8744
1200 7983
1200 7984
1200 1079
1200 2668
1200 3613
1200 8328
1200 6239
1200 2225
1200 6295
1200 6620
1200 10992
1201 3987
1201 5933
1201 8616
1201 2329
1201 3523
1201 3793
1201 4574
1201 6945
1201 6954
1201 7116
1201 7343
1201 7396
1201 7398
1202 5418
1202 8818
1202 8819
1202 9387
1202 9506
1202 9953
1202 10316
1202 5479
1202 10738
1203 6550
1203 10369
1203 5977
1203 7570
1203 7985
1203 7988
1203 10368
1203 892
1203 2542
1203 10418
1204 8449
1204 8778
1204 8779
1204 8602
1204 9037
1204 8211
1204 9286
1204 9100
1204 10169
1204 9518
1204 10639
1204 10797
1204 9735
1204 6444
1205 10497
1205 10759
1205 10774
1205 9318
1205 10238
1205 3658
1205 10976
1205 9690
1205 5304
1205 5780
1205 5783
1205 6731
1205 7017
1205 7018
1205 7022
1205 8293
1205 8787
1205 10798
1205 5782
1205 5834
1205 6730
1205 11232
1205 11254
1206 1624
1206 7270
1206 3101
1206 3164
1206 9037
1206 8598
1206 8208
1206 6188
1206 5865
1206 7030
1207 974
1207 1490
1207 8765
1207 8891
1207 2962
1207 8860
1207 8766
1208 7981
1208 10729
1208 4426
1208 9555
1208 7987
1209 1273
1209 8860
1209 4893
1209 9138
1209 11763
1209 3281
1210 2374
1210 3790
1210 4469
1210 8114
1210 9668
1210 6765
1211 8779
1211 9283
1211 9285
1211 9922
1211 7629
1211 6258
1211 9776
1211 7781
1211 10234
1211 9519
1211 10236
1211 10271
1211 10976
1211 10288
1211 10287
1211 10238
1211 9318
1211 1720
1211 6017
1211 11098
1211 5834
1211 11282
1211 11297
1211 11500
1211 11486
1211 11485
1211 11255
1211 5635
1211 11523
1211 11529
1211 11484
1211 6096
1211 11487
1211 11630
1211 1252
1211 11497
1211 11156
1211 10811
1211 11744
1211 11782
1211 11399
1211 11701
1211 11501
1211 6449
1211 11832
1212 10368
1212 3999
1212 7559
1212 651
1212 2340
1213 4627
1213 4493
1213 4641
1213 1082
1213 402
1213 4459
1213 3516
1213 4351
1213 5838
1213 912
1213 7060
1213 3932
1213 6957
1213 4548
1213 6642
1213 4759
1213 6098
1213 9260
1213 8691
1213 9700
1213 9712
1213 10371
1213 10639
1213 11074
1213 10449
1213 10182
1213 7576
1213 10913
1213 3510
1213 11601
1214 8778
1214 8779
1214 8189
1214 9858
1214 9603
1214 10271
1214 10618
1214 6730
1214 10919
1214 11524
1214 4104
1214 11602
1214 11702
1214 11720
1214 10446
1215 6751
1215 8862
1215 1092
1215 6631
1215 335
1215 2447
1215 10034
1215 856
1215 1065
1215 1469
1216 6588
1216 7255
1216 7321
1216 7256
1216 4174
1216 10369
1216 496
1216 10368
1216 2913
1216 9089
1216 6998
1217 3497
1217 6751
1217 75
1217 4032
1217 8524
1217 4887
1217 7479
1217 9215
1218 1830
1218 142
1218 2408
1218 11105
1218 11577
1218 2545
1218 11227
1218 8684
1218 9645
1219 3015
1219 6838
1219 8842
1219 8897
1219 9442
1219 1054
1219 6043
1219 761
1219 2872
1219 8866
1219 10755
1219 11569
1220 8377
1220 4395
1220 6637
1220 1581
1220 9581
1220 11458
1220 11566
1221 3218
1221 1881
1221 6363
1221 8408
1221 11525
1221 6445
1222 1943
1222 10378
1222 2161
1222 8983
1222 1601
1222 1602
1222 10359
1222 892
1222 6404
1222 9747
1222 11002
1222 11298
1222 10794
1222 11399
1222 11485
1222 9846
1222 1960
1222 5977
1222 11484
1222 11568
1222 11606
1222 9802
1222 11487
1222 8755
1222 9507
1222 9745
1222 9974
1222 1062
1222 2107
1222 2281
1222 5178
1222 6739
1222 7187
1222 7988
1222 8596
1222 9955
1222 4011
1222 5909
1222 11744
1222 3030
1222 4492
1222 11819
1222 11816
1223 6000
1223 5975
1223 3000
1223 6655
1223 4234
1223 5666
1223 10932
1223 11221
1223 10578
1223 10931
1223 9458
1223 9459
1224 3323
1224 7855
1224 10567
1224 6917
1224 8187
1224 11354
1224 11550
1225 4488
1225 5870
1225 6613
1225 3127
1225 6610
1226 4197
1226 4930
1226 4353
1226 217
1226 4955
1226 7837
1226 8872
1227 5229
1227 5230
1227 1464
1227 3515
1227 5391
1227 6077
1227 6482
1227 7552
1227 8407
1227 9604
1227 10236
1227 6774
1227 5780
1227 10798
1227 11483
1227 11601
1227 6116
1227 11820
1227 11835
1228 821
1228 8081
1228 4426
1228 5137
1228 9210
1229 7065
1229 6828
1229 7441
1229 6132
1229 6310
1229 4786
1229 4389
1229 7559
1229 2856
1230 4202
1230 4231
1230 8705
1230 1503
1230 3845
1231 7160
1231 1627
1231 1687
1231 421
1231 1684
1231 3639
1231 4150
1231 4345
1231 5723
1231 5995
1231 8688
1231 9739
1231 5806
1231 4120
1231 5893
1231 5897
1231 9133
1231 4136
1231 4032
1231 4748
1231 7892
1231 8942
1231 9338
1231 590
1231 3952
1231 10137
1231 8451
1232 226
1232 540
1232 746
1232 1326
1232 8253
1232 8778
1232 7684
1232 9700
1232 10014
1232 10288
1232 7764
1232 6364
1232 10793
1232 11308
1232 11567
1233 5945
1233 9739
1233 1684
1233 6878
1233 4881
1234 9109
1234 5445
1234 9506
1234 1124
1234 4262
1235 5229
1235 7060
1235 7101
1235 8169
1235 8207
1235 8208
1235 3164
1235 9518
1235 9774
1235 825
1235 11788
1235 11766
1236 6566
1236 8567
1236 5313
1236 5443
1236 5838
1236 7367
1236 7206
1237 892
1237 2558
1237 2048
1237 2923
1237 7599
1237 6364
1238 8417
1238 8207
1238 9100
1238 7821
1238 6258
1238 11689
1239 8251
1239 3164
1239 9037
1239 6258
1239 8510
1239 9444
1239 10201
1239 11002
1239 10626
1240 4389
1240 5492
1240 6824
1240 2164
1240 8979
1241 9319
1241 6730
1241 9154
1241 741
1241 738
1241 7435
1241 10615
1241 11735
1241 11775
1241 11768
1242 4553
1242 9955
1242 10806
1242 7862
1242 3976
1242 11730
1243 8417
1243 9067
1243 8598
1243 1543
1243 9859
1243 9852
1243 10371
1243 10287
1243 11002
1244 7129
1244 9508
1244 3987
1244 6239
1244 623
1244 2707
1244 9356
1245 7541
1245 8199
1245 8449
1245 7035
1245 2285
1245 9854
1245 1224
1245 7761
1245 5871
1245 5471
1245 10798
1245 2297
1245 4443
1245 9866
1245 5020
1246 9700
1246 5834
1246 10289
1246 10169
1246 11281
1246 11287
1246 6594
1246 11606
1246 11568
1246 5788
1246 11567
1246 11720
1247 10287
1247 558
1247 2509
1247 5914
1247 9018
1248 461
1248 460
1248 8183
1248 9498
1248 9379
1248 8747
1248 5271
1248 7734
1248 8533
1248 8535
1248 9085
1249 187
1249 5432
1249 8403
1249 10655
1249 8596
1250 4088
1250 1977
1250 1989
1250 9692
1250 4353
1250 9422
1251 3513
1251 130
1251 2894
1251 448
1251 605
1251 2891
1251 5837
1251 1072
1251 1074
1251 4250
1251 5496
1252 813
1252 816
1252 2085
1252 2401
1252 3096
1252 5837
1253 6363
1253 8408
1253 8407
1253 9490
1253 9010
1253 8208
1253 10169
1253 10271
1253 10449
1254 1647
1254 5921
1254 2476
1254 7370
1254 8336
1255 6680
1255 1795
1255 3175
1255 9444
1255 10201
1255 7918
1255 11516
1256 7060
1256 6363
1256 7683
1256 9730
1256 11487
1256 11769
1257 5577
1257 3930
1257 7435
1257 7990
1257 720
1257 10688
1258 192
1258 6367
1258 5529
1258 8535
1258 7112
1258 7974
1258 9746
1258 11084
1258 5186
1258 9745
1259 1277
1259 1284
1259 1287
1259 5546
1259 9780
1259 1244
1259 2317
1259 3613
1259 3380
1259 6653
1259 11263
1259 3711
1259 3072
1259 8551
1259 10560
1259 7321
1259 11325
1260 975
1260 7146
1260 9733
1260 5655
1260 4209
1260 4246
1260 1052
1260 5663
1260 11087
1261 10305
1261 10307
1261 11379
1261 11031
1261 11568
1261 11255
1261 5722
1261 4104
1261 11800
1261 10647
1261 11774
1262 4389
1262 5823
1262 6676
1262 9507
1262 187
1262 6674
1263 6239
1263 10687
1263 10742
1263 7425
1263 10685
1264 231
1264 3591
1264 532
1264 5409
1264 6588
1265 7557
1265 9352
1265 1848
1265 9242
1265 11348
1265 2939
1266 1482
1266 1548
1266 9585
1266 1621
1266 3190
1266 597
1266 9547
1266 3595
1266 7072
1266 10559
1266 4387
1266 5302
1266 5986
1266 7627
1266 226
1266 7155
1266 9216
1266 4104
1266 3559
1266 3546
1266 6809
1267 3323
1267 5226
1267 5229
1267 8132
1267 8169
1267 8415
1267 8408
1267 9034
1267 7694
1267 9705
1267 6258
1267 9700
1267 9100
1267 9730
1267 9444
1267 10236
1268 4286
1268 1577
1268 6185
1268 3677
1268 1175
1268 4924
1268 8258
1269 1624
1269 8131
1269 8132
1269 8449
1269 8779
1269 9033
1269 8677
1269 9010
1269 4516
1269 8207
1269 2894
1269 9699
1269 7694
1269 8510
1269 9947
1269 9109
1269 9730
1269 7667
1269 6258
1269 9444
1269 10639
1269 9707
1269 5700
1269 4518
1269 10798
1269 836
1269 11606
1269 10368
1269 10418
1269 8187
1269 11156
1269 11736
1269 11741
1269 11773
1270 226
1270 10418
1270 10367
1270 10202
1270 10372
1270 9913
1270 11734
1271 8249
1271 9283
1271 9444
1271 9947
1271 9730
1271 9705
1271 7694
1271 10169
1271 9700
1271 9659
1271 6258
1271 10531
1271 9733
1271 10201
1271 10497
1271 10637
1271 5304
1271 10618
1271 6731
1271 8293
1271 8787
1271 11131
1271 9319
1271 11232
1271 10247
1271 825
1271 11522
1271 11550
1271 7918
1271 11255
1272 11162
1272 10574
1272 9485
1272 9841
1272 239
1272 1227
1272 7897
1272 8543
1272 10089
1272 4061
1272 10698
1272 5543
1273 523
1273 3994
1273 3030
1273 4010
1273 4042
1273 4532
1273 2093
1273 4036
1273 4008
1273 4006
1273 4035
1273 5279
1273 3999
1273 2195
1273 3995
1273 4000
1273 5057
1273 9168
1274 10798
1274 5834
1274 6730
1274 10567
1274 9792
1274 11098
1274 11196
1274 5781
1274 11135
1274 11379
1274 11378
1274 11030
1274 10911
1274 10913
1274 10919
1274 10917
1274 10918
1274 10912
1274 11530
1274 11544
1274 11581
1274 11156
1274 10626
1274 11635
1274 11439
1274 11765
1274 11771
1274 11769
1274 11776
1275 5976
1275 9109
1275 10369
1275 6713
1275 10313
1275 892
1275 10418
1275 6928
1275 10368
1276 4426
1276 956
1276 4935
1276 4940
1276 5413
1277 6601
1277 9373
1277 8624
1277 4033
1277 2282
1277 2923
1277 10808
1277 4765
1277 6957
1277 8942
1277 10234
1277 7535
1277 10796
1277 11536
1277 11742
1277 2090
1278 3438
1278 991
1278 7019
1278 7017
1278 7461
1278 8658
1278 7892
1279 774
1279 5137
1279 4376
1279 4660
1279 672
1279 198
1279 1960
1279 5588
1279 7213
1279 1166
1279 5504
1280 5217
1280 2687
1280 5921
1280 7038
1280 2280
1280 1052
1280 10079
1280 10793
1280 2360
1280 10715
1281 70
1281 5339
1281 9929
1281 7838
1281 2770
1281 6516
1281 6718
1281 7804
1281 8623
1282 1019
1282 3660
1282 1860
1282 2293
1282 6958
1283 8408
1283 8208
1283 7683
1283 8207
1283 8479
1283 6258
1283 9947
1283 9518
1283 9444
1283 9733
1283 10618
1283 10976
1283 10449
1283 10798
1283 11511
1283 9735
1283 11254
1283 1258
1283 8456
1283 1605
1283 6443
1283 11765
1284 670
1284 5851
1284 10638
1284 11318
1284 126
1284 2085
1284 3598
1284 3792
1284 5626
1284 5884
1284 5965
1284 7824
1285 10578
1285 5412
1285 8459
1285 412
1285 11212
1285 1439
1285 10280
1285 10376
1286 3189
1286 2378
1286 3187
1286 3794
1286 4503
1287 8105
1287 9507
1287 6762
1287 10418
1287 7173
1287 4873
1287 11273
1288 3456
1288 3884
1288 4347
1288 5228
1288 5016
1288 3515
1288 3592
1288 6680
1288 11819
1289 3515
1289 8208
1289 9154
1289 11600
1289 11773
1289 11439
1290 4792
1290 5359
1290 6486
1290 2301
1290 9154
1290 5358
1290 1860
1290 8479
1290 2965
1290 9935
1291 1916
1291 9264
1291 9109
1291 10626
1291 3375
1292 8763
1292 9037
1292 8189
1292 8207
1292 9773
1292 9856
1292 10234
1292 6457
1292 9733
1292 10014
1292 9519
1292 5834
1292 836
1292 11525
1292 11601
1292 11540
1292 11515
1292 10520
1292 7044
1292 11765
1292 6449
1292 11701
1293 129
1293 5949
1293 5660
1293 5130
1293 6751
1293 11311
1293 3787
1293 6499
1293 10356
1293 11129
1293 3482
1293 2407
1294 4051
1294 1369
1294 2092
1294 1860
1294 2489
1294 6908
1294 8507
1294 1
1295 8254
1295 8382
1295 8385
1295 9584
1295 7659
1295 10902
1295 825
1295 11528
1295 11529
1295 11399
1295 11487
1295 9735
1295 11568
1295 11518
1295 10092
1296 1578
1296 2578
1296 3166
1296 2864
1296 9732
1296 4617
1296 2204
1297 1311
1297 9453
1297 11090
1297 2447
1297 3244
1297 4939
1297 9662
1297 3243
1298 1636
1298 4804
1298 6291
1298 10434
1298 10444
1298 6231
1298 229
1298 2672
1298 3797
1298 6348
1298 7578
1299 8778
1299 3164
1299 8408
1299 9260
1299 8763
1299 8207
1299 7684
1299 6258
1299 10760
1299 10271
1299 5834
1299 8787
1299 10798
1299 11286
1299 11293
1299 10913
1299 11297
1299 8681
1299 2656
1299 11832
1299 11835
1300 784
1300 7891
1300 8153
1300 3607
1300 5716
1300 6
1300 780
1300 1001
1301 4057
1301 1629
1301 10633
1301 10995
1301 8186
1301 1841
1301 3375
1301 10777
1301 799
1301 11391
1301 9490
1301 10626
1301 11399
1301 8025
1301 6406
1301 10884
1301 11744
1301 1827
1301 4238
1302 4687
1302 1124
1302 4390
1302 5976
1302 8487
1302 11782
1302 8225
1303 8417
1303 8763
1303 9855
1303 7684
1303 10117
1303 10633
1303 11448
1303 11300
1303 11524
1303 11583
1303 11601
1303 11766
1304 1860
1304 9632
1304 1011
1304 896
1304 974
1304 2662
1305 746
1305 141
1305 674
1305 931
1305 2378
1305 6225
1305 2823
1305 9445
1305 7430
1306 8528
1306 10716
1306 8831
1306 5911
1306 11603
1307 9109
1307 4945
1307 6390
1307 4438
1307 4935
1307 9547
1307 10852
1307 4238
1307 1345
1307 3883
1307 5219
1307 8895
1307 142
1307 3375
1307 10227
1307 929
1307 5452
1308 1078
1308 2855
1308 4350
1308 2793
1308 10378
1308 825
1308 11002
1308 11524
1308 11270
1308 7884
1308 8158
1309 4035
1309 6239
1309 5064
1309 2123
1309 2165
1309 3370
1310 1673
1310 6506
1310 3556
1310 9951
1310 3541
1310 791
1310 4170
1310 2823
1310 2691
1310 583
1310 8691
1311 403
1311 10561
1311 397
1311 5981
1311 462
1311 8867
1312 11544
1312 6096
1312 2609
1312 7930
1312 11578
1312 10647
1312 11768
1312 10711
1312 11474
1312 11816
1313 4047
1313 2374
1313 6185
1313 3382
1313 10718
1313 9392
1313 11457
1313 10135
1313 10934
1314 4155
1314 1860
1314 1722
1314 3375
1314 3999
1314 10685
1315 2865
1315 7865
1315 401
1315 9723
1315 459
1315 7576
1315 1009
1315 4997
1315 2284
1315 3375
1315 1084
1316 4394
1316 3132
1316 4877
1316 3911
1316 8098
1316 6757
1316 10227
1316 6357
1316 10590
1316 8671
1317 4899
1317 6483
1317 876
1317 1020
1317 1721
1318 4426
1318 5714
1318 8777
1318 1300
1318 1553
1318 7510
1318 7877
1318 9455
1319 5016
1319 5228
1319 6363
1319 8415
1319 1543
1319 9490
1319 9010
1319 9854
1319 9856
1319 9518
1319 6731
1319 10798
1319 11550
1319 10106
1319 11399
1319 10446
1319 11819
1320 626
1320 1335
1320 2016
1320 5078
1320 2298
1320 5382
1320 898
1320 5966
1320 7724
1320 4776
1320 5307
1320 11121
1321 3096
1321 633
1321 630
1321 4604
1321 6901
1321 3666
1321 10236
1321 2688
1322 4151
1322 4969
1322 2334
1322 3588
1322 4381
1322 7354
1322 9485
1322 9745
1322 10626
1323 1567
1323 2741
1323 1984
1323 4900
1323 4794
1323 3082
1324 6651
1324 311
1324 3000
1324 4464
1324 28
1324 575
1325 2746
1325 5069
1325 9006
1325 9406
1325 10259
1326 8131
1326 9174
1326 9260
1326 3164
1326 7694
1326 9774
1326 10326
1326 11284
1326 6364
1326 11515
1327 8
1327 3964
1327 4023
1327 10630
1327 9736
1327 9259
1328 1068
1328 1325
1328 4032
1328 5978
1328 6012
1328 6014
1328 6239
1328 8051
1328 11447
1328 7411
1328 11383
1329 1302
1329 840
1329 7931
1329 841
1329 4265
1329 8705
1329 5821
1330 8188
1330 9299
1330 10337
1330 2891
1330 3797
1330 6871
1330 8903
1330 6869
1330 6883
1331 792
1331 2447
1331 4426
1331 4982
1331 7146
1331 576
1331 3308
1331 4280
1331 1773
1331 2183
1331 9323
1331 697
1332 7437
1332 1292
1332 1293
1332 1481
1332 4473
1333 3457
1333 4933
1333 4035
1333 5228
1333 6482
1333 7541
1333 3164
1333 9064
1333 9037
1333 8680
1333 10774
1333 10288
1333 10913
1333 11289
1333 11399
1334 6403
1334 4205
1334 792
1334 2401
1334 5002
1334 5215
1335 719
1335 4923
1335 3516
1335 6343
1335 1624
1335 5367
1335 6138
1335 6483
1335 7796
1335 8131
1335 8132
1335 8253
1335 896
1335 9037
1335 8679
1335 7552
1335 9034
1335 8449
1335 9260
1335 8728
1335 8763
1335 8249
1335 6258
1335 9855
1335 9858
1335 10201
1335 10638
1335 10798
1335 11185
1335 11777
1335 10968
1336 7078
1336 8736
1336 575
1336 4764
1336 11796
1337 2452
1337 9931
1337 9103
1337 9966
1337 2980
1337 2944
1338 4171
1338 1231
1338 1851
1338 5742
1338 3999
1338 8924
1338 10743
1339 1194
1339 68
1339 255
1339 2779
1339 2519
1339 8214
1339 3356
1339 6285
1339 5716
1340 133
1340 892
1340 11613
1340 10224
1340 896
1340 2362
1340 2515
1340 11823
1340 613
1341 8409
1341 9859
1341 9100
1341 11196
1341 11578
1341 11766
1342 2313
1342 2698
1342 1869
1342 340
1342 2550
1342 8868
1342 9746
1342 9886
1342 4969
1342 3222
1343 2066
1343 805
1343 5171
1343 9109
1343 11438
1344 5217
1344 7961
1344 3940
1344 2083
1344 2279
1344 5923
1344 6786
1344 2687
1344 7306
1345 7811
1345 9908
1345 1818
1345 3355
1345 3528
1346 4002
1346 4044
1346 5976
1346 4855
1346 4976
1346 3030
1346 7570
1346 7742
1346 4215
1346 4035
1346 4042
1346 6470
1346 8409
1346 7824
1346 9730
1346 5307
1346 10253
1346 10955
1346 5304
1346 11581
1346 5788
1346 11744
1346 11816
1347 4097
1347 4060
1347 7688
1347 5865
1347 3740
1347 11764
1348 5355
1348 7361
1348 9759
1348 5440
1348 5516
1348 7787
1348 11666
1349 5976
1349 7578
1349 6738
1349 11062
1349 11733
1350 6188
1350 9067
1350 1827
1350 6315
1350 3122
1350 9183
1350 5482
1350 248
1350 6442
1350 4490
1350 11682
1350 2305
1350 2654
1350 9776
1350 4714
1350 9792
1350 6679
1350 5866
1350 3336
1350 4020
1350 2602
1350 10201
1350 10902
1350 11117
1350 9318
1350 8175
1350 2776
1350 5780
1350 5834
1350 4879
1350 11567
1350 6438
1350 6443
1350 6446
1350 11518
1351 2907
1351 3475
1351 3494
1351 4389
1351 4700
1352 2037
1352 6336
1352 1797
1352 1578
1352 4459
1352 4392
1352 7790
1352 2353
1352 502
1352 2036
1352 3613
1352 8404
1353 6067
1353 8077
1353 3428
1353 7583
1353 7215
1353 5883
1353 6607
1353 10912
1353 3029
1353 6624
1354 2778
1354 1608
1354 6810
1354 8795
1354 7672
1355 10976
1355 10798
1355 6258
1355 10600
1355 11483
1355 11526
1355 11544
1355 11530
1355 11531
1355 11041
1355 11543
1355 11576
1355 7435
1355 6364
1355 11735
1355 770
1356 1348
1356 2374
1356 5420
1356 9448
1356 9582
1356 5895
1356 6042
1356 8076
1356 9521
1356 10085
1356 7335
1356 2717
1356 2715
1356 7653
1357 924
1357 11033
1357 6431
1357 809
1357 3096
1358 3397
1358 4114
1358 1675
1358 2875
1358 3376
1358 3589
1358 4702
1358 4724
1358 712
1358 3000
1358 5491
1359 5009
1359 1804
1359 3937
1359 2766
1359 9655
1360 1624
1360 7541
1360 8169
1360 8254
1360 1822
1360 8778
1360 10236
1360 10326
1361 402
1361 6963
1361 2024
1361 1721
1361 9760
1362 3613
1362 6924
1362 8112
1362 3502
1362 6693
1362 10035
1362 7846
1362 1827
1362 7380
1362 8989
1362 9668
1362 11278
1362 11361
1362 10851
1362 11383
1362 3063
1362 7815
1362 9064
1362 9067
1362 10167
1362 1258
1362 2270
1362 8391
1362 6252
1362 3589
1362 5215
1362 7293
1362 8669
1362 5573
1362 11698
1363 3511
1363 797
1363 2204
1363 5161
1363 2265
1363 3147
1363 4035
1363 3473
1363 2291
1363 8373
1363 5947
1363 5996
1363 8225
1363 9109
1363 3165
1363 4932
1363 10382
1364 2807
1364 2831
1364 1833
1364 1683
1364 3949
1364 707
1364 9375
1364 5964
1364 592
1364 3521
1364 5842
1364 8931
1364 11165
1365 4531
1365 4854
1365 6246
1365 7865
1365 8237
1365 9956
1365 892
1365 4856
1365 7988
1365 5978
1365 8178
1366 3376
1366 1597
1366 3589
1366 4724
1366 4725
1366 257
1366 6018
1366 6077
1366 6482
1366 7616
1366 8254
1366 7036
1366 9064
1366 8189
1366 9340
1366 9922
1366 6258
1366 10995
1366 11135
1366 6096
1367 9174
1367 8598
1367 6258
1367 5307
1367 10638
1367 11280
1367 7575
1367 7386
1367 11375
1367 6864
1367 10615
1367 11709
1367 11735
1367 11686
1367 11831
1368 6609
1368 4499
1368 7922
1368 5369
1368 6055
1368 9508
1368 5508
1369 5620
1369 5976
1369 10312
1369 10754
1369 9368
1370 8417
1370 8250
1370 8602
1370 8207
1370 9100
1370 11736
1371 2789
1371 9037
1371 6093
1371 10079
1371 7514
1371 5305
1371 5439
1371 6967
1372 3465
1372 3589
1372 6248
1372 5226
1372 5228
1372 5229
1372 1230
1372 6077
1372 6486
1372 7060
1372 8132
1372 8382
1372 7779
1372 8417
1372 3515
1372 9011
1372 11769
1372 11772
1373 4367
1373 2048
1373 5515
1373 2297
1373 9453
1373 5837
1373 4456
1374 3063
1374 3243
1374 4930
1374 1639
1374 1108
1374 6101
1374 6697
1375 7810
1375 2267
1375 9628
1375 1113
1375 9225
1375 10202
1375 10473
1375 9543
1375 2244
1376 7479
1376 5264
1376 5989
1376 3969
1376 5251
1376 10202
1376 2794
1376 10948
1376 5147
1376 540
1376 6229
1376 8595
1376 4655
1376 5248
1376 226
1377 7025
1377 9506
1377 9109
1377 3537
1377 9415
1378 2137
1378 3498
1378 3304
1378 7572
1378 7855
1378 9211
1378 8074
1378 10716
1378 8360
1378 9171
1378 10101
1378 1361
1378 496
1378 9151
1379 2687
1379 8417
1379 2441
1379 8604
1379 8197
1379 8763
1379 9183
1379 9490
1379 9746
1379 9922
1379 9700
1379 7961
1379 9982
1379 10170
1379 9775
1379 9100
1379 6258
1379 9444
1379 4782
1379 10236
1379 7442
1379 10798
1379 9243
1379 4863
1379 5834
1379 10289
1379 10793
1379 10797
1379 11232
1379 11307
1379 11819
1379 10321
1379 11832
1380 3818
1380 10886
1380 1426
1380 2937
1380 10623
1380 146
1380 990
1380 2980
1380 9939
1380 5479
1381 6485
1381 8131
1381 9100
1381 7721
1381 11307
1381 11329
1381 11650
1381 10446
1382 2855
1382 4933
1382 1230
1382 1457
1382 5395
1382 6344
1382 7541
1382 8169
1382 8382
1382 8199
1382 8407
1382 8409
1382 7683
1382 9705
1382 7369
1382 11399
1382 11564
1382 11769
1382 11771
1382 1825
1382 10321
1383 1000
1383 2378
1383 2559
1383 9189
1383 2721
1383 8382
1383 685
1383 6368
1383 6630
1383 1374
1383 8410
1383 10958
1384 7800
1384 4864
1384 3630
1384 4863
1384 5236
1384 7485
1384 11615
1384 920
1385 3466
1385 3398
1385 3517
1385 3589
1385 6248
1385 4558
1385 3884
1385 4350
1385 1457
1385 1464
1385 3516
1385 5091
1385 3592
1385 7541
1385 8169
1385 8778
1385 8249
1385 10633
1385 10976
1385 11098
1385 11522
1385 11528
1385 6096
1385 11736
1385 11439
1385 11635
1385 6445
1385 10446
1386 6485
1386 7796
1386 4091
1386 9490
1386 9624
1387 9947
1387 5432
1387 5181
1387 5504
1387 9209
1387 1076
1388 3595
1388 5350
1388 8452
1388 3227
1388 130
1388 6857
1389 958
1389 4387
1389 1106
1389 1871
1389 4166
1389 5837
1390 7684
1390 8510
1390 7694
1390 6258
1390 9100
1390 9444
1390 10201
1390 9318
1390 10618
1390 10823
1390 3930
1390 10271
1390 11131
1390 8293
1390 8787
1390 9319
1390 10798
1390 11130
1390 1277
1390 5373
1390 6675
1390 6676
1390 11402
1390 11578
1390 6270
1390 10615
1390 11709
1390 11735
1390 11327
1390 792
1390 9540
1390 11686
1391 8385
1391 9010
1391 9947
1391 10289
1391 11484
1391 11720
1392 4125
1392 9150
1392 9334
1392 8837
1392 8855
1392 10346
1392 7824
1392 10647
1392 11224
1392 1860
1393 2025
1393 4967
1393 5133
1393 5838
1393 7326
1393 9560
1393 9777
1393 10116
1393 11391
1393 1258
1393 3740
1393 11518
1394 7865
1394 9955
1394 5178
1394 7559
1394 5508
1395 2308
1395 3810
1395 8194
1395 10218
1395 10866
1395 2986
1395 6359
1395 7073
1395 9329
1396 9508
1396 512
1396 11360
1396 412
1396 8801
1396 10418
1397 3742
1397 4893
1397 2077
1397 3461
1397 3915
1397 5211
1397 4599
1398 7694
1398 9947
1398 6258
1398 8755
1398 6671
1398 11130
1398 11062
1398 11232
1398 11399
1398 11525
1398 11481
1399 6343
1399 7796
1399 7541
1399 7608
1399 8382
1399 7514
1399 11702
1400 5630
1400 11577
1400 4443
1400 9344
1400 10806
1400 5802
1400 9294
1401 3694
1401 7735
1401 3715
1401 4943
1401 9960
1402 540
1402 3446
1402 4933
1402 1624
1402 1543
1403 7210
1403 9154
1403 401
1403 259
1403 2698
1404 1200
1404 2307
1404 9804
1404 10319
1404 3368
1405 909
1405 1681
1405 3352
1405 3949
1405 4461
1405 5784
1405 8372
1406 106
1406 4035
1406 5391
1406 7745
1406 4486
1406 115
1406 6667
1406 9752
1407 10170
1407 7573
1407 9736
1407 9169
1407 3207
1408 8933
1408 5383
1408 6626
1408 9639
1408 8931
1408 8987
1409 373
1409 5814
1409 5823
1409 7203
1409 10704
1409 7967
1409 621
1409 1044
1409 2436
1409 2470
1409 7409
1409 10108
1410 5228
1410 1936
1410 8131
1410 8132
1410 8250
1410 8415
1410 7514
1410 8679
1410 9490
1410 7694
1410 9286
1410 9444
1410 9659
1410 9947
1410 9922
1410 9854
1410 9857
1410 6258
1410 9100
1410 10201
1410 10976
1410 10798
1410 5834
1410 11098
1410 11196
1411 2999
1411 11049
1411 2183
1411 10116
1411 1638
1411 4209
1411 10503
1412 4702
1412 4730
1412 5228
1412 7541
1412 1578
1412 8131
1412 5394
1412 8253
1412 8598
1412 1543
1412 7745
1412 8207
1412 8408
1412 10234
1412 9733
1412 8666
1412 10946
1412 10287
1412 11399
1412 1827
1413 5227
1413 10261
1413 2301
1413 3589
1413 10514
1414 7060
1414 6344
1414 9037
1414 8510
1414 10371
1414 5027
1414 5788
1414 11439
1415 4593
1415 7699
1415 3351
1415 9523
1415 10959
1415 5491
1415 11447
1416 1093
1416 5418
1416 892
1416 6693
1416 1145
1416 8997
1416 9147
1416 7296
1416 5231
1416 5840
1416 3792
1416 5502
1417 1229
1417 3376
1417 4686
1417 6650
1417 6646
1417 6781
1417 6636
1418 7781
1418 8410
1418 8949
1418 10544
1418 10960
1418 3604
1418 10601
1418 11610
1418 4894
1418 11165
1419 1479
1419 4604
1419 4170
1419 2461
1419 2040
1419 2511
1419 2432
1419 5933
1419 5516
1419 7682
1419 4596
1419 5815
1419 7557
1419 6430
1419 7334
1420 2781
1420 3588
1420 4785
1420 5977
1420 6378
1420 7146
1420 7234
1420 9109
1420 3686
1420 10418
1421 1624
1421 5652
1421 795
1421 2166
1421 7031
1421 3433
1421 5720
1422 2759
1422 7598
1422 9117
1422 9182
1422 1898
1422 2520
1422 5525
1423 5011
1423 5012
1423 5013
1423 6483
1423 8602
1424 3944
1424 3156
1424 3782
1424 298
1424 7588
1424 1880
1424 3838
1424 5249
1424 9395
1424 540
1424 6430
1424 5985
1424 2208
1424 4656
1424 10202
1424 7775
1424 5247
1424 7658
1424 5154
1424 2759
1424 6957
1424 5257
1424 11141
1424 5804
1424 7590
1424 1681
1424 3043
1424 6146
1424 7591
1424 10943
1424 2825
1424 5895
1424 7321
1424 11708
1425 3457
1425 3161
1425 4255
1425 4260
1425 3515
1425 2358
1425 3065
1425 4930
1425 4997
1425 6018
1425 2956
1425 1624
1425 2984
1425 864
1425 7860
1425 5481
1425 8927
1425 6830
1425 9030
1425 4183
1425 8736
1425 9171
1425 8763
1425 9100
1425 9444
1425 6363
1425 9730
1425 7629
1425 10201
1425 10798
1425 5834
1425 11232
1425 3486
1425 5635
1425 11791
1426 4035
1426 6739
1426 10626
1426 1098
1426 2014
1426 10718
1427 738
1427 5297
1427 5972
1427 672
1427 8371
1427 5507
1427 5300
1427 1228
1427 1585
1427 4714
1428 1331
1428 1700
1428 6012
1428 6013
1428 6014
1428 8863
1428 8891
1428 1695
1428 2345
1428 6365
1428 8361
1428 9474
1428 5497
1429 56
1429 6010
1429 9109
1429 1098
1429 9521
1429 9507
1429 5883
1429 9302
1429 9506
1429 3292
1429 10774
1429 11389
1430 2245
1430 7469
1430 5390
1430 1339
1430 6077
1430 7035
1430 8103
1430 8449
1430 7071
1430 8254
1430 8778
1430 9034
1430 1377
1430 8207
1430 9857
1430 9037
1430 7629
1430 5291
1430 11483
1430 6445
1431 1684
1431 5319
1431 5965
1431 7790
1431 9239
1431 9736
1432 6343
1432 6542
1432 1624
1432 8199
1432 9011
1432 9664
1432 9775
1432 6258
1432 8380
1432 5742
1432 10798
1432 5834
1432 11232
1432 6096
1432 2646
1432 1825
1432 11833
1432 11811
1433 2299
1433 8333
1433 4675
1433 10858
1433 8559
1433 6114
1433 11517
1433 6775
1434 1984
1434 8233
1434 3493
1434 5837
1434 10553
1434 8551
1434 8891
1434 6017
1434 3887
1434 5188
1434 5677
1434 5669
1434 2996
1434 11537
1435 8417
1435 8254
1435 8251
1435 8415
1435 8679
1435 896
1435 8763
1435 9340
1435 10236
1435 6729
1435 10449
1435 10289
1435 11448
1435 11270
1435 11772
1435 11439
1436 4461
1436 4996
1436 831
1436 3113
1436 7060
1436 7361
1436 6415
1436 8169
1436 6363
1436 8415
1436 8382
1436 7371
1436 9064
1436 8197
1436 9444
1436 3428
1436 9730
1436 5515
1436 10371
1436 4704
1436 6258
1436 11196
1436 10798
1436 11002
1436 11284
1436 8870
1436 10811
1436 11439
1436 11635
1436 11496
1436 9734
1437 4426
1437 10582
1437 11007
1437 6443
1437 6444
1437 6446
1438 4417
1438 4923
1438 5230
1438 1230
1438 1624
1438 6484
1438 6488
1438 6483
1438 8131
1438 8102
1438 9108
1438 10326
1438 9747
1438 7551
1438 11606
1438 11156
1438 10321
1438 9669
1439 1860
1439 5583
1439 9869
1439 1866
1439 1046
1439 11697
1439 2447
1439 825
1439 3896
1439 5610
1440 3323
1440 8250
1440 8778
1440 8779
1440 9859
1440 6924
1440 7629
1440 5788
1440 6444
1440 11518
1441 47
1441 3526
1441 6185
1441 6792
1441 11653
1442 7541
1442 5307
1442 10236
1442 10449
1442 10446
1443 469
1443 1020
1443 5109
1443 2831
1443 4959
1443 5084
1443 8930
1443 3368
1444 966
1444 2432
1444 2365
1444 2401
1444 6185
1444 4931
1445 1464
1445 5395
1445 1624
1445 7060
1445 7541
1445 8131
1445 8199
1445 8384
1445 8254
1445 8383
1445 8778
1445 7514
1445 9034
1445 9067
1445 3164
1445 8208
1445 9922
1445 6258
1445 9776
1445 10236
1445 11550
1445 11515
1446 5229
1446 7101
1446 8254
1446 8382
1446 8415
1446 7514
1446 9785
1446 10955
1446 9690
1446 11486
1446 11819
1447 3376
1447 3589
1447 4724
1447 5226
1447 8449
1447 9064
1448 3457
1448 3456
1448 5226
1448 3987
1448 5229
1448 1624
1448 7060
1448 7035
1448 7514
1448 8763
1448 9340
1448 9700
1448 9243
1448 10798
1448 10919
1448 11568
1449 7694
1449 6258
1449 9154
1449 11601
1449 6449
1450 5611
1450 6077
1450 1624
1450 7616
1450 8132
1450 8382
1450 8409
1450 9280
1450 5565
1450 10236
1450 9947
1450 7060
1450 10326
1450 4032
1450 11074
1450 9029
1450 5834
1450 11232
1451 5226
1451 5229
1451 1464
1451 5016
1451 5395
1451 5390
1451 8131
1451 8449
1451 8779
1451 8602
1451 8763
1451 9280
1451 9853
1451 9857
1451 5291
1451 9519
1451 10326
1451 11280
1451 11289
1451 11524
1451 11525
1451 11528
1451 7918
1452 4264
1452 7060
1452 8573
1452 9584
1452 3513
1452 4808
1452 11293
1452 5384
1452 6096
1452 6235
1453 3193
1453 2855
1453 1457
1453 3515
1453 3516
1453 1230
1453 5395
1453 5393
1453 5709
1453 6077
1453 1624
1453 3866
1453 7541
1453 7552
1453 9260
1453 9747
1453 11002
1453 825
1453 11558
1453 11632
1453 10626
1454 4956
1454 7185
1454 458
1454 3336
1454 5439
1454 8433
1454 10583
1454 792
1455 3376
1455 3589
1455 6485
1455 8251
1455 8728
1455 9772
1455 10117
1455 10236
1455 10760
1455 11289
1455 2010
1455 6096
1455 11702
1455 11118
1456 4031
1456 3096
1456 3099
1456 3101
1456 4442
1456 6902
1456 645
1456 9626
1456 2062
1456 3304
1456 1894
1456 1902
1457 6825
1457 2579
1457 2314
1457 8463
1457 11259
1458 10236
1458 10201
1458 7369
1458 10823
1458 10976
1458 3658
1458 5783
1458 7017
1458 11131
1458 8787
1458 11130
1458 11132
1458 8293
1458 5780
1458 7022
1458 6730
1458 11232
1458 11378
1458 11379
1458 10911
1458 10600
1458 10915
1458 10919
1458 10913
1458 10918
1458 10912
1458 10914
1458 10917
1458 11255
1458 1932
1458 9842
1458 11740
1458 11439
1458 11774
1458 11776
1459 4923
1459 5226
1459 5228
1459 5229
1459 5230
1459 3515
1459 3516
1459 3932
1459 5709
1459 6344
1459 6484
1459 7101
1459 8169
1459 7864
1459 8415
1459 8250
1459 8408
1459 3351
1459 9490
1459 8510
1459 9772
1459 9947
1459 9444
1459 10201
1459 5834
1459 10798
1459 11232
1459 7918
1459 11773
1459 11771
1460 6012
1460 1624
1460 1634
1460 6497
1460 5865
1460 7561
1460 2287
1460 9736
1460 8672
1460 8830
1460 8891
1461 3535
1461 6353
1461 7219
1461 386
1461 6537
1461 10627
1462 8415
1462 8382
1462 3164
1462 7585
1462 9183
1462 8207
1462 8208
1462 8211
1462 226
1462 9700
1462 9730
1462 9774
1462 10236
1462 10759
1462 7154
1462 9243
1462 10798
1462 10827
1462 540
1462 622
1462 4280
1462 770
1463 3987
1463 6872
1463 6878
1463 6879
1463 6880
1463 6882
1463 7321
1463 7332
1463 7372
1463 10179
1463 10485
1463 10656
1463 10849
1463 238
1463 4840
1463 9929
1463 10225
1463 223
1463 7968
1463 8834
1463 9078
1463 10832
1463 383
1463 8391
1463 10715
1463 6871
1463 11126
1464 9294
1464 811
1464 4969
1464 7764
1464 11502
1464 11018
1465 468
1465 3403
1465 4780
1465 3976
1465 69
1465 4921
1465 3375
1465 7352
1465 3904
1465 11560
1465 4401
1465 6103
1465 7054
1466 1034
1466 762
1466 7991
1466 764
1466 1855
1466 6400
1466 7569
1466 9451
1467 1563
1467 4423
1467 844
1467 2326
1467 5226
1467 1464
1467 5016
1467 2330
1467 7060
1467 3164
1467 9037
1467 9947
1467 9700
1467 10287
1467 10289
1467 6258
1467 10969
1467 11600
1467 11606
1467 11744
1467 11819
1468 5883
1468 3615
1468 6940
1468 10479
1468 5989
1468 5984
1468 5987
1468 5248
1469 4269
1469 3323
1469 4350
1469 5226
1469 5228
1469 5229
1469 1464
1469 1624
1469 3932
1469 6483
1469 7779
1469 7060
1469 8763
1469 9700
1469 10236
1469 10238
1469 10759
1469 10182
1469 5834
1469 7813
1469 7721
1469 11254
1469 5788
1469 2573
1469 11270
1469 11567
1469 6444
1469 6438
1469 6445
1469 11518
1469 11675
1469 11770
1470 2216
1470 5662
1470 2245
1470 2858
1470 3766
1470 7334
1471 7860
1471 1506
1471 8612
1471 2491
1471 6268
1471 9448
1471 5267
1471 4098
1472 4968
1472 8343
1472 11173
1472 859
1472 1114
1472 3843
1472 9683
1473 8951
1473 10604
1473 10595
1473 10996
1473 7286
1473 8334
1473 10046
1473 8586
1473 10368
1473 10626
1473 6389
1473 8414
1473 8333
1473 2823
1473 7129
1473 8492
1473 10367
1473 10418
1473 2623
1473 8585
1473 10730
1473 4935
1473 960
1473 10369
1473 11017
1473 7293
1473 496
1474 2061
1474 6377
1474 1697
1474 8049
1474 1151
1474 1310
1474 9981
1474 2012
1475 133
1475 9545
1475 3306
1475 6240
1475 10755
1475 833
1476 258
1476 1689
1476 598
1476 1974
1476 2018
1476 4785
1476 820
1476 1872
1476 822
1476 4314
1476 444
1476 5260
1476 7501
1476 7877
1476 5245
1476 2886
1477 5980
1477 4268
1477 5637
1477 9851
1477 5865
1477 6193
1477 6212
1478 1860
1478 7079
1478 8568
1478 242
1478 6619
1478 1941
1478 2085
1478 2520
1478 3411
1478 7788
1478 7912
1478 8371
1478 10155
1478 10397
1479 6363
1479 9033
1479 8189
1479 8510
1479 10014
1479 7017
1479 10288
1479 6364
1479 11485
1479 11041
1479 11270
1479 11613
1479 11516
1479 11744
1479 11782
1479 11399
1479 11819
1480 7514
1480 7694
1480 8211
1480 9637
1480 9947
1480 5291
1480 9100
1480 6258
1480 10236
1480 10201
1480 5834
1480 825
1480 11232
1480 11399
1480 11581
1480 11497
1481 9109
1481 9896
1481 10241
1481 7510
1481 7512
1481 4763
1481 3096
1481 8410
1481 8411
1481 11638
1482 2616
1482 3080
1482 2909
1482 3076
1482 5518
1482 8256
1482 8414
1482 2254
1482 6920
1482 11763
1483 5302
1483 5350
1483 7752
1483 9376
1483 10509
1483 6957
1483 8625
1483 9692
1483 9693
1483 896
1483 4621
1483 6786
1483 7907
1483 11195
1483 7534
1483 10628
1483 4073
1483 11581
1483 8418
1484 865
1484 5009
1484 2288
1484 4905
1484 6497
1484 2187
1484 1074
1484 4978
1484 6625
1484 9601
1484 7155
1484 10172
1484 10222
1484 11681
1484 7321
1484 8334
1484 8932
1484 4426
1484 9219
1485 6133
1485 2076
1485 10133
1485 8413
1485 8258
1486 4664
1486 2319
1486 6653
1486 6478
1486 3756
1486 4471
1486 10468
1486 9039
1487 3237
1487 5977
1487 10626
1487 11023
1487 11792
1487 7119
1487 10314
1488 8415
1488 8382
1488 8778
1488 9174
1488 9010
1488 8249
1488 9947
1488 9519
1488 10760
1488 10236
1488 10497
1488 10798
1488 10968
1489 8417
1489 8253
1489 896
1489 8408
1489 9037
1489 9034
1489 7585
1489 8211
1489 9100
1489 10169
1489 9603
1489 9444
1489 10271
1489 10633
1489 7369
1489 837
1489 11530
1489 11399
1489 11540
1489 11720
1489 11739
1489 11740
1489 10446
1489 11819
1489 11769
1489 11777
1490 432
1490 5
1490 308
1490 4312
1490 4901
1490 1563
1490 4459
1490 4449
1490 3456
1490 5226
1490 9490
1490 4280
1491 3953
1491 4999
1491 8077
1491 7158
1491 6610
1491 67
1491 3368
1491 3501
1492 7049
1492 7354
1492 10634
1492 883
1492 6364
1492 10287
1493 505
1493 4435
1493 6619
1493 11685
1493 4794
1494 1341
1494 2718
1494 5686
1494 1046
1494 5369
1494 5702
1494 1421
1494 10736
1494 10891
1495 2447
1495 8525
1495 6581
1495 10738
1495 5947
1495 6012
1495 8965
1495 6445
1495 11554
1495 8662
1495 8623
1495 11234
1495 8630
1495 2923
1495 11128
1495 11613
1495 5579
1495 10751
1495 10038
1495 7248
1495 11194
1496 5228
1496 1624
1496 6486
1496 6363
1496 8415
1496 7684
1496 7694
1496 9253
1496 9772
1496 6258
1496 9444
1496 10236
1496 10798
1496 5834
1496 11791
1497 2100
1497 2351
1497 2418
1497 7415
1497 10667
1497 10668
1497 11015
1497 11032
1497 11464
1498 4389
1498 1875
1498 5579
1498 1481
1498 2326
1498 6138
1498 476
1499 1231
1499 7060
1499 9033
1499 8408
1499 9659
1499 9273
1499 6258
1499 121
1499 7349
1499 10289
1499 3840
1499 313
1499 2884
1500 1781
1500 2237
1500 10264
1500 1463
1500 2519
1501 6433
1501 8914
1501 9850
1501 6915
1501 9629
1501 5516
1501 10634
1501 11236
1502 3589
1502 5391
1502 10288
1502 11485
1502 11497
1502 11439
1502 11515
1502 11791
1502 9799
1503 6151
1503 9949
1503 10738
1503 898
1503 5590
1503 8625
1503 10016
1503 10063
1503 10509
1503 10628
1504 1882
1504 3205
1504 277
1504 3375
1504 4155
1504 1099
1504 8473
1504 6957
1504 9728
1504 9538
1504 9380
1504 9505
1504 1327
1504 10043
1504 2
1504 4032
1504 8433
1504 2698
1504 3007
1505 9506
1505 1098
1505 2313
1505 3221
1505 5869
1505 8895
1505 9109
1505 4848
1506 5022
1506 5226
1506 3515
1506 1624
1506 6483
1506 7060
1506 8254
1506 8779
1506 8728
1506 5194
1506 11776
1506 8626
1507 9490
1507 9700
1507 10182
1507 11301
1507 11497
1507 11736
1507 9937
1507 10520
1507 10321
1507 9799
1507 11816
1508 3765
1508 5912
1508 5720
1508 11569
1508 6945
1509 1301
1509 2704
1509 6367
1509 3164
1509 3073
1509 4674
1510 589
1510 2520
1510 2511
1510 2813
1510 1381
1510 2503
1510 1380
1510 2496
1510 4509
1510 6134
1510 365
1510 581
1510 1925
1510 462
1510 5794
1510 4503
1510 91
1510 96
1510 6154
1510 2706
1510 420
1510 93
1510 2875
1510 87
1510 6235
1510 9359
1510 4686
1510 3296
1510 11264
1510 95
1510 396
1510 714
1510 2874
1510 5491
1510 94
1510 6670
1511 4724
1511 5228
1511 7060
1511 8131
1511 8132
1511 7552
1511 9659
1511 9700
1512 6484
1512 623
1512 607
1512 6771
1512 8339
1512 6455
1513 1072
1513 5639
1513 3039
1513 2388
1513 2344
1514 10287
1514 1035
1514 8487
1514 652
1514 7341
1514 10368
1514 4381
1514 4398
1515 4730
1515 1752
1515 825
1515 3506
1515 1771
1515 2183
1515 1772
1515 5081
1515 1884
1515 2800
1515 1883
1515 1775
1515 1776
1515 8169
1515 4151
1515 4138
1515 9011
1515 3348
1515 7087
1515 9947
1515 6841
1515 3351
1515 6258
1515 9603
1515 9415
1515 5289
1515 10326
1515 5407
1515 10014
1515 10449
1515 1960
1515 8651
1515 10247
1515 8192
1515 11544
1515 11540
1515 5022
1515 11518
1515 6446
1515 11675
1516 3457
1516 5228
1516 1624
1516 7541
1516 8415
1516 8728
1516 8189
1516 8510
1516 9947
1516 6258
1516 10182
1516 10600
1516 770
1516 11767
1517 1113
1517 442
1517 6953
1517 6694
1517 7561
1517 6781
1517 6084
1517 8822
1517 9547
1517 11421
1517 8864
1517 4547
1517 7632
1517 7649
1518 517
1518 9850
1518 11343
1518 10256
1518 10183
1519 2791
1519 10626
1519 486
1519 5763
1519 10317
1520 6486
1520 8417
1520 8510
1520 9699
1520 9730
1520 4280
1520 11600
1520 11702
1520 11736
1520 11768
1520 11769
1521 6481
1521 4035
1521 892
1521 9414
1521 10492
1522 9605
1522 1495
1522 7572
1522 8861
1522 1960
1522 7158
1522 6731
1522 7022
1522 7889
1522 5543
1522 11516
1522 5217
1522 6528
1522 2776
1522 6444
1522 6438
1522 6446
1522 7920
1522 7892
1522 4032
1522 5319
1523 4933
1523 1457
1523 8131
1523 8417
1523 9100
1523 6258
1523 9947
1523 9444
1523 10201
1523 10798
1523 11232
1523 10247
1523 11522
1523 11526
1523 11530
1523 11527
1523 11524
1523 11528
1523 11601
1523 2573
1523 11600
1523 11664
1523 5788
1523 10520
1524 3892
1524 4397
1524 7399
1524 3006
1524 6963
1524 11555
1524 3283
1524 9921
1525 7541
1525 7796
1525 8254
1525 8253
1525 7514
1525 8763
1525 9785
1525 7683
1525 9856
1525 5291
1525 5307
1525 10449
1525 10014
1525 11297
1525 11523
1525 11525
1525 11528
1525 11524
1525 6596
1525 6443
1526 859
1526 945
1526 1330
1526 2687
1526 5198
1526 4204
1526 7632
1527 500
1527 540
1527 9055
1527 7781
1527 5902
1527 5933
1528 975
1528 2192
1528 4435
1528 6125
1528 10400
1528 1864
1528 973
1528 7988
1528 1860
1528 3950
1528 6467
1528 3952
1528 7458
1529 2487
1529 5202
1529 6467
1529 3546
1529 2922
1530 1977
1530 971
1530 3887
1530 4785
1530 5132
1530 5327
1530 6724
1530 7528
1530 10163
1530 10865
1530 217
1530 7728
1530 10708
1530 5425
1530 262
1530 1912
1530 5427
1530 7677
1530 2653
1531 3942
1531 1636
1531 1396
1531 4348
1531 5119
1531 6055
1531 8256
1532 1482
1532 2431
1532 3735
1532 8253
1532 9490
1532 7684
1532 6507
1532 9773
1532 9712
1532 9776
1532 9774
1532 9636
1532 11579
1532 11580
1532 11606
1532 6444
1532 11518
1533 4084
1533 5770
1533 4675
1533 8901
1533 3535
1534 7611
1534 10836
1534 3521
1534 5317
1534 6957
1535 7510
1535 4521
1535 7234
1535 2151
1535 3174
1536 5837
1536 8415
1536 6554
1536 6781
1536 8254
1536 8382
1536 6651
1536 8251
1536 6565
1536 6138
1536 8779
1536 6144
1536 9859
1536 11497
1537 1860
1537 7485
1537 10626
1537 10849
1537 5718
1537 8348
1537 10368
1537 1481
1537 10547
1537 8826
1537 607
1537 2199
1537 4825
1537 5679
1537 5760
1537 7426
1537 7675
1537 9816
1537 10158
1537 8710
1537 8817
1538 5568
1538 7587
1538 5462
1538 6276
1538 5694
1538 1258
1538 1813
1538 260
1539 4897
1539 3323
1539 1860
1539 6074
1539 7796
1539 8131
1539 2119
1539 9174
1539 7694
1539 8132
1539 9775
1539 10236
1539 10371
1539 10955
1539 10271
1539 9690
1539 3428
1539 10918
1539 1916
1539 2102
1539 2573
1539 11600
1539 4104
1539 893
1540 3515
1540 10234
1540 2177
1540 3658
1540 7623
1540 11347
1541 6484
1541 8169
1541 9659
1541 6258
1541 10169
1541 10902
1542 1845
1542 5654
1542 5369
1542 11017
1542 11566
1542 11501
1543 892
1543 9507
1543 11128
1543 9722
1543 5147
1543 9387
1543 9445
1543 9725
1543 11698
1543 4855
1543 4918
1543 9724
1543 8193
1543 11693
1544 2012
1544 1714
1544 4374
1544 5228
1544 4719
1544 4508
1544 4223
1544 5672
1544 5242
1544 5652
1544 909
1544 5314
1544 1058
1544 4167
1544 8602
1544 6884
1544 8736
1545 10568
1545 2439
1545 4732
1545 1051
1545 1325
1545 2344
1545 2345
1545 2399
1545 4028
1545 6966
1545 7366
1545 8830
1545 8852
1545 8891
1545 8972
1545 10120
1546 8051
1546 9812
1546 9619
1546 3260
1546 8403
1546 8890
1547 8254
1547 4527
1547 7861
1547 10626
1547 10754
1547 10287
1547 9507
1547 10289
1547 10503
1547 11264
1547 837
1547 1624
1547 10691
1547 9745
1547 11307
1547 5147
1547 9490
1547 11237
1547 9849
1547 9746
1547 9974
1547 10368
1547 10418
1547 10806
1548 1624
1548 2904
1548 7514
1548 8407
1548 10976
1548 2509
1548 974
1548 11112
1549 9517
1549 1870
1549 7598
1549 9198
1549 8227
1549 3375
1549 8429
1550 4338
1550 4341
1550 4694
1550 4336
1550 5345
1550 1860
1550 5837
1550 8608
1550 6195
1550 3367
1550 9523
1551 8012
1551 9504
1551 7201
1551 10436
1551 4582
1551 5475
1551 4166
1551 45
1551 8981
1552 6003
1552 10321
1552 4426
1552 5834
1552 6193
1553 3376
1553 4724
1553 7071
1553 8679
1553 8409
1553 8763
1553 8249
1553 10113
1553 10449
1553 11297
1553 5813
1553 10446
1554 106
1554 1177
1554 1701
1554 5556
1554 2311
1554 1048
1555 4218
1555 4764
1555 4765
1555 7720
1555 3108
1555 2217
1555 7584
1556 3169
1556 4123
1556 4767
1556 1860
1556 8417
1556 8407
1556 8408
1556 8409
1556 7684
1556 9705
1556 9775
1556 9773
1556 10236
1556 10976
1556 10798
1556 5834
1556 11185
1556 11031
1556 10913
1556 11232
1556 11521
1556 11523
1556 11439
1557 2631
1557 3971
1557 823
1557 4376
1557 8736
1557 5764
1557 9603
1557 9712
1557 7557
1557 3279
1557 9661
1557 257
1558 4259
1558 1069
1558 10188
1558 8288
1558 11333
1559 1747
1559 5439
1559 6678
1559 5823
1559 6674
1559 11339
1559 10480
1559 2860
1559 5399
1559 9503
1559 10053
1559 10560
1559 11343
1559 4763
1559 7960
1559 11353
1560 8169
1560 8384
1560 8449
1560 8253
1560 8779
1560 6258
1560 9947
1560 9444
1560 10236
1560 10798
1560 5783
1560 7017
1560 5782
1560 11131
1560 11130
1560 6730
1560 11287
1561 1475
1561 1556
1561 2894
1561 642
1561 4192
1561 5362
1561 2373
1561 8877
1561 1055
1561 7569
1561 1296
1562 3398
1562 3465
1562 3466
1562 3376
1562 3589
1562 4724
1562 4702
1562 4730
1562 4933
1562 4923
1562 5229
1562 5230
1562 1464
1562 3515
1562 3516
1562 5395
1562 7060
1562 7541
1562 7796
1562 8384
1562 8449
1562 8250
1562 8408
1562 9037
1562 9280
1562 9281
1562 6258
1562 10234
1562 5781
1562 6364
1562 11484
1562 11487
1562 11399
1562 11770
1562 11773
1563 44
1563 5399
1563 5976
1563 7570
1563 9724
1563 6668
1563 8814
1563 10262
1563 9508
1564 3658
1564 10497
1564 10637
1564 10201
1564 8767
1564 9446
1564 10759
1564 10976
1564 10823
1564 10618
1564 8293
1564 8787
1564 11130
1564 9319
1564 9690
1564 10798
1564 11132
1564 5834
1564 11098
1564 11232
1564 11284
1564 11378
1564 11379
1564 11486
1564 2557
1564 6269
1564 11782
1564 11744
1564 6184
1564 11768
1564 11791
1564 11816
1565 4208
1565 2759
1565 1297
1565 4389
1565 1152
1565 2510
1565 1489
1565 1528
1565 3595
1566 1779
1566 6940
1566 6694
1566 8797
1566 8608
1567 191
1567 192
1567 811
1567 11226
1567 2932
1567 7234
1567 11181
1568 10647
1568 11439
1568 11536
1568 11769
1568 11771
1568 11774
1568 11776
1568 11833
1568 11778
1568 11811
1568 11785
1568 11812
1569 3457
1569 1624
1569 3164
1569 9100
1569 5788
1570 5228
1570 8415
1570 8449
1570 2514
1570 9100
1570 9730
1570 5834
1570 11232
1570 9154
1570 10823
1570 11399
1570 11307
1570 11540
1570 11439
1570 1827
1570 6443
1570 6449
1570 11776
1570 9067
1571 3036
1571 3086
1571 6739
1571 7988
1571 9508
1572 8415
1572 8382
1572 3164
1572 9033
1572 9037
1572 9260
1572 6191
1572 7585
1572 8728
1572 9100
1572 9700
1572 10169
1572 5307
1572 10236
1572 10234
1572 10774
1572 10182
1572 10288
1572 10287
1572 11098
1572 7683
1572 6364
1572 11580
1572 10559
1572 11567
1572 10092
1572 11816
1573 1481
1573 5228
1573 6343
1573 6486
1573 8383
1573 8778
1573 6061
1573 6774
1573 5304
1573 6258
1573 6730
1573 11448
1573 11525
1573 4104
1573 11399
1573 11566
1573 11702
1574 3111
1574 4209
1574 3304
1574 5301
1574 3387
1574 1098
1574 3389
1574 4203
1574 3392
1574 1481
1574 6004
1574 6770
1574 5720
1574 363
1574 11687
1574 4846
1574 2014
1574 9664
1574 8963
1574 5433
1574 5435
1574 8028
1574 5434
1574 3794
1575 844
1575 1563
1575 3323
1575 3884
1575 3456
1575 4933
1575 8254
1575 9033
1575 10271
1576 322
1576 9773
1576 9700
1576 10774
1576 10798
1576 9735
1576 11836
1577 4543
1577 3243
1577 3375
1577 735
1577 3185
1577 1692
1577 3126
1577 7738
1577 6830
1577 7262
1578 3110
1578 8846
1578 8849
1578 7117
1578 9712
1578 2579
1578 7882
1578 10913
1578 5837
1578 9246
1578 7661
1578 8943
1578 3512
1578 4291
1578 8418
1578 3460
1578 10222
1578 11777
1579 7552
1579 8779
1579 8409
1579 9260
1579 7585
1579 8249
1579 10169
1579 9854
1579 9100
1579 9774
1579 10236
1579 7721
1579 11303
1579 11540
1579 10711
1580 6342
1580 6247
1580 7289
1580 11172
1580 4281
1580 5594
1580 5683
1580 11212
1581 883
1581 7710
1581 10217
1581 1851
1581 1884
1581 7360
1581 10580
1581 919
1581 1935
1581 3670
1581 8205
1581 10388
1581 5412
1582 6363
1582 1318
1582 2426
1582 1173
1582 1548
1582 9444
1583 876
1583 8417
1583 9067
1583 8679
1583 9775
1583 9854
1583 9857
1583 9603
1583 9690
1584 1544
1584 9733
1584 7321
1584 8619
1584 9507
1585 3444
1585 4532
1585 151
1585 6468
1585 9613
1586 7694
1586 9922
1586 9730
1586 7688
1586 9603
1586 6258
1586 9947
1586 5291
1586 9852
1586 9518
1586 9444
1586 10639
1586 10271
1586 6729
1586 1595
1586 10618
1586 5782
1586 10798
1586 6091
1586 2073
1586 11292
1586 10823
1586 11601
1586 11602
1586 1615
1586 11564
1586 11565
1586 5788
1586 11085
1586 11545
1586 10446
1586 6175
1586 6176
1586 3474
1587 2860
1587 8322
1587 8350
1587 9989
1587 10370
1587 11040
1587 3539
1587 6607
1587 7573
1587 8895
1587 9076
1587 10622
1587 10626
1588 1258
1588 866
1588 1323
1588 1326
1588 1068
1588 386
1589 3663
1589 1206
1589 7913
1589 8078
1589 8892
1589 9170
1589 4142
1589 8849
1590 8253
1590 8385
1590 8409
1590 9037
1590 1543
1590 9490
1590 8208
1590 10955
1590 7369
1590 10271
1590 836
1590 11768
1590 11774
1590 11775
1590 11701
1591 188
1591 9776
1591 9444
1591 11232
1591 11568
1591 11270
1591 11742
1591 4291
1591 10647
1591 11536
1591 11778
1591 11785
1591 11811
1591 11812
1592 3323
1592 5226
1592 5229
1592 1464
1592 6484
1592 9700
1592 9453
1593 10384
1593 3579
1593 11239
1593 8698
1593 10370
1594 7071
1594 8250
1594 8599
1594 8012
1594 10371
1594 7369
1594 9110
1594 11297
1594 11194
1594 1177
1594 5788
1594 2878
1594 11566
1595 3117
1595 6722
1595 720
1595 9453
1595 1421
1595 2482
1595 5959
1595 8565
1595 9026
1596 480
1596 4260
1596 5016
1596 6017
1596 8417
1596 9664
1596 3166
1597 10453
1597 11211
1597 7781
1597 11081
1597 1923
1598 6112
1598 5047
1598 4864
1598 6838
1598 3333
1599 7931
1599 8005
1599 10823
1599 9243
1599 291
1599 7551
1599 11232
1599 10797
1599 8681
1599 10794
1599 10793
1599 11255
1599 11307
1599 11550
1599 2609
1599 11511
1599 9448
1599 290
1599 3500
1599 5788
1599 11452
1599 8469
1599 11565
1599 11788
1599 11675
1600 9319
1600 5782
1600 6731
1600 5783
1600 5834
1600 11098
1600 11196
1600 11522
1600 10913
1600 10916
1600 10918
1600 11483
1600 10911
1600 11307
1600 11308
1600 10914
1600 10915
1600 10917
1600 10912
1600 5635
1600 11194
1600 11255
1600 11529
1600 11581
1600 11550
1600 11582
1600 11539
1600 11544
1600 11481
1600 4104
1600 11578
1600 11579
1600 11580
1600 11270
1600 11567
1600 6444
1601 2712
1601 2710
1601 2714
1601 3683
1601 6879
1601 8786
1601 5122
1601 4997
1602 1479
1602 1482
1602 912
1602 1315
1602 9109
1603 10927
1603 3487
1603 5808
1603 8931
1603 10773
1603 196
1603 259
1603 3659
1603 5933
1603 8418
1603 9609
1603 11222
1603 11346
1604 3291
1604 2668
1604 1301
1604 6724
1604 11264
1604 1553
1604 1621
1604 2445
1604 927
1604 9754
1604 2595
1604 4901
1605 651
1605 1484
1605 1
1605 8129
1605 2894
1605 9462
1606 1087
1606 4390
1606 7986
1606 4492
1606 5977
1606 6864
1606 6270
1606 11156
1606 4532
1606 11675
1607 3586
1607 9391
1607 5162
1607 10353
1607 11202
1608 3178
1608 2460
1608 4596
1608 844
1608 3591
1608 1875
1608 3932
1609 5390
1609 6483
1609 6488
1609 7060
1609 6096
1610 4687
1610 4189
1610 4559
1610 1044
1610 4612
1610 4686
1610 1984
1610 1979
1610 4116
1610 6593
1610 4992
1610 5004
1610 11333
1610 7825
1610 6594
1610 3985
1610 9736
1611 6680
1611 7616
1611 8415
1611 8778
1611 9183
1611 8510
1611 9659
1611 7629
1611 9100
1611 10201
1611 5834
1611 10798
1611 11303
1611 9669
1612 3517
1612 3589
1612 4724
1612 4730
1612 6363
1612 8251
1613 9790
1613 1520
1613 1977
1613 8465
1613 9791
1613 5158
1613 4403
1613 9227
1614 6214
1614 1834
1614 5181
1614 5504
1614 6953
1614 8028
1614 1054
1614 8834
1614 3587
1614 3015
1614 5602
1614 8869
1614 8912
1615 9011
1615 2153
1615 2828
1615 1589
1615 6996
1615 9879
1615 822
1615 6096
1615 10379
1615 4285
1615 11566
1615 11798
1616 809
1616 807
1616 1953
1616 1579
1616 7250
1616 4394
1616 4598
1616 672
1616 2130
1616 3322
1616 3552
1616 9636
1616 7021
1616 9929
1617 2739
1617 5180
1617 8944
1617 585
1617 64
1617 1232
1617 3370
1617 898
1617 1231
1617 8377
1617 8826
1617 10835
1618 9614
1618 10708
1618 10724
1618 8925
1618 9471
1619 5304
1619 5834
1619 6730
1619 10247
1619 11232
1619 10169
1619 3848
1619 11308
1619 8681
1619 11307
1619 10600
1619 10797
1619 10917
1619 10919
1619 10794
1619 10913
1619 11522
1619 10793
1619 10915
1619 10914
1619 10912
1619 2969
1619 11581
1619 11027
1619 4280
1619 11777
1619 11771
1619 11774
1619 11798
1620 1861
1620 6482
1620 7060
1620 10903
1620 11578
1620 7083
1621 4091
1621 3446
1621 3736
1621 4426
1621 6640
1621 11397
1621 2456
1622 4993
1622 1786
1622 3101
1622 5737
1622 6185
1622 5942
1622 2365
1622 4450
1622 4544
1622 3390
1622 7838
1622 9032
1622 2366
1622 2461
1622 2704
1622 5855
1622 6184
1622 9030
1622 9031
1622 10441
1622 10626
1622 9508
1622 6445
1622 10806
1622 1361
1622 6315
1622 1258
1623 6470
1623 5176
1623 7559
1623 6738
1623 6844
1623 8112
1623 8237
1623 9506
1623 7974
1624 335
1624 6363
1624 8415
1624 8102
1624 8736
1624 9637
1624 10902
1624 11002
1625 1199
1625 5369
1625 7803
1625 9791
1625 1084
1625 8851
1625 9754
1625 10439
1626 9239
1626 11682
1626 5947
1626 7198
1626 9800
1627 1624
1627 7796
1627 9033
1627 9037
1627 8208
1627 9922
1627 9859
1627 10169
1627 9947
1627 9318
1627 11740
1627 10446
1628 1457
1628 5226
1628 3516
1628 9067
1628 8409
1628 7585
1628 6729
1628 9319
1628 11481
1629 1624
1629 6636
1629 6258
1629 7629
1629 10638
1629 10823
1629 10902
1629 2879
1630 6363
1630 4996
1630 3000
1630 9554
1630 9279
1630 9456
1630 9773
1630 10955
1630 6731
1630 11002
1630 1954
1630 1471
1630 11516
1630 6445
1630 6446
1630 6444
1631 6096
1631 1253
1631 4238
1631 8606
1631 6256
1631 9350
1632 3314
1632 3613
1632 7485
1632 9293
1632 10418
1632 10654
1632 5865
1633 6563
1633 2458
1633 1856
1633 8437
1633 6389
1633 3027
1634 3783
1634 2191
1634 672
1634 898
1634 7813
1634 10539
1635 5229
1635 5016
1635 3516
1635 5395
1635 3503
1635 9037
1635 8211
1635 7683
1635 10798
1635 11196
1635 11399
1635 11606
1635 11744
1636 6513
1636 8312
1636 10168
1636 8404
1636 7634
1636 6326
1636 9463
1636 7156
1636 5666
1636 3849
1636 3342
1636 1112
1636 9039
1636 9047
1636 7019
1636 8873
1637 9730
1637 9444
1637 2781
1637 10371
1637 10639
1637 10637
1637 10497
1637 10201
1637 10633
1637 2662
1637 9690
1637 10326
1637 10823
1637 10798
1637 11185
1637 11131
1637 11098
1637 10062
1637 6096
1637 8659
1637 11702
1637 11516
1637 6443
1637 6449
1637 11773
1637 11768
1637 10446
1637 11828
1638 1205
1638 1221
1638 4717
1638 7203
1638 5978
1638 1911
1638 5976
1639 1063
1639 1860
1639 8828
1639 5902
1639 1258
1640 90
1640 181
1640 221
1640 2496
1640 5794
1641 3268
1641 2047
1641 2102
1641 2860
1641 1709
1641 974
1641 1389
1641 1852
1641 4104
1641 934
1641 4449
1641 1077
1641 5417
1641 1510
1641 1092
1641 4922
1641 6081
1641 10381
1641 4398
1641 6858
1641 1834
1641 7354
1641 9445
1641 892
1642 2637
1642 5685
1642 5699
1642 5700
1642 8341
1642 5369
1643 3901
1643 4807
1643 5346
1643 6832
1643 3366
1644 5324
1644 9554
1644 4938
1644 2554
1644 6724
1645 4449
1645 6084
1645 6633
1645 1054
1645 4738
1645 8617
1645 7085
1645 2447
1645 6913
1645 10546
1645 7614
1645 606
1645 10451
1646 10103
1646 9507
1646 4560
1646 7962
1646 9109
1646 10754
1646 4229
1646 5402
1646 5976
1646 10251
1647 5976
1647 9109
1647 3999
1647 6734
1647 10753
1648 11709
1648 11768
1648 10446
1648 11740
1648 11741
1648 11675
1648 11828
1649 1457
1649 5226
1649 1960
1649 10903
1649 6446
1650 7432
1650 10271
1650 11568
1650 11420
1650 5170
1650 11721
1651 4923
1651 1457
1651 5016
1651 1464
1651 7277
1652 3397
1652 7102
1652 9037
1652 8736
1652 8189
1652 7694
1652 6258
1652 9444
1652 7442
1653 558
1653 7165
1653 7743
1653 130
1653 1860
1653 7980
1653 9818
1654 8415
1654 7694
1654 9700
1654 6258
1654 10995
1654 11769
1655 6990
1655 10842
1655 7349
1655 10946
1655 1020
1655 2270
1655 5167
1655 7004
1655 7786
1655 4762
1655 3634
1655 3749
1655 9889
1655 591
1655 3561
1655 2545
1656 8970
1656 2014
1656 10896
1656 11721
1656 11762
1657 1875
1657 3185
1657 3526
1657 4958
1657 8350
1657 8998
1657 10507
1658 4694
1658 8233
1658 1046
1658 1860
1658 6086
1658 8232
1658 3789
1658 5891
1659 7984
1659 892
1659 9109
1659 8325
1659 8753
1659 6662
1660 8418
1660 2281
1660 8889
1660 8919
1660 1052
1660 8766
1660 9490
1660 1048
1660 8070
1660 8077
1660 8888
1661 9583
1661 9895
1661 1226
1661 2540
1661 9314
1661 9713
1661 898
1661 4347
1661 7330
1661 6618
1661 6778
1661 10262
1661 5402
1661 1227
1662 1025
1662 2682
1662 5722
1662 9132
1662 5305
1663 3376
1663 3589
1663 5226
1663 3515
1663 5611
1663 6482
1663 6488
1663 8254
1663 8778
1663 7514
1663 8779
1663 8679
1663 7064
1663 9664
1663 8207
1663 8211
1663 3166
1663 10902
1663 10976
1663 11002
1663 11135
1663 11285
1663 6364
1663 11030
1663 11528
1663 11031
1663 11530
1663 11602
1663 1825
1663 11439
1664 4768
1664 5236
1664 6830
1664 2759
1664 445
1664 5848
1664 10852
1665 3999
1665 10743
1665 5644
1665 9888
1665 6146
1665 3015
1665 9109
1665 2872
1665 7525
1665 11264
1665 6195
1666 878
1666 6312
1666 3974
1666 3992
1666 5106
1666 4395
1666 5461
1666 3831
1666 3834
1666 7813
1666 3120
1666 6042
1666 6734
1666 7512
1666 8650
1666 212
1666 2171
1666 7888
1666 7083
1666 8322
1666 233
1666 5224
1667 1357
1667 1653
1667 5555
1667 7265
1667 3102
1667 3103
1667 5560
1668 9988
1668 5048
1668 6824
1668 7841
1668 7838
1668 8826
1668 2192
1668 5047
1668 10737
1669 811
1669 6966
1669 7015
1669 7720
1669 11541
1670 4514
1670 9504
1670 7119
1670 2768
1670 2982
1670 6631
1670 4218
1670 5837
1670 10172
1670 2965
1670 3794
1670 3261
1670 10814
1670 4549
1670 4892
1670 4675
1670 8164
1670 4188
1670 6800
1670 10255
1670 6633
1670 9124
1670 10378
1670 10945
1670 9765
1670 10426
1670 1271
1670 1827
1670 8119
1670 11246
1670 2014
1670 10464
1670 1293
1670 10242
1670 8997
1670 211
1671 5016
1671 6680
1671 1624
1671 7071
1671 8778
1671 5322
1671 7609
1671 9854
1671 9604
1671 10638
1671 11525
1671 11583
1671 10446
1672 3271
1672 2568
1672 2490
1672 2899
1672 5549
1672 9150
1672 10418
1673 2724
1673 2025
1673 2649
1673 6942
1673 8744
1673 6639
1674 835
1674 4260
1674 4923
1674 1249
1674 5611
1674 1624
1674 7796
1674 8132
1674 8169
1674 7864
1674 8449
1674 8779
1674 8409
1674 9037
1674 8407
1674 8679
1674 8728
1674 9947
1674 7629
1674 6774
1674 9700
1674 837
1674 825
1674 11690
1674 6438
1674 6446
1675 2249
1675 8815
1675 301
1675 2335
1675 7951
1676 7060
1676 8199
1676 8579
1676 8577
1676 1549
1676 9037
1676 8208
1676 8207
1676 7694
1676 9947
1676 9444
1676 10236
1676 10290
1676 6269
1676 6864
1676 7386
1676 11375
1676 11769
1677 963
1677 1097
1677 2355
1677 2356
1677 2455
1677 4372
1677 4846
1677 4919
1677 1632
1677 3747
1678 10368
1678 893
1678 1741
1678 10349
1678 892
1678 3237
1678 5432
1678 10746
1678 4586
1678 5181
1678 9207
1678 2773
1678 11357
1679 4255
1679 4260
1679 5016
1679 5391
1679 8254
1679 8253
1679 7514
1679 8407
1679 9037
1679 9604
1679 10234
1679 9774
1679 11600
1680 10978
1680 2146
1680 196
1680 10675
1680 10690
1681 1026
1681 2411
1681 4175
1681 4645
1681 4792
1681 4794
1681 1469
1681 1897
1681 3077
1681 6157
1681 6158
1681 6224
1681 3831
1681 3832
1681 3322
1681 10839
1681 4296
1681 3428
1681 2519
1681 11229
1681 11518
1682 8417
1682 7071
1682 8253
1682 8604
1682 7782
1682 9064
1682 9037
1682 7684
1682 8207
1682 10169
1682 9857
1682 9852
1682 9855
1682 9100
1682 9603
1682 9947
1682 10236
1682 10238
1682 6774
1682 9319
1682 10271
1682 10326
1682 10449
1682 10567
1682 7551
1682 11524
1682 10811
1682 4280
1682 11788
1682 11769
1682 11816
1683 6826
1683 912
1683 7273
1683 8965
1683 10805
1684 7603
1684 696
1684 1261
1684 3103
1684 3915
1684 4091
1684 5750
1684 5864
1685 6610
1685 1479
1685 5418
1685 1984
1685 1568
1685 4244
1685 2372
1685 3832
1685 5067
1685 4426
1685 4020
1685 7788
1685 7972
1685 4619
1685 5022
1685 10178
1685 10662
1685 2520
1685 4901
1685 11104
1685 11507
1686 3439
1686 792
1686 6633
1686 3483
1686 10806
1686 5074
1686 11633
1686 10626
1686 11613
1687 8103
1687 7541
1687 8132
1687 8199
1687 8604
1687 8763
1687 7442
1687 9690
1687 9243
1687 11822
1688 859
1688 2153
1688 5217
1688 6014
1688 6012
1688 9552
1689 8602
1689 9730
1689 7442
1689 9690
1689 10798
1689 6096
1689 1160
1690 9109
1690 9508
1690 9744
1690 9725
1690 6849
1690 10368
1690 10418
1690 3865
1690 743
1690 2373
1690 10742
1690 11360
1691 3593
1691 2948
1691 2984
1691 4272
1691 4269
1691 1603
1691 6827
1691 7908
1691 2737
1691 4460
1692 7594
1692 5445
1692 9109
1692 9218
1692 9495
1693 8916
1693 10753
1693 2085
1693 4023
1693 10289
1693 10367
1694 3381
1694 8328
1694 2759
1694 5369
1694 3613
1694 3957
1695 8635
1695 6798
1695 1698
1695 2439
1695 7458
1695 7097
1695 4393
1695 257
1695 757
1695 1034
1695 1962
1695 5304
1695 1793
1695 7569
1695 5738
1695 10946
1695 10854
1695 10898
1695 11172
1695 7273
1695 8062
1695 10553
1695 8896
1695 11133
1695 1493
1695 4247
1695 1164
1695 1490
1695 8181
1695 10841
1695 1805
1695 8442
1695 5787
1695 3965
1695 4275
1695 8990
1695 11105
1695 6433
1695 3811
1695 6063
1695 11397
1695 10814
1695 10813
1696 3589
1696 8449
1696 9278
1696 9183
1696 4748
1696 8207
1696 8510
1696 10234
1696 3658
1696 6096
1696 11606
1696 11156
1696 1624
1696 3668
1697 10798
1697 11098
1697 11196
1697 11526
1697 11528
1697 11529
1697 11530
1697 5635
1697 11255
1697 11527
1697 11521
1697 11522
1697 11531
1697 11647
1697 11632
1698 4327
1698 8333
1698 8462
1698 6957
1698 7639
1698 2542
1699 6173
1699 8298
1699 1808
1699 2948
1699 2980
1699 4516
1699 4946
1699 1792
1700 4242
1700 6607
1700 8052
1700 2352
1700 9308
1700 1545
1700 8846
1700 2939
1700 3987
1700 4259
1700 8549
1700 548
1700 4379
1700 8076
1700 8909
1700 2982
1700 11140
1700 8264
1700 9625
1700 8360
1701 3709
1701 2540
1701 6301
1701 8600
1701 11122
1701 3182
1702 911
1702 2025
1702 5650
1702 6826
1702 1040
1703 7971
1703 8039
1703 3950
1703 3952
1703 2491
1703 4854
1703 4035
1703 8484
1703 6712
1703 7862
1703 10047
1703 767
1703 7988
1703 7861
1703 10254
1703 3996
1703 4039
1703 4332
1703 10742
1703 4385
1703 4330
1703 1238
1703 8113
1703 10743
1703 4853
1703 10885
1703 892
1703 6737
1703 7973
1703 6807
1703 4560
1703 2002
1703 8172
1703 6091
1703 10307
1703 1929
1703 9185
1704 4989
1704 7585
1704 7542
1704 9508
1704 8208
1704 8803
1704 9659
1704 9859
1704 10169
1704 9856
1704 9857
1704 892
1704 10371
1704 9100
1704 9776
1704 6679
1704 9712
1704 10201
1704 10798
1704 5782
1704 9319
1704 11302
1704 11530
1704 11613
1704 11558
1704 11614
1704 11654
1705 9100
1705 6258
1705 5304
1705 10798
1705 6096
1705 11650
1706 10823
1706 10976
1706 10618
1706 8293
1706 9690
1706 10271
1706 9319
1706 11130
1706 11132
1706 10798
1706 5782
1706 5834
1706 6730
1706 7721
1706 11098
1706 11196
1706 11232
1706 10915
1706 11307
1706 11378
1706 11379
1706 10914
1706 10916
1706 10919
1706 10917
1706 10793
1706 10794
1706 10797
1706 10911
1706 10912
1706 10913
1706 10918
1706 11308
1706 11448
1706 11483
1706 11255
1706 11528
1706 11524
1706 11529
1706 11579
1706 11580
1706 2573
1706 11254
1707 3342
1707 6624
1707 2507
1707 9711
1707 3613
1707 2717
1707 7234
1707 3016
1707 9707
1707 7477
1707 10471
1708 4916
1708 8449
1708 9604
1708 9854
1708 5307
1709 2021
1709 7570
1709 7559
1709 10612
1709 11447
1710 7813
1710 3558
1710 7856
1710 10192
1710 3561
1710 7534
1711 4347
1711 5230
1711 3516
1711 4923
1711 5391
1711 5395
1711 5393
1711 5390
1711 5709
1711 6921
1711 8384
1711 7796
1711 7514
1711 9852
1711 8407
1711 6343
1711 10449
1712 5023
1712 6739
1712 7186
1712 7354
1712 7742
1712 7974
1712 955
1712 1674
1712 3711
1712 3995
1712 3997
1712 4039
1712 4042
1712 4048
1712 4532
1712 4976
1712 5298
1712 5304
1712 5309
1712 5909
1712 5974
1712 5975
1712 5976
1712 5978
1712 5999
1712 6000
1712 6002
1712 6756
1712 6848
1712 8485
1712 9109
1712 30
1712 3297
1712 3642
1712 3992
1712 6312
1712 7173
1712 2894
1713 1003
1713 613
1713 5398
1713 1079
1713 9702
1714 3987
1714 5730
1714 11353
1714 10517
1714 5320
1714 6833
1714 3015
1715 4725
1715 4702
1715 4923
1715 5016
1715 5024
1715 7060
1715 7541
1715 7514
1716 4781
1716 1089
1716 4245
1716 7045
1716 5020
1717 1638
1717 3063
1717 4260
1717 5807
1717 3932
1717 8383
1717 7694
1717 10774
1717 6998
1717 10288
1717 10976
1717 11232
1717 11770
1718 6185
1718 10055
1718 1510
1718 2023
1718 2061
1718 4377
1718 6299
1718 9448
1718 9977
1718 3068
1719 4164
1719 1626
1719 2362
1719 1625
1719 5300
1720 1464
1720 8679
1720 3166
1720 6774
1720 10633
1720 11583
1720 11487
1720 11041
1720 11484
1721 5846
1721 6065
1721 112
1721 7913
1721 5491
1721 9195
1721 10498
1722 10140
1722 187
1722 4588
1722 7728
1722 10240
1723 8417
1723 7514
1723 6258
1723 6831
1723 10916
1724 9100
1724 6258
1724 9444
1724 10201
1724 5782
1724 10798
1724 5834
1724 11232
1725 5230
1725 2611
1725 2610
1725 5228
1725 7060
1725 6363
1725 8254
1725 8449
1725 8385
1725 8779
1725 8677
1725 1543
1725 8407
1725 8763
1725 10236
1725 10760
1725 11528
1726 3973
1726 1176
1726 1179
1726 2626
1726 2628
1726 4164
1726 5948
1726 1270
1726 6811
1726 7178
1726 874
1726 3118
1726 4783
1726 5916
1726 6746
1726 1205
1726 3679
1726 3702
1726 4322
1726 4673
1726 6747
1726 7459
1726 3514
1726 4889
1726 802
1726 7619
1726 708
1727 298
1727 7065
1727 5102
1727 3428
1727 5293
1727 5417
1727 5507
1727 5573
1728 2085
1728 4577
1728 2306
1728 3394
1728 6797
1728 8461
1728 5368
1728 777
1728 1013
1728 3006
1728 3981
1728 5233
1728 7076
1728 7691
1729 8415
1729 9034
1729 8598
1729 9037
1729 9260
1729 3164
1729 7585
1729 8207
1729 8208
1729 9785
1729 7694
1729 9730
1729 9776
1729 10371
1729 9712
1729 10236
1729 978
1729 5834
1729 10169
1729 11281
1729 11606
1729 4280
1730 5657
1730 6224
1730 213
1730 559
1730 5642
1730 5700
1730 4098
1730 8928
1730 825
1730 10487
1730 10488
1730 4167
1730 8503
1730 10820
1731 4205
1731 806
1731 899
1731 3193
1731 5226
1731 5229
1731 5391
1731 5228
1731 6343
1731 1624
1731 6485
1731 7060
1731 8254
1731 7585
1731 8047
1731 10234
1731 10117
1731 10287
1731 5781
1731 6444
1731 9669
1731 11536
1732 2034
1732 1413
1732 5932
1732 7504
1732 1943
1732 723
1732 4306
1732 184
1732 1114
1732 3058
1732 10970
1732 9942
1732 8410
1732 10448
1732 6008
1732 9017
1732 4098
1732 1687
1732 1390
1732 2770
1732 6808
1732 9080
1732 10011
1732 883
1733 4064
1733 4091
1733 9432
1733 3368
1733 5068
1733 5143
1733 4280
1733 10628
1733 2648
1733 10753
1734 7718
1734 3161
1734 8631
1734 7712
1734 130
1734 2648
1734 4277
1734 11256
1734 7711
1734 6734
1734 8279
1734 8165
1734 11792
1734 5727
1734 7987
1734 3509
1735 21
1735 5554
1735 3159
1735 4752
1735 9297
1736 622
1736 10658
1736 7836
1736 6284
1736 11568
1737 6614
1737 6616
1737 205
1737 7572
1737 8931
1737 9151
1737 1348
1737 6613
1737 6826
1738 10169
1738 10234
1738 4104
1738 9735
1738 11702
1738 6438
1739 6405
1739 2255
1739 10286
1739 8761
1739 6826
1739 5851
1739 6827
1739 7267
1739 10007
1739 8120
1739 3690
1739 11322
1739 8344
1739 7813
1739 4889
1739 7884
1739 3708
1739 9150
1739 9769
1739 10589
1740 5184
1740 6172
1740 6531
1740 1957
1740 2640
1740 2884
1740 3660
1740 4126
1740 11517
1740 10834
1741 8306
1741 9506
1741 7354
1741 9746
1741 5147
1741 7974
1741 6239
1742 3785
1742 8402
1742 7427
1742 1670
1742 7428
1742 5716
1742 10003
1742 3556
1742 4053
1742 5001
1742 10635
1742 11042
1742 7601
1742 8556
1742 9332
1742 585
1742 3610
1742 5356
1742 1703
1742 5307
1742 6824
1742 1383
1742 3200
1742 5972
1742 3552
1742 4058
1743 6713
1743 7557
1743 7421
1743 7828
1743 11086
1743 5437
1743 4389
1743 7851
1743 8357
1743 10034
1744 4234
1744 9833
1744 7573
1744 9736
1744 8214
1744 4204
1744 4619
1744 5300
1744 10559
1744 7265
1744 7268
1744 8064
1744 2525
1744 3238
1744 5817
1744 9059
1744 7018
1744 6498
1744 909
1744 2161
1744 9829
1745 9109
1745 9700
1745 9773
1745 9154
1745 11283
1745 11530
1745 11568
1745 8456
1745 11496
1745 7092
1745 7557
1746 4191
1746 6838
1746 9114
1746 4983
1746 4979
1747 5273
1747 9673
1747 2139
1747 2715
1747 5332
1747 8823
1747 11472
1748 4763
1748 1837
1748 2309
1748 6372
1748 1046
1748 1095
1748 4771
1748 5047
1748 4782
1748 3987
1748 5240
1748 8791
1748 5171
1748 5435
1748 3393
1748 6724
1748 11200
1748 9561
1748 11140
1748 1096
1748 11536
1748 5200
1748 6915
1748 5261
1749 7541
1749 8169
1749 8254
1749 8382
1749 585
1749 11558
1749 3824
1749 3639
1749 11675
1750 6011
1750 8444
1750 8373
1750 9349
1750 2896
1750 1261
1750 7552
1750 1621
1750 6686
1750 7709
1750 9886
1750 3589
1750 3120
1750 2571
1750 2146
1750 2374
1750 5787
1750 8410
1750 7708
1750 5779
1750 8095
1750 11550
1750 7907
1750 911
1750 7248
1750 5215
1750 10640
1750 1139
1750 4903
1750 7757
1750 5607
1750 7535
1750 6626
1750 9038
1750 3552
1750 8333
1750 9151
1750 1536
1750 6512
1750 10468
1750 11144
1751 830
1751 4823
1751 1766
1751 9195
1751 5420
1751 6908
1751 5185
1752 7916
1752 8252
1752 9186
1752 9547
1752 1125
1753 11568
1753 7314
1753 4104
1753 11602
1753 11580
1753 11606
1753 5788
1753 11566
1754 5125
1754 8566
1754 7265
1754 3015
1754 4440
1754 10168
1754 896
1754 6774
1755 4782
1755 2996
1755 6913
1755 4866
1755 9198
1755 11245
1755 11346
1755 9938
1755 10042
1755 9981
1755 11783
1755 1622
1755 3236
1755 6164
1755 7676
1756 9109
1756 8060
1756 9939
1756 11382
1756 9534
1757 59
1757 152
1757 1411
1757 1415
1757 2785
1757 4482
1757 4971
1757 9521
1757 10412
1757 10861
1758 1253
1758 6957
1758 8077
1758 4589
1758 3864
1758 6956
1758 8834
1758 5737
1758 5425
1758 7765
1759 8411
1759 191
1759 1069
1759 1341
1759 4156
1759 7452
1759 7926
1759 9197
1760 691
1760 4280
1760 4281
1760 7296
1760 4091
1761 6625
1761 7740
1761 9061
1761 8092
1761 7836
1761 9294
1762 798
1762 1274
1762 792
1762 2447
1762 5195
1762 1624
1762 8449
1762 8415
1763 293
1763 520
1763 8696
1763 4661
1763 5825
1763 1119
1763 6266
1763 10541
1763 10540
1763 10939
1763 5724
1763 2847
1763 8600
1763 5979
1763 2177
1763 6898
1764 8417
1764 8251
1764 2016
1764 2017
1764 2032
1764 8703
1765 873
1765 1174
1765 2699
1765 10872
1765 6284
1765 8833
1765 10096
1765 10369
1765 8140
1765 9209
1765 10618
1766 7598
1766 4926
1766 496
1766 1100
1766 10395
1766 3597
1767 9705
1767 7721
1767 9154
1767 10968
1767 11820
1768 2328
1768 232
1768 2886
1768 1047
1768 5038
1768 4218
1769 2456
1769 1830
1769 969
1769 1614
1769 1616
1769 3096
1769 3508
1769 1233
1769 2897
1769 2026
1769 5821
1769 6483
1769 3480
1769 1612
1769 6960
1769 4951
1769 5155
1769 7613
1769 4478
1769 6531
1769 10582
1769 11529
1769 6096
1769 10040
1769 11736
1769 11439
1769 6438
1770 10181
1770 190
1770 8931
1770 6609
1770 8615
1770 7319
1770 7855
1770 10634
1770 11278
1770 1079
1771 10730
1771 5978
1771 10368
1771 10626
1771 3036
1771 6983
1772 5926
1772 3718
1772 567
1772 6239
1772 11363
1772 11371
1773 8231
1773 3375
1773 3007
1773 2653
1773 11204
1774 3595
1774 5225
1774 4442
1774 5716
1774 9047
1774 8822
1774 514
1774 2022
1775 1258
1775 1732
1775 1109
1775 3748
1775 2292
1776 7541
1776 8383
1776 8677
1776 9859
1776 11702
1777 9008
1777 1860
1777 1007
1777 5813
1777 412
1777 4280
1778 1624
1778 6406
1778 7760
1778 3015
1778 7006
1779 3994
1779 4010
1779 4976
1779 6347
1779 110
1779 10753
1779 10418
1780 540
1780 3193
1780 3457
1780 4350
1780 4933
1780 4923
1780 1464
1780 3516
1780 5391
1780 6017
1780 6077
1780 6488
1780 7060
1780 7036
1780 8736
1780 11291
1780 8681
1780 11485
1780 11156
1780 11782
1780 11496
1780 6449
1780 11701
1781 170
1781 886
1781 1886
1781 3613
1781 8616
1782 1543
1782 9659
1782 9855
1782 10169
1782 7694
1782 9519
1782 9444
1782 9066
1782 5834
1782 11772
1783 1194
1783 3516
1783 5611
1783 6077
1783 6343
1783 7617
1783 8449
1783 9174
1783 8208
1783 9663
1783 9507
1783 6446
1783 9734
1784 3368
1784 5831
1784 8760
1784 4507
1784 6011
1784 597
1784 9361
1784 5548
1784 3699
1784 5508
1784 5903
1784 4501
1784 10063
1784 468
1784 3566
1784 4308
1784 6825
1784 7907
1785 4725
1785 5016
1785 7442
1785 1703
1785 8992
1785 7365
1785 10616
1785 11735
1785 10615
1785 11821
1786 3984
1786 1979
1786 9117
1786 4518
1786 1394
1786 8529
1786 8214
1786 166
1786 10083
1786 10022
1786 379
1786 872
1786 2931
1786 11179
1786 3223
1786 3230
1786 5817
1786 365
1786 683
1786 6729
1786 4590
1786 6238
1786 7170
1786 7780
1786 3228
1786 3229
1787 2478
1787 6957
1787 4263
1787 5740
1787 4751
1787 1471
1787 248
1787 2991
1788 7860
1788 10169
1788 9854
1788 9712
1788 9215
1788 7369
1789 5834
1789 6417
1789 10247
1789 11255
1789 11347
1789 11514
1789 11399
1790 4976
1790 9109
1790 2836
1790 7296
1790 8576
1790 10295
1790 11447
1790 5976
1790 8182
1791 5455
1791 5457
1791 7939
1791 9337
1791 9847
1791 3137
1791 4151
1791 7673
1791 10016
1792 11074
1792 10798
1792 5834
1792 1861
1792 7364
1792 11297
1792 11232
1792 11313
1792 7918
1792 5635
1792 11255
1792 5182
1792 6096
1792 2977
1792 10852
1792 11564
1792 11566
1792 5162
1792 11439
1792 6443
1793 281
1793 351
1793 195
1793 266
1793 350
1793 1252
1793 1350
1793 1379
1793 2047
1793 3187
1793 3195
1793 3262
1793 3480
1793 4164
1793 5570
1793 6533
1793 6661
1793 7334
1793 8006
1793 8931
1794 9629
1794 830
1794 3355
1794 3389
1794 884
1794 1074
1795 8417
1795 8251
1795 8197
1795 1543
1795 10969
1796 5138
1796 2412
1796 2595
1796 142
1796 7726
1796 381
1796 3096
1796 6830
1796 8794
1796 3375
1796 2891
1796 9621
1796 5523
1796 10852
1796 9975
1796 6724
1797 10730
1797 11187
1797 2607
1797 5124
1797 7692
1797 10289
1798 1638
1798 3981
1798 3983
1798 2317
1798 5963
1798 64
1798 8900
1798 8298
1798 5579
1798 1493
1798 8819
1798 6237
1798 1839
1798 2996
1798 3375
1798 3434
1798 7577
1798 8258
1798 8882
1798 2496
1798 8880
1798 9760
1798 2876
1798 7938
1798 8837
1798 10083
1798 3336
1798 8403
1798 2972
1798 9547
1798 9753
1799 5918
1799 6208
1799 10689
1799 3393
1799 7276
1799 9879
1799 5834
1799 7539
1800 7569
1800 1132
1800 7651
1800 8941
1800 7767
1800 9415
1801 8923
1801 1436
1801 5670
1801 1407
1801 1416
1801 2324
1801 2323
1801 428
1801 1581
1801 3816
1801 6238
1801 7129
1801 8755
1801 9481
1801 9508
1801 9607
1801 9465
1801 1601
1801 5672
1801 9507
1801 10423
1801 1417
1802 4972
1802 7234
1802 11018
1802 2871
1802 10688
1803 627
1803 628
1803 630
1803 787
1803 3589
1803 1515
1803 876
1803 3456
1803 5229
1803 820
1803 312
1803 2554
1803 2410
1803 2545
1803 7397
1803 7398
1803 6957
1803 4979
1803 4980
1803 8736
1803 3711
1803 3712
1803 4384
1803 5138
1803 7926
1803 10366
1803 8767
1803 7970
1803 8059
1803 6018
1803 11232
1803 1455
1803 5788
1804 10181
1804 431
1804 1553
1804 5789
1804 4549
1804 1297
1804 2436
1804 6856
1804 8874
1804 10377
1804 10314
1804 3435
1804 8897
1804 8826
1804 4997
1805 6664
1805 3453
1805 3659
1805 3905
1805 10474
1805 6022
1805 6026
1805 3589
1805 3293
1805 4738
1806 7694
1806 6258
1806 9947
1806 9444
1806 9280
1806 10236
1806 10497
1806 10201
1806 11264
1806 11098
1806 11196
1806 10618
1806 10040
1806 11218
1806 8681
1806 10600
1806 11308
1806 11483
1806 11307
1806 10169
1806 10918
1806 10797
1806 10793
1806 10794
1806 5635
1806 11255
1806 11581
1806 11517
1806 11254
1806 11497
1807 2156
1807 2560
1807 4313
1807 6826
1807 7383
1807 8601
1808 8045
1808 4367
1808 5938
1808 4622
1808 7154
1808 278
1808 9972
1808 9110
1808 7561
1808 7562
1808 9991
1808 11597
1808 1769
1808 4848
1808 4237
1808 10774
1808 1479
1809 452
1809 574
1809 641
1809 3316
1809 6263
1809 10977
1809 6528
1810 1624
1810 8449
1810 8132
1810 9037
1810 8728
1810 3166
1810 3164
1810 9444
1810 9733
1810 3658
1810 9243
1810 11522
1810 11568
1810 11496
1810 11768
1810 11777
1811 1567
1811 2517
1811 3465
1811 3721
1811 3517
1811 3064
1811 4702
1811 4255
1811 4260
1811 5228
1811 5016
1811 3515
1811 5395
1811 6018
1811 770
1811 10968
1811 11773
1811 11828
1811 11832
1812 1270
1812 2036
1812 1286
1812 6108
1812 7547
1813 2399
1813 5418
1813 4472
1813 6222
1813 2085
1813 2988
1814 5226
1814 5016
1814 5395
1814 6717
1814 8132
1814 8383
1814 8382
1814 8415
1814 8778
1814 9034
1814 9037
1814 8189
1814 8763
1814 10169
1814 9705
1814 10638
1814 6729
1814 11185
1814 11399
1814 11583
1814 11558
1814 11741
1814 11768
1814 11828
1815 4136
1815 3939
1815 10169
1815 9244
1815 3107
1815 1119
1815 10287
1815 10289
1815 11529
1815 4748
1815 3117
1815 11828
1816 7071
1816 8382
1816 8415
1816 8408
1816 9260
1816 8510
1817 306
1817 1864
1817 3639
1817 1105
1817 1933
1817 7265
1817 1609
1817 8829
1817 10368
1817 10369
1817 10418
1818 809
1818 1788
1818 2983
1818 3015
1818 3816
1818 5895
1818 7910
1818 8236
1818 9649
1818 835
1818 749
1818 2982
1818 3016
1818 812
1819 2098
1819 1703
1819 9072
1819 9374
1819 10542
1820 3368
1820 3501
1820 10626
1820 9508
1820 7690
1820 1347
1821 3541
1821 4161
1821 8692
1821 4395
1821 7083
1821 7534
1821 7768
1821 7885
1821 2500
1821 2283
1821 2807
1821 4397
1821 4424
1821 5532
1821 5125
1821 912
1821 1624
1821 5484
1821 3170
1821 6093
1822 6771
1822 7057
1822 11075
1822 5219
1822 9970
1822 6789
1823 4853
1823 4532
1823 3553
1823 455
1823 1440
1823 4694
1823 7918
1823 11579
1823 11487
1823 11606
1823 11128
1823 4722
1823 2573
1823 5788
1823 11156
1823 1116
1823 1860
1823 6383
1823 9641
1823 7561
1823 7273
1823 4310
1823 441
1823 6332
1823 8507
1823 11515
1823 3484
1823 5787
1823 6444
1823 11118
1823 10092
1823 10321
1823 10446
1823 8225
1824 142
1824 1638
1824 5588
1824 5814
1824 10370
1825 944
1825 4662
1825 285
1825 1365
1825 7444
1825 1313
1825 1357
1825 3011
1826 1960
1826 3666
1826 4995
1826 7768
1826 1261
1826 7627
1826 8525
1826 10001
1826 3514
1826 10946
1826 9736
1826 805
1826 3672
1826 10004
1826 9444
1826 9438
1826 2555
1826 31
1826 6404
1826 7340
1827 21
1827 1717
1827 3007
1827 7339
1827 6826
1828 5560
1828 1031
1828 1147
1828 4197
1828 970
1828 1729
1828 3058
1828 2084
1828 2374
1828 7417
1829 792
1829 3922
1829 10240
1829 6822
1829 7551
1829 11399
1829 6240
1829 6353
1829 6774
1829 9756
1829 2901
1829 5516
1829 10114
1829 10751
1829 6239
1829 9784
1829 896
1829 3214
1829 3223
1829 5964
1829 11630
1829 912
1829 1864
1829 3200
1829 6444
1829 7005
1829 9294
1829 10805
1829 11517
1829 5350
1829 11439
1829 11501
1829 11118
1829 2
1829 3441
1829 7248
1829 8676
1829 10611
1829 11835
1830 5947
1830 1949
1830 9736
1830 6090
1830 11573
1831 7938
1831 10824
1831 7677
1831 10755
1831 11124
1831 11747
1832 2650
1832 7570
1832 9507
1832 9813
1832 5583
1833 4762
1833 8433
1833 2261
1833 5030
1833 6102
1833 8403
1833 9350
1833 11018
1833 5044
1833 5413
1833 3820
1833 6498
1833 8659
1833 9109
1833 4837
1833 11749
1834 9260
1834 9584
1834 8208
1834 9922
1834 9947
1834 6258
1834 7694
1834 9444
1834 10371
1834 9733
1834 7369
1834 10287
1834 9446
1834 10976
1834 9690
1834 10798
1834 9386
1834 11485
1834 2022
1834 6096
1834 877
1834 5788
1834 11156
1834 11635
1834 6446
1834 11768
1835 1483
1835 6679
1835 7442
1835 7017
1835 10823
1835 5783
1835 9243
1835 5781
1835 9690
1835 10798
1835 10014
1835 11074
1835 11131
1835 11132
1835 11098
1835 9747
1835 11232
1835 10793
1835 11135
1835 7551
1835 11550
1835 3485
1835 4958
1835 7512
1835 10218
1835 7918
1835 10070
1835 6096
1835 11540
1835 6443
1835 1827
1835 11675
1835 11772
1835 11822
1835 4443
1835 11832
1836 6069
1836 6596
1836 10182
1836 480
1836 10544
1836 8411
1836 7892
1836 6751
1836 9907
1837 3613
1837 6799
1837 1653
1837 3744
1837 3749
1838 8169
1838 6363
1838 8254
1838 9260
1838 8409
1838 9037
1838 9705
1838 9100
1838 9775
1838 9700
1838 7629
1838 9444
1838 9773
1838 5834
1838 11232
1838 10911
1838 10916
1838 11307
1838 11483
1838 11601
1838 2573
1838 11600
1838 5788
1838 10092
1839 809
1839 3884
1839 5228
1839 5230
1839 5016
1839 3515
1839 5395
1839 5611
1839 6018
1839 6344
1839 1624
1839 7060
1839 7101
1839 7779
1839 8131
1839 8449
1839 7036
1839 8189
1839 9853
1839 9775
1839 9855
1839 7629
1839 5307
1839 9518
1839 5781
1839 11185
1839 6364
1839 2573
1839 11511
1839 11401
1839 11675
1840 7514
1840 9773
1840 7317
1840 7321
1840 10798
1840 5782
1840 11568
1841 8959
1841 9859
1841 7484
1841 8677
1841 8135
1841 9858
1841 8407
1841 9037
1841 9519
1841 10234
1841 1822
1841 6084
1841 2203
1841 10760
1841 10271
1841 1046
1841 4505
1841 9557
1841 8900
1841 9142
1841 11117
1841 11185
1841 11196
1841 7802
1841 961
1841 6979
1841 6364
1841 11527
1841 7918
1841 11544
1841 11550
1841 5933
1841 1258
1841 3896
1841 11442
1841 11601
1841 11490
1841 2573
1841 9707
1841 11741
1841 11136
1841 10044
1841 11675
1841 11775
1842 7415
1842 7564
1842 3624
1842 6678
1842 8515
1842 10262
1843 3700
1843 5906
1843 5933
1843 6336
1843 7781
1843 8616
1843 330
1843 1722
1843 4079
1843 4081
1843 5346
1843 6335
1843 6337
1843 6338
1843 6957
1843 10032
1843 8070
1843 8903
1843 5438
1843 4938
1843 822
1843 8987
1843 2954
1844 6363
1844 7321
1844 8249
1844 6239
1844 7824
1844 11568
1844 7293
1844 11782
1844 10092
1845 4110
1845 7854
1845 6774
1845 8679
1845 3164
1845 5542
1845 886
1845 1246
1845 3553
1845 8417
1845 6593
1845 4104
1845 8692
1845 2281
1845 5153
1845 7606
1845 531
1845 4101
1845 6364
1845 1993
1845 6326
1845 10261
1845 4234
1845 2288
1845 5068
1845 9701
1845 10168
1845 10559
1845 4977
1845 11290
1846 6924
1846 2312
1846 4293
1846 6008
1846 6692
1847 1729
1847 6115
1847 1516
1847 6372
1847 6599
1847 4937
1847 3228
1847 3236
1847 6751
1847 7889
1848 69
1848 4508
1848 5975
1848 3697
1848 3957
1849 1386
1849 1296
1849 1624
1849 1787
1849 8415
1849 7514
1849 8197
1849 9037
1849 9637
1849 9730
1849 10600
1849 11399
1849 11583
1849 11606
1849 770
1849 11518
1849 11791
1849 11439
1850 6466
1850 9644
1850 1907
1850 9913
1850 10686
1851 2545
1851 5363
1851 3305
1851 8239
1851 5231
1852 7060
1852 7541
1852 3164
1852 8603
1852 8728
1852 7585
1852 9340
1852 10169
1852 3658
1852 9710
1852 11029
1853 7060
1853 3058
1853 9446
1853 10902
1853 10182
1853 11524
1853 11701
1854 2948
1854 2980
1854 2984
1854 2988
1854 3005
1855 6404
1855 2550
1855 8721
1855 2487
1855 6043
1855 10197
1855 199
1856 10823
1856 7417
1856 11232
1856 6751
1856 3396
1856 11530
1856 11550
1856 11329
1856 11041
1856 11578
1856 5788
1856 2609
1856 11540
1856 8896
1856 10155
1856 7362
1856 186
1856 11439
1856 2014
1856 1827
1856 11635
1856 10693
1856 9734
1856 187
1856 10852
1856 11536
1856 11581
1857 1120
1857 4459
1857 4763
1857 3720
1857 659
1857 6145
1857 6834
1857 5815
1857 4566
1857 296
1857 6799
1858 597
1858 2837
1858 3381
1858 4158
1858 2677
1858 1057
1858 1574
1858 1401
1858 1979
1858 1978
1858 2310
1858 4109
1858 4110
1858 3471
1858 4575
1858 4577
1858 4680
1858 3200
1858 895
1858 7988
1858 7445
1858 7450
1858 5904
1858 6454
1858 11454
1859 4168
1859 974
1859 2555
1859 7973
1859 8220
1859 9109
1859 9508
1859 9507
1859 7823
1859 10928
1860 3517
1860 3589
1860 3506
1860 8778
1860 1543
1860 11448
1860 11524
1860 11399
1860 11270
1860 11632
1860 11515
1860 9669
1861 9054
1861 7694
1861 6258
1861 9947
1861 9730
1861 9444
1861 10201
1861 10976
1861 9318
1861 10618
1861 10759
1861 5783
1861 7017
1861 10798
1861 5782
1861 6730
1861 11098
1861 11196
1861 11232
1861 11002
1861 11378
1861 11379
1861 10169
1861 10247
1861 11581
1861 11481
1861 11254
1861 11776
1862 8253
1862 9064
1862 8677
1862 8681
1862 11298
1863 6660
1863 3096
1863 3760
1863 6771
1863 412
1864 7060
1864 8778
1864 8779
1864 8602
1864 3164
1864 10995
1864 10289
1864 5834
1864 11098
1864 6096
1864 11544
1864 11487
1864 11606
1864 11630
1865 412
1865 5932
1865 10690
1865 6979
1865 10628
1866 7248
1866 10766
1866 11108
1866 3166
1866 5516
1866 11374
1867 226
1867 352
1867 597
1867 4035
1867 4208
1867 5976
1867 2899
1867 6685
1867 9884
1868 5226
1868 3516
1868 5228
1868 5390
1868 6077
1868 7060
1868 6363
1868 8449
1868 8385
1868 9054
1868 9064
1868 3164
1868 9037
1868 8407
1868 9283
1868 9730
1868 9852
1868 9519
1868 7694
1868 9733
1868 6774
1868 10798
1868 4104
1868 1965
1868 11118
1868 11832
1869 246
1869 905
1869 3515
1869 4778
1869 5284
1869 8131
1869 8132
1869 8254
1869 11333
1869 3164
1869 8679
1869 9037
1869 8409
1869 7684
1869 9100
1869 6258
1869 9947
1869 9449
1869 7369
1869 6774
1869 6731
1869 10014
1869 6364
1869 7018
1869 458
1869 11486
1869 11529
1869 11521
1869 11526
1869 10805
1869 7918
1869 9787
1869 11484
1869 11487
1869 11270
1869 11558
1869 11540
1869 11720
1869 11782
1869 11775
1869 9799
1869 10092
1869 11822
1870 3398
1870 8382
1870 8102
1870 8208
1870 11485
1871 756
1871 2204
1871 6373
1871 8179
1871 1778
1872 6961
1872 5232
1872 4284
1872 8600
1872 1348
1872 3613
1873 4076
1873 4106
1873 6625
1873 4186
1873 321
1874 814
1874 3456
1874 3776
1874 5404
1874 4530
1874 5215
1874 2024
1874 3081
1874 9011
1874 9183
1874 9109
1874 10201
1874 4882
1874 3375
1875 1941
1875 2552
1875 2781
1875 7248
1875 10838
1876 2294
1876 1672
1876 3422
1876 5412
1876 6184
1876 6626
1876 1430
1876 2457
1876 3502
1876 1048
1876 2578
1876 3108
1876 6625
1876 6620
1876 894
1876 10958
1876 5460
1877 5472
1877 8668
1877 10169
1877 11291
1877 11298
1877 11485
1877 2573
1877 11601
1878 1613
1878 2546
1878 5099
1878 7075
1878 8763
1878 8818
1878 10236
1879 6419
1879 4975
1879 1506
1879 7682
1879 3212
1880 5228
1880 7541
1880 8407
1880 8408
1880 8409
1880 10289
1880 11484
1880 11580
1880 10626
1880 5788
1880 11782
1880 11769
1880 11770
1880 10446
1880 11635
1880 11816
1881 4571
1881 7518
1881 10623
1881 9448
1881 7716
1881 468
1881 8903
1881 8921
1881 4518
1881 7236
1881 7689
1881 142
1881 8989
1881 5690
1881 3613
1881 2481
1881 4845
1881 7141
1881 317
1881 5970
1881 3987
1881 9786
1881 3260
1881 11432
1881 967
1881 4516
1881 6945
1881 9092
1881 7699
1882 358
1882 156
1882 378
1882 5668
1882 5686
1883 3465
1883 4724
1883 4702
1883 4923
1883 1457
1883 5229
1883 1624
1883 6863
1883 8409
1883 8249
1883 6258
1883 7694
1883 9100
1883 9947
1883 5291
1883 5307
1883 10236
1883 9541
1883 10618
1883 10798
1883 1827
1883 6443
1883 11775
1883 9660
1884 10314
1884 4042
1884 7862
1884 5976
1884 8487
1884 11084
1884 11802
1884 3999
1884 8225
1884 892
1885 6410
1885 10169
1885 10247
1885 11378
1885 11379
1885 11030
1885 11031
1885 11483
1885 10912
1885 10913
1885 10914
1885 10916
1885 10917
1885 10918
1885 10919
1885 8681
1885 10600
1885 10797
1885 11307
1885 11308
1885 11448
1885 11255
1885 11528
1885 5635
1885 11529
1885 11530
1885 11399
1885 11527
1885 11543
1885 11329
1885 11581
1885 11582
1885 11578
1886 6738
1886 5978
1886 8646
1886 6239
1886 7984
1887 4319
1887 3676
1887 6015
1887 1237
1887 6114
1887 10093
1887 2253
1887 7434
1887 808
1887 10043
1888 4389
1888 6831
1888 9811
1888 3881
1888 6498
1888 7285
1888 8393
1888 11187
1889 5226
1889 5228
1889 5391
1889 5709
1889 7060
1889 8169
1889 8383
1889 3164
1889 8207
1890 872
1890 6468
1890 10368
1890 11450
1890 11545
1891 7060
1891 8779
1891 9064
1891 8407
1891 8207
1891 8208
1891 8408
1891 10169
1891 10236
1891 10287
1891 10288
1891 7694
1891 7490
1891 10321
1892 6482
1892 7796
1892 9584
1892 9709
1892 1902
1892 9603
1892 10234
1892 5291
1892 10760
1892 5834
1892 11185
1892 11232
1892 2998
1893 5092
1893 5089
1893 4041
1893 6925
1893 9109
1893 9955
1893 10313
1893 10371
1893 11399
1893 1619
1893 11485
1893 5572
1893 969
1893 3508
1894 6466
1894 6952
1894 2568
1894 5618
1894 9365
1895 2595
1895 10262
1895 10838
1895 6469
1895 9391
1895 6027
1895 8605
1895 8391
1895 10709
1895 9722
1895 10553
1895 2374
1895 9957
1895 6239
1896 7119
1896 3375
1896 813
1896 3380
1896 6258
1897 1624
1897 8449
1897 8254
1897 8385
1897 8679
1897 9037
1897 9490
1897 9011
1897 7694
1897 9285
1897 9286
1897 9603
1897 9947
1897 9604
1897 6774
1897 9319
1897 11194
1897 10600
1897 11481
1897 2573
1897 11601
1897 11602
1897 5788
1897 11270
1897 11632
1897 11720
1897 10446
1898 4795
1898 897
1898 4794
1898 8199
1898 8254
1898 8449
1898 8251
1898 8779
1898 9037
1898 8208
1898 9700
1898 9852
1898 9603
1898 9858
1898 9774
1898 10633
1898 6258
1898 11280
1898 11579
1898 10811
1898 6445
1898 6438
1899 3193
1899 6680
1899 8103
1899 6363
1899 7617
1899 8384
1899 8251
1899 8385
1899 8778
1899 9322
1899 9011
1899 9183
1899 11720
1899 584
1899 6445
1899 6438
1899 6444
1900 1482
1900 7569
1900 9774
1900 2044
1900 4992
1900 10114
1900 6069
1900 2914
1900 6065
1900 3515
1900 2218
1900 5534
1900 10823
1900 10182
1900 5780
1900 7017
1900 7022
1900 10113
1900 5783
1900 6258
1900 7721
1900 10976
1900 5834
1900 5781
1900 6072
1900 11291
1900 5000
1900 9153
1900 825
1900 9417
1900 4724
1900 6824
1900 6449
1901 4592
1901 7514
1901 9260
1901 8207
1901 9285
1901 9659
1901 9858
1901 9855
1901 9772
1901 9519
1901 10234
1901 10236
1901 9733
1901 6096
1902 1466
1902 4446
1902 7779
1902 9785
1902 2085
1902 1322
1902 4028
1902 1323
1902 7629
1902 10955
1902 5224
1902 3589
1903 4923
1903 5229
1903 5016
1903 1464
1903 1249
1903 3932
1903 1624
1903 6484
1903 7060
1903 7796
1903 8199
1903 8449
1903 6483
1903 8407
1903 3164
1903 9037
1903 7585
1903 9700
1903 9852
1903 10234
1903 10236
1903 252
1903 7369
1903 10902
1903 10182
1903 10449
1903 10014
1903 11283
1903 11486
1903 11632
1904 2153
1904 1760
1904 2942
1904 4251
1904 6857
1904 562
1904 5243
1904 284
1905 5229
1905 3516
1905 1624
1905 8132
1905 9612
1905 11769
1906 730
1906 2695
1906 3613
1906 263
1906 8471
1906 5935
1906 583
1906 3950
1906 10949
1906 11597
1906 3821
1906 6826
1906 7234
1906 5837
1907 145
1907 1413
1907 1871
1907 2217
1907 2231
1907 4166
1907 11604
1908 256
1908 2976
1908 2996
1908 7516
1908 457
1908 2495
1909 3242
1909 3375
1909 3174
1909 3336
1909 9840
1910 1341
1910 1348
1910 1369
1910 1307
1910 2839
1910 1347
1910 1622
1910 1336
1910 6371
1910 7203
1910 8207
1910 1313
1910 9100
1910 5834
1910 3348
1910 825
1910 10793
1910 10615
1910 10616
1910 11744
1910 7651
1910 9507
1910 11399
1910 11777
1911 3574
1911 1624
1911 7796
1911 8417
1911 8102
1912 8415
1912 8417
1912 8598
1912 9100
1912 10169
1912 9730
1912 9947
1912 11002
1913 8417
1913 7071
1913 7585
1913 10798
1913 10823
1913 10092
1914 4770
1914 4847
1914 2578
1914 2397
1914 1357
1914 1386
1914 6483
1914 8132
1914 2470
1914 11580
1914 1769
1914 11579
1914 6474
1914 3240
1914 8296
1914 1914
1914 8362
1914 9752
1914 7380
1914 3322
1914 11736
1915 10982
1915 572
1915 4970
1915 1689
1915 1124
1915 8504
1915 6464
1915 9505
1915 3460
1915 6474
1916 1553
1916 11142
1916 11536
1916 512
1916 9516
1916 10852
1916 7131
1917 7983
1917 9768
1917 3840
1917 7985
1917 5699
1917 6239
1918 2126
1918 9640
1918 9955
1918 9530
1918 9787
1918 7732
1918 10258
1918 6124
1918 10403
1918 10626
1918 10738
1919 6173
1919 70
1919 6174
1919 10863
1919 45
1919 2911
1919 10593
1919 8288
1919 11417
1919 2939
1919 1822
1919 1823
1920 811
1920 1692
1920 6738
1920 6739
1920 869
1920 1695
1920 5217
1920 4091
1920 6007
1920 10702
1920 7056
1921 4270
1921 7037
1921 978
1921 1064
1921 8918
1921 7557
1921 9683
1922 181
1922 222
1922 6927
1922 7383
1922 6610
1922 6543
1922 6616
1922 8931
1922 9150
1922 6613
1923 5228
1923 5391
1923 7541
1923 7864
1923 8254
1923 8778
1923 9659
1923 9444
1923 9669
1924 348
1924 3753
1924 5997
1924 6374
1924 8631
1925 4071
1925 6674
1925 11700
1925 2166
1925 6240
1925 6738
1925 10686
1926 3193
1926 4923
1926 5226
1926 5230
1926 5611
1926 7060
1926 8254
1926 8415
1926 8253
1926 8382
1926 9037
1926 8763
1926 9260
1926 8208
1926 6258
1926 9519
1926 9772
1926 10902
1926 10449
1926 11185
1926 10916
1926 10919
1926 7551
1926 11550
1927 4347
1927 4923
1927 1457
1927 5016
1927 1464
1927 3516
1927 5393
1927 8132
1927 8449
1927 8679
1927 3164
1927 7731
1927 9037
1927 9100
1928 1271
1928 4210
1928 1624
1928 6751
1928 70
1928 734
1928 873
1928 875
1928 1651
1928 287
1928 4468
1928 5753
1928 4367
1928 4594
1928 6700
1928 7795
1928 8954
1928 6487
1928 9263
1928 10836
1928 10817
1928 10820
1928 10821
1928 1638
1928 3590
1928 5022
1928 7819
1928 9827
1928 3987
1928 9689
1929 3150
1929 385
1929 6963
1929 3470
1929 2677
1929 3404
1929 7907
1929 5808
1930 1327
1930 3878
1930 7764
1930 1322
1930 1323
1930 1331
1930 1332
1930 4028
1930 4033
1930 1328
1930 6723
1930 8437
1930 4459
1930 280
1930 82
1931 876
1931 9700
1931 4479
1931 9199
1931 1086
1932 171
1932 8656
1932 8567
1932 10339
1932 7907
1932 8404
1932 737
1932 4025
1932 10426
1932 1228
1932 4630
1932 1919
1932 7971
1932 10002
1932 9462
1932 1238
1932 1540
1932 2318
1932 5965
1932 9474
1932 9807
1932 3637
1932 5294
1932 2108
1932 11319
1933 8415
1933 8253
1933 9490
1933 6258
1933 9444
1933 9243
1933 11568
1934 7417
1934 8808
1934 9507
1934 10626
1934 10702
1934 10884
1934 11365
1934 3994
1934 4035
1934 10718
1935 568
1935 1054
1935 7676
1935 11370
1935 9143
1935 1925
1935 8908
1936 3613
1936 4590
1936 5135
1936 10418
1936 6846
1936 10861
1937 1482
1937 1495
1937 1860
1937 5228
1937 1464
1937 5016
1937 228
1937 6482
1937 7035
1937 7796
1937 6363
1937 8449
1937 226
1937 2317
1938 9600
1938 5231
1938 8514
1938 10826
1938 1690
1938 7171
1938 1147
1938 4983
1939 7587
1939 6879
1939 10177
1939 8369
1939 10179
1939 5571
1939 5743
1939 7941
1939 9606
1939 7551
1939 4233
1939 5648
1939 8256
1939 8445
1939 10841
1939 9355
1939 10851
1939 9850
1939 9505
1940 2759
1940 5156
1940 10110
1940 135
1940 11568
1940 691
1941 1110
1941 1427
1941 3919
1941 162
1941 1803
1941 6116
1942 1849
1942 2309
1942 9053
1942 1107
1942 2358
1942 6078
1942 5285
1943 5430
1943 5932
1943 1006
1943 5205
1943 1543
1943 7248
1943 5307
1943 6258
1943 10326
1943 5438
1943 10182
1944 5344
1944 9462
1944 4540
1944 8851
1944 3981
1945 4654
1945 3166
1945 7779
1945 9100
1945 6258
1945 9947
1945 9730
1945 9444
1945 10497
1945 10639
1945 10201
1945 10798
1945 11232
1945 5635
1945 11255
1945 11329
1945 738
1945 7435
1945 11709
1945 10616
1945 11774
1945 11686
1946 2191
1946 6790
1946 7941
1946 4944
1946 6042
1946 7154
1947 2728
1947 3884
1947 2804
1947 2513
1947 5395
1947 3909
1947 831
1947 1266
1947 2024
1947 3682
1947 4438
1947 6483
1947 4794
1947 4412
1947 7959
1947 10976
1947 8681
1947 358
1947 1475
1947 2252
1947 5432
1947 6445
1947 11748
1948 9019
1948 1258
1948 5685
1948 9016
1948 9017
1948 9020
1948 978
1948 4389
1948 10610
1949 10086
1949 266
1949 1622
1949 1347
1949 9924
1949 5623
1949 11187
1949 11349
1949 3418
1949 5432
1949 11625
1949 6780
1949 5747
1950 4492
1950 9506
1950 2195
1950 5178
1950 9957
1950 2894
1950 7003
1951 9067
1951 8189
1951 7694
1951 8510
1951 10169
1951 9853
1951 9947
1951 6258
1951 9730
1951 9444
1951 10236
1951 9733
1951 9318
1951 5304
1951 7022
1951 11131
1951 10798
1951 6410
1951 10247
1951 11029
1951 11031
1951 11030
1951 10913
1951 11307
1951 11483
1951 10914
1951 10919
1951 11255
1951 11522
1951 11530
1951 11487
1951 11329
1951 6096
1951 11511
1951 10321
1952 7142
1952 9091
1952 789
1952 892
1952 3951
1952 5432
1952 5435
1952 8236
1952 373
1952 1640
1952 3437
1952 5434
1952 10367
1953 672
1953 2298
1953 3589
1953 5976
1953 6000
1953 9109
1953 10253
1954 1503
1954 130
1954 135
1954 623
1954 3792
1954 2036
1954 10542
1954 4318
1954 7880
1954 11380
1954 7810
1954 10638
1954 10639
1954 11423
1954 1198
1954 3406
1954 6081
1954 816
1954 2540
1954 6897
1954 8365
1954 10554
1954 531
1954 9321
1954 593
1954 1383
1954 1384
1954 3324
1954 6151
1954 9602
1954 10979
1954 4315
1955 9508
1955 10634
1955 892
1955 6084
1955 896
1956 2105
1956 4704
1956 7552
1956 3382
1956 6699
1956 9054
1956 2615
1956 9037
1956 7694
1956 9947
1956 7524
1956 10371
1956 9733
1956 6096
1956 7781
1956 9507
1956 5933
1956 7386
1956 738
1956 11632
1956 11709
1957 5395
1957 5393
1957 6344
1957 7060
1957 7541
1957 8599
1957 9034
1957 9179
1957 1543
1957 9705
1957 10169
1957 4085
1957 825
1957 11530
1957 10446
1957 11675
1958 4215
1958 871
1958 4448
1958 1916
1958 3965
1958 811
1959 4768
1959 4188
1959 9302
1959 749
1959 270
1959 5146
1959 6814
1959 8846
1959 10425
1959 236
1959 5339
1959 6549
1959 6907
1959 7836
1959 8064
1959 9802
1959 9990
1959 10141
1959 10198
1959 11146
1959 6957
1959 4966
1959 9261
1959 10655
1959 10690
1959 11226
1960 8728
1960 9700
1960 10182
1960 505
1960 11284
1960 132
1960 11515
1960 11782
1960 9799
1960 11675
1961 5152
1961 1672
1961 995
1961 2446
1961 968
1961 4290
1961 7654
1961 9758
1962 2736
1962 5590
1962 9975
1962 587
1962 5295
1962 6250
1962 1195
1962 7827
1962 1217
1962 5769
1962 9698
1962 4706
1962 3118
1962 5468
1962 5067
1962 2873
1962 4630
1962 3460
1962 710
1962 9567
1963 7514
1963 8250
1963 8382
1963 8417
1963 9034
1964 2567
1964 8755
1964 7423
1964 4630
1964 289
1965 1944
1965 1841
1965 2858
1965 3962
1965 5063
1965 6239
1966 5612
1966 10255
1966 1348
1966 6125
1966 909
1966 4981
1966 9110
1966 8011
1967 4426
1967 7115
1967 7213
1967 3951
1967 8901
1967 622
1967 2759
1967 3987
1967 2461
1967 6185
1967 2447
1968 1007
1968 197
1968 3288
1968 2297
1968 6458
1968 2156
1968 10858
1968 11649
1968 3501
1968 8467
1969 1372
1969 2250
1969 8374
1969 10364
1969 1374
1969 7958
1969 5716
1970 226
1970 6419
1970 8583
1970 5716
1970 8582
1970 495
1971 5717
1971 5586
1971 1581
1971 6188
1971 11006
1972 3735
1972 822
1972 181
1972 872
1972 3542
1972 1026
1972 6225
1972 5717
1973 412
1973 3558
1973 8582
1973 9022
1973 9740
1973 11175
1973 10199
1974 8697
1974 5178
1974 10718
1974 10806
1974 10626
1974 11036
1974 10287
1974 11005
1974 11484
1974 11485
1975 1352
1975 3465
1975 3517
1975 4724
1975 4702
1975 4725
1975 5016
1975 5391
1975 5393
1975 6363
1975 8383
1975 8382
1975 8407
1975 9154
1976 9064
1976 8728
1976 7684
1976 9922
1976 9857
1976 10236
1976 5834
1976 11232
1976 9154
1976 11030
1976 11029
1976 11031
1976 2609
1976 11439
1976 9734
1977 4923
1977 2401
1977 7683
1977 7694
1977 10169
1977 6258
1977 9854
1977 9855
1977 9947
1977 9603
1977 9604
1977 10371
1977 3658
1977 10919
1977 5635
1977 11194
1977 11483
1977 11522
1977 11530
1977 11490
1977 11602
1977 11567
1977 11720
1977 5788
1977 11739
1977 11136
1977 11772
1978 7683
1978 1100
1978 7759
1978 6537
1978 9297
1978 3658
1978 5780
1978 9243
1978 1259
1978 10014
1978 10378
1978 5571
1978 7587
1978 8640
1978 9622
1978 11566
1978 3368
1978 4075
1978 10171
1978 3828
1978 4238
1979 1613
1979 2470
1979 3368
1979 5816
1979 7727
1980 3551
1980 3541
1980 3542
1980 6613
1980 3200
1980 6762
1980 3882
1980 998
1980 6824
1980 4426
1981 222
1981 365
1981 180
1981 542
1981 623
1981 6343
1981 4865
1981 8417
1981 340
1981 585
1981 8408
1981 9260
1981 8728
1981 1543
1981 7683
1981 4349
1981 9947
1981 9855
1981 9100
1981 9603
1981 11074
1981 11132
1981 11282
1981 11439
1981 11635
1981 11741
1981 11501
1982 4724
1982 4725
1982 4255
1982 6483
1982 7060
1982 6363
1982 7616
1982 8415
1982 8385
1982 8778
1982 7694
1982 9100
1982 7918
1982 6096
1982 2573
1982 11558
1983 5640
1983 8268
1983 9416
1983 9137
1983 5380
1983 6840
1984 4209
1984 6615
1984 3359
1984 2328
1984 9923
1984 3711
1984 11264
1984 1148
1984 2687
1984 7372
1985 6063
1985 6498
1985 3166
1985 7158
1985 10495
1986 9445
1986 892
1986 4671
1986 7862
1986 9955
1986 1860
1987 2928
1987 4571
1987 4017
1987 8088
1987 1296
1988 3101
1988 1835
1988 6895
1988 8251
1988 4556
1988 8145
1988 5101
1988 7594
1988 9775
1988 9773
1988 9690
1988 10794
1988 9735
1988 6438
1988 11776
1988 11675
1989 4950
1989 5395
1989 6239
1989 4529
1989 3999
1989 4182
1989 4835
1989 7862
1990 1875
1990 3145
1990 969
1990 562
1990 1190
1990 304
1990 8518
1990 792
1990 5976
1991 3312
1991 639
1991 10091
1991 2447
1991 6842
1991 3375
1991 9154
1991 8020
1991 10395
1991 9586
1991 472
1991 3545
1991 5215
1991 10167
1991 10492
1992 1637
1992 3112
1992 8473
1992 2554
1992 2791
1992 4212
1993 927
1993 1788
1993 9131
1993 9120
1993 7321
1993 768
1993 5227
1993 4182
1993 4396
1993 6363
1993 6586
1993 7514
1994 676
1994 6017
1994 6680
1994 3592
1994 1624
1994 6486
1994 6363
1994 8658
1994 8736
1994 7188
1994 9637
1994 8132
1995 1653
1995 4035
1995 5869
1995 1636
1995 9745
1995 6277
1995 1258
1996 1911
1996 8161
1996 6258
1996 2496
1996 1694
1996 4789
1997 4198
1997 6014
1997 1325
1997 8417
1997 2399
1997 8779
1997 5734
1998 3457
1998 4923
1998 3515
1998 5395
1998 5393
1998 3932
1998 5611
1998 6344
1998 6485
1998 7060
1998 7796
1998 8250
1998 8763
1998 9260
1998 9179
1998 9285
1998 9700
1998 7683
1998 9858
1998 9854
1998 5307
1998 10371
1998 6729
1998 11290
1998 11292
1998 11284
1998 11281
1998 7918
1998 741
1999 1529
1999 8055
1999 6814
1999 1405
1999 9696
1999 11146
2000 3651
2000 8616
2000 4785
2000 1784
2000 7054
2000 7080
2000 3250
2000 3753
2000 1098
2000 2781
2000 1109
2000 5432
2001 1875
2001 3382
2001 9853
2001 10236
2001 9733
2001 10902
2001 9072
2001 11289
2001 11529
2001 11583
2001 11601
2001 2573
2001 11600
2001 11632
2001 11440
2002 5032
2002 5471
2002 7520
2002 8183
2002 10101
2002 10382
2003 7541
2003 9034
2003 2613
2003 8408
2003 8510
2003 9100
2003 9730
2003 9947
2003 10201
2003 10798
2003 11108
2003 738
2003 741
2003 11735
2004 5395
2004 8254
2004 9947
2004 9444
2004 5834
2004 11232
2005 2759
2005 5837
2005 1056
2005 2939
2005 9209
2006 1022
2006 1021
2006 3657
2006 3853
2006 5263
2006 5186
2006 6118
2006 8675
2006 9210
2006 2623
2006 5114
2006 3687
2006 4782
2006 6724
2006 4238
2006 4680
2006 9538
2006 3987
2006 1845
2006 8586
2006 9211
2006 9226
2007 3096
2007 835
2007 1624
2007 8560
2007 10368
2007 912
2007 8036
2007 3330
2007 8371
2007 10367
2008 7103
2008 1632
2008 5175
2008 7203
2008 1612
2008 1615
2008 1638
2008 1639
2008 3630
2008 3987
2008 6637
2008 9969
2009 3456
2009 2855
2009 4255
2009 5226
2009 3750
2009 1275
2009 6344
2009 7514
2009 7694
2009 9100
2009 6258
2009 9690
2009 5834
2009 11135
2009 11399
2010 7453
2010 3951
2010 2914
2010 4225
2010 8261
2010 3595
2010 181
2010 4239
2010 142
2010 1069
2010 2162
2010 2163
2010 3336
2010 5032
2010 5040
2010 7057
2010 7452
2010 7767
2010 4684
2010 4674
2010 4847
2010 7927
2010 2524
2010 927
2011 2120
2011 3876
2011 3877
2011 922
2011 1845
2011 5190
2011 1791
2011 9243
2011 11074
2011 10794
2011 6096
2011 5788
2012 1194
2012 1720
2012 2954
2012 2982
2012 5439
2013 677
2013 5786
2013 8660
2013 3236
2013 3513
2014 10767
2014 2573
2014 10307
2014 11564
2014 11800
2014 2298
2014 10647
2014 5405
2015 3579
2015 4762
2015 4848
2015 9935
2015 7529
2015 10367
2016 10018
2016 7294
2016 9003
2016 10870
2016 10993
2017 3341
2017 6919
2017 7421
2017 2943
2017 5775
2018 9493
2018 9940
2018 9959
2018 10084
2018 10087
2019 1970
2019 2105
2019 335
2019 5984
2019 540
2019 5985
2019 5989
2020 2303
2020 1663
2020 4032
2020 4847
2020 8618
2020 11550
2020 11680
2021 6485
2021 4041
2021 1205
2021 8208
2021 9779
2021 9947
2021 10236
2021 7369
2021 9787
2021 11448
2021 11526
2021 11399
2021 11041
2021 11539
2021 11544
2021 11582
2021 11613
2021 11740
2021 11741
2021 11548
2021 9080
2021 11776
2022 2996
2022 4715
2022 451
2022 6972
2022 10384
2023 4151
2023 10508
2023 4294
2023 5846
2023 6694
2023 9508
2023 3368
2024 7231
2024 2377
2024 672
2024 1941
2024 1261
2024 3555
2025 5016
2025 5230
2025 1464
2025 8408
2025 4064
2025 7683
2025 11196
2025 892
2025 4042
2025 4187
2025 7813
2025 10418
2025 10369
2025 11270
2025 10753
2025 11399
2026 9188
2026 3125
2026 6891
2026 11537
2026 6295
2026 7732
2026 11169
2027 7514
2027 8763
2027 8189
2027 9922
2027 10236
2027 11298
2027 6443
2028 4255
2028 4923
2028 5228
2028 5230
2028 5229
2028 1249
2028 5393
2028 6018
2028 8349
2028 3514
2028 7514
2028 8736
2028 3164
2028 9858
2028 1123
2028 10238
2028 6633
2028 8605
2028 230
2028 10321
2029 3456
2029 4350
2029 4933
2029 5226
2029 5230
2029 1464
2029 3515
2029 7101
2029 7071
2029 8251
2029 5452
2029 9100
2029 7864
2029 11765
2029 11768
2030 6343
2030 9037
2030 9010
2030 9659
2030 7694
2030 10169
2030 6258
2030 9444
2030 10449
2030 5834
2030 11524
2030 10615
2030 11740
2031 5260
2031 6957
2031 69
2031 4872
2031 2823
2031 6767
2031 7714
2031 7718
2031 7720
2031 8615
2031 2763
2031 2765
2031 10386
2032 4507
2032 1099
2032 1073
2032 9439
2032 3240
2032 5816
2033 912
2033 7693
2033 4729
2033 8055
2033 3166
2033 3228
2033 8116
2033 3798
2033 9680
2033 5798
2033 9256
2034 4697
2034 3990
2034 226
2034 5792
2034 9506
2034 540
2034 6420
2034 7862
2034 4604
2035 1718
2035 554
2035 4459
2035 1839
2035 4178
2035 1716
2035 4960
2035 3808
2035 991
2035 7388
2035 547
2035 1357
2035 2853
2035 6724
2035 9444
2035 10580
2036 892
2036 5460
2036 4855
2036 7983
2036 5147
2037 3711
2037 101
2037 5369
2037 8823
2037 10945
2038 9490
2038 7585
2038 7684
2038 11568
2038 11741
2038 11771
2039 1855
2039 258
2039 8416
2039 323
2039 8600
2039 9479
2039 10398
2039 10848
2039 4140
2039 5687
2039 5147
2040 2366
2040 5581
2040 1078
2040 2213
2040 2736
2040 9490
2040 4964
2040 5579
2040 2984
2040 6808
2041 10236
2041 7788
2041 2085
2041 10287
2041 10774
2041 10976
2041 9690
2041 5834
2041 7018
2041 10798
2041 10567
2041 11098
2041 11196
2041 11232
2041 825
2041 11486
2041 11399
2041 11487
2041 2447
2041 11630
2041 10823
2041 11264
2041 11613
2041 11156
2041 11782
2041 1827
2041 11791
2041 1825
2041 10092
2041 10321
2041 11816
2041 11797
2041 11798
2042 2176
2042 7006
2042 3262
2042 9085
2042 7814
2042 912
2042 2447
2043 8189
2043 9404
2043 6258
2043 10793
2043 11308
2043 10794
2043 6096
2044 3323
2044 4793
2044 3589
2044 896
2044 7899
2044 9382
2044 2071
2044 7418
2044 1916
2044 10976
2044 5196
2044 8271
2044 11155
2044 10931
2044 3735
2044 8630
2044 10565
2044 1197
2044 831
2044 912
2044 1348
2044 4325
2044 9759
2044 11075
2044 7031
2044 3623
2044 6964
2044 10321
2044 4426
2044 8529
2044 8625
2045 672
2045 1217
2045 4667
2045 7066
2045 5116
2046 9167
2046 7805
2046 9490
2046 9973
2046 10766
2046 10967
2046 8881
2046 1054
2046 6843
2046 10034
2046 10647
2046 365
2046 9508
2046 572
2046 502
2046 8416
2047 953
2047 1520
2047 1852
2047 4230
2047 931
2047 961
2047 4724
2047 6248
2047 4255
2047 5226
2047 4149
2047 1230
2047 5016
2047 5012
2047 5013
2047 5011
2047 3096
2047 6403
2047 9100
2047 6258
2047 9730
2047 9444
2047 5304
2047 10823
2047 11130
2047 3514
2047 11232
2047 11664
2047 6633
2048 7502
2048 168
2048 10369
2048 1188
2048 10848
2049 960
2049 3093
2049 4636
2049 8124
2049 2558
2049 7558
2049 5439
2049 8677
2049 2748
2050 7295
2050 1622
2050 4967
2050 7709
2050 7713
2050 9156
2050 9324
2050 10813
2050 10590
2050 574
2050 607
2050 1493
2050 2909
2050 7497
2050 2169
2050 5996
2050 10655
2050 6051
2050 6606
2050 10610
2050 7837
2050 9546
2050 1860
2050 3364
2050 6432
2050 1986
2050 3639
2050 1008
2050 2115
2050 5854
2050 10132
2050 10887
2051 10626
2051 5061
2051 7861
2051 10527
2051 10907
2052 7541
2052 8169
2052 8254
2052 8385
2052 8680
2052 9010
2052 8211
2052 8510
2052 9730
2052 9776
2052 9349
2052 9444
2052 10236
2052 10759
2052 5834
2052 10798
2052 11185
2052 5781
2052 11030
2052 11031
2052 11232
2052 11530
2052 11194
2052 11531
2052 11529
2052 11521
2052 11528
2052 11255
2052 11527
2052 11522
2052 11524
2052 11581
2052 11702
2052 11632
2052 11566
2052 770
2052 11518
2052 11740
2052 11765
2052 10446
2053 1457
2053 5016
2053 1464
2053 8251
2053 8382
2053 8778
2053 8604
2053 10253
2053 8291
2054 5930
2054 8915
2054 8701
2054 9740
2054 1503
2055 8308
2055 8903
2055 8933
2055 9240
2055 6186
2055 3241
2055 4242
2055 3228
2055 3223
2055 3239
2055 7557
2055 10791
2055 3236
2055 1167
2056 947
2056 6188
2056 6190
2056 6214
2056 8044
2056 1771
2056 3071
2056 6381
2056 5915
2056 9109
2056 7764
2056 1407
2056 2219
2056 7561
2056 7581
2056 1405
2056 1415
2056 11014
2056 470
2056 7819
2057 4280
2057 4619
2057 588
2057 886
2057 1681
2057 2192
2057 3120
2057 3963
2057 4488
2057 180
2057 3808
2057 2073
2057 4658
2057 4661
2057 4757
2057 936
2057 4692
2057 3063
2057 3628
2057 3678
2057 3917
2057 5276
2057 3102
2057 3104
2057 3107
2057 3721
2057 4122
2057 4136
2058 7836
2058 3063
2058 3613
2058 2545
2058 5201
2058 11613
2058 3845
2058 10524
2058 6306
2058 8842
2058 7396
2058 7031
2058 9448
2059 6968
2059 9018
2059 1549
2059 300
2059 11082
2060 3323
2060 4255
2060 4260
2060 4794
2060 79
2060 3515
2060 3516
2060 3932
2060 6017
2060 6018
2060 8407
2060 8409
2060 8604
2060 300
2060 9775
2060 9515
2060 9081
2060 5788
2061 6775
2061 11179
2061 7066
2061 8942
2061 11424
2061 405
2061 5957
2061 7838
2061 8757
2061 7022
2062 3858
2062 9575
2062 2128
2062 4032
2062 8188
2062 7819
2063 1624
2063 8169
2063 8251
2063 8254
2063 8407
2063 8197
2063 9490
2063 10236
2063 10760
2063 6258
2064 9730
2064 9444
2064 10497
2064 10639
2064 10201
2064 10759
2064 10976
2064 10823
2064 10798
2064 9690
2064 11132
2064 9747
2064 10247
2064 10600
2064 11524
2064 5635
2064 11255
2064 11528
2064 11530
2064 11558
2064 2573
2064 11702
2064 10647
2064 6445
2064 11635
2065 1868
2065 10946
2065 3955
2065 6467
2065 10386
2065 996
2065 3413
2065 4712
2065 9345
2065 418
2065 7709
2065 8757
2065 10385
2065 416
2066 1799
2066 4842
2066 7473
2066 4865
2066 3954
2066 1298
2067 530
2067 799
2067 832
2067 797
2067 1113
2067 2419
2067 4716
2067 3464
2067 4429
2067 5184
2067 6155
2067 5241
2067 6337
2067 7321
2067 7558
2068 3303
2068 6114
2068 3777
2068 2429
2068 6698
2068 2767
2068 3962
2068 8036
2068 6431
2068 11558
2068 11736
2068 11744
2068 11782
2068 6445
2068 11819
2069 168
2069 4589
2069 3099
2069 2401
2069 1483
2069 3096
2069 4149
2070 8417
2070 8254
2070 8382
2070 8779
2070 9037
2070 3605
2070 9730
2070 9947
2070 9100
2070 9444
2070 10201
2070 9318
2070 10798
2070 7017
2070 9243
2070 6364
2070 11448
2070 825
2070 10913
2070 11583
2070 11516
2071 5228
2071 6485
2071 7060
2071 7541
2071 8169
2071 7071
2071 8131
2071 8779
2071 9037
2071 7585
2071 8207
2071 8409
2071 8573
2071 10169
2071 6258
2071 9604
2071 9730
2071 9518
2071 10236
2071 10759
2071 5834
2071 11606
2071 11439
2071 11771
2072 7585
2072 9183
2072 8249
2072 8510
2072 10169
2072 9251
2072 7626
2072 9854
2072 8240
2072 6258
2072 9772
2072 9947
2072 9730
2072 9776
2072 10234
2072 9444
2072 9733
2072 10902
2072 130
2072 11098
2072 10271
2072 11130
2072 5834
2072 11290
2072 11293
2072 10600
2072 11291
2072 10915
2072 10912
2072 11524
2073 8832
2073 8863
2073 1111
2073 3110
2073 8830
2073 8852
2073 1090
2074 7063
2074 10368
2074 10418
2074 8677
2074 11825
2075 2843
2075 931
2075 4983
2075 8863
2075 3593
2075 4250
2075 8773
2075 7277
2075 4033
2075 6497
2075 1849
2076 105
2076 6613
2076 6614
2076 3086
2076 2026
2077 68
2077 10272
2077 10555
2077 10674
2077 5864
2077 6445
2078 4103
2078 3589
2078 3506
2078 3515
2078 7101
2078 7060
2078 9183
2078 11281
2078 11788
2079 10912
2079 401
2079 7647
2079 8452
2079 7551
2079 10793
2079 2770
2079 7790
2079 3725
2079 3746
2079 3565
2079 7587
2079 5568
2079 1329
2079 725
2079 3551
2079 6857
2079 758
2079 2085
2079 5785
2079 6880
2079 6884
2079 9102
2079 10812
2079 11254
2079 6870
2079 5976
2079 7360
2079 8551
2079 11564
2079 11566
2079 11307
2079 11439
2079 2016
2079 6869
2079 6871
2079 6875
2079 6883
2079 11788
2079 6449
2079 770
2079 10092
2079 11518
2079 11819
2080 8415
2080 7684
2080 5369
2080 5508
2080 11770
2081 8596
2081 11568
2081 11041
2081 10626
2081 11736
2081 11516
2081 6438
2081 11518
2081 10446
2081 11777
2081 11833
2082 8382
2082 8778
2082 8407
2082 9260
2082 8189
2082 9664
2082 8211
2082 8208
2082 3166
2082 8207
2082 9659
2082 9282
2082 6258
2082 9856
2082 9922
2082 9603
2082 7629
2082 5291
2082 10234
2082 10995
2082 8767
2082 10633
2082 10976
2082 10271
2082 10759
2082 11132
2082 10798
2082 10567
2082 11185
2082 10169
2082 11194
2082 11525
2082 11315
2082 11550
2082 11524
2082 11583
2082 11399
2082 6449
2082 11675
2083 7506
2083 8329
2083 1355
2083 4126
2083 708
2083 1346
2083 2401
2083 2432
2083 8035
2083 5535
2083 5886
2083 4347
2083 4375
2083 11181
2083 3676
2083 8317
2083 10119
2083 3678
2083 11244
2083 10114
2083 7729
2083 7033
2083 2627
2083 3973
2083 9739
2083 11207
2083 4150
2083 3730
2083 9754
2084 4969
2084 118
2084 768
2084 769
2084 792
2084 809
2084 815
2084 816
2084 935
2084 1272
2084 1583
2084 1604
2084 2351
2084 2374
2084 2804
2084 3437
2084 4182
2084 5439
2084 5441
2084 5516
2084 6431
2084 6720
2084 6966
2084 7031
2084 8084
2084 8085
2084 8086
2084 8394
2084 9093
2084 9094
2084 9119
2084 806
2084 5442
2084 5748
2084 6811
2084 10922
2084 8763
2084 3375
2085 2736
2085 3949
2085 4150
2085 5897
2085 4134
2085 898
2085 3120
2085 4121
2085 4748
2086 1624
2086 8407
2086 8409
2086 8728
2086 10169
2086 9700
2086 9659
2086 9733
2086 3447
2087 8385
2087 8407
2087 8408
2087 8680
2087 9037
2087 8763
2087 8249
2087 3166
2087 9855
2087 9444
2087 8767
2087 11117
2087 7022
2087 5782
2087 11196
2087 5781
2087 11448
2087 6364
2087 10911
2087 10916
2087 10918
2087 11307
2087 11483
2087 10793
2087 10797
2087 11329
2087 11528
2087 11539
2087 11543
2087 11254
2087 11601
2087 2573
2087 11702
2087 11515
2087 5788
2087 11769
2087 11399
2088 2267
2088 1624
2088 5144
2088 2085
2088 2714
2088 4222
2088 4223
2088 9504
2088 3658
2088 8283
2088 9208
2088 10429
2089 5699
2089 5645
2089 4418
2089 5697
2089 1103
2089 2261
2089 5434
2090 9033
2090 10117
2090 10114
2090 7721
2090 5834
2090 3368
2091 3398
2091 2159
2091 3215
2091 10758
2091 11118
2091 11439
2091 11835
2091 11816
2092 3658
2092 1261
2092 6410
2092 11485
2092 11486
2092 11521
2092 11529
2092 11270
2092 4151
2092 3474
2093 9490
2093 809
2093 1268
2093 4422
2093 7367
2094 848
2094 1613
2094 510
2094 1222
2094 6344
2094 1624
2094 2687
2094 6488
2094 6168
2094 4218
2094 8969
2094 6463
2094 10287
2094 6258
2094 10238
2094 10976
2094 10169
2095 5550
2095 10313
2095 3368
2095 2195
2095 6826
2095 10749
2096 3744
2096 9408
2096 9583
2096 814
2096 9756
2096 10168
2096 452
2096 2374
2096 7627
2096 10531
2096 9880
2096 672
2096 8371
2096 11306
2096 11369
2096 2578
2096 4072
2096 7752
2096 4599
2096 10255
2096 8711
2097 9358
2097 8979
2097 9442
2097 7389
2097 363
2098 3990
2098 7129
2098 1934
2098 4104
2098 4111
2098 4110
2098 4325
2098 3713
2098 6364
2098 3556
2098 5029
2098 1686
2098 9753
2098 9754
2099 6428
2099 10336
2099 1054
2099 1845
2099 4770
2099 8004
2099 841
2099 6693
2100 872
2100 7204
2100 1754
2100 10819
2100 9294
2100 11018
2101 1766
2101 4028
2101 4447
2101 3941
2101 10745
2101 1703
2101 836
2102 9700
2102 10169
2102 9603
2102 10236
2102 7721
2102 11286
2102 11291
2102 6096
2102 10520
2103 5230
2103 5229
2103 5976
2103 8254
2103 7864
2103 8415
2103 8779
2103 9034
2103 9037
2103 7585
2103 9746
2103 8510
2103 9947
2103 9859
2103 10169
2103 9444
2103 9733
2103 10201
2103 10798
2103 11399
2103 11606
2103 11578
2103 10626
2103 11744
2103 770
2103 11816
2103 11837
2104 1599
2104 6673
2104 816
2104 5120
2104 8515
2104 9508
2104 9745
2104 10287
2104 10283
2104 10539
2104 10944
2105 10104
2105 3755
2105 8112
2105 9629
2105 8487
2105 6738
2106 8679
2106 7585
2106 8763
2106 5291
2106 6774
2106 11524
2106 11527
2107 10676
2107 1047
2107 7764
2107 8003
2107 2687
2107 3537
2107 6920
2107 6430
2108 10201
2108 11074
2108 11377
2108 11002
2108 11531
2108 11568
2108 11578
2108 11742
2108 11811
2109 4848
2109 6763
2109 10849
2109 10717
2109 157
2109 5826
2109 10133
2110 253
2110 11330
2110 5508
2110 5955
2110 11062
2110 11536
2110 6114
2110 10823
2111 8251
2111 1927
2111 6489
2111 5144
2111 7362
2111 5997
2111 9908
2111 4825
2111 11418
2111 7314
2112 8745
2112 1962
2112 1348
2112 2299
2112 4304
2112 9150
2112 3877
2112 7916
2112 1361
2112 5287
2112 8744
2113 11002
2113 10169
2113 11031
2113 11030
2113 11379
2113 11378
2113 10915
2113 10600
2113 11307
2113 11308
2113 11483
2113 8681
2113 10912
2113 10914
2113 10917
2113 11448
2113 10911
2113 10913
2113 10918
2113 10916
2113 10919
2113 5635
2113 11530
2113 11255
2113 11399
2113 11329
2113 11544
2113 11581
2113 11582
2113 11543
2113 11539
2113 4280
2113 5788
2113 11774
2114 4263
2114 7398
2114 876
2114 6957
2114 3483
2114 4225
2114 8473
2114 511
2114 4223
2114 8189
2114 8912
2115 2780
2115 2849
2115 6886
2115 3594
2115 4101
2115 4506
2115 4963
2116 1240
2116 1690
2116 1735
2116 10315
2116 2317
2117 5229
2117 5230
2117 5391
2117 6486
2117 7541
2117 8253
2117 8382
2117 8778
2117 9037
2117 11074
2118 7438
2118 10787
2118 5425
2118 6055
2118 8793
2118 3529
2118 2213
2118 7064
2118 207
2119 886
2119 2815
2119 5445
2119 6451
2119 7417
2119 10790
2119 9863
2119 7002
2119 9508
2119 1921
2119 4832
2119 589
2119 1208
2119 4104
2119 4654
2119 5085
2119 5649
2119 5659
2119 5777
2119 8523
2119 9697
2119 10332
2119 798
2119 1143
2119 1383
2119 6872
2119 10541
2120 6250
2120 5160
2120 6097
2120 1252
2120 3394
2120 5968
2120 9876
2120 142
2120 1223
2120 6993
2120 10890
2120 10891
2120 5099
2120 4938
2120 2447
2120 10801
2120 11382
2120 10800
2121 4487
2121 7976
2121 9794
2121 5775
2121 5774
2122 6851
2122 892
2122 523
2122 4855
2122 9794
2123 5572
2123 5546
2123 10059
2123 8188
2123 7803
2123 2942
2124 3334
2124 3984
2124 219
2124 7560
2124 8846
2124 10620
2124 10134
2124 3613
2124 8856
2124 10349
2124 11568
2125 9871
2125 1285
2125 3303
2125 3930
2125 4268
2125 5638
2125 6169
2125 6431
2125 1039
2125 4535
2125 7200
2126 3398
2126 3589
2126 4724
2126 1457
2126 6077
2126 6680
2126 7541
2126 6363
2126 8779
2126 11002
2126 11041
2126 11194
2126 11528
2126 11527
2126 11255
2126 11516
2126 11822
2127 6404
2127 978
2127 2543
2127 6916
2127 7833
2127 8032
2127 8033
2127 7624
2128 2812
2128 4598
2128 6929
2128 7265
2128 6888
2128 2164
2128 399
2128 3556
2128 1144
2128 1772
2128 4989
2128 8551
2128 2749
2128 6763
2128 7332
2128 8371
2128 496
2128 7925
2128 11537
2128 1121
2128 3952
2128 7490
2128 1897
2128 2049
2128 3361
2128 6878
2128 6879
2128 8314
2129 876
2129 2482
2129 3777
2129 8900
2129 8258
2130 5883
2130 3592
2130 2206
2130 10754
2130 7126
2131 4796
2131 7996
2131 9506
2131 779
2131 8737
2131 6340
2131 4843
2132 825
2132 9833
2132 7952
2132 7956
2132 7955
2133 8417
2133 11285
2133 6096
2133 11525
2133 10811
2133 11515
2133 11439
2134 10798
2134 10969
2134 142
2134 4032
2134 10169
2134 7892
2134 11486
2134 10793
2134 11550
2134 11606
2134 11399
2134 11601
2134 10602
2134 11508
2134 11156
2134 5384
2134 6790
2134 8903
2134 9608
2134 1827
2134 6444
2134 11832
2135 5476
2135 6813
2135 4349
2135 5197
2135 883
2135 1775
2135 168
2135 169
2135 5958
2135 6370
2135 10022
2135 9082
2135 6239
2135 8595
2135 9742
2136 8354
2136 3697
2136 468
2136 2080
2136 5684
2136 8063
2137 1457
2137 1464
2137 5391
2137 5393
2137 6363
2137 8264
2137 11098
2137 11196
2137 11232
2137 11379
2137 11378
2137 11483
2137 10247
2138 6605
2138 1009
2138 4188
2138 824
2138 10192
2138 6775
2138 4341
2138 6398
2138 412
2138 2309
2138 4353
2138 11550
2139 2648
2139 8254
2139 8649
2139 8251
2139 8680
2139 9037
2139 8384
2139 1543
2139 8208
2139 6745
2139 10169
2139 9854
2139 10976
2139 10449
2139 11185
2139 11523
2139 11540
2139 11739
2139 11767
2139 11774
2140 2902
2140 2026
2140 1976
2140 8525
2140 8524
2140 8435
2141 4415
2141 5948
2141 6375
2141 10371
2141 5022
2141 10838
2142 6078
2142 7675
2142 4626
2142 6906
2142 3498
2142 9438
2142 8064
2142 5650
2142 5654
2143 3662
2143 9448
2143 5047
2143 6205
2143 4426
2144 3323
2144 3884
2144 4260
2144 4350
2144 1457
2144 5016
2144 5393
2144 6017
2144 6077
2144 8449
2144 8102
2144 8382
2144 3166
2144 9712
2144 11484
2144 6096
2144 11490
2145 795
2145 6936
2145 3906
2145 10610
2145 10849
2146 1154
2146 5815
2146 2701
2146 6054
2146 792
2146 1000
2147 1749
2147 4923
2147 5226
2147 5016
2147 5391
2147 5228
2147 8779
2147 9174
2147 8407
2147 8408
2147 9033
2147 9183
2147 9260
2147 9490
2147 7694
2147 9637
2147 9659
2147 6258
2147 11232
2147 9154
2147 9612
2147 11579
2147 11580
2148 11568
2148 11778
2148 11785
2148 11811
2148 11812
2149 318
2149 10104
2149 6239
2149 6751
2149 7480
2150 2725
2150 6555
2150 6563
2150 7455
2150 9843
2150 10996
2151 10236
2151 10201
2151 10774
2151 10618
2151 10823
2151 6258
2151 9690
2151 10271
2151 10798
2151 5782
2151 8787
2151 11131
2151 11130
2151 11132
2151 8293
2151 9319
2151 5783
2151 7017
2151 7022
2151 6730
2151 11098
2151 10247
2151 11002
2151 10169
2151 11530
2151 5635
2151 11255
2151 11528
2151 11521
2151 11526
2151 11527
2151 11329
2151 11576
2151 11156
2151 11688
2151 11663
2151 11399
2152 1258
2152 2935
2152 3731
2152 7710
2152 10372
2152 859
2152 5217
2152 7824
2152 8003
2152 4560
2152 7555
2152 892
2152 5933
2153 3217
2153 4103
2153 3398
2153 3376
2153 4702
2153 2855
2153 4260
2153 5016
2153 5395
2153 5393
2153 1624
2153 7102
2153 7035
2153 10774
2153 10976
2153 10955
2153 11632
2153 11516
2153 6445
2153 1825
2153 11675
2154 9274
2154 2524
2154 5180
2154 5350
2154 8757
2154 9216
2154 3556
2154 389
2154 10125
2154 8344
2155 9300
2155 2084
2155 9505
2155 10138
2155 2352
2155 7078
2155 8410
2155 8605
2155 10249
2155 11333
2155 645
2155 6724
2155 7234
2155 572
2155 868
2155 6598
2155 6256
2156 7547
2156 2790
2156 7627
2156 7973
2156 10626
2156 3368
2157 7116
2157 7574
2157 5388
2157 3449
2157 3523
2157 5386
2157 598
2157 8214
2157 11328
2158 6506
2158 2186
2158 166
2158 6190
2158 4102
2158 9929
2158 2436
2158 3952
2159 9377
2159 9331
2159 7259
2159 1706
2159 3249
2159 3837
2159 11247
2160 563
2160 820
2160 1055
2160 1495
2160 2894
2160 4032
2160 7485
2160 3987
2160 2939
2160 5780
2160 29
2160 1069
2160 2028
2160 4296
2160 4782
2160 4848
2160 9061
2160 9814
2160 10893
2161 7334
2161 8351
2161 6399
2161 912
2161 3290
2161 6562
2162 1137
2162 1525
2162 5501
2162 8647
2162 517
2162 5685
2163 825
2163 794
2163 9151
2163 2683
2163 448
2163 965
2164 3592
2164 1624
2164 8103
2164 7796
2164 8132
2164 7071
2164 8449
2164 8382
2164 8779
2164 9947
2164 10798
2164 11185
2164 9690
2164 10969
2164 11613
2164 11156
2164 11736
2164 11399
2164 10321
2164 11770
2164 11816
2165 4494
2165 1538
2165 5069
2165 5958
2165 1997
2165 7000
2165 354
2165 4322
2165 8537
2165 3166
2165 7923
2165 3074
2165 883
2165 9573
2165 7770
2165 847
2165 6897
2165 7459
2165 6589
2165 7446
2165 7820
2165 912
2165 5813
2165 4327
2165 11082
2165 4683
2166 3243
2166 1635
2166 3442
2166 1638
2166 1853
2166 1849
2167 6258
2167 11130
2167 11132
2167 10567
2167 10169
2167 6410
2167 10247
2167 11400
2167 9756
2167 10600
2167 10793
2167 10797
2167 11255
2167 11528
2167 11526
2167 11530
2167 11531
2167 11527
2167 5635
2167 7535
2167 1978
2167 11121
2167 3000
2167 11740
2167 11741
2167 11518
2167 11771
2167 9734
2167 11774
2167 11776
2168 392
2168 5228
2168 4257
2168 8132
2168 1438
2168 9772
2168 9604
2168 8128
2168 1392
2169 335
2169 3144
2169 3314
2169 3317
2169 4530
2169 1845
2169 5162
2169 3108
2169 6010
2169 7060
2169 636
2169 6136
2169 7541
2169 8199
2169 8254
2169 11316
2169 825
2169 2155
2169 10871
2169 11565
2169 11771
2170 994
2170 998
2170 324
2170 1014
2170 4664
2170 265
2170 9552
2171 6436
2171 2163
2171 8382
2171 1543
2171 9037
2171 4032
2171 1301
2171 2879
2171 3403
2171 5142
2171 11172
2172 8334
2172 6056
2172 8333
2172 4253
2172 873
2172 4098
2172 7633
2172 8259
2172 2739
2172 9408
2173 2614
2173 4069
2173 1904
2173 3929
2173 7989
2174 2106
2174 8824
2174 2343
2174 9151
2174 2759
2174 2433
2174 9150
2174 2465
2175 7569
2175 5716
2175 4683
2175 9831
2175 5636
2175 11351
2176 6018
2176 6680
2176 7101
2176 8689
2176 8249
2177 5039
2177 3351
2177 9803
2177 5116
2177 11710
2177 10401
2177 11460
2178 6367
2178 6042
2178 4762
2178 7688
2178 1320
2178 7773
2179 6156
2179 6157
2179 6158
2179 6224
2179 2174
2179 6278
2180 8677
2180 8598
2180 9037
2180 8763
2180 9490
2180 7694
2180 6258
2180 9947
2180 9730
2180 9712
2180 9444
2180 10633
2180 10271
2180 10288
2181 4055
2181 1733
2181 1971
2181 8763
2181 2544
2181 2540
2181 2050
2181 3477
2181 4477
2181 4644
2181 4888
2181 6349
2181 7043
2181 2682
2181 3038
2181 9332
2181 5716
2181 1960
2181 5179
2181 3405
2181 2174
2181 455
2181 5548
2181 7042
2181 10168
2181 896
2181 4072
2181 8054
2182 1457
2182 1464
2182 7101
2182 8254
2182 8449
2182 8250
2182 8253
2182 4381
2182 8407
2182 10287
2182 10289
2182 6446
2182 6438
2182 11776
2183 5329
2183 4326
2183 4634
2183 7608
2183 5658
2183 7738
2183 3879
2183 6239
2183 6737
2183 8755
2183 9507
2183 8325
2183 9508
2183 10729
2183 10702
2183 9082
2184 4888
2184 9009
2184 9320
2184 892
2184 8343
2184 9997
2184 1201
2184 7299
2185 3041
2185 6632
2185 7933
2185 6774
2185 4930
2185 8829
2185 2736
2185 6568
2186 3149
2186 8942
2186 5516
2186 8621
2186 896
2186 8365
2186 3052
2186 4325
2186 7624
2186 7223
2186 7228
2187 6018
2187 6680
2187 1624
2187 7060
2187 7617
2187 6363
2187 8197
2187 9947
2187 9444
2187 10798
2187 9154
2188 1843
2188 4933
2188 4923
2188 4051
2188 553
2188 555
2188 966
2188 554
2188 1097
2188 877
2188 7541
2188 8415
2188 4734
2188 9054
2188 2402
2188 11720
2189 1351
2189 8755
2189 9507
2189 9508
2189 1352
2189 5209
2189 7032
2189 6791
2189 6998
2190 4285
2190 8924
2190 10368
2190 6737
2190 9507
2190 10418
2190 131
2191 608
2191 6378
2191 1477
2191 7312
2191 10893
2191 962
2192 4305
2192 3177
2192 6187
2192 8267
2192 9114
2192 9205
2192 10956
2192 256
2192 2230
2192 2871
2192 289
2192 1769
2192 9793
2193 7924
2193 3999
2193 7248
2193 7776
2193 6152
2193 2834
2193 9546
2193 4492
2193 5143
2194 8407
2194 9064
2194 3658
2194 10288
2194 5834
2194 10969
2194 11485
2194 11399
2194 11484
2194 11606
2195 2455
2195 2798
2195 4938
2195 7129
2195 10215
2195 4093
2195 3243
2195 10704
2195 8288
2195 4238
2195 9611
2195 11092
2195 2146
2195 5885
2196 3397
2196 3376
2196 4730
2196 8728
2196 8208
2196 8207
2196 9855
2196 9947
2196 9774
2196 6650
2196 6258
2196 10798
2196 5834
2196 11293
2196 11255
2196 11530
2196 11329
2196 11576
2196 11539
2196 11543
2196 10616
2196 11688
2196 11709
2196 11735
2196 11664
2196 11439
2196 11686
2197 4923
2197 4368
2197 5229
2197 1464
2197 3515
2197 5228
2197 5390
2197 6017
2197 1624
2197 8254
2197 7514
2197 8602
2197 9064
2197 8736
2197 9490
2197 7684
2197 9444
2197 9637
2197 9922
2197 9775
2197 9773
2197 7629
2197 9772
2197 9776
2197 10201
2197 3658
2197 5834
2197 11232
2197 10794
2197 9612
2197 10793
2197 7918
2197 11568
2197 11580
2197 11399
2197 4280
2198 256
2198 5056
2198 7362
2198 8189
2198 5583
2199 7892
2199 9923
2199 4032
2199 8505
2199 10070
2199 775
2199 856
2199 8896
2199 1323
2199 5486
2199 11569
2199 9066
2200 2899
2200 7569
2200 187
2200 2896
2200 10321
2201 6149
2201 6930
2201 5144
2201 7314
2201 7315
2201 146
2201 5295
2202 8415
2202 3164
2202 7684
2202 9947
2202 9518
2203 1464
2203 8779
2203 3551
2203 11156
2203 11540
2203 9799
2204 5838
2204 8131
2204 8449
2204 8253
2204 5834
2204 11529
2205 5933
2205 3520
2205 436
2205 840
2205 7017
2205 11149
2205 4621
2205 6687
2205 9279
2205 9283
2205 10262
2205 11109
2205 64
2205 11165
2205 9403
2205 3351
2206 5943
2206 10798
2206 11002
2206 11291
2206 11486
2206 11399
2206 11606
2206 9799
2206 11439
2207 8131
2207 8382
2207 7602
2207 8978
2207 8977
2207 1398
2207 2011
2207 5543
2207 6807
2207 3950
2207 3952
2207 7798
2207 2923
2207 9604
2208 994
2208 996
2208 1017
2208 1019
2208 750
2208 4232
2208 179
2208 979
2208 4372
2208 9529
2208 8116
2208 4293
2208 977
2208 9931
2208 6160
2208 963
2208 4233
2209 483
2209 3886
2209 11813
2209 805
2209 7443
2209 1409
2210 7104
2210 79
2210 576
2210 2766
2210 1422
2210 2009
2210 2014
2210 3455
2210 3711
2210 5573
2210 7704
2210 7944
2210 11463
2210 97
2210 1421
2210 1492
2210 1795
2210 5255
2210 9040
2210 10791
2210 147
2210 2835
2210 2851
2211 5090
2211 5456
2211 6353
2211 3467
2211 4294
2211 4822
2211 8268
2211 9221
2212 9109
2212 892
2212 2788
2212 3236
2212 5818
2213 1778
2213 898
2213 10116
2213 2250
2213 8430
2213 3555
2213 3915
2213 930
2213 1676
2214 3593
2214 8043
2214 2722
2214 165
2214 1069
2214 2498
2214 7099
2214 7767
2214 10005
2214 10042
2214 10868
2214 1502
2214 2834
2214 3008
2214 3701
2214 1348
2214 3538
2215 1347
2215 4899
2215 5717
2215 5013
2215 7813
2215 446
2215 1020
2216 104
2216 1116
2216 3336
2216 5339
2216 11203
2217 3999
2217 5297
2217 11423
2217 7367
2217 9211
2218 1457
2218 5226
2218 5228
2218 5227
2218 5391
2218 5393
2218 3063
2218 372
2218 7552
2218 8763
2218 1543
2218 9490
2218 9730
2218 9243
2218 10600
2219 6626
2219 7907
2219 8846
2219 10718
2219 11076
2219 5350
2219 6879
2219 9913
2220 831
2220 2870
2220 8325
2220 2447
2220 10758
2220 7248
2220 11680
2220 11550
2221 820
2221 10104
2221 3862
2221 6957
2221 8109
2221 11102
2221 3435
2221 5811
2221 6816
2222 6550
2222 3500
2222 6415
2222 2217
2222 3183
2222 6812
2222 573
2222 1750
2222 2844
2222 6289
2222 8422
2223 5976
2223 6310
2223 8486
2223 8253
2223 9506
2223 9745
2223 7569
2223 10626
2223 10753
2223 10289
2223 10076
2223 10806
2223 11600
2223 10287
2223 10367
2223 11720
2223 11744
2224 1325
2224 2267
2224 4645
2224 5062
2224 6738
2225 8510
2225 9947
2225 7694
2225 9100
2225 9730
2225 6258
2225 7629
2225 9604
2225 9444
2225 10236
2225 10633
2225 10201
2225 8767
2225 9446
2225 10289
2225 10014
2225 10287
2225 11117
2225 10823
2225 10976
2225 10618
2225 9690
2225 11132
2225 5782
2225 10798
2225 11399
2225 11539
2225 11550
2225 11613
2225 8755
2225 11041
2225 11606
2225 11481
2225 11254
2225 11156
2225 10626
2225 11782
2225 1827
2225 11768
2226 5034
2226 6411
2226 2532
2226 3809
2226 5304
2226 706
2226 11310
2227 5837
2227 1152
2227 1049
2227 3832
2227 5056
2227 3498
2227 9209
2227 8437
2227 1840
2227 3396
2227 614
2228 322
2228 990
2228 989
2228 988
2228 1017
2228 130
2228 497
2228 984
2228 979
2228 1008
2228 999
2228 1000
2228 972
2228 11074
2228 11518
2229 581
2229 1925
2229 4238
2229 8605
2229 5369
2229 898
2229 1957
2229 5627
2229 7833
2230 9913
2230 659
2230 9508
2230 9810
2230 10368
2230 9414
2230 10287
2231 8415
2231 9037
2231 7719
2231 9947
2231 4532
2231 11399
2231 10626
2231 10616
2231 11709
2231 11776
2232 5016
2232 6077
2232 8900
2232 9490
2232 9659
2232 9286
2232 10169
2232 6507
2232 9774
2232 8738
2232 10229
2232 9243
2232 8681
2232 9107
2232 11788
2232 11770
2233 5864
2233 5672
2233 4621
2233 7560
2233 3203
2233 1931
2233 176
2233 4948
2233 5987
2233 6875
2233 226
2233 1645
2233 10264
2233 2180
2233 5984
2233 6125
2233 2923
2234 4280
2234 392
2234 4590
2234 9284
2234 4879
2234 9490
2235 1347
2235 1370
2235 1337
2235 7850
2235 1305
2235 9544
2235 8931
2236 3323
2236 1624
2236 10289
2236 11484
2236 11606
2236 10321
2237 4815
2237 7864
2237 2597
2237 8662
2237 3964
2237 919
2238 3995
2238 3145
2238 4260
2238 5016
2238 5391
2238 6077
2238 8253
2238 3164
2238 7684
2238 10769
2238 6258
2238 11485
2238 11602
2239 1457
2239 5230
2239 8131
2239 9067
2239 8407
2239 9037
2239 10798
2239 11030
2239 10911
2239 10797
2239 11378
2239 11379
2239 11527
2240 1130
2240 3959
2240 5629
2240 8789
2240 10081
2240 593
2240 2818
2240 3347
2240 3896
2240 5411
2240 7879
2240 6715
2240 10004
2240 3551
2240 5085
2240 9022
2240 9089
2240 6038
2240 883
2241 5879
2241 6799
2241 7883
2241 10798
2241 5880
2241 5887
2241 8198
2241 5834
2241 10567
2241 11232
2241 4025
2241 5822
2241 9540
2241 11568
2241 11329
2241 11581
2241 11576
2241 11582
2241 5825
2241 8104
2241 11254
2241 11632
2241 770
2241 11675
2241 11676
2242 1054
2242 1109
2242 1476
2242 1636
2242 1897
2242 2759
2242 4238
2242 4762
2242 6389
2242 7536
2242 8214
2242 8702
2242 9162
2242 10317
2242 10516
2242 11398
2242 11550
2243 998
2243 4304
2243 597
2243 5303
2243 353
2243 1138
2243 540
2243 3200
2243 6221
2243 6879
2243 418
2243 886
2244 892
2244 1046
2244 7980
2244 7988
2244 9507
2244 9508
2244 10852
2245 6826
2245 7984
2245 8752
2245 8365
2245 1771
2245 5136
2245 5631
2245 11437
2245 2540
2245 3490
2245 5777
2245 10559
2245 10979
2245 3949
2245 6715
2245 5723
2245 10357
2245 2493
2245 4670
2245 5632
2245 4964
2245 7790
2245 883
2245 6944
2245 9756
2245 11641
2245 896
2245 6092
2246 1258
2246 4032
2246 7269
2246 7892
2246 11249
2246 11550
2247 2738
2247 1194
2247 3211
2247 8248
2247 9821
2247 7321
2247 10960
2248 5167
2248 3058
2248 7561
2248 2587
2248 1392
2248 7688
2248 9884
2248 3073
2248 9739
2248 11207
2248 6315
2248 5299
2248 3564
2248 2900
2249 4347
2249 5226
2249 5229
2249 5391
2249 5390
2249 7060
2249 7541
2249 8131
2249 8132
2249 8253
2249 8189
2249 10169
2249 9100
2249 10995
2249 10271
2249 11291
2249 11606
2249 11487
2249 11736
2249 11399
2250 2040
2250 7278
2250 8582
2250 1944
2250 6410
2250 366
2250 8583
2251 6565
2251 7454
2251 7683
2251 10169
2251 8681
2252 2139
2252 1591
2252 3624
2252 2231
2252 8042
2252 2760
2252 7588
2252 7589
2252 7591
2252 6361
2252 2286
2252 1579
2252 1578
2252 5564
2252 8372
2252 10532
2252 7983
2252 9839
2253 4933
2253 4923
2253 5391
2253 5395
2253 7060
2253 8408
2253 9260
2253 8728
2253 9775
2253 9700
2253 7442
2253 10760
2253 650
2253 4601
2253 6693
2253 11805
2254 365
2254 1174
2254 4780
2254 3366
2254 8792
2254 4219
2254 11481
2255 368
2255 987
2255 1154
2255 5039
2255 4233
2256 2374
2256 5199
2256 8417
2256 8778
2256 9037
2256 4294
2256 5815
2257 3697
2257 107
2257 7453
2257 3000
2257 2547
2258 5977
2258 9507
2258 5976
2258 7302
2258 10745
2259 2061
2259 4435
2259 1632
2259 2053
2259 10353
2260 3516
2260 5228
2260 5395
2260 6343
2260 7860
2260 8169
2260 8652
2260 9747
2260 11782
2260 10626
2260 11156
2261 1286
2261 3792
2261 3930
2261 7499
2261 9482
2262 8105
2262 4990
2262 7123
2262 7265
2262 7563
2262 4126
2262 7809
2262 892
2262 583
2263 5226
2263 5016
2263 8254
2263 7514
2263 11816
2264 5509
2264 306
2264 1755
2264 10167
2264 11380
2265 1597
2265 7729
2265 7133
2265 262
2265 7876
2265 5012
2265 6783
2265 10957
2266 8408
2266 8728
2266 7585
2266 9947
2266 10169
2266 10182
2266 11281
2266 9732
2266 9154
2266 2591
2266 752
2266 4985
2266 6231
2266 9980
2266 5788
2266 145
2266 10446
2266 11777
2267 5226
2267 1624
2267 1543
2267 6258
2267 9730
2268 9566
2268 2047
2268 3227
2268 9341
2268 6072
2269 5226
2269 1694
2269 3832
2269 4703
2269 6013
2269 941
2269 1701
2269 6014
2269 6363
2269 8604
2269 9183
2269 9657
2269 5198
2269 3431
2269 7629
2269 5787
2269 6679
2269 7684
2269 955
2269 5837
2269 6720
2269 10236
2269 7442
2269 2939
2269 1353
2269 11002
2269 8972
2269 1086
2269 3985
2269 8611
2269 9294
2269 10793
2269 10794
2269 7918
2269 11511
2269 512
2269 1093
2269 5788
2269 11565
2270 1860
2270 1998
2270 5895
2270 4868
2270 4098
2270 597
2270 5019
2270 5131
2270 6486
2270 8064
2270 7417
2270 6873
2270 5350
2270 884
2270 583
2270 9095
2270 9346
2270 8934
2270 11057
2270 1979
2270 3556
2271 7009
2271 8175
2271 6831
2271 11075
2271 4238
2271 7509
2271 10870
2271 7557
2271 11571
2271 6146
2271 11427
2271 7416
2271 10166
2272 540
2272 4816
2272 4689
2272 5964
2272 5963
2273 3193
2273 5226
2273 5229
2273 5391
2273 5390
2273 8131
2273 7864
2273 8778
2273 8779
2273 896
2273 9037
2273 8728
2273 8763
2273 9785
2273 7683
2273 9922
2273 7694
2273 8510
2273 9100
2273 10236
2273 10798
2273 11232
2273 11529
2273 11522
2273 11270
2273 11490
2273 11558
2273 11516
2273 11768
2274 9852
2274 10760
2274 10955
2274 10169
2274 11583
2274 5788
2274 4280
2274 10446
2275 1861
2275 257
2275 621
2275 1976
2275 5136
2276 6995
2276 5939
2276 8234
2276 9531
2276 9573
2276 4018
2276 5074
2276 371
2276 3589
2276 5227
2276 5716
2276 7248
2276 9886
2276 9218
2276 6469
2276 8315
2277 6605
2277 1289
2277 9159
2277 8004
2277 1063
2277 4248
2277 1293
2277 1332
2277 4992
2277 6649
2278 208
2278 511
2278 7538
2278 1978
2278 1984
2278 8111
2278 9114
2278 1638
2278 4269
2279 7950
2279 1348
2279 5548
2279 8886
2279 8888
2279 8889
2279 37
2279 7673
2280 6312
2280 9746
2280 9955
2280 892
2280 10369
2281 2286
2281 1945
2281 9312
2281 8234
2281 6342
2281 2322
2282 1636
2282 7089
2282 7573
2282 3613
2282 306
2283 792
2283 3157
2283 9781
2283 9690
2283 11130
2283 10798
2283 7017
2283 11132
2283 5783
2283 7321
2283 5831
2283 10247
2283 7145
2283 3225
2283 11210
2283 11329
2283 11576
2283 10480
2283 11558
2283 4426
2283 11675
2284 7319
2284 7248
2284 7254
2284 6787
2284 10531
2284 10559
2284 912
2284 10310
2285 9037
2285 8598
2285 9490
2285 1543
2285 7694
2285 9659
2285 9285
2285 9700
2285 9947
2285 9853
2285 9855
2285 9852
2285 9603
2285 10234
2285 9774
2285 10236
2285 9733
2285 10287
2285 10326
2285 10182
2285 11098
2285 11135
2285 11288
2285 11307
2285 11523
2285 11529
2285 10816
2285 11539
2285 11513
2285 11490
2285 11558
2285 11720
2285 11632
2285 11567
2285 4280
2285 11516
2285 11768
2285 10968
2285 11769
2285 11820
2286 3630
2286 5217
2286 7274
2286 2687
2286 10009
2286 10163
2286 6346
2287 8251
2287 9700
2287 6258
2287 9519
2287 9444
2287 10236
2287 10702
2287 10287
2287 1729
2287 10182
2287 10238
2287 9690
2287 5782
2287 8787
2287 5834
2287 11292
2287 11232
2287 9154
2287 10169
2287 11031
2287 11522
2287 11485
2287 10913
2287 10912
2287 11399
2287 11525
2287 11606
2287 11484
2287 8216
2287 11580
2287 11819
2287 11675
2287 11536
2288 4923
2288 5391
2288 5611
2288 5709
2288 6077
2288 6483
2288 1904
2288 8254
2288 9054
2288 8604
2288 9037
2288 9100
2288 9730
2288 9857
2288 9700
2288 6258
2288 738
2288 11232
2288 11329
2288 11582
2288 2573
2288 11601
2288 11690
2288 10615
2288 11689
2288 11735
2289 4035
2289 8103
2289 8249
2289 8510
2289 9852
2289 11528
2290 7684
2290 7551
2290 11531
2290 4280
2290 11496
2290 1827
2290 6443
2291 6363
2291 8407
2291 8409
2291 8408
2291 9853
2292 8417
2292 8779
2292 7585
2292 7694
2292 2996
2292 6258
2292 57
2292 5783
2292 11550
2293 9416
2293 10852
2293 10160
2293 8659
2293 10708
2294 5228
2294 9286
2294 9243
2294 9154
2294 6096
2294 11769
2294 11766
2295 7585
2295 8208
2295 7684
2295 9100
2295 10169
2295 9518
2295 10234
2295 10117
2295 10236
2295 10618
2295 11185
2295 11285
2295 11298
2295 11602
2295 11254
2295 5788
2296 320
2296 2505
2296 4926
2296 365
2296 2698
2296 10195
2297 2478
2297 1209
2297 3192
2297 5664
2297 4245
2297 3589
2297 8417
2297 8208
2297 11439
2298 7106
2298 11139
2298 8920
2298 6398
2298 1957
2298 1310
2298 6487
2298 6320
2299 3457
2299 1464
2299 6258
2299 7132
2299 10902
2299 7683
2299 11232
2299 11299
2299 11525
2300 3554
2300 9109
2300 883
2300 912
2300 1860
2300 672
2301 5768
2301 9506
2301 7049
2301 5775
2301 4553
2301 7273
2302 1860
2302 3599
2302 9556
2302 9558
2302 9670
2302 2525
2303 4280
2303 9730
2303 10952
2303 5824
2303 5978
2303 8125
2303 8569
2303 9669
2303 10446
2304 3666
2304 1600
2304 1179
2304 7562
2304 8025
2304 1519
2305 3255
2305 4444
2305 7932
2305 9380
2305 6284
2305 11619
2305 3691
2305 6297
2305 1082
2305 8288
2305 3176
2306 4923
2306 5228
2306 5230
2306 5611
2306 6484
2306 6486
2306 6363
2306 8415
2306 9179
2306 8407
2306 9033
2306 8208
2306 7683
2306 9251
2306 9854
2306 10774
2306 10798
2306 11720
2306 10092
2307 11448
2307 11483
2307 10793
2307 10797
2307 11521
2307 11522
2307 11526
2307 11527
2307 11255
2307 5635
2307 11530
2307 11531
2307 11543
2307 11581
2307 11582
2307 11481
2307 11544
2307 11578
2307 4104
2307 2609
2307 11580
2307 11254
2307 11496
2307 11740
2307 11768
2308 6716
2308 2971
2308 5643
2308 8913
2308 9164
2308 9517
2308 8874
2309 6724
2309 8288
2309 7897
2309 561
2309 2070
2309 3326
2309 778
2309 8696
2309 6927
2309 9437
2309 7383
2309 9150
2310 1402
2310 3244
2310 4969
2310 7509
2310 11449
2311 596
2311 1258
2311 2061
2311 2170
2311 2831
2311 4435
2311 4492
2311 5978
2311 7485
2311 8410
2311 10372
2312 9260
2312 1543
2312 8728
2312 8208
2312 8211
2312 8207
2312 6258
2312 7684
2312 7629
2312 10115
2312 9733
2312 8767
2312 6729
2312 5781
2312 10289
2312 11292
2312 11282
2312 11285
2312 11521
2312 11523
2312 11529
2312 11640
2312 11606
2312 11600
2312 5788
2312 11399
2312 11788
2312 11782
2312 6443
2312 11769
2312 11771
2312 11773
2312 11767
2312 11770
2312 11828
2313 1074
2313 7839
2313 9561
2313 6422
2313 7914
2314 214
2314 3142
2314 5290
2314 10626
2314 10907
2314 4532
2314 9744
2314 7862
2315 10626
2315 311
2315 4765
2315 71
2315 8014
2315 3024
2315 10691
2315 226
2315 990
2315 9387
2316 2684
2316 2868
2316 10715
2316 11396
2316 7612
2316 8418
2316 1226
2316 7326
2316 3690
2316 4080
2316 2317
2316 8791
2316 9928
2316 883
2316 2031
2316 4056
2316 5286
2316 5590
2316 6774
2316 3940
2316 4121
2316 5727
2316 583
2316 8002
2316 2165
2316 660
2316 1610
2316 2128
2316 5516
2316 7603
2316 8694
2316 9065
2316 2858
2316 6341
2316 9230
2316 1624
2316 6373
2316 3107
2316 7493
2316 1709
2316 3477
2316 3728
2316 4136
2316 4888
2316 10637
2317 10780
2317 118
2317 9114
2317 9645
2317 10268
2317 11243
2318 5391
2318 1624
2318 8199
2318 8763
2318 7629
2318 10234
2318 9733
2318 10567
2318 11136
2319 1301
2319 10779
2319 489
2319 4713
2319 8125
2319 11218
2320 1252
2320 6096
2320 10355
2320 11586
2320 8783
2320 7781
2321 3577
2321 3030
2321 4032
2321 8253
2321 2016
2321 3015
2321 2408
2321 3029
2321 11824
2321 3451
2321 4900
2322 8598
2322 9037
2322 3164
2322 8572
2322 9659
2322 9947
2322 10236
2322 6879
2322 10911
2322 11307
2322 10912
2322 10913
2322 6096
2322 11702
2322 10626
2322 9734
2322 11686
2323 5470
2323 8931
2323 10368
2323 3375
2323 5141
2323 6826
2323 6957
2323 5102
2323 9099
2323 9150
2323 11698
2324 5226
2324 5016
2324 5230
2324 5807
2324 8415
2324 8510
2324 9947
2325 9415
2325 1928
2325 5226
2325 6364
2325 11525
2325 11524
2325 7918
2325 7806
2325 9650
2325 11564
2326 2854
2326 5228
2326 1146
2326 1624
2326 8604
2326 8206
2326 9279
2326 6022
2326 4032
2326 11568
2326 460
2327 4317
2327 2855
2327 7248
2327 307
2327 2320
2327 9286
2327 10169
2327 10127
2327 4032
2327 10798
2327 8989
2327 6103
2328 3553
2328 9552
2328 5293
2328 5308
2328 9366
2328 9904
2328 9757
2329 6132
2329 6612
2329 6927
2329 6613
2329 7573
2329 7561
2329 9150
2330 6673
2330 7816
2330 8038
2330 2860
2330 3711
2330 7203
2331 349
2331 10909
2331 2667
2331 1674
2331 3630
2331 4301
2331 7069
2331 7009
2331 10064
2331 6901
2331 4445
2331 11422
2332 7035
2332 7060
2332 7071
2332 8250
2332 7585
2332 9705
2332 6444
2333 5439
2333 7409
2333 4238
2333 6724
2333 9936
2334 9344
2334 347
2334 6518
2334 11014
2334 2312
2335 4039
2335 7987
2335 8755
2335 7354
2335 10745
2336 7014
2336 3579
2336 4076
2336 6294
2336 9296
2336 1804
2337 2117
2337 3323
2337 6553
2337 6363
2337 11526
2337 11527
2337 11524
2337 11484
2337 11770
2338 9216
2338 10529
2338 736
2338 737
2338 883
2338 5538
2339 4888
2339 4891
2339 4877
2339 1708
2339 1831
2339 308
2339 5069
2339 2675
2339 2682
2339 3038
2339 5421
2339 7947
2339 8057
2339 9713
2339 1838
2339 6090
2339 243
2339 2007
2339 5937
2339 8942
2339 883
2339 5957
2339 8966
2339 2177
2339 9325
2339 11176
2339 6986
2339 7534
2339 9641
2340 5162
2340 4835
2340 8111
2340 9416
2340 7435
2340 505
2341 882
2341 9776
2341 1159
2341 2389
2341 9774
2341 5184
2341 9044
2341 10238
2341 10104
2341 2350
2341 6363
2341 2076
2341 5834
2341 10794
2341 10725
2341 1729
2341 10797
2341 8026
2341 10793
2341 4032
2341 6751
2341 1851
2341 2545
2341 2478
2341 4373
2341 4125
2341 4104
2341 611
2341 10152
2341 9734
2341 11701
2341 11794
2341 11749
2342 320
2342 4754
2342 5480
2342 8853
2342 8878
2343 11333
2343 9054
2343 135
2343 193
2343 777
2343 2946
2343 3743
2343 4285
2343 5185
2343 8413
2343 1632
2343 10266
2343 9842
2343 4470
2343 4564
2343 1720
2343 10768
2343 11142
2343 11783
2343 11335
2343 7662
2344 7569
2344 4218
2344 3000
2344 7862
2344 9825
2344 8399
2345 5744
2345 7299
2345 5898
2345 2169
2345 9399
2345 6779
2345 6531
2345 4094
2345 4554
2345 6998
2346 5896
2346 1449
2346 4793
2346 1147
2346 7153
2346 8882
2346 1690
2346 7309
2346 4794
2346 11598
2346 2451
2346 7064
2346 2286
2346 6649
2346 6381
2346 7578
2346 2681
2346 10656
2346 10610
2346 176
2346 9829
2346 3221
2346 11226
2347 2985
2347 6902
2347 5324
2347 6203
2347 6198
2347 11569
2347 2970
2347 1019
2347 9269
2347 8637
2347 2977
2348 142
2348 6025
2348 6026
2348 6240
2348 814
2348 11426
2349 4422
2349 2766
2349 1120
2349 5601
2349 6138
2350 4587
2350 11018
2350 259
2350 4369
2350 2331
2350 2550
2350 5263
2350 10386
2350 257
2350 821
2350 822
2351 2891
2351 3659
2351 3428
2351 1638
2351 4238
2352 1020
2352 1656
2352 2796
2352 7587
2352 10325
2352 2191
2353 1177
2353 9380
2353 10306
2353 5369
2353 10535
2354 5226
2354 5229
2354 5230
2354 5016
2354 1464
2354 3516
2354 5393
2354 6344
2354 3592
2354 8253
2354 8778
2354 8602
2354 9037
2354 8677
2354 9340
2354 8211
2354 8207
2354 9659
2354 9855
2354 9857
2354 9518
2354 10633
2354 10759
2354 10760
2354 10449
2354 11185
2354 11002
2354 11529
2354 11531
2354 11524
2354 11516
2354 11765
2354 11777
2354 11767
2354 11828
2355 6811
2355 1258
2355 9043
2355 10610
2355 10655
2355 3368
2355 11121
2355 4091
2355 11229
2355 589
2355 2301
2355 7762
2355 400
2355 448
2355 802
2355 2352
2355 6385
2355 6986
2355 7601
2356 7573
2356 4116
2356 8615
2356 9736
2356 5584
2356 10906
2356 7446
2357 3110
2357 1090
2357 7154
2357 8417
2357 8962
2357 9064
2357 8603
2357 8728
2357 7694
2357 6258
2357 9947
2357 444
2357 11232
2358 4158
2358 6751
2358 7602
2358 7926
2358 4032
2358 4755
2358 5859
2358 11147
2359 4976
2359 6522
2359 6847
2359 7786
2359 9109
2359 2025
2359 7685
2359 10567
2360 4859
2360 6751
2360 4978
2360 4982
2360 4486
2360 5054
2361 2024
2361 2830
2361 622
2361 3739
2361 6776
2362 4091
2362 5199
2362 8986
2362 8457
2362 9743
2362 9974
2362 9326
2362 2141
2362 1347
2362 2073
2362 10436
2363 349
2363 811
2363 8865
2363 291
2363 8832
2363 8863
2363 7764
2363 2126
2364 3612
2364 6190
2364 1542
2364 9664
2364 6192
2364 6189
2364 6643
2364 494
2364 9792
2364 10733
2364 7268
2364 6814
2364 4195
2364 9754
2364 1135
2364 9851
2364 9760
2364 10994
2365 1624
2365 7541
2365 8131
2365 8254
2365 8449
2365 8251
2365 8407
2365 8408
2365 4011
2365 4046
2365 5060
2365 7983
2365 8409
2365 8189
2365 9664
2365 7683
2365 6258
2365 9282
2365 4151
2365 10903
2365 11529
2365 11485
2365 11583
2365 11523
2365 11606
2365 11484
2365 11439
2366 10326
2366 8144
2366 5834
2366 3690
2366 1719
2366 10022
2366 11720
2366 6438
2366 912
2366 9669
2367 7071
2367 8382
2367 3164
2367 9034
2367 8763
2367 9659
2367 10169
2367 6258
2367 9100
2367 10238
2367 9690
2367 9319
2367 11131
2367 11132
2367 8293
2367 10798
2367 5834
2367 11484
2367 11496
2367 11782
2367 11399
2367 11819
2367 10321
2368 5727
2368 8009
2368 1090
2368 5677
2368 5689
2368 3440
2368 255
2369 9109
2369 7744
2369 9547
2369 4207
2369 4095
2369 9415
2369 9744
2369 10368
2370 7310
2370 5116
2370 7673
2370 7835
2370 5130
2371 1457
2371 5016
2371 5395
2371 5390
2371 3063
2371 6363
2371 8778
2371 9490
2371 11525
2371 6449
2372 3192
2372 4035
2372 6027
2372 8220
2372 4532
2372 3501
2373 145
2373 9732
2373 4061
2373 10878
2373 11197
2373 1211
2373 3763
2374 2531
2374 1313
2374 2014
2374 1681
2374 1650
2374 1860
2374 4084
2374 4982
2374 4984
2374 9342
2374 8900
2374 7708
2374 1766
2374 7781
2374 8616
2374 7658
2374 7179
2374 3166
2374 4416
2374 7557
2374 9929
2374 8317
2375 1609
2375 2411
2375 8583
2375 6666
2375 9334
2375 5278
2376 809
2376 773
2376 822
2376 1808
2376 5634
2376 1154
2376 1156
2376 4506
2376 4256
2376 6633
2377 5636
2377 412
2377 3314
2377 9158
2377 6188
2378 3457
2378 5391
2378 5393
2378 5611
2378 6077
2378 6680
2378 1624
2378 5162
2378 8169
2378 8199
2378 8449
2378 8407
2378 9733
2378 6096
2379 2852
2379 9294
2379 4723
2379 8612
2379 6907
2380 5393
2380 6486
2380 6488
2380 8169
2380 8131
2380 8383
2380 8382
2380 8250
2380 8680
2380 9037
2380 9174
2380 9001
2380 9922
2380 10169
2380 9855
2380 9730
2380 6258
2380 10236
2380 10798
2380 6254
2380 6410
2380 11135
2380 6364
2380 6096
2380 11777
2381 8827
2381 8112
2381 8755
2381 9482
2381 10802
2381 11276
2381 7415
2381 8961
2382 1457
2382 5229
2382 5709
2382 8169
2382 8132
2382 9664
2382 9100
2382 10798
2382 5834
2382 11635
2383 756
2383 4742
2383 3924
2383 6145
2383 9133
2384 6012
2384 3495
2384 5508
2384 6200
2384 6206
2384 1079
2384 1479
2384 1489
2384 6201
2384 8863
2384 1051
2385 8410
2385 10097
2385 5883
2385 1233
2385 10396
2385 10565
2385 5446
2386 7234
2386 2035
2386 11233
2386 3179
2386 8900
2386 3242
2386 11625
2386 10852
2387 9081
2387 3155
2387 3418
2387 5683
2387 8913
2387 2579
2387 5338
2387 9679
2388 2480
2388 681
2388 7344
2388 3505
2388 4855
2388 5370
2388 892
2389 3884
2389 5226
2389 5230
2389 5016
2389 3516
2389 3932
2389 6077
2389 6680
2389 7060
2389 7796
2389 7071
2389 8254
2389 8449
2389 7101
2389 7541
2389 9064
2389 9067
2389 9033
2389 3166
2389 9947
2389 9855
2389 9858
2389 9856
2389 10276
2389 10798
2389 11185
2389 11196
2389 11529
2389 11497
2389 11516
2389 10520
2389 11791
2390 4794
2390 2199
2390 5178
2390 5339
2390 8365
2390 7478
2390 1548
2390 10536
2390 7833
2390 434
2390 1855
2390 892
2390 820
2391 3320
2391 2799
2391 3829
2391 5109
2391 3771
2391 6430
2391 7046
2391 4652
2391 5801
2391 1925
2391 10169
2391 9603
2391 64
2392 583
2392 1484
2392 3159
2392 5723
2392 2780
2393 3487
2393 9755
2393 4886
2393 63
2393 4885
2394 2326
2394 2328
2394 6976
2394 6826
2394 2325
2394 6981
2395 9109
2395 5151
2395 2891
2395 618
2395 7164
2396 9852
2396 9773
2396 9519
2396 10234
2396 10798
2396 11635
2397 9033
2397 6258
2397 10236
2397 4966
2397 7898
2397 10983
2397 1481
2397 166
2397 4091
2397 5387
2397 1825
2397 11772
2397 11777
2398 2894
2398 505
2398 8131
2398 8763
2398 3492
2398 2820
2398 3164
2398 11300
2398 11524
2398 6596
2398 2980
2398 6591
2398 11566
2399 5253
2399 1502
2399 69
2399 1860
2399 5399
2399 6826
2399 5479
2399 11400
2400 5359
2400 5803
2400 6015
2400 6638
2400 6857
2400 8616
2400 9085
2400 9277
2400 9326
2400 1261
2400 1356
2400 1357
2400 1640
2400 3486
2400 3711
2400 3960
2400 4346
2400 4430
2400 5299
2400 7202
2400 3738
2400 4204
2400 4212
2400 7046
2400 7551
2400 7557
2400 10262
2400 5034
2400 1388
2400 1390
2400 4794
2400 6099
2401 815
2401 2070
2401 5299
2401 9313
2401 11121
2402 3635
2402 8048
2402 7913
2402 10313
2402 3236
2402 11105
2402 892
2403 991
2403 7053
2403 572
2403 8625
2403 8823
2404 233
2404 4537
2404 7005
2404 10823
2404 365
2404 11501
2404 3293
2404 5995
2404 8836
2404 3240
2404 6821
2404 9191
2404 11788
2404 3396
2404 11770
2404 8842
2404 11798
2404 1531
2404 1996
2404 2162
2404 2736
2404 5360
2404 6729
2404 7600
2404 7799
2404 8677
2404 8965
2404 9316
2404 10559
2404 11424
2404 5307
2404 11822
2405 8407
2405 7683
2405 9854
2405 6258
2405 9852
2405 9856
2405 8415
2405 9776
2405 10236
2405 10759
2405 7369
2405 10238
2405 6729
2405 5783
2405 11287
2405 11294
2405 11232
2405 11524
2405 11399
2405 11600
2405 11606
2405 11156
2405 10626
2405 11635
2405 11782
2405 11744
2405 6445
2405 6449
2406 7038
2406 6830
2406 6007
2406 10146
2406 3613
2406 6831
2406 10667
2406 10668
2406 11032
2406 11033
2406 6297
2406 7389
2406 8815
2406 3454
2407 7779
2407 5167
2407 5215
2407 583
2407 3952
2407 7101
2407 8199
2407 8415
2407 9490
2407 9947
2407 9856
2407 9444
2407 9397
2407 10637
2407 10823
2407 5781
2407 10914
2407 10919
2407 11401
2408 8415
2408 5342
2408 9659
2408 6258
2408 9730
2408 9444
2408 9776
2408 10760
2408 10798
2408 10247
2408 11232
2408 5788
2408 770
2408 11835
2409 2677
2409 3726
2409 6125
2409 8428
2409 8600
2409 9558
2410 1609
2410 704
2410 8462
2410 2322
2410 10936
2411 5261
2411 4280
2411 4293
2411 3613
2411 8842
2411 10239
2412 3239
2412 7277
2412 453
2412 795
2412 11377
2412 11279
2413 2538
2413 2298
2413 6222
2413 2447
2413 1827
2413 1309
2414 4724
2414 3323
2414 8679
2414 11002
2414 11765
2415 7365
2415 8251
2415 7514
2415 9064
2415 8763
2415 9100
2415 9853
2415 9519
2415 10113
2415 10201
2416 3504
2416 8034
2416 9314
2416 2047
2416 806
2416 1342
2416 2044
2416 7621
2416 8997
2416 5412
2417 10270
2417 1431
2417 7227
2417 319
2417 1348
2417 1860
2417 1373
2417 2051
2417 3159
2417 6957
2418 8415
2418 9037
2418 8728
2418 9853
2418 10169
2418 9604
2418 11135
2418 10600
2418 11490
2419 5333
2419 3930
2419 6674
2419 6796
2419 152
2420 435
2420 8574
2420 6843
2420 8447
2420 10839
2421 2319
2421 3123
2421 7144
2421 8707
2421 11356
2422 1595
2422 7779
2422 10774
2422 11117
2422 11030
2423 10626
2423 11107
2423 4293
2423 7485
2423 9109
2423 4294
2423 7482
2423 11333
2423 7809
2423 11661
2423 598
2423 3162
2423 4694
2423 10852
2423 11569
2423 9143
2423 11382
2423 5464
2423 11447
2423 7897
2423 8214
2424 1316
2424 1576
2424 1605
2424 279
2424 7064
2425 4719
2425 7485
2425 505
2425 10508
2425 2061
2426 1373
2426 1372
2426 4621
2426 7534
2426 11333
2427 7039
2427 8755
2427 10180
2427 1898
2427 10251
2428 2057
2428 2493
2428 5434
2428 4717
2428 5435
2428 7125
2428 7127
2428 402
2428 6474
2428 8459
2429 174
2429 4973
2429 5239
2429 8605
2429 9448
2429 5498
2429 6786
2429 7295
2429 2284
2429 3595
2429 4244
2429 2014
2429 856
2429 6106
2429 8631
2429 1209
2429 6435
2429 9546
2429 3849
2429 5217
2429 1375
2430 7419
2430 4609
2430 5661
2430 7965
2430 7170
2430 9546
2430 7706
2431 2031
2431 5911
2431 7415
2431 5443
2431 7028
2431 2164
2432 9109
2432 7129
2432 9564
2432 583
2432 66
2433 8253
2433 4335
2433 3164
2433 9037
2433 1543
2433 9705
2433 7694
2433 9855
2433 9100
2433 9700
2433 6258
2433 9730
2433 9774
2433 9444
2433 6225
2433 10201
2433 10238
2433 10976
2433 10182
2433 10618
2433 10823
2433 10798
2433 6049
2433 11098
2433 11232
2433 11283
2433 11481
2433 2573
2433 11579
2433 11602
2433 11632
2434 10333
2434 8088
2434 10229
2434 3458
2434 5725
2434 9346
2434 8048
2434 7045
2434 4633
2434 5368
2435 548
2435 5675
2435 5678
2435 5386
2435 5268
2435 868
2435 5048
2436 718
2436 7071
2436 8250
2436 7036
2436 8385
2436 9260
2436 8763
2436 9853
2436 10371
2436 10271
2436 10823
2436 11196
2436 2587
2436 2573
2436 11819
2436 1825
2436 11439
2437 5725
2437 792
2437 2447
2437 3896
2437 4727
2437 5601
2437 7551
2437 8391
2437 10240
2438 350
2438 500
2438 2085
2438 3792
2438 6175
2438 8394
2439 5019
2439 5326
2439 5932
2439 8111
2439 10559
2439 2007
2439 591
2439 6329
2439 593
2439 10805
2440 3019
2440 89
2440 3468
2440 2657
2440 1602
2440 7609
2440 10368
2441 7254
2441 424
2441 3745
2441 9151
2441 4233
2441 1650
2441 3746
2441 3748
2442 2902
2442 7313
2442 8015
2442 8016
2442 9220
2442 3380
2442 3375
2442 6681
2443 4259
2443 4350
2443 2855
2443 3808
2443 1230
2443 3516
2443 5395
2443 5494
2443 6344
2443 6004
2443 6343
2443 7541
2443 6068
2443 5247
2443 5984
2443 10626
2443 11744
2443 11782
2444 4450
2444 995
2444 3453
2444 2687
2444 4514
2444 768
2444 9131
2444 2025
2444 512
2445 7987
2445 9508
2445 9727
2445 9839
2445 11062
2446 9114
2446 6055
2446 572
2446 10567
2446 7750
2447 1771
2447 360
2447 7521
2447 6322
2447 7743
2447 10702
2447 9507
2447 2247
2447 4735
2447 5191
2447 7857
2448 1853
2448 3336
2448 5433
2448 2624
2448 6547
2448 8754
2449 4177
2449 4902
2449 5762
2449 391
2449 11657
2450 3201
2450 3605
2450 9576
2450 11396
2450 1994
2450 9259
2451 1120
2451 1020
2451 392
2451 3323
2451 2139
2451 4573
2451 1703
2451 1563
2451 4932
2451 2368
2451 1297
2451 4825
2451 4695
2451 4651
2451 504
2451 6824
2451 4649
2451 2204
2451 7211
2451 1127
2451 5300
2451 3550
2451 7034
2451 4148
2451 2301
2451 3310
2451 2549
2451 2790
2451 2471
2451 3686
2451 3551
2451 928
2451 2500
2451 7473
2451 5182
2451 2362
2451 5317
2452 6739
2452 9744
2452 1636
2452 7988
2452 10730
2453 5452
2453 7115
2453 8818
2453 3450
2453 5851
2453 1332
2454 8525
2454 5639
2454 4843
2454 5976
2454 9109
2455 6821
2455 9354
2455 3336
2455 413
2455 967
2455 2894
2455 11677
2456 4387
2456 4863
2456 3375
2456 7677
2456 2774
2456 142
2456 8566
2456 8640
2456 9168
2456 2061
2456 3243
2456 3228
2456 5816
2456 9649
2457 6978
2457 7929
2457 10727
2457 8664
2457 10965
2457 912
2458 7418
2458 9445
2458 11161
2458 10368
2458 11613
2459 6866
2459 6807
2459 6694
2459 6198
2459 11685
2459 9459
2460 2541
2460 1231
2460 5837
2460 4344
2460 197
2460 9112
2460 190
2460 4605
2461 4711
2461 4351
2461 4763
2461 4801
2461 4762
2461 909
2461 912
2461 1268
2461 7062
2461 4472
2461 6513
2461 8388
2461 4481
2461 5452
2461 2054
2461 4925
2461 8379
2461 585
2461 3973
2461 4682
2461 4629
2461 1832
2461 7618
2461 6432
2461 1834
2461 5531
2461 3458
2461 5302
2461 6063
2461 6689
2461 4315
2461 4204
2461 6819
2461 1423
2461 6230
2461 8352
2461 6583
2462 10172
2462 10807
2462 5827
2462 301
2462 2872
2462 7145
2462 9127
2462 11202
2462 11239
2462 9126
2462 9710
2462 11067
2462 3184
2462 10720
2462 3185
2462 11372
2462 9958
2462 2272
2462 8689
2462 8692
2462 8688
2462 3662
2462 650
2462 4238
2462 10688
2462 5626
2462 10168
2462 6686
2462 11187
2462 3038
2462 11611
2462 697
2462 11
2462 5947
2463 1240
2463 4264
2463 4426
2463 6538
2463 1863
2463 896
2463 9503
2464 5016
2464 8254
2464 3164
2464 6729
2464 5783
2464 11282
2464 11522
2464 11602
2465 2687
2465 3167
2465 5217
2465 2929
2465 3876
2466 3398
2466 4725
2466 6248
2466 1464
2466 3516
2466 6484
2466 3592
2466 8409
2466 9947
2466 9730
2466 11686
2467 6646
2467 7562
2467 7572
2467 4516
2467 396
2467 6424
2467 7529
2467 5720
2468 3799
2468 4205
2468 8334
2468 1860
2468 1453
2469 7083
2469 4174
2469 7295
2469 10704
2469 6625
2469 10789
2470 285
2470 5395
2470 9109
2470 10700
2470 9773
2470 10446
2470 11822
2470 10092
2471 1658
2471 6425
2471 7101
2471 2576
2471 9775
2471 9416
2471 5427
2471 74
2472 4032
2472 5182
2472 7892
2472 8739
2472 11574
2472 10411
2472 10749
2472 11733
2472 6397
2473 1128
2473 1125
2473 720
2473 2872
2473 5338
2474 413
2474 5865
2474 1520
2474 2759
2474 6694
2474 10096
2474 3957
2475 4888
2475 5269
2475 11016
2475 7476
2475 8588
2475 9333
2475 11034
2476 3403
2476 3661
2476 6509
2476 1145
2476 2946
2477 4107
2477 3457
2477 5228
2477 5226
2477 1249
2477 3516
2477 1624
2477 7101
2477 7060
2477 7541
2477 8169
2477 7864
2477 8415
2477 8417
2477 8254
2477 8382
2477 8779
2477 8409
2477 9037
2477 9705
2477 9857
2477 10234
2477 10759
2477 7721
2477 11529
2477 1825
2478 2815
2478 8931
2478 489
2478 9263
2478 9572
2479 5016
2479 6488
2479 8254
2479 8449
2479 8679
2479 7585
2479 5781
2479 8293
2479 11031
2479 11558
2479 11564
2479 11765
2479 6445
2479 11518
2479 1825
2479 11771
2479 11773
2480 5548
2480 1578
2480 1579
2480 9099
2480 9366
2480 1880
2481 5418
2481 5727
2481 2462
2481 5721
2481 5047
2481 8825
2481 6838
2481 7088
2481 7649
2481 792
2481 1906
2481 4901
2481 6395
2481 7031
2481 7453
2481 5837
2481 8437
2481 8258
2481 2477
2481 6751
2481 3110
2481 6859
2481 3493
2481 5838
2481 8837
2481 4032
2481 6029
2481 5814
2481 8475
2481 7622
2481 4505
2481 6378
2481 8829
2481 621
2481 7509
2481 10704
2481 1106
2481 2345
2481 1091
2481 7630
2482 8169
2482 7796
2482 8254
2482 6488
2482 8449
2482 9773
2482 10903
2483 390
2483 452
2483 437
2483 1533
2483 1670
2483 439
2483 6528
2483 545
2483 3376
2483 8449
2483 8254
2483 8251
2483 8778
2483 8779
2483 9037
2483 8510
2483 11791
2484 266
2484 350
2484 452
2484 743
2484 10632
2485 5229
2485 6420
2485 3887
2485 7796
2485 7125
2485 6507
2485 4840
2485 10785
2486 6190
2486 6883
2486 10740
2486 714
2486 11085
2487 8916
2487 5282
2487 9455
2487 6927
2487 8931
2487 8842
2488 4799
2488 7642
2488 7781
2488 8616
2488 5380
2488 5300
2488 10805
2489 4156
2489 4690
2489 1233
2489 4786
2489 6925
2489 8185
2489 4682
2489 6342
2489 3625
2489 6888
2489 8124
2489 9417
2489 4727
2489 6725
2489 10717
2489 402
2490 4952
2490 621
2490 1638
2490 9552
2490 130
2490 2453
2490 792
2490 3978
2491 1340
2491 1344
2491 1372
2491 1481
2491 587
2491 994
2491 10005
2491 8343
2491 6613
2491 8931
2491 9675
2492 5815
2492 2875
2492 198
2492 5933
2492 1651
2492 8686
2493 1457
2493 5230
2493 5226
2493 5229
2493 5391
2493 5395
2493 5393
2493 6018
2493 6344
2493 1624
2493 8103
2493 7864
2493 9064
2493 8408
2493 9947
2493 10234
2493 5291
2493 9733
2493 10639
2493 11487
2493 5788
2494 8123
2494 10349
2494 1845
2494 3054
2494 6342
2494 7146
2494 9211
2494 9714
2494 9907
2494 3613
2494 2242
2494 11590
2494 84
2494 7411
2494 1860
2494 11636
2494 412
2494 886
2495 38
2495 1665
2495 2408
2495 6790
2495 7735
2495 10772
2495 1101
2495 6625
2495 7649
2495 9960
2495 10968
2495 5895
2495 455
2495 1628
2495 8919
2496 2538
2496 2154
2496 720
2496 572
2496 1084
2496 4784
2496 5720
2496 6377
2496 958
2496 8705
2496 7498
2496 1939
2496 8362
2496 4539
2496 7538
2496 8943
2496 922
2496 1177
2496 7407
2496 881
2496 3786
2496 3789
2496 512
2496 2723
2497 4800
2497 6844
2497 5715
2497 3999
2497 9109
2497 1890
2498 8251
2498 8779
2498 8679
2498 8408
2498 8736
2498 8728
2498 8189
2498 9010
2498 9100
2498 9859
2498 9855
2498 9852
2498 6258
2498 9730
2498 10234
2498 9444
2498 11600
2499 809
2499 909
2499 10581
2499 1625
2499 9131
2500 6116
2500 10920
2500 10334
2500 10492
2500 4492
2500 6635
2500 6738
2500 7890
2500 8325
2500 8808
2500 10403
2500 4353
2500 10940
2500 721
2500 727
2500 6250
2500 3501
2500 11065
2501 6340
2501 3207
2501 242
2501 6636
2501 2192
2501 6694
2501 3014
2501 5369
2501 7055
2501 8674
2501 8929
2501 126
2501 3069
2501 3333
2501 6912
2501 2131
2501 6304
2501 7838
2501 3417
2501 3419
2501 5851
2501 5621
2502 6786
2502 3000
2502 4872
2502 568
2502 7514
2502 892
2502 11128
2502 10647
2502 9955
2502 11474
2503 8417
2503 9260
2503 7585
2503 9100
2503 9922
2503 9659
2503 9947
2503 10169
2503 7694
2503 9251
2503 9854
2503 9857
2503 8240
2503 9776
2503 10760
2503 10798
2503 11185
2503 6864
2503 11663
2503 11664
2504 6239
2504 11279
2504 6738
2504 6739
2504 8675
2504 8903
2504 10370
2504 10718
2504 10852
2504 11346
2504 3223
2504 3233
2504 3236
2504 3239
2504 5817
2505 8131
2505 8132
2505 9037
2505 8767
2505 11098
2505 11135
2505 11525
2505 11583
2505 11523
2505 11531
2505 2573
2505 11270
2505 11600
2505 6446
2505 11773
2505 11777
2505 11136
2505 11767
2506 7659
2506 9587
2506 9282
2506 3896
2506 6986
2506 10378
2507 2106
2507 4509
2507 4829
2507 365
2507 11171
2507 242
2507 1169
2507 1690
2507 4620
2507 2549
2507 10071
2507 8569
2507 11127
2508 4035
2508 5999
2508 6734
2508 4001
2508 8596
2508 11128
2509 4039
2509 7982
2509 10314
2509 5802
2509 8180
2509 10745
2509 10251
2510 5228
2510 6344
2510 1624
2510 7060
2510 8132
2510 7514
2510 8603
2510 2205
2511 7294
2511 4250
2511 7677
2511 7510
2511 11239
2511 6625
2512 9109
2512 3000
2512 7715
2512 4067
2512 8486
2512 4360
2513 822
2513 892
2513 1860
2513 2176
2513 7861
2513 8808
2513 9082
2513 9860
2513 9887
2513 999
2513 10283
2513 740
2514 5369
2514 6838
2514 7846
2514 9825
2514 10260
2515 265
2515 487
2515 1271
2515 1273
2515 2518
2515 5016
2515 585
2515 8449
2515 7
2515 6258
2515 1230
2515 4121
2515 5834
2515 1860
2515 11232
2515 825
2515 2573
2515 9439
2515 11118
2516 10600
2516 11600
2516 11568
2516 5788
2516 6449
2516 11501
2516 11742
2517 947
2517 1703
2517 2685
2517 6264
2517 6708
2518 10141
2518 8459
2518 10915
2518 9735
2518 6300
2518 1156
2518 9734
2518 7851
2519 5011
2519 5013
2519 5014
2519 5583
2519 5829
2519 4717
2519 3261
2519 2649
2520 1860
2520 5390
2520 2578
2520 1364
2520 7058
2520 8415
2520 9034
2520 896
2520 9037
2520 6978
2520 8669
2520 9857
2520 4600
2520 4655
2520 8
2520 11131
2520 2022
2520 11130
2520 8681
2520 11194
2520 3561
2521 2501
2521 5613
2521 38
2521 5360
2521 6417
2521 7595
2521 3181
2521 5516
2521 6745
2521 7551
2521 8212
2522 7597
2522 7624
2522 8430
2522 8930
2522 1348
2522 4883
2522 7464
2522 4205
2522 9643
2522 10083
2522 10297
2522 6826
2522 10934
2522 9150
2523 3398
2523 3376
2523 3589
2523 4725
2523 4558
2523 3884
2523 1457
2523 5228
2523 5229
2523 5230
2523 5393
2523 810
2523 2413
2523 257
2523 6017
2523 3624
2523 2326
2523 5865
2523 7616
2523 8132
2523 8572
2523 9947
2523 10902
2523 11002
2523 2609
2523 7918
2523 6096
2523 11770
2523 11772
2524 1600
2524 2078
2524 6626
2524 9065
2524 10905
2524 5785
2524 6489
2524 10135
2525 8602
2525 9064
2525 9664
2525 8736
2525 10201
2525 11074
2525 11832
2526 2603
2526 10073
2526 6738
2526 10492
2526 8051
2526 9508
2526 10626
2526 3207
2527 6674
2527 9547
2527 5399
2527 2014
2527 7467
2527 5789
2527 4212
2527 4325
2527 6676
2527 11330
2527 11339
2527 9345
2527 7365
2527 11468
2527 7795
2527 9693
2527 3428
2527 10553
2527 3043
2527 11210
2527 11641
2527 6270
2527 10366
2527 2304
2527 10637
2527 7125
2527 11398
2527 10979
2528 2134
2528 3006
2528 10104
2528 6402
2528 9421
2529 4281
2529 3390
2529 3613
2529 1912
2529 991
2529 1916
2529 2125
2529 11542
2530 2142
2530 3984
2530 9320
2530 3318
2530 9138
2530 8029
2530 8511
2530 452
2531 8828
2531 11075
2531 2282
2531 7781
2531 1230
2531 1510
2531 1517
2531 2882
2531 3588
2531 7357
2531 8848
2531 10335
2531 11498
2531 1650
2531 1813
2531 1653
2532 6132
2532 2806
2532 3592
2532 10454
2532 10455
2532 10457
2532 3253
2532 3020
2532 8783
2532 8007
2532 6981
2532 4151
2533 9363
2533 11179
2533 931
2533 2736
2533 5579
2534 6613
2534 11181
2534 5141
2534 8931
2534 6927
2534 9150
2535 7695
2535 2242
2535 79
2535 1784
2535 5712
2536 5351
2536 10543
2536 2766
2536 3220
2536 3638
2536 5122
2536 5759
2536 9850
2536 10537
2536 658
2536 5823
2536 9740
2536 11636
2536 6096
2536 6676
2537 6823
2537 778
2537 3243
2537 6423
2537 10209
2537 240
2537 1515
2537 1988
2537 2754
2537 2953
2537 3375
2537 3392
2537 3613
2537 4249
2537 8231
2537 9114
2537 10104
2538 8476
2538 10369
2538 10418
2538 10367
2538 10753
2538 10626
2538 10368
2539 4923
2539 2104
2539 2290
2539 7514
2539 7683
2540 5229
2540 5228
2540 8602
2540 3503
2540 7514
2540 9785
2540 7629
2540 9776
2541 1201
2541 1239
2541 2630
2541 3841
2541 3127
2541 8605
2541 8445
2541 9052
2541 5256
2541 5282
2541 9084
2541 5988
2541 5283
2542 4611
2542 3985
2542 4128
2542 924
2542 1640
2543 7617
2543 6363
2543 8253
2543 8677
2543 7585
2543 9856
2543 10276
2543 11296
2543 11529
2543 11583
2543 11515
2544 10976
2544 5780
2544 7022
2544 8787
2544 5783
2544 6731
2544 7017
2544 10169
2544 11030
2544 11002
2544 11378
2544 11379
2544 11029
2544 11521
2544 11539
2544 11543
2544 11550
2544 11481
2544 5788
2544 11800
2544 6438
2544 11518
2544 11774
2545 1367
2545 5263
2545 4902
2545 7359
2545 7032
2545 4320
2545 8421
2545 5745
2545 2004
2545 1827
2545 2285
2545 6630
2546 1860
2546 5687
2546 2949
2546 5602
2546 8868
2546 2982
2547 129
2547 4647
2547 3422
2547 5457
2547 7483
2548 7487
2548 2808
2548 8673
2548 9193
2548 11233
2549 5228
2549 6018
2549 1624
2549 7060
2549 8449
2549 8604
2549 9011
2549 8207
2549 9659
2549 7683
2549 10169
2549 9100
2549 9947
2549 6258
2549 9730
2549 9444
2549 10236
2549 10798
2549 5834
2549 836
2549 7551
2549 11232
2549 11576
2549 6096
2549 2609
2549 741
2549 6270
2549 6864
2549 11578
2549 11632
2549 11735
2549 11782
2550 9034
2550 9705
2550 8510
2550 9859
2550 9947
2550 9852
2550 6258
2550 9730
2550 9776
2550 10236
2550 10449
2550 10798
2550 11185
2550 11448
2550 11521
2550 11528
2550 11255
2550 5635
2550 11606
2550 11531
2550 11194
2550 11329
2550 11530
2550 10506
2550 2609
2550 11254
2550 4280
2550 11565
2550 11399
2550 11768
2550 11771
2551 2447
2551 6435
2551 2080
2551 1639
2551 6275
2551 2065
2551 1880
2551 6261
2551 6272
2551 2187
2551 7417
2551 2153
2551 6802
2551 8411
2551 7015
2552 3456
2552 4260
2552 4923
2552 5226
2552 5230
2552 5016
2552 8131
2552 8449
2552 9033
2552 7551
2553 1475
2553 5171
2553 4183
2553 6508
2553 9161
2553 218
2553 2408
2553 3850
2553 4157
2553 4238
2553 4871
2553 5609
2553 7422
2553 9177
2553 9290
2553 11114
2553 11223
2553 11264
2553 2623
2553 11619
2553 10101
2553 11568
2554 2958
2554 4169
2554 4217
2554 3002
2554 6646
2554 1301
2554 2734
2554 4378
2554 1960
2554 6497
2554 9636
2554 583
2554 2334
2554 2281
2554 4354
2554 5136
2554 8651
2554 9692
2554 10168
2554 3541
2554 9547
2554 1852
2554 9671
2554 7534
2554 10373
2554 11306
2554 3079
2554 5132
2554 3000
2554 4612
2554 3840
2554 6381
2554 6499
2554 3120
2554 3561
2554 11407
2554 1121
2554 11334
2554 11126
2554 6145
2555 1078
2555 5141
2555 2427
2555 2982
2555 2965
2556 4464
2556 7838
2556 4112
2556 4113
2556 2844
2556 9413
2556 11349
2557 940
2557 3243
2557 643
2557 9525
2557 1736
2557 3413
2558 6957
2558 9534
2558 298
2558 3250
2558 882
2559 5975
2559 3395
2559 5978
2559 10103
2559 7295
2559 9168
2560 3164
2560 9700
2560 8242
2560 9776
2560 11511
2560 11701
2561 2330
2561 4350
2561 4933
2561 5226
2561 5230
2561 1464
2561 1624
2561 8254
2561 7036
2561 9947
2561 6258
2561 11074
2561 7721
2561 11293
2562 7248
2562 9793
2562 10007
2562 583
2562 8625
2562 2049
2563 3884
2563 4350
2563 5391
2563 3113
2563 2425
2563 3192
2563 3087
2563 6680
2563 1624
2563 1944
2563 9100
2563 7694
2563 4431
2563 11232
2563 11518
2564 5865
2564 8842
2564 9151
2564 4399
2564 6799
2564 8797
2565 589
2565 1384
2565 9620
2565 10116
2565 2524
2565 798
2565 448
2565 5771
2565 1858
2565 2298
2565 6114
2565 7021
2565 7925
2565 5399
2565 4947
2565 10582
2565 11683
2566 5777
2566 7541
2566 9100
2566 9855
2566 9854
2566 6258
2566 10236
2566 10201
2566 9733
2566 8767
2566 9446
2566 10618
2566 10798
2566 10271
2566 11378
2566 11379
2566 11782
2566 11675
2567 1624
2567 7060
2567 7796
2567 8383
2567 9730
2567 11448
2567 11528
2567 5788
2567 10446
2567 11828
2568 3193
2568 3776
2568 4805
2568 533
2568 8400
2568 3002
2568 9024
2568 11613
2569 5720
2569 3883
2569 4675
2569 5457
2569 9661
2569 7800
2569 9048
2570 7830
2570 3368
2570 3501
2570 9507
2570 10738
2570 10630
2571 1851
2571 2550
2571 2775
2571 9293
2571 11429
2572 8417
2572 7071
2572 8778
2572 9034
2572 11440
2573 3517
2573 3721
2573 4923
2573 5228
2573 5016
2573 5807
2573 5709
2573 1624
2573 6486
2573 7541
2573 8132
2573 8415
2573 7514
2573 8763
2573 1543
2573 7164
2573 6774
2573 10798
2573 9154
2573 11399
2573 11606
2574 4273
2574 5727
2574 8168
2574 811
2574 7993
2575 8169
2575 8131
2575 8449
2575 9037
2575 10234
2575 10236
2575 10637
2575 10014
2575 836
2575 9735
2575 6096
2576 3833
2576 5519
2576 4900
2576 2579
2576 6074
2576 6276
2576 5528
2576 6479
2576 8452
2576 9212
2576 6957
2576 589
2576 2310
2576 4887
2576 5703
2576 1044
2576 2520
2576 9434
2576 8009
2577 5447
2577 4025
2577 7217
2577 7219
2577 7232
2577 896
2577 5350
2577 5791
2577 4052
2577 392
2577 387
2577 845
2577 10054
2577 9046
2577 7215
2577 7998
2577 7224
2577 7225
2577 429
2578 4053
2578 248
2578 2621
2578 6287
2578 7099
2578 577
2579 2058
2579 2790
2579 820
2579 6957
2579 8216
2580 9112
2580 4563
2580 6543
2580 3487
2580 7897
2580 7994
2580 9683
2580 9884
2581 1188
2581 10181
2581 4763
2581 7577
2581 10891
2582 3384
2582 7677
2582 1860
2582 5083
2582 8564
2583 2973
2583 1784
2583 2495
2583 2588
2583 1685
2583 7787
2583 583
2583 6161
2583 5136
2583 7123
2583 9017
2583 9741
2583 4138
2583 8531
2584 8199
2584 7565
2584 8778
2584 8779
2584 8189
2584 9858
2584 7629
2584 9130
2584 1983
2584 2789
2584 11285
2584 9154
2584 11530
2584 11539
2585 3351
2585 2767
2585 2052
2585 932
2585 8375
2585 10641
2586 8671
2586 7145
2586 8823
2586 5949
2586 10656
2586 11466
2586 6663
2586 11109
2586 4426
2586 8122
2586 11181
2586 5443
2586 5514
2586 7360
2586 7380
2586 11186
2586 2819
2586 795
2586 2317
2586 3253
2586 1343
2586 11346
2586 883
2586 1271
2586 11012
2586 9784
2586 6443
2586 7557
2586 7879
2586 9756
2586 8136
2586 1827
2586 6151
2587 7234
2587 8455
2587 2043
2587 2110
2587 6592
2588 6289
2588 1319
2588 2294
2588 5508
2588 8130
2588 10271
2588 4032
2588 8333
2588 11277
2588 171
2588 730
2588 1624
2588 2055
2588 10858
2588 2872
2588 7652
2589 4053
2589 9547
2589 303
2589 1124
2589 10952
2590 8415
2590 8251
2590 9037
2590 9260
2590 8763
2590 1543
2590 7683
2590 9659
2590 9604
2590 5291
2590 10288
2590 5834
2590 11816
2590 11836
2591 3483
2591 1681
2591 1271
2591 2447
2591 10688
2592 4042
2592 10180
2592 10749
2592 1132
2592 8092
2593 6902
2593 5103
2593 623
2593 2377
2593 7615
2593 2366
2593 624
2593 1415
2593 11762
2593 4901
2594 4450
2594 6531
2594 6697
2594 2374
2594 7142
2595 8417
2595 8382
2595 3503
2595 8407
2595 9037
2595 8409
2595 9490
2595 7684
2595 6258
2595 9603
2595 5291
2595 9444
2595 10760
2595 10955
2595 10449
2595 10600
2595 11194
2595 11530
2595 11583
2595 11579
2595 2609
2595 11558
2595 11788
2596 736
2596 1062
2596 4899
2596 6806
2596 6969
2596 1054
2596 7879
2596 2692
2596 6544
2596 10168
2596 9434
2596 5019
2596 7752
2596 5507
2596 5805
2596 2472
2596 8334
2596 9061
2596 8911
2597 7544
2597 8045
2597 8852
2597 20
2597 1125
2597 9799
2598 185
2598 2015
2598 2024
2598 2894
2598 7536
2598 10
2598 5577
2598 5605
2598 7365
2598 8713
2598 6864
2598 6693
2598 10503
2598 1958
2598 792
2598 2996
2598 4548
2598 5600
2599 8417
2599 8408
2599 9100
2599 9947
2599 9446
2599 10759
2599 9318
2599 10238
2599 10911
2599 10912
2599 10913
2599 10914
2599 10916
2599 10917
2599 10918
2599 6864
2599 6269
2599 739
2599 741
2599 11663
2600 499
2600 4795
2600 4459
2600 324
2600 9814
2601 6645
2601 6927
2601 6646
2601 7561
2601 7377
2601 434
2601 9050
2601 10235
2601 11133
2601 9740
2601 6214
2602 9412
2602 9507
2602 10138
2602 10806
2602 69
2602 1414
2602 8479
2602 1656
2602 1805
2602 3747
2602 7963
2602 8487
2602 5244
2602 6147
2602 2756
2602 4574
2602 142
2602 11596
2602 1855
2602 3514
2602 5033
2602 7381
2602 8424
2602 9741
2602 10469
2602 11337
2602 5626
2602 6751
2602 7248
2602 7380
2602 6739
2602 9714
2602 8334
2602 8434
2602 1109
2602 3303
2602 9022
2602 10136
2602 10325
2602 11680
2602 3336
2602 10811
2602 11008
2603 8145
2603 6996
2603 7417
2603 8927
2603 10603
2603 6563
2603 11383
2604 1052
2604 7661
2604 8251
2604 8253
2604 8382
2604 9444
2604 9730
2604 11516
2605 3991
2605 4068
2605 4070
2605 5999
2605 5976
2605 5404
2605 7301
2605 9746
2605 10730
2605 11694
2606 10340
2606 3148
2606 4422
2606 5585
2606 10852
2607 1663
2607 3371
2607 5190
2607 1984
2607 2541
2607 7232
2607 7534
2607 8818
2607 9547
2607 9789
2607 429
2607 909
2607 3428
2607 7380
2607 7648
2607 1979
2607 2070
2607 3299
2607 1978
2607 10823
2607 4961
2607 1827
2607 2062
2607 4469
2607 1681
2607 11610
2607 11793
2608 5016
2608 5391
2608 7102
2608 7060
2608 6363
2608 8132
2608 8384
2608 8382
2608 8677
2608 8728
2608 1856
2608 9858
2608 5291
2608 10449
2608 7918
2608 11606
2609 1976
2609 2980
2609 2545
2609 1974
2609 7501
2609 792
2609 1860
2609 328
2609 3059
2609 6534
2609 10852
2609 11790
2610 10755
2610 3989
2610 3532
2610 863
2610 2853
2611 3323
2611 5226
2611 5229
2611 5390
2611 6258
2611 6096
2612 4113
2612 6523
2612 6910
2612 4183
2612 8901
2613 872
2613 1310
2613 4418
2613 6693
2613 9117
2614 5865
2614 691
2614 7270
2614 716
2614 957
2615 8407
2615 7694
2615 9659
2615 9100
2615 9947
2615 6258
2615 3658
2615 10238
2615 11132
2615 10798
2615 5782
2615 5834
2615 11232
2615 6096
2615 11544
2615 11329
2615 11543
2615 11576
2615 11581
2615 11254
2615 10616
2615 11496
2615 11709
2615 11735
2615 11771
2615 11828
2616 4113
2616 4268
2616 2726
2616 6362
2616 7700
2617 3376
2617 3589
2617 4702
2617 3193
2617 3323
2617 3456
2617 4350
2617 4933
2617 4923
2617 1464
2617 5016
2617 5230
2617 3515
2617 3516
2617 5226
2617 6484
2617 7060
2617 8131
2617 8254
2617 8409
2617 1543
2617 8679
2617 11632
2617 11821
2618 7637
2618 6001
2618 7354
2618 7824
2618 354
2618 9154
2618 5470
2618 10458
2618 5670
2618 5696
2618 5652
2618 1860
2618 4847
2618 6486
2618 1681
2618 2035
2618 2534
2618 2387
2618 1046
2618 2939
2618 1064
2618 2085
2618 9640
2618 11412
2619 3386
2619 884
2619 1250
2619 1261
2619 3107
2619 5066
2619 5103
2619 3103
2619 3668
2619 4748
2619 5647
2619 5697
2619 5869
2619 2121
2619 5527
2619 13
2619 7803
2620 4426
2620 9771
2620 142
2620 3207
2620 5368
2621 856
2621 1375
2621 3493
2621 7764
2621 1327
2621 130
2622 10293
2622 10295
2622 10459
2622 10461
2622 8579
2622 9194
2622 1892
2622 3613
2622 8412
2623 4384
2623 11096
2623 2520
2623 4033
2623 3336
2623 4460
2623 350
2624 7870
2624 9993
2624 2698
2624 8861
2624 10338
2624 8900
2624 2526
2624 5369
2624 9079
2624 7030
2624 1048
2624 11275
2625 8415
2625 7514
2625 8602
2625 1543
2625 9010
2625 9011
2625 9584
2625 9858
2625 10271
2625 10287
2625 11606
2625 11702
2625 11118
2625 11399
2625 11775
2625 11766
2625 11819
2625 11776
2626 6314
2626 1943
2626 7569
2626 9335
2626 9984
2626 2323
2626 8138
2627 2381
2627 9947
2627 9100
2627 10759
2627 10238
2627 10976
2627 11378
2627 11379
2627 11483
2627 10918
2627 11255
2627 11664
2627 11663
2627 9734
2627 11769
2627 11771
2627 11774
2628 5344
2628 8487
2628 2260
2628 4386
2628 6382
2629 2217
2629 2335
2629 4906
2629 8183
2629 10531
2629 5837
2630 4923
2630 7864
2630 8417
2630 9037
2630 9011
2630 7694
2630 9947
2630 9100
2630 6258
2630 9730
2630 9444
2630 10201
2630 10798
2630 6270
2630 6864
2630 11578
2630 10616
2630 11709
2630 11735
2631 3284
2631 11218
2631 6044
2631 11147
2631 6005
2631 6006
2631 10391
2631 10619
2631 10322
2631 10323
2631 10390
2631 10136
2631 3639
2631 423
2631 671
2631 1354
2631 5849
2631 1531
2631 8623
2631 4098
2631 1346
2631 3120
2632 4933
2632 1624
2632 7060
2632 8132
2632 8778
2632 8779
2632 896
2632 9037
2632 8679
2632 8763
2632 9011
2632 8249
2632 6507
2632 9700
2632 9603
2632 7629
2632 5307
2632 10371
2632 5293
2632 9733
2632 10759
2632 10271
2632 10201
2632 10902
2632 5781
2632 11185
2632 837
2632 10912
2632 10793
2632 741
2632 11650
2632 9196
2632 10615
2632 11515
2632 11788
2632 11568
2632 11831
2632 5888
2632 5302
2633 1048
2633 4426
2633 8273
2633 8348
2633 8899
2633 4579
2634 2644
2634 9995
2634 2432
2634 2750
2634 661
2635 8417
2635 8510
2635 9947
2635 6258
2635 9730
2635 9100
2635 9444
2635 10236
2635 6774
2635 10201
2635 10497
2635 10637
2635 10798
2635 5834
2635 9319
2635 11130
2635 11132
2635 11232
2635 11487
2635 741
2635 6270
2635 6864
2635 11578
2635 11516
2635 11709
2635 10616
2635 11735
2635 11775
2635 11791
2635 10520
2636 4042
2636 5978
2636 892
2636 11613
2636 9746
2637 392
2637 4
2637 131
2637 1623
2637 966
2637 1932
2637 1584
2637 1457
2637 3516
2637 949
2637 2085
2637 2025
2637 7616
2637 7617
2637 7552
2637 8449
2637 3388
2637 8407
2637 8599
2637 9183
2637 7684
2637 9100
2637 8745
2637 10536
2638 5456
2638 8105
2638 9109
2638 9507
2638 8325
2638 7845
2638 2229
2638 5647
2639 6484
2639 7541
2639 8253
2639 8779
2639 9037
2639 9034
2639 8408
2639 7585
2639 8409
2639 8207
2639 8208
2639 6258
2639 10169
2639 9776
2639 11283
2639 11567
2639 6032
2639 10044
2639 6966
2639 11797
2640 8393
2640 7154
2640 8048
2640 3446
2640 1984
2640 1925
2640 1823
2640 3769
2640 7888
2640 478
2641 2350
2641 4516
2641 1039
2641 4426
2641 6190
2641 6831
2641 8605
2641 8721
2641 6902
2641 306
2642 2138
2642 3516
2642 3575
2642 5228
2642 3721
2642 6149
2642 2024
2642 4026
2642 5516
2642 1360
2642 3896
2642 4640
2642 9011
2642 7248
2642 7569
2642 9182
2642 9233
2642 5948
2642 5088
2642 11325
2642 4883
2642 1681
2642 5886
2642 6879
2642 3568
2642 11229
2643 3592
2643 7060
2643 8169
2643 8779
2643 8573
2643 9874
2643 9947
2643 9730
2643 9100
2643 10201
2643 10903
2643 6258
2643 770
2644 3125
2644 6693
2644 10852
2644 2876
2644 9534
2644 11105
2644 5737
2645 629
2645 1177
2645 2106
2645 6724
2645 9494
2645 1849
2646 10201
2646 10287
2646 10289
2646 10182
2646 10798
2646 8209
2646 2773
2646 10969
2646 10169
2646 11029
2646 11232
2646 11485
2646 11487
2646 7534
2646 1684
2646 11156
2646 6283
2646 11740
2646 11399
2646 11773
2646 10092
2647 7637
2647 7641
2647 8692
2647 4491
2647 4811
2647 2891
2647 10544
2647 7639
2647 7632
2647 7645
2647 365
2647 5171
2647 3226
2647 3463
2647 7874
2647 3660
2647 10108
2647 130
2647 186
2647 1403
2648 1718
2648 10272
2648 10774
2648 10775
2648 11268
2648 10434
2649 6738
2649 4419
2649 6478
2649 587
2649 6696
2650 3206
2650 8137
2650 9653
2650 8058
2650 10998
2650 11033
2650 11585
2650 10996
2650 10596
2651 3261
2651 4518
2651 7153
2651 2146
2651 7557
2651 11220
2651 10261
2651 270
2651 423
2651 1115
2652 9184
2652 9185
2652 6523
2652 823
2652 8207
2652 8022
2652 9125
2652 1792
2652 2400
2652 8460
2652 9691
2652 9100
2652 8019
2652 10271
2652 4085
2652 1964
2652 9444
2652 5184
2652 8371
2652 7201
2652 2637
2652 7442
2652 4580
2652 10201
2652 10798
2652 11196
2652 11232
2653 3521
2653 2680
2653 5802
2653 8845
2653 2599
2654 198
2654 2329
2654 4564
2654 6693
2654 9151
2655 3613
2655 9350
2655 512
2655 572
2655 8456
2655 11625
2655 10370
2656 4301
2656 6475
2656 4188
2656 4325
2656 7838
2656 6593
2656 6618
2656 1029
2656 4629
2656 219
2656 5402
2656 6686
2656 1942
2656 6774
2656 423
2656 3428
2656 1446
2657 5771
2657 9131
2657 889
2657 2675
2657 9217
2657 4140
2657 9248
2657 887
2658 3375
2658 3380
2658 5441
2658 9732
2658 3454
2659 5223
2659 7779
2659 2773
2659 5543
2659 1543
2659 7943
2659 10710
2660 1030
2660 1191
2660 1097
2660 4730
2660 1771
2660 4260
2660 3516
2660 6344
2660 11558
2661 8417
2661 7684
2661 3448
2661 6258
2661 11766
2661 11775
2662 4107
2662 4108
2662 3376
2662 3589
2662 4702
2662 4730
2662 3457
2662 4347
2662 877
2662 4923
2662 5016
2662 3516
2662 5391
2662 5393
2662 5390
2662 6486
2662 3164
2662 9037
2662 8407
2662 8679
2662 7629
2662 10760
2662 9318
2662 10918
2662 11568
2662 3174
2663 4930
2663 5418
2663 6497
2663 5837
2663 8002
2663 2275
2663 2408
2663 6047
2663 6443
2664 3164
2664 8189
2664 8728
2664 8211
2664 9705
2664 9859
2664 8510
2664 9700
2664 9772
2664 6258
2664 9776
2664 6679
2664 9733
2664 10236
2664 5834
2664 10182
2664 10289
2664 11232
2664 11290
2664 11298
2664 11486
2664 11485
2664 11487
2664 11630
2664 11606
2664 11254
2664 11744
2664 11782
2664 11766
2664 11819
2664 9799
2664 10092
2664 10321
2664 11816
2665 9945
2665 969
2665 1344
2665 4091
2665 10186
2666 432
2666 5829
2666 507
2666 8662
2666 10610
2666 4027
2666 5933
2666 11264
2667 8956
2667 10104
2667 3589
2667 10453
2667 3438
2668 8417
2668 8254
2668 7182
2668 9033
2668 3164
2668 8728
2668 9859
2668 9700
2668 10798
2668 741
2669 3987
2669 5403
2669 6056
2669 2023
2669 2399
2669 4211
2669 5420
2669 257
2669 5837
2669 2407
2669 3062
2669 4238
2669 1045
2669 6344
2669 1475
2669 5413
2669 5037
2669 1624
2669 5411
2669 4786
2669 5052
2669 823
2669 7779
2669 6160
2669 3092
2669 8714
2669 9183
2669 7123
2669 4289
2669 5928
2669 444
2669 11362
2669 185
2669 5434
2669 11567
2670 8254
2670 9100
2670 10182
2670 10014
2670 11690
2670 11709
2670 11735
2670 11689
2670 11771
2670 10520
2670 11831
2670 11686
2671 18
2671 5976
2671 9109
2671 2688
2671 10437
2672 4459
2672 1150
2672 11028
2672 8052
2672 8068
2672 4925
2672 5790
2672 9235
2672 9249
2673 2284
2673 1041
2673 1496
2673 6016
2673 1660
2673 3063
2673 2379
2673 6222
2673 4285
2673 6931
2673 4244
2674 8253
2674 8415
2674 8408
2674 9260
2674 8407
2674 9490
2674 9011
2674 7694
2674 7684
2674 9947
2674 403
2674 9854
2674 7629
2674 9444
2674 9733
2674 10201
2674 9776
2674 7551
2674 10793
2674 10797
2674 9612
2674 6096
2674 5447
2674 11565
2674 770
2675 219
2675 2061
2675 7827
2675 9178
2675 9507
2675 10727
2675 10944
2675 10838
2675 1258
2675 7557
2676 3535
2676 6385
2676 7803
2676 7234
2676 7907
2676 4694
2677 3178
2677 6376
2677 5515
2677 9874
2677 9644
2678 7358
2678 257
2678 9294
2678 1240
2678 9954
2678 11204
2678 4782
2678 10817
2678 10818
2678 5085
2678 1273
2679 4593
2679 7569
2679 886
2679 5069
2679 2185
2679 10655
2680 7551
2680 811
2680 2282
2680 4274
2680 4276
2680 5017
2680 5439
2680 6007
2680 6014
2680 6031
2680 7430
2680 7764
2680 8725
2680 9066
2680 10796
2681 1083
2681 8083
2681 6398
2681 8551
2681 550
2682 4785
2682 7361
2682 2258
2682 7548
2682 8183
2682 8338
2682 5782
2683 8383
2683 8250
2683 9033
2683 9664
2683 1543
2683 8249
2683 9282
2683 9100
2683 7629
2683 10201
2683 7442
2683 9690
2684 4421
2684 3686
2684 3687
2684 2906
2684 10925
2684 10933
2685 700
2685 1115
2685 1324
2685 1329
2685 701
2685 3727
2685 3731
2685 8329
2685 202
2685 3730
2685 5049
2685 7231
2685 6146
2685 505
2685 3173
2685 3729
2685 8163
2686 8778
2686 3164
2686 9109
2686 8249
2686 9700
2686 6258
2686 9730
2686 11
2686 892
2686 10287
2686 10618
2686 10798
2686 10289
2686 11292
2686 11282
2686 11487
2686 11606
2686 11613
2686 2057
2686 11156
2686 10626
2686 11775
2687 5228
2687 6770
2687 1931
2687 7541
2687 7071
2687 6750
2687 3075
2687 3723
2687 1261
2687 7599
2687 8029
2687 5550
2687 7913
2687 6577
2687 2565
2688 7532
2688 4942
2688 8553
2688 9555
2688 1915
2688 7129
2688 11172
2688 8179
2688 11646
2688 10579
2689 9582
2689 7875
2689 3876
2689 7677
2689 5432
2689 10768
2689 11222
2690 8616
2690 5933
2690 4053
2690 10980
2690 2652
2691 2473
2691 4835
2691 133
2691 1323
2691 5363
2691 7459
2692 4113
2692 4448
2692 7462
2692 5198
2692 6365
2692 8003
2692 2687
2692 4441
2692 4732
2692 8422
2692 5923
2692 1322
2692 5038
2692 4440
2692 5922
2692 1700
2692 4703
2692 8771
2692 8774
2693 5229
2693 5230
2693 3516
2693 3932
2693 6344
2693 4280
2693 6484
2693 4281
2693 8417
2693 274
2693 8778
2693 8779
2693 9137
2693 9490
2693 6222
2693 9712
2693 4293
2694 4238
2694 5183
2694 9607
2694 1082
2694 4945
2694 11431
2694 10549
2694 11549
2694 11536
2694 11711
2695 9067
2695 7031
2695 11168
2695 2380
2695 9065
2696 7973
2696 10314
2696 892
2696 4560
2696 8698
2696 4385
2696 8487
2697 4299
2697 10320
2697 5715
2697 4682
2697 6888
2697 10558
2697 4098
2697 9510
2697 992
2697 510
2697 4691
2697 5220
2697 7837
2697 7007
2697 3336
2697 4188
2697 10591
2697 7100
2697 2088
2698 9506
2698 8417
2698 8250
2698 7514
2698 3166
2698 6258
2698 10774
2698 10798
2698 11487
2698 11606
2698 10626
2698 11156
2698 11782
2698 11819
2698 11518
2699 3710
2699 9307
2699 5894
2699 2524
2699 10626
2699 9971
2699 9182
2700 1249
2700 1240
2700 1127
2700 5421
2700 6498
2700 8213
2701 2847
2701 5957
2701 7754
2701 8710
2701 2747
2701 4325
2701 10536
2701 3962
2701 3999
2701 4888
2701 5440
2701 6751
2701 7462
2701 11617
2701 806
2702 4035
2702 4040
2702 6738
2702 3967
2702 6739
2702 192
2702 6136
2702 5704
2702 3159
2702 3680
2702 8916
2702 10151
2703 3395
2703 6927
2703 8931
2703 9150
2703 190
2703 6610
2703 6613
2704 6945
2704 2584
2704 7587
2704 10174
2704 11495
2704 1
2705 6625
2705 7108
2705 7295
2705 118
2705 136
2705 2025
2705 2028
2705 3469
2705 4426
2705 5707
2705 5818
2705 6008
2705 6113
2705 8252
2705 9850
2705 10813
2705 10785
2705 10038
2705 10568
2705 4524
2705 5685
2705 9405
2705 10789
2705 3686
2705 3814
2705 9935
2706 9109
2706 6192
2706 7688
2706 7248
2706 5583
2706 10427
2706 7141
2706 9444
2706 2323
2706 5837
2706 256
2707 10481
2707 2499
2707 10704
2707 9949
2707 11382
2708 226
2708 5248
2708 6420
2708 5417
2708 1502
2708 10368
2708 10754
2709 6921
2709 8264
2709 275
2709 448
2709 4087
2709 4952
2710 6323
2710 7866
2710 6941
2710 6954
2710 11559
2711 4771
2711 11075
2711 11615
2711 157
2711 2014
2711 3239
2712 8944
2712 5411
2712 9998
2712 10299
2712 3351
2712 5052
2713 3278
2713 4018
2713 5814
2713 8856
2713 5268
2713 5267
2713 7234
2714 3735
2714 5933
2714 10403
2714 5042
2714 792
2714 7294
2714 3242
2714 11658
2714 3999
2715 8417
2715 3164
2715 8679
2715 9174
2715 4760
2715 9183
2715 6258
2715 10169
2715 9858
2715 10371
2715 11290
2715 9154
2715 10852
2715 11601
2716 932
2716 1466
2716 8842
2716 1258
2716 4032
2717 2697
2717 2227
2717 10823
2717 3058
2717 9079
2718 4821
2718 7642
2718 8909
2718 10655
2718 459
2718 1479
2718 3356
2718 5350
2718 5818
2718 5837
2718 6168
2718 7445
2718 7897
2718 8605
2718 8677
2718 10464
2718 101
2718 7744
2718 8942
2718 3112
2718 3375
2718 3532
2718 5136
2718 5812
2718 6084
2718 6189
2718 7273
2718 7907
2718 210
2718 531
2718 4293
2718 2786
2718 4052
2718 5402
2718 11492
2718 4409
2718 5314
2718 9366
2718 9701
2718 11680
2719 4681
2719 7544
2719 5546
2719 6802
2719 8871
2719 5741
2720 629
2720 1662
2720 2118
2720 3992
2720 3375
2720 142
2720 9754
2720 11568
2720 1048
2720 1173
2720 6498
2720 7605
2720 654
2720 7351
2720 2277
2720 8895
2720 86
2720 6762
2720 6995
2720 4888
2720 11174
2720 259
2720 4691
2720 9558
2721 8253
2721 9444
2721 10169
2721 9518
2721 9446
2721 11136
2721 9126
2722 381
2722 374
2722 2727
2722 2369
2722 3666
2722 6363
2722 9129
2722 8763
2722 9892
2723 4155
2723 4127
2723 4663
2723 4627
2723 4798
2723 4188
2723 909
2723 1208
2723 6543
2723 6610
2723 7383
2723 8931
2723 130
2723 4098
2723 1261
2724 811
2724 3167
2724 583
2724 870
2724 3876
2724 3472
2724 10790
2724 6800
2724 8769
2724 8746
2724 398
2724 3062
2724 3730
2724 5217
2724 5525
2724 6032
2724 8768
2724 6063
2724 6820
2724 8085
2724 2117
2725 3466
2725 3589
2725 4702
2725 3323
2725 4933
2725 5230
2725 5229
2725 1457
2725 3592
2725 1624
2725 7101
2725 8384
2725 9179
2725 9037
2725 8415
2725 9011
2725 6258
2725 9446
2725 8767
2725 10823
2725 6729
2725 10618
2725 10798
2725 11194
2725 11515
2726 4185
2726 736
2726 1491
2726 3749
2726 4184
2726 1645
2727 9109
2727 10369
2727 8416
2727 10289
2727 10806
2728 6486
2728 7081
2728 786
2728 7060
2728 8132
2728 8199
2728 8253
2728 8408
2728 8407
2728 7585
2728 9855
2728 9774
2728 9733
2728 11131
2728 11185
2728 11483
2728 11522
2728 11485
2728 11606
2728 2573
2728 11782
2728 11399
2728 11777
2728 11118
2728 11767
2729 2821
2729 412
2729 2060
2729 1926
2729 10858
2729 7809
2729 8371
2729 8804
2729 9794
2729 8325
2729 9507
2729 7984
2729 10992
2730 5001
2730 7418
2730 10591
2730 8376
2730 8377
2730 2823
2731 3376
2731 3589
2731 4724
2731 3456
2731 1457
2731 6077
2731 3063
2731 6484
2731 7060
2731 8199
2731 11290
2731 11439
2732 3477
2732 3690
2732 5727
2732 7770
2732 8731
2732 9607
2732 162
2732 2224
2732 2927
2732 3335
2732 382
2732 3069
2732 6780
2732 126
2732 4151
2732 5895
2732 6826
2732 10503
2732 11125
2732 11279
2733 6184
2733 1166
2733 8616
2733 9143
2733 9144
2733 10785
2733 4822
2733 8623
2734 1759
2734 10755
2734 7799
2734 2466
2734 5332
2734 5508
2734 10057
2734 1823
2734 223
2735 6352
2735 5252
2735 5247
2735 5246
2735 10368
2735 5154
2735 5836
2735 4470
2736 95
2736 558
2736 2814
2736 4503
2736 9463
2736 2904
2736 7265
2736 8582
2736 10818
2736 10817
2737 4703
2737 3637
2737 7634
2737 7058
2737 9119
2737 9847
2737 6562
2737 10261
2737 7638
2737 9324
2737 2524
2737 8902
2737 459
2737 10481
2737 8621
2737 11602
2737 11207
2737 7645
2737 57
2737 7649
2737 7728
2737 6967
2738 8417
2738 8668
2738 8382
2738 7514
2738 3164
2738 8767
2738 10326
2738 5304
2738 7721
2738 10912
2738 10811
2738 11399
2738 1876
2739 4800
2739 2787
2739 2250
2739 6007
2739 10841
2739 3613
2739 1325
2739 8702
2739 3682
2740 7363
2740 3887
2740 4521
2740 5133
2740 5573
2740 5701
2740 5418
2740 1100
2741 5134
2741 186
2741 1088
2741 68
2741 10415
2742 134
2742 8051
2742 6239
2742 6739
2742 9956
2743 4702
2743 6248
2743 1939
2743 5016
2743 3932
2743 6077
2743 3915
2743 8132
2743 7071
2743 8599
2743 9260
2743 9284
2743 10169
2743 7683
2743 9773
2743 7694
2743 6444
2744 7129
2744 7349
2744 7351
2744 6603
2744 5887
2745 6184
2745 1711
2745 7723
2745 9509
2745 4280
2745 2261
2746 3613
2746 2476
2746 4032
2746 7569
2746 9242
2746 11023
2746 11260
2746 10852
2746 572
2746 4738
2746 10704
2747 5976
2747 8382
2747 8604
2747 9064
2747 896
2747 10169
2747 9100
2748 8415
2748 8602
2748 8763
2748 9490
2748 8208
2748 9859
2748 10497
2748 10976
2748 6258
2748 11185
2748 7721
2748 10247
2748 11378
2748 11379
2748 11308
2748 11483
2748 11307
2748 10797
2748 10918
2748 10915
2748 10917
2748 10919
2748 11777
2749 286
2749 1716
2749 2635
2749 2652
2749 2412
2749 11455
2750 4358
2750 3712
2750 4384
2750 5863
2750 7234
2750 7725
2750 400
2750 8722
2750 9770
2750 11625
2750 4250
2750 7800
2750 8698
2751 9507
2751 9746
2751 7026
2751 9954
2751 8051
2752 7757
2752 412
2752 2154
2752 2159
2752 3207
2752 7219
2752 7651
2752 9454
2752 9742
2752 10452
2752 10500
2753 6488
2753 7060
2753 6258
2753 9243
2753 10169
2754 6203
2754 2519
2754 4832
2754 7267
2754 10990
2754 11568
2754 11382
2755 7617
2755 8132
2755 8251
2755 8208
2755 9260
2755 7585
2755 8207
2755 6258
2755 9859
2755 10169
2755 9730
2756 9109
2756 892
2756 2464
2756 5885
2756 11391
2756 11409
2756 7587
2757 5016
2757 5391
2757 5395
2757 7541
2757 9033
2757 8604
2757 5933
2757 9011
2757 6258
2757 6730
2757 5834
2757 11485
2757 11307
2757 11308
2757 10912
2757 10913
2757 10914
2757 10915
2757 10918
2757 10911
2757 10916
2757 10917
2757 11483
2757 10797
2757 11002
2757 11399
2757 11540
2757 11496
2757 770
2757 11816
2758 4859
2758 3824
2758 7255
2758 690
2758 7321
2758 6804
2758 7325
2758 7333
2758 7329
2759 6738
2759 10492
2759 11613
2759 10368
2759 7984
2759 10969
2759 10730
2760 1252
2760 6386
2760 4440
2760 4703
2760 5217
2760 5922
2760 6497
2760 10717
2761 6957
2761 7894
2761 8637
2761 7780
2761 629
2761 820
2761 3590
2761 3622
2761 9168
2761 11622
2762 8779
2762 8603
2762 3164
2762 7683
2762 10113
2762 9733
2762 3658
2762 10201
2762 11601
2762 11270
2762 11769
2762 11765
2763 3457
2763 4350
2763 4933
2763 4923
2763 5226
2763 6017
2763 896
2763 9260
2763 7585
2763 8249
2763 9947
2763 9690
2763 11117
2764 6281
2764 6826
2764 9109
2764 9445
2764 10251
2764 8487
2765 7796
2765 6363
2765 8251
2765 8407
2765 3164
2765 1543
2765 8728
2765 7629
2765 10182
2766 10289
2766 9690
2766 9760
2766 11746
2766 10798
2766 11185
2766 6730
2766 1457
2766 11098
2766 6802
2766 4126
2766 399
2766 9806
2766 8255
2766 10755
2766 11487
2766 10626
2766 11566
2766 185
2766 804
2766 5412
2766 6245
2766 9799
2766 11832
2767 5228
2767 5016
2767 8415
2767 9852
2767 10201
2767 10798
2767 11254
2768 5029
2768 375
2768 2540
2768 5136
2768 5470
2768 5886
2768 5963
2768 6474
2768 6686
2768 6787
2768 7534
2768 7627
2768 8682
2768 8839
2768 10322
2768 10325
2768 10782
2768 11342
2768 11167
2769 1457
2769 4923
2769 8409
2769 8407
2769 10976
2769 11602
2769 11720
2769 7155
2769 11701
2769 6449
2769 11828
2770 382
2770 7078
2770 5644
2770 5947
2770 9713
2770 5036
2770 806
2770 1642
2770 6905
2770 5678
2770 8125
2770 9178
2770 2014
2770 2309
2770 11061
2770 3171
2771 6187
2771 5978
2771 7688
2771 6190
2771 6196
2771 4399
2771 6138
2771 10492
2771 6189
2771 10418
2772 10855
2772 3027
2772 9955
2772 5828
2772 5830
2773 11411
2773 11608
2773 11609
2773 11655
2773 11653
2774 6563
2774 3059
2774 579
2774 9560
2774 339
2774 243
2774 11264
2774 9218
2775 859
2775 1326
2775 1636
2775 1330
2775 1331
2775 4923
2775 2687
2775 1249
2775 5391
2775 1827
2775 3932
2775 4004
2775 1646
2775 6018
2775 6344
2775 1624
2775 8415
2775 3164
2775 7585
2775 8728
2775 7629
2775 6446
2776 3456
2776 3884
2776 4350
2776 4181
2776 1624
2776 6363
2776 1580
2776 9064
2776 8197
2776 9922
2776 7142
2776 10367
2776 11550
2776 8112
2777 1481
2777 8090
2777 164
2777 1560
2777 10041
2777 9593
2778 4923
2778 5016
2778 1464
2778 8199
2778 8382
2778 9853
2778 9855
2778 10113
2778 10633
2778 11185
2779 10637
2779 9850
2779 3351
2779 1397
2779 4077
2779 6038
2780 9506
2780 9011
2780 8207
2780 9109
2780 9100
2780 9947
2780 10169
2780 2115
2780 10618
2780 9319
2780 11130
2780 11131
2780 6410
2780 11232
2780 11030
2780 11031
2780 11481
2780 2609
2780 4104
2780 11578
2780 6864
2780 2573
2780 11601
2780 11515
2780 11822
2781 6803
2781 4858
2781 6995
2781 912
2781 5411
2781 10652
2782 9506
2782 8596
2782 3988
2782 10610
2782 11226
2783 1896
2783 4291
2783 2035
2783 4350
2783 4255
2783 8449
2783 3164
2783 9700
2783 10182
2783 392
2783 123
2784 5016
2784 1975
2784 5391
2784 3932
2784 5399
2784 4379
2784 5810
2784 7796
2784 4091
2784 9982
2784 11439
2785 7434
2785 5573
2785 7681
2785 8249
2785 8745
2785 9286
2785 5291
2785 10234
2785 9733
2785 7369
2785 10466
2785 7022
2785 10326
2785 11301
2785 11601
2785 9759
2785 11602
2785 1671
2785 10505
2785 10298
2785 11772
2785 11773
2785 11504
2785 11770
2786 5978
2786 9237
2786 9744
2786 5532
2786 10369
2787 3118
2787 3120
2787 3210
2787 5067
2787 4818
2787 9507
2787 8833
2787 9111
2787 2026
2787 7790
2787 8882
2787 10081
2787 6244
2787 1150
2787 4488
2787 8896
2787 9547
2787 3959
2787 8861
2787 4716
2787 7350
2787 5863
2787 6809
2787 6807
2788 5231
2788 5439
2788 5534
2788 2777
2788 5470
2788 7553
2789 9569
2789 2786
2789 1721
2789 5430
2789 5526
2789 912
2789 1230
2789 11380
2789 1249
2789 1453
2789 10175
2789 11104
2790 7548
2790 876
2790 1124
2790 1481
2790 5120
2791 4923
2791 5228
2791 5390
2791 6344
2791 1624
2791 7616
2791 8131
2791 8449
2791 9037
2791 8197
2791 8679
2791 9490
2791 9283
2791 9922
2791 9858
2791 9852
2791 10234
2791 10618
2791 10798
2791 10916
2791 11539
2791 2609
2791 11720
2791 11772
2791 11675
2792 1551
2792 8411
2792 1276
2792 1845
2792 2286
2792 3493
2792 8862
2792 8900
2792 9782
2792 3364
2793 3690
2793 6128
2793 1178
2793 2670
2793 2807
2793 7595
2793 7
2793 1876
2793 7472
2793 3201
2793 3550
2793 6620
2793 4467
2793 3950
2793 1804
2793 5610
2794 6488
2794 7060
2794 123
2794 5834
2794 392
2794 11282
2795 679
2795 3457
2795 1464
2795 69
2795 6485
2795 7060
2795 8132
2795 3164
2795 7684
2796 4375
2796 2288
2796 5355
2796 2309
2796 4251
2796 5354
2796 8896
2797 4128
2797 4242
2797 7849
2797 3835
2797 8923
2798 4815
2798 7353
2798 895
2798 3725
2798 7218
2798 7226
2798 8163
2798 5947
2798 4488
2798 696
2798 3119
2798 4309
2798 8365
2798 5967
2798 6810
2798 3724
2798 6511
2798 1682
2798 2578
2798 3556
2798 8026
2798 3352
2798 4347
2798 5225
2798 5631
2798 6933
2798 7466
2798 1031
2798 1315
2798 2174
2798 9331
2798 851
2798 2064
2798 3584
2798 9583
2798 3568
2798 5964
2798 7067
2798 1231
2798 2282
2798 3960
2798 6544
2798 6546
2798 4126
2798 9086
2799 9114
2799 3221
2799 6339
2799 7139
2799 1984
2799 3000
2799 8053
2800 9700
2800 10182
2800 10976
2800 11029
2800 11298
2800 11579
2801 123
2801 451
2801 8383
2801 8251
2801 8382
2801 4815
2801 3613
2801 9011
2801 9859
2801 9922
2801 10201
2801 825
2801 11524
2801 11582
2801 7918
2801 4104
2801 11568
2801 11515
2801 9734
2801 11118
2802 5461
2802 5456
2802 7887
2802 9507
2802 2447
2802 291
2802 6938
2803 3896
2803 7657
2803 9677
2803 1131
2803 2270
2803 3368
2803 4698
2803 4872
2803 5603
2803 6382
2803 7666
2803 8662
2803 10229
2803 10544
2804 8145
2804 11354
2804 1701
2804 6901
2804 1034
2804 10503
2804 6957
2804 4338
2804 11553
2804 2638
2804 10366
2804 2389
2804 3347
2804 1289
2804 891
2804 7970
2804 11394
2804 7154
2804 8347
2804 8996
2804 10944
2804 8320
2804 11687
2804 5817
2804 6943
2804 10545
2804 10654
2804 5033
2804 1729
2804 1511
2804 7201
2804 1019
2804 625
2804 9850
2804 4517
2804 979
2804 9999
2804 879
2804 9644
2804 2352
2804 6103
2804 11536
2805 7514
2805 9037
2805 3164
2805 8680
2805 9033
2805 9260
2805 8573
2805 8207
2805 7694
2805 6258
2805 9857
2805 9604
2805 10116
2805 10236
2805 10182
2805 10449
2805 11098
2805 2609
2805 6096
2805 11582
2805 4104
2805 11515
2805 6449
2805 11788
2805 11776
2805 11772
2805 11767
2806 9716
2806 10206
2806 10211
2806 6051
2806 41
2806 7720
2807 8415
2807 7071
2807 8408
2807 8407
2807 8409
2807 8208
2807 7683
2807 8207
2807 9659
2807 7694
2807 9947
2807 9700
2807 9730
2807 6258
2807 9444
2807 10371
2807 7369
2807 9733
2807 10497
2807 5834
2807 9747
2807 11483
2807 11523
2807 11496
2807 11439
2807 11635
2808 3175
2808 5077
2808 5137
2808 7261
2808 6526
2808 5688
2808 6084
2808 6083
2808 5402
2808 6088
2808 6618
2808 4846
2808 7348
2808 4740
2808 8394
2808 3078
2808 6875
2808 6876
2808 6868
2808 6870
2808 6873
2808 6878
2808 4095
2808 10163
2808 6874
2808 3786
2808 5656
2808 6855
2808 7857
2808 11753
2808 11602
2809 4280
2809 5933
2809 7056
2809 7781
2809 8616
2809 4743
2809 8285
2809 6790
2809 8288
2809 10852
2809 3015
2809 11179
2810 9587
2810 3666
2810 4966
2810 5136
2810 8584
2810 10056
2810 3672
2811 2191
2811 3219
2811 9160
2811 3220
2811 6342
2812 822
2812 1892
2812 802
2812 1262
2812 4125
2812 801
2812 556
2812 796
2812 3075
2812 3479
2812 1313
2812 6480
2812 2362
2812 4925
2812 7178
2812 2073
2812 7125
2812 8447
2812 8988
2812 9245
2813 3456
2813 5228
2813 1624
2813 7060
2813 9064
2813 8208
2813 9855
2813 9154
2813 11568
2813 11736
2814 1211
2814 3714
2814 6494
2814 6697
2814 8019
2815 3398
2815 3517
2815 3589
2815 4724
2815 4725
2815 4730
2815 3776
2815 3884
2815 4933
2815 4923
2815 5016
2815 5395
2815 5390
2815 4146
2815 6343
2815 7779
2815 8449
2815 896
2815 7692
2816 4730
2816 3166
2816 3405
2816 8132
2816 9054
2816 7127
2816 8603
2816 9490
2816 8031
2816 10169
2816 9444
2816 10287
2816 10288
2816 4035
2816 11602
2816 3164
2816 10138
2816 2081
2816 10626
2816 10811
2816 10475
2817 7670
2817 2121
2817 10402
2817 11369
2817 10498
2817 9389
2817 10639
2817 11568
2817 11587
2817 3161
2817 3514
2817 11170
2817 7725
2818 3166
2818 4003
2818 9506
2818 10634
2818 10262
2819 1703
2819 9054
2819 8604
2819 8189
2819 9446
2819 11002
2819 11439
2819 11663
2819 11740
2819 11136
2819 11118
2820 6258
2820 9100
2820 9776
2820 9519
2820 10234
2820 9690
2820 10798
2820 10567
2820 11720
2821 522
2821 4855
2821 7862
2821 9724
2821 9957
2822 7060
2822 8132
2822 7071
2822 8253
2822 896
2822 8409
2822 9034
2822 8211
2822 9260
2822 9286
2822 7694
2822 10169
2822 9730
2822 9854
2822 6258
2822 5291
2822 9100
2822 9774
2822 9444
2822 10760
2822 5834
2822 9243
2822 10798
2822 11232
2822 9154
2822 11399
2822 7918
2822 11606
2822 11568
2822 10092
2822 11816
2823 9122
2823 9490
2823 9124
2823 2014
2823 5646
2823 3889
2823 8176
2823 2444
2823 6497
2823 8829
2824 5226
2824 2279
2824 5016
2824 5229
2824 5230
2824 3516
2824 1624
2824 8132
2824 8384
2824 7060
2824 8249
2824 9657
2824 9100
2824 9922
2824 9853
2824 9773
2824 9858
2824 9518
2824 9776
2824 8572
2824 9712
2824 9733
2824 8251
2824 7442
2824 10798
2824 7022
2824 6731
2824 9243
2824 11528
2824 6096
2824 11558
2824 10811
2824 11540
2824 5067
2824 6444
2824 11701
2824 6445
2824 10446
2825 2447
2825 7123
2825 2427
2825 2428
2825 10409
2825 1258
2825 6185
2825 3236
2826 1624
2826 6363
2826 8417
2826 7683
2826 9859
2826 6258
2826 7551
2826 11606
2826 11600
2827 9733
2827 10271
2827 10798
2827 10976
2827 10449
2827 5780
2827 10774
2827 10289
2827 502
2827 11485
2827 5044
2827 8562
2827 11399
2827 11481
2827 6096
2827 7918
2827 11630
2827 5215
2827 11511
2827 5788
2827 10626
2827 10811
2827 11744
2827 11565
2827 6449
2827 11518
2827 11791
2827 11819
2827 9799
2827 11776
2827 11836
2828 8333
2828 10310
2828 8926
2828 3928
2828 10470
2829 3336
2829 5543
2829 11380
2829 11470
2829 11482
2829 583
2829 10168
2829 5242
2829 909
2829 2540
2829 7017
2829 7600
2829 3230
2829 5240
2829 3226
2829 3229
2829 3802
2829 441
2829 3541
2829 5019
2830 553
2830 847
2830 1498
2830 1479
2830 3095
2830 848
2830 1120
2830 1569
2830 2048
2830 1940
2830 6004
2830 2504
2830 3702
2830 8198
2830 2201
2830 5804
2830 7218
2830 7220
2830 7230
2830 9110
2830 7225
2830 452
2830 6603
2830 9929
2830 909
2830 3428
2830 4404
2830 5730
2830 6690
2831 7196
2831 2096
2831 5904
2831 9730
2831 8377
2831 9718
2831 2746
2831 10711
2831 11254
2831 11601
2832 587
2832 1849
2832 4035
2832 1702
2832 1592
2832 5364
2833 996
2833 1482
2833 1481
2833 4264
2833 2520
2834 7786
2834 8207
2834 8510
2834 9100
2834 9947
2834 7694
2834 10497
2834 11378
2834 11379
2834 11522
2834 11528
2834 11329
2834 11254
2835 8035
2835 3710
2835 8333
2835 1068
2835 7172
2836 5391
2836 5611
2836 6077
2836 6344
2836 6680
2837 8251
2837 8778
2837 8207
2837 9857
2837 6258
2837 5291
2837 10271
2838 1660
2838 6343
2838 1624
2838 7779
2838 8132
2838 7864
2838 8254
2838 8382
2838 8449
2838 9067
2838 9260
2838 9100
2838 9603
2838 9286
2838 9772
2838 5307
2838 10201
2838 5782
2838 10798
2838 11232
2838 11740
2838 11741
2838 11769
2838 11771
2838 11774
2838 11776
2839 5626
2839 1019
2839 1860
2839 5723
2839 5884
2839 7549
2839 7799
2839 8942
2839 10887
2840 8417
2840 6258
2840 11606
2840 11775
2840 11816
2841 3077
2841 646
2841 3602
2841 9543
2841 11279
2842 473
2842 5228
2842 6018
2842 1624
2842 8132
2842 8779
2842 8407
2842 8408
2842 9011
2842 9490
2842 9283
2842 6258
2842 9947
2842 9444
2842 11130
2842 11132
2842 11232
2842 11529
2843 6187
2843 9109
2843 1069
2843 8721
2843 2146
2844 3058
2844 9970
2844 2395
2844 2815
2844 2647
2844 4938
2844 3161
2844 7738
2844 3985
2844 5470
2844 6460
2844 4541
2845 11187
2845 1233
2845 9422
2845 7372
2845 9621
2845 10945
2845 11607
2846 2743
2846 2325
2846 7005
2846 3637
2846 6603
2846 3493
2846 3706
2846 4600
2846 4815
2846 6546
2846 6818
2846 7645
2846 3918
2846 6327
2846 8532
2846 4188
2846 5369
2846 7064
2846 7459
2846 10531
2846 1845
2846 9294
2846 909
2846 1813
2846 11204
2847 11529
2847 7604
2847 11399
2847 4327
2847 11270
2847 5295
2847 6995
2847 7265
2847 2819
2847 883
2847 2544
2847 2681
2847 10499
2847 4072
2847 5423
2847 5626
2847 5904
2847 9365
2847 9692
2847 1827
2847 11776
2847 396
2847 3920
2847 2770
2847 2807
2847 2923
2847 4025
2847 5085
2847 5864
2847 7229
2847 7643
2847 11195
2847 1858
2847 2362
2847 7925
2847 9153
2847 11391
2847 1883
2847 7024
2847 825
2847 7262
2847 3347
2848 2649
2848 3262
2848 4090
2848 3063
2848 7551
2849 1915
2849 8062
2849 2287
2849 8736
2849 315
2849 720
2849 4266
2849 10135
2849 7897
2849 3276
2850 6883
2850 10487
2850 1849
2850 6879
2850 10337
2851 1951
2851 3742
2851 7321
2851 11016
2851 6370
2851 10197
2852 2320
2852 5125
2852 5579
2852 7469
2852 6581
2852 5933
2852 11194
2853 2770
2853 1771
2853 3176
2853 4689
2853 8606
2853 3494
2853 8418
2853 4815
2853 4266
2854 821
2854 6486
2854 9342
2854 5933
2854 4437
2854 9690
2854 9659
2854 7694
2854 9100
2854 6258
2854 9730
2854 9774
2854 10955
2854 10014
2854 10169
2854 11741
2855 1481
2855 1494
2855 10236
2855 7349
2855 10955
2855 11002
2855 6438
2855 9669
2856 6120
2856 2341
2856 1456
2856 5917
2856 8374
2856 3537
2856 1771
2857 3096
2857 5973
2857 621
2857 9778
2857 6675
2858 7440
2858 7874
2858 8755
2858 10722
2858 10850
2858 10940
2858 9507
2858 10123
2858 7505
2858 11237
2859 4935
2859 4940
2859 3381
2859 3659
2859 8581
2859 7258
2860 5390
2860 3063
2860 3592
2860 1624
2860 8169
2860 8383
2860 8384
2860 11437
2860 8778
2860 9033
2860 9037
2860 8679
2860 8211
2860 9705
2860 8510
2860 8208
2860 9947
2860 9858
2860 9730
2860 9444
2860 5304
2860 10798
2860 825
2860 11525
2860 11524
2860 11702
2860 11767
2860 11776
2861 8111
2861 3802
2861 4420
2861 4794
2861 5998
2862 9506
2862 10251
2862 9862
2862 10103
2862 9745
2862 6045
2863 3166
2863 1960
2863 540
2863 896
2863 1729
2863 7564
2863 9448
2863 1844
2863 6128
2863 6089
2863 7565
2863 3909
2863 8176
2863 8179
2863 8257
2863 9629
2863 9929
2863 820
2863 5447
2863 226
2863 8391
2863 7050
2863 5976
2863 9528
2863 7248
2863 8292
2863 1834
2864 1181
2864 3493
2864 6625
2864 6724
2864 7510
2864 621
2864 11018
2864 8214
2865 1831
2865 4146
2865 11602
2865 5788
2865 11399
2865 11819
2866 873
2866 877
2866 875
2866 4878
2866 1867
2867 7071
2867 8251
2867 8728
2867 7585
2867 9700
2867 9772
2867 10236
2867 10798
2867 7017
2867 5834
2867 11232
2867 11280
2867 11283
2867 11523
2867 11525
2867 5635
2867 11528
2867 6096
2867 11543
2867 11544
2867 11439
2867 11741
2867 11739
2867 11766
2868 3613
2868 2596
2868 3764
2868 1822
2868 6663
2868 9558
2868 720
2868 6838
2869 1336
2869 3589
2869 5226
2869 3515
2869 3516
2869 3166
2869 1347
2869 3854
2869 365
2870 6343
2870 3073
2870 7222
2870 7225
2870 10394
2870 7423
2871 4639
2871 1188
2871 6435
2871 4122
2871 4716
2871 4136
2871 3106
2871 1916
2871 2771
2871 3552
2872 1880
2872 6668
2872 5717
2872 5977
2872 9953
2872 6239
2872 5976
2872 10368
2872 1860
2872 6601
2872 5880
2872 6957
2872 7732
2873 2161
2873 4577
2873 4594
2873 9913
2873 3999
2873 11075
2873 892
2873 6737
2874 3465
2874 3398
2874 3589
2874 4730
2874 1457
2874 5230
2874 5391
2874 5395
2874 5393
2874 6343
2874 6680
2874 7541
2874 8254
2874 8382
2874 8449
2874 8602
2874 1543
2874 8189
2874 8207
2874 8208
2874 9281
2874 9947
2874 9858
2874 10169
2874 9519
2874 11098
2874 11378
2874 11490
2874 11765
2874 11766
2874 11767
2874 11777
2875 7684
2875 1698
2875 10955
2875 1111
2875 2023
2875 11329
2876 4370
2876 720
2876 4158
2876 5047
2876 7716
2876 8348
2877 4933
2877 4923
2877 5229
2877 1146
2877 3515
2877 5226
2877 958
2877 1624
2877 523
2877 767
2877 4443
2877 3613
2877 11526
2877 361
2877 10835
2877 6957
2878 6310
2878 9506
2878 8415
2878 6712
2878 8487
2878 10435
2879 1430
2879 5516
2879 2484
2879 6224
2879 3807
2879 8736
2879 6258
2879 10287
2879 10289
2879 11485
2879 11486
2879 3671
2879 11543
2879 11606
2879 6096
2879 11484
2879 11576
2879 9962
2879 10614
2879 11329
2879 11582
2879 11613
2879 9445
2879 11398
2879 3862
2879 1885
2879 8582
2879 11702
2879 1827
2879 2051
2879 11769
2879 11816
2879 11774
2880 4532
2880 5715
2880 4002
2880 4008
2880 6074
2880 8728
2880 8810
2880 8811
2880 8812
2881 822
2881 1481
2881 3231
2881 4183
2881 4194
2881 854
2881 731
2881 5865
2881 7781
2881 8229
2881 2852
2881 4238
2881 2545
2881 11377
2881 1515
2881 2191
2881 3686
2882 161
2882 3454
2882 1252
2882 9195
2882 512
2883 4497
2883 6699
2883 5932
2883 4724
2883 6689
2883 8959
2883 9067
2883 8662
2883 10634
2883 831
2883 1885
2883 5516
2883 6224
2883 9283
2883 9745
2883 2447
2884 4298
2884 4204
2884 1906
2884 6030
2884 6214
2884 5869
2885 801
2885 2439
2885 4979
2885 5201
2885 6237
2885 8943
2885 9067
2885 9979
2885 8805
2886 2024
2886 7056
2886 7255
2886 8215
2886 4091
2887 3164
2887 8078
2887 9037
2887 8679
2887 9260
2887 7585
2887 8249
2887 9100
2887 8242
2887 9700
2887 10169
2887 7629
2887 9772
2887 9774
2887 6774
2887 5781
2887 9776
2887 10774
2887 7694
2887 9947
2887 11295
2887 11294
2887 11232
2887 11283
2887 11399
2887 11580
2887 11606
2887 4104
2887 11602
2887 10520
2887 11816
2888 4702
2888 4730
2888 4724
2888 9518
2888 10236
2888 10238
2888 11074
2889 3467
2889 3972
2889 2938
2889 3243
2889 7876
2889 8889
2889 7270
2889 9429
2889 4301
2889 4280
2889 7321
2889 1098
2889 1114
2889 7527
2889 6625
2889 9740
2889 792
2889 4543
2889 6620
2889 9275
2890 5705
2890 7575
2890 321
2890 1046
2890 4377
2890 8160
2890 11684
2891 9952
2891 10369
2891 10367
2891 5710
2891 6239
2891 11084
2891 7984
2891 10418
2891 130
2891 10907
2891 1273
2892 6956
2892 9507
2892 2149
2892 1710
2892 7421
2893 1393
2893 865
2893 1072
2893 5654
2893 978
2893 887
2894 6063
2894 4029
2894 3909
2894 10262
2894 1822
2895 60
2895 598
2895 6342
2895 6079
2895 10807
2896 4605
2896 5843
2896 2824
2896 3614
2896 10151
2896 2763
2896 1758
2896 3629
2896 3472
2896 11568
2896 365
2896 9160
2896 5410
2896 10466
2897 6435
2897 6443
2897 310
2897 5846
2897 6593
2898 4960
2898 8598
2898 8599
2898 9664
2898 4104
2899 3771
2899 3530
2899 4532
2899 10368
2899 10418
2900 9372
2900 7417
2900 7693
2900 10116
2900 11122
2900 6088
2901 1082
2901 1979
2901 2344
2901 978
2901 3007
2901 983
2901 139
2901 5885
2902 790
2902 1329
2902 1650
2902 4426
2902 5162
2902 7617
2902 11568
2902 11625
2903 3323
2903 5226
2903 5391
2903 7541
2903 8449
2903 1543
2903 9659
2903 9853
2903 9947
2903 10076
2903 6293
2903 6445
2903 11768
2904 1624
2904 8409
2904 8602
2904 9034
2904 8211
2904 9730
2904 9947
2904 9444
2904 10774
2904 10626
2905 5131
2905 5836
2905 6341
2905 187
2905 3839
2905 5816
2906 3174
2906 1876
2906 5549
2906 427
2906 448
2906 5671
2906 6260
2906 365
2906 1825
2906 8408
2906 7248
2906 8276
2906 8209
2906 9707
2906 1967
2906 8746
2906 3920
2906 167
2906 9720
2906 9037
2906 3769
2906 10466
2907 2578
2907 4346
2907 4766
2907 1533
2907 1896
2907 5976
2907 8305
2907 4347
2907 596
2907 1729
2907 892
2907 7974
2907 412
2907 3952
2907 11351
2908 79
2908 3827
2908 10742
2908 3773
2908 9529
2908 11016
2908 3054
2908 11569
2908 9327
2909 2377
2909 187
2909 1624
2909 7035
2909 8254
2909 9154
2909 8519
2910 4389
2910 7298
2910 6512
2910 2447
2910 139
2910 4981
2910 1506
2910 4354
2910 5920
2910 6594
2910 3973
2910 4527
2910 6990
2910 8462
2910 9445
2910 11104
2910 5876
2910 7518
2910 10500
2911 6380
2911 5445
2911 892
2911 4855
2911 6193
2912 8415
2912 8779
2912 9949
2912 9922
2912 11130
2912 11132
2912 11521
2913 4120
2913 10823
2913 5227
2913 8612
2913 11264
2913 4471
2913 7999
2913 8662
2913 9138
2913 6479
2913 10425
2913 1481
2913 1268
2913 3550
2913 6443
2913 9929
2914 307
2914 7060
2914 8383
2914 8778
2914 8763
2914 8207
2914 9659
2914 6258
2914 9444
2914 10201
2914 10497
2914 10637
2914 10639
2914 7694
2914 10976
2914 9690
2914 10798
2914 11232
2914 6446
2915 8254
2915 8382
2915 9100
2915 9859
2915 9603
2915 9604
2915 5291
2915 5307
2915 10014
2915 11185
2915 11401
2915 11490
2916 3193
2916 5229
2916 3516
2916 4424
2916 9010
2916 5834
2917 627
2917 2085
2917 2480
2917 6693
2917 7846
2917 188
2917 7015
2917 9131
2917 3214
2918 2894
2918 6111
2918 2384
2918 9876
2918 9878
2918 8454
2918 10169
2918 8056
2918 11736
2919 4659
2919 8333
2919 6714
2919 7279
2919 4855
2920 4291
2920 939
2920 5380
2920 5361
2920 1624
2920 7101
2920 7060
2920 7779
2920 8131
2920 8779
2920 8604
2920 3164
2920 9010
2920 8207
2920 4991
2920 9922
2920 9858
2920 9947
2920 9730
2920 9519
2920 11098
2920 11185
2920 11490
2920 3214
2920 11540
2920 11516
2921 1984
2921 5184
2921 6138
2921 8562
2921 2016
2921 4290
2921 5736
2921 4288
2921 6230
2921 7038
2922 6515
2922 3589
2922 5352
2922 9691
2922 6995
2922 8431
2922 9109
2922 10862
2922 7332
2922 3698
2923 1357
2923 1335
2923 5394
2923 1539
2923 3582
2923 2559
2923 4294
2923 3583
2923 9633
2923 4032
2923 1653
2923 11443
2924 3552
2924 1122
2924 3559
2924 11313
2924 9929
2925 586
2925 7447
2925 10560
2925 3633
2925 7828
2925 731
2925 10272
2925 4315
2925 11267
2926 2303
2926 5980
2926 10883
2926 118
2926 4426
2926 873
2926 877
2926 893
2926 1449
2926 2048
2926 6445
2926 9408
2927 8763
2927 10955
2927 11185
2927 9690
2927 11132
2927 7018
2927 5834
2927 11483
2927 2573
2927 11741
2927 11766
2927 6830
2928 1339
2928 11361
2928 198
2928 5237
2928 7351
2929 3323
2929 3457
2929 4260
2929 4255
2929 1636
2929 5016
2929 5230
2929 1624
2929 8409
2929 1506
2929 1543
2929 9011
2929 9663
2929 3166
2929 8189
2929 9286
2929 7694
2929 10234
2929 10169
2929 11525
2930 1325
2930 2083
2930 5486
2930 7822
2930 3050
2930 4326
2930 8788
2931 3199
2931 3336
2931 9799
2931 7154
2931 3794
2931 5267
2931 9689
2931 10974
2931 4914
2931 4967
2931 9951
2931 6826
2931 1624
2932 8749
2932 9758
2932 6724
2932 7509
2932 792
2932 8554
2933 1644
2933 1655
2933 2797
2933 3745
2933 3746
2933 10325
2933 3242
2933 7764
2933 10628
2934 7496
2934 7354
2934 1188
2934 6739
2934 7988
2934 8391
2934 5267
2935 11170
2935 178
2935 486
2935 720
2935 1177
2935 2106
2935 2258
2935 2668
2935 3014
2935 3017
2935 3028
2935 3029
2935 3166
2935 3255
2935 5903
2935 6448
2935 8823
2935 8870
2935 3015
2935 4015
2935 4493
2935 6838
2935 8456
2935 9380
2935 9488
2935 11824
2935 130
2935 637
2935 4031
2936 8417
2936 9037
2936 9857
2936 10969
2936 11297
2936 11497
2936 11773
2936 1825
2937 11076
2937 1055
2937 2193
2937 3101
2937 253
2937 4335
2937 6495
2937 6626
2937 3920
2937 2431
2937 3924
2937 4433
2937 8893
2937 3015
2937 3467
2937 8418
2937 168
2937 9043
2937 9799
2937 8833
2937 4967
2937 2884
2937 9398
2937 9519
2937 9547
2937 2068
2937 713
2937 1883
2937 2823
2937 3428
2937 7557
2937 10486
2937 10729
2938 2669
2938 2671
2938 2679
2938 2775
2938 5191
2938 5722
2938 3600
2939 5731
2939 5051
2939 4805
2939 3579
2939 11590
2939 10978
2939 4626
2940 2025
2940 4041
2940 6928
2940 3999
2940 8924
2940 10463
2940 2373
2941 859
2941 3261
2941 635
2941 1514
2941 5369
2941 5865
2942 3323
2942 5228
2942 5229
2942 1464
2942 3515
2942 8779
2942 9100
2942 5307
2943 4051
2943 1464
2943 1457
2943 8449
2943 8102
2943 8415
2943 9859
2943 9065
2943 10169
2943 8274
2944 835
2944 3465
2944 5117
2944 7514
2944 7598
2944 8207
2944 8510
2944 6258
2944 9730
2944 9444
2944 10236
2944 10497
2944 10287
2944 5834
2944 10774
2944 11613
2944 11487
2944 11744
2945 6635
2945 6734
2945 5445
2945 10103
2945 8805
2945 6473
2945 10867
2946 5833
2946 912
2946 1087
2946 6747
2946 6986
2946 7521
2946 8627
2946 2509
2946 2912
2946 10271
2946 7418
2946 9043
2947 9856
2947 7022
2947 9319
2947 11029
2947 6188
2947 7721
2948 3816
2948 8318
2948 9380
2948 5369
2948 572
2948 11224
2948 1147
2948 3226
2948 3229
2948 3240
2949 4651
2949 3591
2949 6017
2949 6342
2949 6851
2949 8598
2949 8679
2949 9773
2949 10169
2949 9604
2949 10113
2949 8487
2949 10117
2949 10271
2949 9322
2949 10449
2949 1709
2949 11031
2949 11522
2949 11529
2949 9612
2949 11481
2949 11601
2950 6680
2950 7514
2950 9260
2950 9730
2950 11675
2951 9004
2951 1378
2951 1438
2951 11319
2951 8283
2951 9150
2952 1479
2952 2946
2952 11732
2952 6443
2952 6454
2952 10817
2953 6695
2953 5512
2953 6364
2953 4188
2953 5293
2953 1261
2953 1208
2953 3381
2953 8482
2954 5208
2954 1130
2954 9383
2954 2572
2954 935
2954 7148
2955 5082
2955 1624
2955 9100
2955 6774
2955 11255
2955 11531
2955 11329
2955 11543
2955 11041
2956 10367
2956 4492
2956 7824
2956 9109
2956 9507
2957 757
2957 1018
2957 3824
2957 2888
2957 9906
2957 990
2958 5412
2958 6498
2958 1310
2958 7876
2958 8397
2958 9435
2959 3398
2959 3466
2959 8207
2959 11568
2959 11816
2960 764
2960 7159
2960 41
2960 4990
2960 9368
2961 3151
2961 5616
2961 6551
2961 2512
2961 2509
2961 4948
2961 6634
2961 3670
2961 2516
2961 2522
2961 5136
2961 5580
2961 3691
2961 7720
2961 7569
2961 6791
2961 6456
2961 8684
2961 6442
2961 5583
2961 1343
2961 7802
2961 3943
2961 2373
2962 2768
2962 6811
2962 4844
2962 1356
2962 1645
2962 1365
2962 9179
2962 1650
2962 1845
2963 1818
2963 3113
2963 1715
2963 3953
2963 7354
2963 2550
2963 10368
2963 3108
2963 10367
2963 3368
2964 1612
2964 4634
2964 1471
2964 7079
2964 1616
2964 10396
2964 5194
2964 10034
2965 8382
2965 7514
2965 9705
2965 10955
2965 11521
2965 11558
2965 11768
2966 4923
2966 5226
2966 5229
2966 5016
2966 5395
2966 6077
2966 2427
2966 1624
2966 6557
2966 8382
2966 9100
2966 10789
2966 10520
2966 8497
2967 2724
2967 5013
2967 8077
2967 8829
2967 9225
2968 4813
2968 6941
2968 7790
2968 5548
2968 5785
2968 8692
2968 9421
2968 8693
2968 7562
2968 3541
2968 5520
2968 9022
2968 6544
2968 7755
2968 7322
2968 10815
2968 4968
2968 1114
2969 4627
2969 7838
2969 7566
2969 9104
2969 7200
2969 10845
2969 6145
2969 7493
2969 9864
2969 10787
2970 811
2970 6966
2970 8382
2970 8603
2970 8197
2970 9490
2970 7629
2970 10061
2970 11308
2970 10793
2970 10794
2970 10797
2970 7918
2970 11566
2970 1827
2971 9197
2971 2885
2971 3155
2971 8958
2971 11321
2971 6693
2971 10065
2971 5826
2971 11122
2971 1069
2972 4239
2972 4684
2972 5856
2972 5040
2972 6966
2972 8996
2972 5506
2972 8505
2972 856
2973 8382
2973 9100
2973 10113
2973 7369
2973 2310
2973 10955
2973 10289
2973 11074
2973 10288
2973 11029
2973 11297
2973 8214
2973 4426
2974 802
2974 803
2974 1234
2974 1254
2974 1442
2974 4875
2974 574
2974 1663
2974 836
2974 797
2974 4424
2974 584
2974 8237
2974 4391
2974 5176
2974 5421
2974 8131
2974 9506
2974 8779
2974 7514
2974 8602
2974 9490
2974 9745
2974 9700
2974 9284
2974 9285
2974 9852
2974 9603
2974 9733
2974 10287
2974 10014
2974 10288
2974 10449
2974 11008
2975 7270
2975 10144
2975 1308
2975 8185
2975 2243
2975 5934
2975 8582
2975 11212
2976 8417
2976 8677
2976 11399
2976 11487
2976 11516
2976 11744
2976 11782
2977 4831
2977 249
2977 494
2977 4052
2977 5321
2978 2578
2978 4012
2978 6849
2978 6850
2978 4008
2978 7354
2978 1860
2978 7514
2978 9773
2978 10169
2978 9815
2978 10531
2978 11529
2978 892
2978 11399
2978 11540
2978 11782
2979 3972
2979 5601
2979 4295
2979 4435
2979 1562
2979 4396
2979 6823
2979 3243
2980 6276
2980 7558
2980 2456
2980 8936
2980 9348
2980 800
2980 7613
2980 10751
2980 2447
2980 496
2981 1075
2981 5147
2981 1024
2981 6129
2981 5838
2981 9290
2981 8901
2981 4893
2981 8880
2981 10181
2981 10340
2981 8881
2981 11751
2982 4712
2982 9387
2982 3432
2982 10626
2982 8874
2983 3063
2983 4702
2983 9037
2983 9705
2983 9947
2983 9100
2983 9444
2983 10326
2983 10201
2984 8763
2984 6800
2984 7126
2984 9719
2984 1477
2984 3260
2985 1457
2985 1464
2985 2615
2985 4767
2985 6931
2985 8409
2985 9037
2985 9490
2985 3164
2985 9260
2985 9100
2985 4755
2985 8208
2985 9774
2985 5300
2985 5834
2985 6864
2985 9464
2985 7365
2985 7547
2985 6674
2985 10480
2985 7435
2985 10615
2985 11735
2985 11439
2985 11709
2985 5823
2985 1827
2986 7452
2986 5933
2986 10980
2986 8109
2986 3946
2986 5018
2987 2403
2987 2468
2987 2386
2987 859
2987 1331
2987 1332
2987 6751
2987 1718
2987 1732
2987 6628
2987 7892
2987 4032
2987 8318
2987 6826
2988 1365
2988 2687
2988 6031
2988 5486
2988 7370
2988 1415
2988 3880
2988 6562
2989 4735
2989 3323
2989 3193
2989 4933
2989 4923
2989 3118
2989 3541
2989 926
2989 5016
2989 1464
2989 1249
2989 5395
2989 7060
2989 64
2989 7824
2989 8365
2989 8537
2989 7602
2989 9603
2989 5805
2989 10115
2989 10116
2989 10238
2989 5782
2989 11521
2989 9711
2989 11601
2989 11602
2989 11600
2989 5788
2989 11439
2990 9507
2990 10626
2990 8264
2990 10686
2990 4459
2990 9691
2990 11122
2991 64
2991 8669
2991 8756
2991 9493
2991 10366
2991 401
2991 10368
2991 10360
2991 5945
2991 8144
2991 1847
2991 6638
2991 10626
2991 11548
2992 5395
2992 5393
2992 2066
2992 2374
2992 7541
2992 8131
2992 8778
2992 9260
2992 8763
2992 9100
2992 11527
2992 7365
2992 6864
2992 739
2992 11688
2992 11689
2993 6485
2993 7060
2993 8449
2993 8408
2993 8409
2993 9922
2993 11601
2993 11720
2994 133
2994 8263
2994 8941
2994 8199
2994 8383
2994 1287
2994 3936
2994 8382
2994 3935
2994 8778
2994 8779
2994 7136
2994 5373
2994 5376
2994 6796
2994 6757
2994 7135
2994 8208
2994 9100
2994 9518
2994 2616
2994 10637
2994 10201
2994 10497
2994 10618
2994 10915
2994 11632
2994 6449
2994 11819
2994 10092
2994 11675
2995 4026
2995 5442
2995 2394
2995 7418
2995 5823
2995 5244
2995 2816
2995 3902
2996 9067
2996 9260
2996 5834
2996 11566
2996 10797
2996 2687
2997 6483
2997 8131
2997 8132
2997 8417
2997 8251
2997 8603
2997 9010
2997 7629
2997 9603
2997 6258
2997 11131
2997 10449
2997 6730
2997 10169
2997 11296
2997 11774
2997 11136
2997 11773
2997 10520
2997 9734
2997 11118
2998 7129
2998 10368
2998 1318
2998 4240
2998 10789
2998 4238
2999 6393
2999 8476
2999 6169
2999 3441
2999 7340
2999 7941
2999 4944
2999 11377
2999 11569
2999 11638
2999 3235
2999 10784
2999 11279
2999 11827
2999 661
3000 9659
3000 7694
3000 9700
3000 9100
3000 11185
3000 11002
3000 2558
3001 6483
3001 7541
3001 8169
3001 7796
3001 8131
3001 8132
3001 8383
3001 8250
3001 8778
3001 8763
3001 8189
3001 9183
3001 9922
3001 10169
3001 10277
3001 9772
3001 7629
3001 9518
3001 10236
3001 10238
3001 10271
3001 10638
3001 10798
3001 9243
3001 9747
3001 10919
3001 11558
3001 11399
3001 11702
3002 3082
3002 6235
3002 6605
3002 4533
3002 1206
3002 6604
3002 3351
3002 8736
3002 7287
3002 9873
3002 9687
3002 3675
3002 4343
3002 9875
3002 2557
3002 7594
3002 10236
3002 4892
3002 7442
3002 4966
3002 3413
3002 11016
3002 1721
3002 11600
3002 4849
3002 11580
3002 11083
3002 11559
3002 11771
3003 1581
3003 1579
3003 1578
3003 1580
3003 1601
3004 5162
3004 5525
3004 7210
3004 1650
3004 7658
3004 7665
3004 1632
3004 3749
3004 7664
3004 8868
3005 5230
3005 3215
3005 5016
3005 5395
3005 5483
3005 1860
3005 3720
3005 4859
3005 636
3005 3546
3005 6957
3005 6076
3005 8131
3005 1020
3005 1632
3005 8383
3005 9785
3005 7342
3005 5957
3005 7366
3005 2823
3005 212
3005 10573
3005 9327
3005 835
3005 781
3005 2536
3005 3677
3005 10794
3005 2573
3005 32
3005 11564
3005 6438
3005 3474
3006 7861
3006 2658
3006 4398
3006 10125
3006 3999
3006 7973
3006 4560
3006 892
3007 4280
3007 1110
3007 3454
3007 4281
3007 4457
3007 5418
3007 7295
3007 9497
3007 2017
3007 5412
3007 6497
3007 6638
3007 7154
3008 4539
3008 5814
3008 3499
3008 4781
3008 9195
3008 512
3008 1310
3008 2932
3008 4032
3008 4224
3008 9708
3008 6700
3008 10262
3009 2890
3009 4194
3009 1053
3009 1151
3009 1788
3009 2473
3009 4478
3009 6190
3009 346
3009 6211
3009 6957
3009 4282
3009 7037
3009 3432
3009 8516
3009 607
3009 998
3009 3806
3009 5711
3009 6240
3009 10282
3010 2367
3010 4702
3010 3506
3010 4255
3010 2463
3010 4923
3010 5016
3010 1249
3010 6077
3010 7060
3010 5130
3010 7071
3010 2326
3010 9340
3010 8207
3010 6258
3010 9603
3010 7629
3010 3425
3010 8150
3010 10902
3010 5834
3010 11544
3010 11600
3010 11602
3010 5788
3010 9075
3010 2172
3010 2249
3010 7908
3010 8607
3010 3704
3010 11701
3010 9669
3011 1624
3011 8383
3011 7797
3011 10449
3011 6446
3012 315
3012 2996
3012 6164
3012 5050
3012 10370
3012 975
3012 4092
3012 5137
3012 6450
3013 8382
3013 8779
3013 8409
3013 9037
3013 9100
3013 9947
3013 10408
3013 10798
3013 11788
3013 11701
3013 11776
3013 11774
3014 10367
3014 9445
3014 7976
3014 10418
3014 411
3014 2737
3014 10806
3015 8385
3015 3164
3015 9183
3015 9490
3015 9318
3015 9154
3015 11600
3015 11602
3015 11776
3015 11791
3016 4923
3016 5016
3016 5229
3016 5230
3016 7514
3016 10236
3017 9054
3017 9174
3017 3164
3017 8409
3017 8407
3017 9037
3017 7694
3017 8242
3017 6258
3017 5291
3017 9319
3017 586
3017 11232
3017 11744
3017 11768
3017 9669
3018 6676
3018 8517
3018 6784
3018 1179
3018 4919
3018 2102
3018 5038
3018 1281
3018 6699
3018 1275
3018 5823
3018 6727
3018 9347
3019 3128
3019 2921
3019 3840
3019 7177
3019 4170
3019 799
3019 10282
3020 7060
3020 9659
3020 9859
3020 9603
3020 3666
3020 7018
3020 8293
3020 2664
3021 495
3021 1123
3021 5297
3021 1258
3021 6826
3021 5814
3021 7092
3022 2573
3022 1233
3022 1898
3022 2013
3022 3551
3022 1313
3022 6114
3022 10265
3022 1234
3022 1221
3022 777
3022 10825
3023 3598
3023 5805
3023 1578
3023 1580
3023 8376
3024 667
3024 7836
3024 7837
3024 1712
3024 7234
3025 11307
3025 10793
3025 10911
3025 10912
3025 10913
3025 10914
3025 10915
3025 10916
3025 10917
3025 10919
3025 11527
3025 11526
3025 11528
3025 11530
3025 11531
3025 11399
3025 11521
3025 11523
3025 11525
3025 11481
3025 11539
3025 11041
3025 11543
3025 11544
3025 11581
3025 11582
3025 1827
3025 5788
3026 6979
3026 6975
3026 1116
3026 4305
3026 2234
3026 226
3026 752
3026 4387
3026 7600
3027 5412
3027 9504
3027 2876
3027 5523
3027 7029
3027 9823
3027 1125
3027 3375
3027 1638
3027 11073
3028 3398
3028 3064
3028 4923
3028 1624
3028 8131
3028 9067
3028 8736
3028 9444
3028 3658
3028 10201
3028 11074
3028 11377
3028 11568
3028 11798
3029 6482
3029 8415
3029 9700
3029 9772
3029 9774
3029 10760
3029 10288
3029 10182
3029 11293
3029 11579
3029 11782
3029 9799
3029 10092
3030 4035
3030 2486
3030 4091
3030 5230
3030 6077
3030 7060
3030 8169
3030 6363
3030 8131
3030 7552
3030 3164
3030 8407
3030 9785
3030 3760
3030 9444
3030 6258
3030 9279
3030 10371
3030 4212
3030 7239
3030 5837
3030 2860
3030 4280
3031 9037
3031 3164
3031 8250
3031 9011
3031 9659
3031 6258
3031 9922
3031 9730
3031 7683
3031 7629
3031 8510
3031 9100
3031 8208
3031 6745
3031 9776
3031 9444
3031 9774
3031 10201
3031 11074
3031 7694
3031 10288
3031 10798
3031 10236
3031 10823
3031 9318
3031 10976
3031 11232
3031 10793
3031 7551
3031 11255
3031 10794
3031 11567
3031 11399
3031 9669
3031 11675
3031 11836
3032 2242
3032 6838
3032 4280
3032 9430
3032 4177
3032 4825
3032 11062
3032 9999
3032 5508
3032 11364
3032 1361
3032 11598
3032 1667
3032 6342
3032 4032
3032 10545
3033 4052
3033 2576
3033 10167
3033 3375
3033 4209
3033 1638
3033 8231
3033 8634
3033 85
3033 8256
3033 11224
3033 2374
3033 2738
3033 11625
3033 2894
3033 5269
3033 3454
3034 7984
3034 7983
3034 1676
3034 2392
3034 5977
3034 8487
3034 9913
3035 1185
3035 5436
3035 1901
3035 3396
3035 5184
3035 4594
3035 6227
3035 5411
3035 502
3035 5332
3035 9893
3035 7347
3036 5016
3036 1624
3036 8169
3036 9067
3036 8409
3036 6730
3036 11550
3037 8007
3037 5175
3037 7836
3037 8708
3037 531
3037 11433
3037 9289
3037 8052
3038 6258
3038 9730
3038 10236
3038 9243
3038 5834
3038 11232
3038 11568
3038 11254
3038 11736
3038 2763
3038 6438
3038 11768
3038 11778
3038 11812
3039 9172
3039 1880
3039 4608
3039 9701
3039 9961
3039 6873
3039 6874
3039 5730
3039 7557
3039 11353
3039 7195
3040 908
3040 3013
3040 795
3040 3262
3040 5543
3040 877
3040 1132
3040 4672
3040 3044
3040 7299
3040 5544
3040 2550
3040 2931
3040 4645
3040 401
3040 8011
3040 365
3040 9106
3040 6512
3040 7743
3040 3546
3040 1240
3041 1638
3041 88
3041 934
3041 4436
3041 4606
3041 6345
3041 8130
3041 8751
3041 1115
3041 3839
3041 8397
3041 8876
3041 1069
3041 5092
3041 1072
3041 1078
3041 4981
3041 5153
3041 9017
3041 7569
3041 7765
3041 329
3041 4938
3041 7182
3041 3733
3041 8288
3041 8529
3041 1054
3041 1118
3041 1845
3041 4803
3041 7576
3041 2943
3041 201
3041 604
3041 912
3042 6364
3042 11483
3042 11307
3042 11448
3042 10918
3042 10911
3042 10912
3042 10913
3042 10914
3042 10915
3042 5635
3042 11255
3042 11528
3042 11526
3042 11582
3042 11543
3042 11544
3042 11550
3042 11041
3042 11736
3042 11515
3042 11765
3042 11675
3042 1825
3043 8417
3043 8602
3043 9064
3043 8407
3043 8763
3043 9705
3043 9100
3043 10760
3043 6774
3043 5834
3043 6729
3044 11181
3044 6569
3044 10713
3044 10755
3044 11370
3044 3552
3044 8677
3045 227
3045 2628
3045 3444
3045 840
3045 4194
3045 7876
3045 8769
3046 3193
3046 3456
3046 5226
3046 5230
3046 1464
3046 5391
3046 3932
3046 5709
3046 3592
3046 7060
3046 7071
3046 8253
3046 9054
3046 8407
3046 8408
3046 8409
3046 8510
3046 9700
3046 9947
3047 3259
3047 6657
3047 7623
3047 7162
3047 5791
3048 8485
3048 2390
3048 8036
3048 1454
3048 4600
3048 3276
3048 4023
3048 4240
3048 4674
3048 8009
3048 3621
3048 5978
3048 2728
3048 5894
3048 813
3048 4177
3048 9259
3048 142
3048 9941
3048 11247
3048 1086
3049 6488
3049 7060
3049 8169
3049 8131
3049 9037
3049 9283
3049 9859
3049 9857
3049 3453
3049 10995
3049 10201
3049 9690
3049 10798
3049 5635
3050 4459
3050 5573
3050 6190
3050 538
3050 1224
3050 2526
3050 3435
3050 9760
3050 1240
3050 1268
3050 1922
3050 3131
3050 6957
3050 3395
3050 6775
3050 7019
3050 7022
3050 7086
3050 9337
3050 10464
3050 2770
3050 3556
3051 9737
3051 4426
3051 1638
3051 3987
3051 8288
3052 4563
3052 234
3052 4763
3052 4688
3052 5129
3052 10655
3052 8416
3052 8674
3052 6358
3052 7959
3052 5851
3052 8932
3053 6998
3053 7417
3053 8621
3053 8872
3053 9143
3053 11398
3054 4694
3054 1860
3054 9204
3054 5035
3054 9644
3055 648
3055 6023
3055 7519
3055 9490
3055 9505
3055 5933
3056 8417
3056 8208
3056 8510
3056 9855
3056 6258
3056 9947
3056 9444
3056 9506
3056 10201
3056 9690
3056 10271
3056 5304
3056 11098
3056 11299
3056 10247
3056 11525
3056 11307
3056 11308
3056 11483
3056 11606
3056 11539
3056 11329
3056 11543
3056 11550
3056 4104
3056 2609
3056 11254
3056 11399
3056 11744
3056 11782
3056 11816
3057 6310
3057 8601
3057 11569
3057 11418
3057 11472
3058 3157
3058 8606
3058 2447
3058 10249
3058 3375
3058 8605
3058 878
3059 477
3059 478
3059 287
3059 4426
3059 4591
3059 9918
3059 2652
3059 9106
3059 7967
3059 8418
3060 5229
3060 7060
3060 11030
3060 11031
3060 10911
3060 10913
3060 10914
3060 10916
3060 10912
3060 10915
3060 10919
3060 10918
3060 10917
3060 11530
3060 11255
3060 5635
3060 11550
3060 11774
3061 9130
3061 1099
3061 8043
3061 5516
3061 3166
3062 5391
3062 5709
3062 3592
3062 1624
3062 7060
3062 7779
3062 7101
3062 8103
3062 7552
3062 8254
3062 8408
3062 8409
3062 7694
3062 9700
3062 9730
3062 9444
3062 10236
3062 5834
3063 226
3063 6739
3063 7988
3063 3999
3063 9954
3064 7495
3064 1345
3064 10389
3064 7248
3064 10599
3064 9754
3065 4923
3065 5228
3065 5016
3065 6488
3065 1258
3065 7541
3065 8383
3065 8251
3065 4291
3065 8560
3065 6258
3065 9947
3065 5291
3065 9444
3065 10236
3065 10497
3065 10637
3065 10639
3065 9899
3065 10759
3065 8767
3065 9446
3065 10201
3065 5782
3065 11285
3065 11421
3065 11581
3065 6096
3065 11606
3065 11568
3065 11702
3065 11804
3066 4262
3066 4734
3066 8783
3066 4343
3066 6530
3067 7671
3067 9844
3067 166
3067 747
3067 3023
3067 6118
3067 5263
3068 5034
3068 3987
3068 6531
3068 10626
3068 9496
3069 7952
3069 9789
3069 4794
3069 9400
3069 5233
3070 5067
3070 412
3070 2492
3070 5956
3070 9429
3070 6486
3070 7250
3070 3639
3070 6768
3070 6819
3070 3542
3070 5659
3070 10339
3070 896
3070 1578
3070 2213
3070 3260
3070 3537
3070 8377
3070 8965
3070 9061
3070 9325
3070 5474
3070 1153
3070 4094
3070 4148
3070 4694
3070 5851
3070 5932
3070 7799
3070 8088
3070 10715
3070 9375
3071 3164
3071 9037
3071 8728
3071 9700
3071 9856
3071 5834
3072 7572
3072 5146
3072 11193
3072 10221
3072 11016
3073 6077
3073 7796
3073 8131
3073 8132
3073 8415
3073 3164
3073 8207
3073 9281
3073 9285
3073 9283
3073 10169
3073 9947
3073 9854
3073 9730
3073 6258
3073 7683
3073 7442
3073 10798
3073 9735
3073 10811
3074 4782
3074 5720
3074 6214
3074 805
3074 5162
3074 4837
3074 6187
3074 9117
3074 9517
3074 1624
3074 9105
3074 809
3074 2373
3074 4240
3074 5865
3074 815
3074 9405
3075 2408
3075 5707
3075 8859
3075 7340
3075 3234
3076 9621
3076 4978
3076 365
3076 2496
3076 4981
3076 11704
3076 1624
3077 3112
3077 3492
3077 6009
3077 7421
3077 5837
3077 10175
3077 10032
3078 5389
3078 9344
3078 3539
3078 4426
3078 6620
3079 8779
3079 896
3079 7694
3079 9775
3079 9251
3079 10277
3079 9319
3079 11270
3079 11767
3080 1602
3080 4035
3080 3973
3080 1960
3080 6374
3080 3553
3080 9507
3080 3276
3080 28
3080 8005
3080 892
3080 5532
3080 595
3080 9711
3080 9622
3080 11570
3081 4002
3081 1085
3081 8012
3081 8111
3081 8857
3081 6342
3081 8889
3082 3527
3082 2153
3082 2687
3082 4916
3082 4888
3082 7469
3082 1860
3082 5342
3083 8253
3083 8778
3083 8409
3083 8408
3083 1543
3083 7585
3083 8728
3083 6258
3083 10169
3083 9856
3083 9604
3083 7629
3083 10236
3083 10760
3083 7442
3083 10271
3083 10823
3083 5782
3083 11185
3083 10798
3083 11255
3083 11522
3083 11544
3083 2573
3083 11490
3083 11496
3083 4280
3083 11741
3083 1825
3083 11773
3083 11775
3083 10446
3083 11776
3083 11832
3083 11835
3084 4923
3084 9285
3084 8208
3084 9855
3084 10326
3084 5380
3085 5363
3085 6693
3085 8239
3085 10826
3085 6677
3086 4933
3086 3021
3086 10497
3086 4387
3086 10968
3087 4293
3087 5677
3087 6508
3087 5261
3087 5655
3087 8838
3087 9097
3087 4998
3087 8866
3087 3827
3087 8064
3087 5814
3087 10704
3087 3390
3087 4556
3087 3657
3087 5338
3088 7515
3088 5254
3088 2062
3088 6834
3088 9235
3088 5047
3088 8426
3089 4774
3089 3222
3089 1768
3089 6985
3089 386
3089 8128
3090 4702
3090 1624
3090 8103
3090 7864
3090 7036
3090 7684
3090 7694
3090 6258
3090 8767
3090 10236
3090 10201
3090 5047
3090 11091
3090 10798
3090 5834
3090 11232
3090 572
3090 1349
3090 11578
3090 2609
3090 6864
3090 9196
3090 11702
3090 10615
3090 11709
3090 11735
3091 2387
3091 792
3091 9209
3091 1860
3091 6957
3092 5082
3092 3096
3092 2025
3092 4012
3092 6004
3092 4113
3092 5406
3092 4481
3092 2102
3092 5895
3093 105
3093 6236
3093 2781
3093 8832
3093 2912
3094 8087
3094 8826
3094 5852
3094 3252
3094 8817
3094 1851
3094 7962
3095 2049
3095 2537
3095 6928
3095 8029
3095 8632
3095 8910
3095 9005
3095 5516
3095 1052
3096 4473
3096 2759
3096 10271
3096 11058
3096 11156
3096 11736
3096 11744
3097 207
3097 9371
3097 6512
3097 7925
3097 5995
3097 9799
3097 11161
3097 8820
3097 889
3097 5941
3097 9502
3097 11524
3097 9099
3097 10619
3097 11492
3097 423
3097 434
3097 3120
3097 3542
3097 4315
3097 4617
3097 7021
3097 7377
3098 2332
3098 4923
3098 8169
3098 8417
3098 1512
3098 9284
3098 9490
3098 9100
3098 10234
3098 6258
3098 9733
3099 1025
3099 8254
3099 8250
3099 10955
3099 11300
3099 6364
3099 11529
3099 11485
3099 11487
3099 11606
3099 9178
3099 5788
3099 10520
3099 11399
3099 11765
3099 11771
3099 11775
3099 9799
3099 10092
3099 11776
3099 10829
3100 10924
3100 10368
3100 11389
3100 8112
3100 6863
3100 1861
3101 802
3101 804
3101 3535
3101 3598
3101 4817
3101 8365
3101 10310
3101 10542
3101 11396
3101 3798
3102 4751
3102 6896
3102 9307
3102 6258
3102 562
3102 2374
3102 3401
3102 6857
3102 3493
3102 4189
3102 2524
3102 9739
3102 4426
3102 4459
3102 60
3102 3904
3102 669
3102 7420
3102 4985
3102 1312
3102 3021
3102 4752
3102 2520
3102 2647
3102 4087
3102 2759
3102 3022
3103 11583
3103 11601
3103 11540
3103 2573
3103 11565
3103 11564
3103 11800
3103 11501
3103 6449
3103 6438
3103 1810
3104 4799
3104 2815
3104 11182
3104 3535
3104 9667
3105 2891
3105 5258
3105 8411
3105 9717
3105 182
3105 6814
3105 8829
3105 9293
3105 10978
3105 1849
3106 9109
3106 1020
3106 9467
3106 3315
3106 744
3107 803
3107 4439
3107 3518
3107 3164
3107 9033
3107 8211
3107 8728
3107 8510
3107 9700
3107 9858
3107 9772
3107 9747
3108 8808
3108 8806
3108 10289
3108 7570
3108 10073
3108 11059
3108 10492
3108 4560
3108 11488
3108 7578
3109 120
3109 5277
3109 8826
3109 8994
3109 11613
3109 9038
3109 10359
3109 3556
3109 4599
3109 7486
3109 5339
3109 11156
3109 10626
3109 11744
3109 4880
3109 912
3109 3239
3109 11408
3109 7956
3109 11739
3109 1628
3109 11437
3109 8447
3109 3235
3109 5817
3109 6446
3109 8621
3109 6445
3109 3030
3109 2481
3109 11439
3109 11775
3109 10092
3109 7248
3109 2374
3110 3589
3110 3063
3110 4730
3110 4923
3110 1457
3110 7442
3110 11002
3110 11536
3111 3217
3111 3376
3111 3589
3111 4702
3111 4724
3111 3506
3111 4730
3111 3457
3111 5229
3111 5230
3111 1230
3111 8449
3111 8407
3111 5834
3111 11185
3111 4104
3111 11565
3111 11788
3111 11766
3111 10446
3111 11118
3111 11835
3112 3506
3112 1464
3112 1624
3112 8169
3112 8779
3112 9037
3112 9745
3112 9859
3112 7683
3112 9723
3112 4382
3112 9922
3112 6774
3112 11399
3112 11518
3112 9799
3112 11828
3113 3826
3113 4696
3113 1868
3113 8608
3113 8487
3113 6592
3113 5524
3113 883
3113 488
3113 8141
3113 7417
3113 5727
3113 4253
3113 5035
3113 8333
3113 4151
3113 1490
3113 1798
3113 5971
3113 10465
3113 3229
3113 3235
3113 3241
3113 3237
3113 5811
3113 6646
3114 2299
3114 3030
3114 7976
3114 2020
3114 2037
3114 5099
3115 51
3115 5933
3115 1944
3115 8143
3115 5863
3115 11622
3115 2447
3115 8165
3115 9898
3115 505
3116 5555
3116 92
3116 417
3116 8011
3116 69
3116 7738
3116 4098
3116 209
3116 2526
3116 4617
3116 5454
3116 10956
3117 6752
3117 4920
3117 212
3117 4091
3117 2648
3117 5515
3117 8954
3117 10242
3118 6226
3118 6592
3118 3613
3118 6021
3118 69
3118 6298
3119 3336
3119 1729
3119 3161
3119 4426
3119 7213
3119 4922
3119 4525
3119 7349
3119 8176
3119 574
3119 882
3119 5114
3119 5516
3119 11316
3119 9444
3119 9448
3119 5439
3119 816
3119 11514
3119 10262
3119 3166
3119 7295
3119 11456
3119 811
3119 8865
3120 4504
3120 6077
3120 1624
3120 7514
3120 9174
3120 3281
3120 9518
3120 9712
3120 10902
3120 11285
3120 4794
3120 6443
3121 10529
3121 10817
3121 10530
3121 1603
3121 9591
3121 8098
3122 8763
3122 3164
3122 7585
3122 6449
3122 4426
3122 7684
3122 7694
3122 9659
3122 9637
3122 10169
3122 8510
3122 9854
3122 6258
3122 8569
3122 9444
3122 7442
3122 5834
3122 11074
3122 10798
3122 11601
3122 11600
3122 11602
3122 444
3122 5137
3122 7926
3122 9701
3122 8073
3122 8473
3122 11770
3123 10271
3123 5170
3123 11096
3123 11494
3123 11742
3124 192
3124 8755
3124 7049
3124 9109
3124 9868
3125 5976
3125 4035
3125 4091
3125 7813
3125 9760
3125 10706
3126 6863
3126 2169
3126 10774
3126 5304
3126 5782
3126 10798
3126 5834
3126 6730
3126 9747
3126 11098
3126 11196
3126 6986
3126 10247
3126 10169
3126 10916
3126 10915
3126 10917
3126 12
3126 2573
3126 11481
3126 11581
3126 11582
3126 11601
3126 10619
3126 7386
3126 11650
3126 11709
3126 11735
3126 2516
3126 5867
3126 8944
3126 9219
3126 9583
3126 11007
3126 11791
3126 11686
3127 3015
3127 118
3127 11438
3127 2258
3127 2259
3127 8984
3127 8644
3127 10268
3128 5228
3128 3063
3128 7060
3128 7796
3128 6363
3128 8250
3128 8385
3128 9853
3128 6258
3128 10234
3128 11282
3128 10520
3129 1881
3129 11333
3129 9930
3129 10155
3129 1539
3130 1064
3130 5363
3130 1950
3130 9134
3130 11188
3131 8879
3131 11452
3131 1168
3131 5162
3131 7723
3131 7728
3131 3093
3131 6498
3132 1112
3132 1573
3132 4174
3132 3500
3132 6240
3132 7927
3133 6193
3133 4397
3133 6743
3133 10368
3133 8325
3133 1955
3133 4514
3133 1071
3133 9839
3133 10532
3133 875
3133 1384
3133 2014
3133 5307
3133 8906
3133 10754
3133 11707
3133 10726
3133 10289
3133 10597
3134 10461
3134 10293
3134 10459
3134 10296
3134 2317
3134 6652
3134 10081
3134 1438
3134 436
3134 696
3134 5777
3134 10460
3134 7610
3134 877
3134 7795
3135 3454
3135 2842
3135 4383
3135 4669
3135 2354
3135 1022
3135 1653
3135 3743
3135 10707
3135 1891
3135 1899
3135 2012
3135 3590
3135 4404
3135 8848
3135 6693
3135 8793
3136 3987
3136 4191
3136 10544
3136 5764
3136 7688
3137 4503
3137 5300
3137 1679
3137 820
3137 3336
3137 8856
3137 8858
3137 5457
3137 8214
3137 3613
3137 1069
3137 3236
3137 5652
3137 8088
3137 4426
3137 7234
3137 909
3137 4694
3138 4253
3138 4280
3138 1621
3138 7217
3138 1804
3138 7860
3138 5854
3138 5380
3139 10053
3139 11334
3139 2729
3139 7720
3139 9062
3140 2589
3140 10027
3140 10159
3140 8155
3140 337
3140 10736
3140 11152
3141 3636
3141 8515
3141 458
3141 6326
3141 6512
3141 7022
3141 9059
3142 1361
3142 6925
3142 7951
3142 8612
3142 9639
3142 2941
3142 9529
3142 9245
3142 598
3142 7764
3142 2580
3142 5649
3142 10705
3142 1916
3142 6078
3142 10343
3142 6356
3142 6926
3143 3975
3143 377
3143 7694
3143 5834
3143 5427
3143 11744
3143 6446
3144 2687
3144 1420
3144 7093
3144 8972
3144 8340
3144 8439
3144 10718
3144 11447
3145 5361
3145 5749
3145 2509
3145 2520
3145 9448
3146 1046
3146 3210
3146 1055
3146 1066
3146 3141
3146 5132
3146 5111
3146 5659
3146 5679
3146 5680
3146 6625
3146 6907
3146 198
3146 5210
3147 3164
3147 8763
3147 9853
3147 7694
3147 6258
3147 5834
3147 11292
3147 11002
3147 11270
3147 11254
3147 11788
3147 11776
3148 5785
3148 8340
3148 9156
3148 7493
3148 567
3148 4885
3148 5960
3148 8944
3148 9133
3149 8417
3149 8408
3149 10823
3149 11771
3149 11819
3149 10125
3150 9508
3150 9763
3150 8487
3150 4174
3150 7764
3150 10253
3151 752
3151 5224
3151 3524
3151 6724
3151 10089
3151 10984
3151 10223
3152 1573
3152 1268
3152 1932
3152 3568
3152 10257
3152 1316
3152 1984
3152 7126
3152 7417
3152 9508
3152 1720
3152 7125
3152 1087
3152 8443
3152 8755
3152 10394
3152 11398
3153 10057
3153 10299
3153 7860
3153 681
3153 4794
3153 5623
3153 5851
3153 6693
3153 8294
3153 10156
3153 6500
3153 561
3154 6619
3154 5822
3154 7136
3154 4724
3154 3111
3154 11464
3155 6687
3155 5400
3155 804
3155 7146
3155 4421
3155 4999
3155 4232
3155 5593
3155 5594
3156 6224
3156 519
3156 5635
3156 11117
3156 11498
3156 8842
3157 10353
3157 10370
3157 5818
3157 6163
3157 7677
3157 6102
3157 9448
3157 11327
3157 10553
3157 512
3157 4762
3157 8705
3158 8080
3158 9521
3158 10353
3158 10370
3158 153
3158 4540
3158 720
3158 5814
3158 6815
3158 6906
3159 7056
3159 7289
3159 8616
3159 8964
3159 4281
3160 8382
3160 6879
3160 8385
3160 8779
3160 7468
3160 9340
3161 792
3161 7914
3161 7029
3161 5141
3161 486
3162 3164
3162 8603
3162 8677
3162 8763
3162 6753
3162 9490
3162 9700
3162 9922
3162 7629
3162 9776
3162 10236
3162 10760
3162 3658
3162 5834
3162 10567
3162 9710
3162 9612
3162 11550
3162 6096
3162 5979
3162 768
3162 9109
3163 5395
3163 7071
3163 8253
3163 8779
3163 896
3163 8599
3163 8763
3163 8208
3163 9260
3163 6258
3163 9518
3163 11702
3163 11740
3163 10968
3164 5869
3164 402
3164 1979
3164 5017
3164 5189
3164 2985
3164 8005
3165 11781
3165 4033
3165 8064
3165 11360
3165 11447
3165 2902
3165 6239
3165 7987
3165 10626
3166 10271
3166 10549
3166 11431
3166 11536
3166 11742
3167 7713
3167 4204
3167 2592
3167 11681
3167 3441
3167 9658
3167 9674
3167 6995
3167 6625
3167 9209
3167 8895
3167 8861
3167 2646
3167 3845
3167 4948
3167 5020
3167 6489
3167 9211
3167 11783
3167 11833
3168 8272
3168 3695
3168 10774
3168 9802
3168 1838
3169 268
3169 816
3169 840
3169 5839
3169 3987
3169 10146
3169 10312
3169 7738
3169 11156
3169 5064
3170 2367
3170 2382
3170 6904
3170 3704
3170 3705
3170 4873
3170 6276
3170 9442
3170 2482
3170 9532
3170 2345
3170 2388
3170 962
3170 963
3170 1333
3170 2284
3170 6378
3170 6622
3170 7509
3170 5823
3170 4579
3170 10547
3171 8931
3171 9150
3171 225
3171 7383
3171 6613
3171 11599
3171 5507
3171 3497
3171 4928
3171 222
3171 5968
3171 7121
3171 11758
3172 4203
3172 809
3172 1799
3172 5013
3172 4426
3172 1801
3173 10383
3173 7983
3173 9656
3173 6900
3173 11360
3173 6734
3173 5976
3173 10032
3173 10617
3174 1663
3174 1637
3174 1974
3174 3518
3174 5439
3174 6190
3174 6188
3174 3497
3174 1264
3174 2267
3174 2184
3174 5672
3174 3933
3175 4270
3175 10252
3175 6187
3175 4935
3175 4937
3175 6993
3175 7295
3175 8736
3175 2906
3175 4945
3175 8299
3175 217
3175 2181
3175 4940
3175 10590
3175 6118
3175 11728
3175 1044
3175 11642
3175 5185
3176 1751
3176 1699
3176 1703
3176 3118
3176 6314
3176 486
3177 9664
3177 9340
3177 1156
3177 7683
3177 9922
3177 7626
3177 9947
3177 5291
3177 9444
3177 6258
3177 10236
3177 9318
3177 10976
3177 5304
3177 10798
3177 5834
3177 11074
3177 10969
3177 11379
3177 11232
3177 10797
3177 1047
3177 8681
3177 11308
3177 10794
3177 11399
3178 1457
3178 1464
3178 5016
3178 572
3178 7213
3178 6774
3178 5782
3178 9243
3179 3980
3179 6215
3179 3725
3179 6214
3179 2106
3179 11552
3180 2407
3180 3965
3180 5486
3180 856
3180 1694
3180 2441
3180 2153
3180 869
3180 4448
3180 7733
3180 8123
3180 2083
3181 10441
3181 9900
3181 5302
3181 5863
3181 7643
3181 5100
3181 412
3181 1858
3181 1860
3182 10840
3182 4937
3182 11181
3182 8357
3182 10488
3183 337
3183 6826
3183 771
3183 5410
3183 7079
3183 3839
3184 6680
3184 9399
3184 8240
3184 429
3184 5594
3184 6774
3184 10014
3184 6364
3184 1827
3184 5930
3184 11440
3185 4035
3185 4487
3185 3288
3185 4515
3185 10969
3185 11399
3185 6771
3185 9185
3185 4132
3186 11431
3186 10549
3186 11536
3186 11759
3186 11721
3187 2447
3187 3999
3187 1638
3187 3711
3187 7380
3187 7481
3187 9209
3187 1020
3187 1681
3187 5261
3187 8836
3187 8861
3187 9277
3188 4350
3188 4933
3188 5229
3188 1249
3188 5709
3188 8169
3188 8131
3188 10626
3188 11564
3188 11632
3189 5945
3189 10022
3189 2050
3189 5979
3189 6097
3190 7779
3190 3903
3190 4995
3190 8103
3190 5013
3190 7541
3190 5011
3190 8415
3190 8779
3190 896
3190 9037
3190 8408
3190 8679
3190 7585
3190 9340
3190 7683
3190 9659
3190 9922
3190 6507
3190 9855
3190 9852
3190 9730
3190 5291
3190 10125
3190 8664
3190 8741
3190 10271
3190 8805
3190 11448
3190 2573
3190 11558
3190 11399
3190 1705
3191 396
3191 6046
3191 8343
3191 8537
3191 9964
3192 8382
3192 8251
3192 8778
3192 9785
3192 9490
3192 9604
3192 10618
3192 9733
3192 10271
3192 10638
3192 9319
3192 3400
3192 11031
3192 8681
3192 7696
3193 10121
3193 9909
3193 4605
3193 8075
3193 4537
3193 3923
3193 130
3193 1860
3193 3375
3194 2793
3194 203
3194 1271
3194 8050
3194 8878
3195 2213
3195 6326
3195 5940
3195 4019
3195 5632
3195 3559
3195 3635
3195 868
3195 973
3195 7842
3195 8895
3195 2192
3195 5946
3196 5744
3196 3231
3196 7907
3196 6880
3196 3037
3196 6138
3196 10690
3197 1494
3197 3806
3197 1584
3197 8963
3197 10815
3197 11264
3197 4443
3197 7126
3197 1846
3197 9235
3197 806
3197 8261
3197 6293
3198 4003
3198 892
3198 10289
3198 10288
3198 6239
3199 9064
3199 5439
3199 8408
3199 8510
3199 3336
3199 5308
3199 10368
3199 1020
3199 5978
3199 4446
3199 8060
3199 8837
3199 9476
3199 142
3199 6751
3199 9923
3199 11526
3199 11472
3199 7717
3199 11568
3199 10816
3199 10626
3199 11439
3199 11744
3199 1827
3200 2191
3200 2781
3200 8348
3200 10937
3200 3662
3201 10916
3201 10915
3201 10914
3201 10911
3201 10797
3201 11448
3201 8669
3201 10793
3201 10794
3201 11255
3201 11529
3201 11399
3201 5635
3201 11194
3201 11576
3201 11550
3201 11539
3201 11543
3201 11582
3201 11329
3201 11481
3201 11606
3201 11487
3201 11581
3201 11041
3201 11558
3201 11254
3201 5788
3201 11782
3201 11515
3201 11698
3201 11740
3201 11741
3202 1694
3202 2468
3202 811
3202 2371
3202 6497
3202 1700
3202 1701
3202 8771
3202 8972
3202 8773
3202 8422
3202 1692
3202 2153
3202 7295
3202 9642
3202 1695
3202 7911
3202 10980
3202 9067
3202 9476
3202 334
3203 9682
3203 884
3203 8889
3203 1054
3203 8888
3203 4204
3203 7954
3203 8866
3203 8867
3203 8869
3203 6626
3203 1043
3203 1092
3203 1098
3203 1860
3203 5316
3203 6182
3203 6497
3203 8073
3203 5609
3203 7258
3204 4553
3204 8487
3204 9109
3204 250
3204 8012
3205 4691
3205 2183
3205 1752
3205 3896
3205 3895
3205 8790
3205 198
3206 3436
3206 5019
3206 10450
3206 7572
3206 511
3207 1963
3207 5452
3207 8219
3207 2205
3207 8174
3207 1791
3207 10456
3207 10457
3208 1091
3208 1327
3208 402
3208 3260
3208 7590
3209 226
3209 4657
3209 6973
3209 6351
3209 6350
3209 6825
3209 5976
3209 7984
3209 10368
3209 10435
3209 892
3210 3245
3210 5828
3210 562
3210 3395
3210 1793
3210 4238
3210 7940
3210 5982
3210 5165
3210 11621
3211 5226
3211 5016
3211 5229
3211 4104
3211 7060
3211 8169
3211 8254
3211 7514
3211 9037
3211 3164
3211 9859
3211 9922
3211 9853
3211 9858
3211 9100
3211 10798
3211 11131
3211 11270
3211 738
3211 741
3211 739
3211 9196
3211 11518
3212 3368
3212 583
3212 3501
3212 259
3212 6870
3212 7687
3212 4857
3212 10052
3213 7090
3213 228
3213 5361
3213 6478
3213 5346
3213 7971
3213 4927
3214 4710
3214 4116
3214 9799
3214 6641
3214 3015
3214 9833
3214 7562
3215 5229
3215 5016
3215 5393
3215 6482
3215 5895
3215 10339
3215 11298
3216 4923
3216 1624
3216 8131
3216 8603
3216 7779
3216 9010
3216 8409
3216 9785
3216 9490
3216 7864
3216 7694
3216 9700
3216 10115
3216 10659
3216 10201
3216 10995
3216 9733
3216 10271
3216 10798
3216 10976
3216 11131
3216 10182
3216 10902
3216 10567
3216 6410
3216 6096
3216 2183
3216 11600
3216 5788
3216 11741
3216 11772
3216 11118
3216 11635
3217 4860
3217 592
3217 4626
3217 3551
3217 9114
3217 821
3217 1290
3217 9150
3217 3322
3217 11390
3217 2569
3217 9823
3217 906
3217 6516
3218 9701
3218 9700
3218 9775
3218 5308
3218 6258
3218 9401
3218 2532
3218 2362
3218 6894
3218 10182
3218 1249
3218 5094
3218 11292
3218 6751
3218 1258
3218 10443
3218 9339
3218 7710
3218 6096
3218 226
3218 1679
3218 167
3218 4426
3218 8619
3218 1166
3218 3125
3218 11399
3218 10811
3218 11439
3218 6443
3218 6445
3218 11791
3218 5730
3218 912
3218 5729
3218 10092
3218 11816
3219 7295
3219 142
3219 6099
3219 9573
3219 11277
3219 9741
3219 3435
3220 892
3220 5147
3220 9109
3220 10313
3220 4385
3220 7982
3220 4386
3220 10626
3220 6996
3220 411
3220 4035
3220 7485
3220 8596
3220 11817
3221 4350
3221 1507
3221 4933
3221 4923
3221 5229
3221 3516
3221 6344
3221 1624
3221 6363
3221 8417
3221 8250
3221 8251
3221 8382
3221 8207
3221 8510
3221 9730
3221 9100
3221 10247
3221 9154
3221 10793
3221 10794
3221 6265
3221 11568
3221 6444
3221 11518
3221 11764
3222 1636
3222 1099
3222 4263
3222 1073
3222 1479
3222 6387
3223 1808
3223 1231
3223 1792
3223 835
3223 2095
3223 8624
3223 2290
3223 493
3223 4490
3223 3514
3223 682
3223 7636
3223 342
3223 8114
3223 5095
3224 637
3224 4032
3224 7645
3224 2206
3224 7647
3224 2057
3224 8323
3224 10618
3224 1782
3224 2545
3225 3386
3225 4532
3225 7029
3225 7201
3225 7745
3225 10695
3226 9100
3226 9947
3226 10276
3226 10371
3226 9444
3226 3658
3226 10798
3226 10175
3226 11579
3226 11775
3226 6319
3227 1268
3227 1819
3227 1251
3227 4233
3227 1464
3227 5016
3227 7757
3227 1082
3227 4229
3227 10601
3227 10588
3228 3375
3228 4249
3228 1984
3228 8473
3228 1632
3228 9513
3228 7470
3228 6733
3228 7567
3228 7734
3228 9910
3228 9754
3228 6649
3229 2554
3229 8779
3229 9260
3229 10633
3229 11041
3229 11606
3229 11518
3230 8415
3230 8211
3230 9011
3230 7694
3230 9947
3230 9730
3231 1296
3231 1297
3231 5481
3231 162
3231 3983
3231 4952
3231 5412
3231 5420
3231 6147
3231 6772
3231 7063
3232 1078
3232 2378
3232 3213
3232 11187
3232 5671
3232 1054
3232 5647
3232 5652
3232 9510
3232 3848
3232 10132
3232 10924
3232 7153
3232 7154
3233 2025
3233 5760
3233 8675
3233 7570
3233 6003
3233 2570
3233 11624
3234 428
3234 6331
3234 1125
3234 9216
3234 1684
3234 8937
3234 5573
3234 564
3234 2771
3234 2470
3234 10589
3235 10974
3235 11019
3235 11506
3235 6305
3235 11146
3236 9340
3236 9859
3236 9947
3236 6258
3236 11185
3236 10271
3236 5635
3236 11255
3236 11539
3236 11550
3237 3465
3237 3466
3237 3398
3237 3376
3237 3589
3237 4725
3237 4730
3237 4347
3237 4923
3237 5016
3237 5393
3237 6344
3237 7101
3237 8382
3237 8131
3237 8132
3237 3503
3237 9033
3237 8211
3237 9705
3237 9037
3237 10169
3237 3164
3237 9947
3237 10637
3237 10760
3237 5834
3237 10287
3237 10955
3237 11098
3237 11185
3237 11486
3237 11487
3237 11632
3237 11399
3237 11744
3237 11782
3237 11828
3238 1179
3238 1180
3238 4391
3238 4291
3238 896
3238 7975
3238 5543
3238 8334
3238 9693
3238 6983
3239 3769
3239 5116
3239 5130
3239 6102
3239 8785
3239 1540
3239 8640
3239 1393
3239 1960
3239 2536
3239 2637
3239 7672
3239 8473
3239 3796
3239 8831
3240 3115
3240 5408
3240 3584
3240 1323
3240 2023
3240 2363
3240 3167
3240 8359
3240 10194
3240 10216
3240 11482
3241 3880
3241 9922
3241 935
3241 7551
3241 3362
3241 1974
3241 3361
3241 8048
3241 257
3241 1982
3241 4263
3241 8518
3241 208
3241 6265
3241 6431
3241 9131
3241 1252
3241 1599
3241 5439
3241 10809
3241 1720
3241 1343
3241 1581
3241 7182
3241 11173
3241 6258
3241 9123
3242 9664
3242 7683
3242 2759
3242 5947
3242 9659
3242 7694
3242 8044
3242 5291
3242 8333
3242 8128
3242 5354
3242 8136
3242 2231
3242 130
3242 2085
3242 2198
3242 8461
3242 9045
3242 5304
3242 4899
3242 8183
3242 10794
3242 2606
3242 11501
3243 4385
3243 9955
3243 2246
3243 4053
3243 2195
3244 5982
3244 8128
3244 506
3244 8126
3244 8019
3245 10236
3245 10759
3245 6774
3245 10902
3245 11074
3245 11287
3245 7918
3246 9744
3246 5976
3246 9745
3246 5896
3246 9508
3247 7779
3247 7101
3247 8132
3247 8417
3247 8408
3247 8682
3247 8598
3247 9260
3247 8728
3247 6492
3247 7684
3247 7694
3247 9922
3247 9947
3247 4085
3247 7626
3247 9255
3247 9730
3247 6258
3247 9712
3247 10201
3247 10798
3247 9690
3247 11185
3247 11098
3247 11583
3247 7918
3247 2609
3247 1827
3247 11768
3248 5016
3248 1464
3248 5391
3248 5390
3248 11002
3248 11481
3249 840
3249 4118
3249 7656
3249 2102
3249 5212
3249 8176
3250 4560
3250 2680
3250 5978
3250 11573
3250 2195
3251 10490
3251 11382
3251 8158
3251 9949
3251 3314
3251 5261
3251 5659
3251 912
3251 224
3251 2374
3251 8895
3251 7621
3251 6093
3251 245
3251 4912
3251 11181
3251 11159
3251 6114
3252 6957
3252 8861
3252 1157
3252 9597
3252 6831
3252 9741
3252 10549
3252 5602
3252 5921
3253 1812
3253 5530
3253 7259
3253 4234
3253 4978
3254 5442
3254 5539
3254 9765
3254 896
3254 4232
3254 7265
3254 10559
3254 1769
3255 2605
3255 2791
3255 9558
3255 912
3255 2231
3255 8747
3255 2177
3255 272
3256 9747
3256 11098
3256 11196
3256 5781
3256 11377
3256 11378
3256 6364
3256 10600
3256 10797
3256 11129
3256 10911
3256 10912
3256 10913
3256 10914
3256 10915
3256 10916
3256 10917
3256 10918
3256 10919
3256 11307
3256 11308
3256 11483
3256 11530
3256 11521
3256 11527
3256 11255
3256 11539
3256 11528
3256 11329
3256 11481
3256 11543
3256 11544
3256 11550
3256 4104
3256 2609
3256 11578
3256 5788
3256 6445
3256 11772
3256 11771
3256 11776
3257 1943
3257 3220
3257 2273
3257 10152
3257 10732
3258 6162
3258 7312
3258 1638
3258 5737
3258 2627
3258 4605
3259 3267
3259 6542
3259 6678
3259 2254
3259 11560
3259 4698
3259 8032
3260 6088
3260 4202
3260 7033
3260 387
3260 4739
3260 2836
3260 5670
3260 2540
3260 3120
3260 5400
3260 5460
3260 7602
3260 2541
3260 2524
3260 2578
3260 7638
3260 9378
3260 409
3260 5455
3260 5153
3260 5777
3260 7754
3260 10559
3260 6733
3260 9703
3260 404
3260 5935
3260 415
3260 5888
3260 7884
3260 5937
3261 8633
3261 6805
3261 11595
3261 1020
3261 5362
3262 3246
3262 5149
3262 574
3262 9528
3262 892
3262 1340
3262 6239
3262 8487
3262 11613
3263 1657
3263 1464
3263 1457
3263 1703
3263 8602
3263 4238
3263 3630
3263 5120
3263 256
3263 8247
3263 6830
3263 10973
3263 6497
3263 3810
3263 11568
3264 10807
3264 730
3264 8414
3264 2420
3264 5629
3264 8456
3264 8819
3264 354
3264 6389
3264 8586
3264 8834
3264 5440
3265 6363
3265 3164
3265 7514
3265 7683
3265 5834
3265 11293
3266 6751
3266 5215
3266 7563
3266 9012
3266 477
3266 7314
3267 11098
3267 11196
3267 9747
3267 11232
3267 11378
3267 11379
3267 10915
3267 10917
3267 10914
3267 11521
3267 11522
3267 11526
3267 11531
3267 11530
3267 11527
3267 5635
3267 11255
3267 11529
3267 11524
3267 11581
3267 11543
3267 11582
3267 11578
3267 11254
3267 1825
3268 1348
3268 4130
3268 2339
3268 11568
3268 9557
3269 10549
3269 806
3269 5434
3269 5435
3269 6814
3269 8236
3269 11146
3269 10972
3269 6055
3270 892
3270 4560
3270 7984
3270 10991
3270 9109
3271 4395
3271 44
3271 5671
3271 225
3271 1288
3271 3481
3271 4763
3271 4927
3271 4032
3272 5579
3272 7000
3272 2638
3272 6198
3272 7317
3272 11377
3273 3193
3273 3323
3273 3457
3273 4350
3273 5230
3273 5226
3273 5016
3273 6485
3273 7060
3273 7859
3273 8415
3273 8510
3273 9730
3273 6749
3273 10122
3273 11270
3273 11780
3274 2357
3274 3884
3274 3456
3274 5011
3274 5012
3274 5013
3274 2970
3274 6018
3274 3077
3274 2063
3274 629
3274 7060
3274 3375
3274 7616
3274 6363
3274 8199
3274 6505
3274 3480
3274 6068
3274 9264
3274 9659
3274 4356
3274 5663
3274 5834
3274 11292
3274 11303
3274 10291
3274 10462
3274 11773
3275 1203
3275 2565
3275 1953
3275 2121
3275 10067
3276 9587
3276 407
3276 8207
3276 8208
3276 7683
3276 7017
3276 5781
3276 10915
3276 11600
3276 4406
3276 5353
3276 11540
3276 11399
3277 2111
3277 4830
3277 9621
3277 6377
3277 5017
3277 1493
3278 9228
3278 4091
3278 1729
3278 7170
3278 3547
3278 8537
3278 10734
3278 3459
3278 6308
3278 3613
3278 7712
3278 6882
3278 2733
3278 5368
3279 2269
3279 2855
3279 4923
3279 5395
3279 4411
3279 1624
3279 4979
3279 8199
3279 6363
3279 9603
3279 7629
3279 10234
3280 8408
3280 9260
3280 4503
3280 11067
3280 2214
3280 2226
3280 2262
3280 11196
3280 3224
3281 4516
3281 2687
3281 3329
3281 4912
3281 3070
3281 1457
3281 4675
3281 4091
3281 1464
3281 2351
3281 2373
3281 5493
3281 4020
3281 5031
3281 2365
3281 2758
3281 3803
3281 5727
3281 5184
3281 2309
3281 6508
3281 1848
3281 5043
3281 1188
3281 6047
3281 1850
3281 4993
3281 5046
3281 6138
3281 5573
3281 1296
3281 5238
3281 3943
3281 6993
3281 10717
3282 7823
3282 5478
3282 1745
3282 6764
3282 6766
3282 8122
3282 8709
3282 11337
3283 5391
3283 5390
3283 7541
3283 7101
3283 8251
3283 8449
3283 8249
3283 9659
3283 11447
3284 821
3284 822
3284 1860
3284 2823
3284 5612
3284 128
3284 4389
3284 5865
3284 7005
3284 8647
3284 997
3284 1001
3284 3605
3284 6468
3284 5196
3284 2747
3284 9736
3285 3109
3285 6621
3285 8808
3285 9946
3285 11201
3285 11075
3286 6703
3286 8653
3286 2300
3286 4035
3286 4104
3286 5500
3286 6625
3286 7861
3286 8736
3286 10289
3286 10701
3287 5228
3287 6680
3287 1624
3287 7796
3287 7864
3287 8199
3287 8415
3287 8385
3287 1832
3287 9011
3287 8211
3287 8208
3287 3166
3287 8207
3287 8510
3287 7683
3287 9700
3287 9857
3287 9947
3287 10169
3287 6258
3287 7629
3287 9776
3287 10371
3287 9444
3287 7083
3287 10149
3287 10236
3287 2573
3287 11516
3287 11739
3287 11661
3287 11780
3287 11118
3287 11765
3287 11776
3287 11822
3288 887
3288 392
3288 5230
3288 5393
3288 6482
3288 8449
3288 9584
3288 8293
3288 8787
3288 3658
3288 7022
3288 6731
3288 7018
3288 10903
3288 10918
3288 10916
3288 11539
3289 8417
3289 8407
3289 9260
3289 8728
3289 7684
3289 9100
3289 9776
3289 6367
3289 10169
3289 6549
3289 10793
3289 6839
3289 9734
3289 9669
3290 4899
3290 1204
3290 6488
3290 10542
3290 7779
3290 7541
3290 7060
3290 8408
3290 8407
3290 9037
3290 3164
3290 10236
3290 11196
3290 6364
3291 6641
3291 2617
3291 9469
3291 9833
3291 11443
3291 11829
3292 6698
3292 4835
3292 9151
3292 2939
3292 4938
3293 2
3293 1165
3293 1167
3293 5641
3293 5646
3293 5649
3293 5652
3293 5671
3293 5683
3293 2869
3293 10307
3293 4166
3293 256
3293 1170
3293 2229
3293 2496
3293 5454
3293 5666
3293 6786
3294 1483
3294 5837
3294 6106
3294 6993
3294 11162
3294 572
3295 5324
3295 5420
3295 9453
3295 10521
3295 6240
3296 724
3296 852
3296 2333
3296 9779
3296 9783
3296 1886
3296 9482
3296 6851
3296 3046
3296 9481
3296 9544
3297 192
3297 2146
3297 3454
3297 8357
3297 10315
3297 10610
3298 1837
3298 1365
3298 896
3298 6777
3298 9167
3299 3146
3299 7031
3299 533
3299 8134
3299 2670
3300 5978
3300 3035
3300 10806
3300 9507
3300 8755
3300 11128
3301 4383
3301 4833
3301 8288
3301 9916
3301 8285
3301 1912
3301 11091
3301 9091
3302 6549
3302 7318
3302 7563
3302 5412
3302 7789
3302 10836
3302 765
3302 9618
3302 10283
3302 6779
3302 7015
3302 10166
3303 5226
3303 5229
3303 1457
3303 5016
3303 5228
3303 6680
3303 1624
3303 6486
3303 8132
3303 8779
3304 1677
3304 2626
3304 3175
3304 3707
3304 1850
3304 874
3304 1671
3304 4681
3304 5046
3304 2382
3304 7525
3304 4817
3304 8460
3304 8462
3304 1460
3304 3327
3304 5667
3304 6094
3304 9616
3304 1891
3304 9106
3304 4203
3305 2580
3305 1946
3305 2639
3305 176
3305 6613
3305 3639
3306 9648
3306 6826
3306 7142
3306 6197
3306 8348
3307 1273
3307 1348
3307 4216
3307 5837
3307 1703
3307 5004
3307 9293
3307 11674
3308 4713
3308 892
3308 2127
3308 7138
3308 11137
3308 11568
3309 10659
3309 7682
3309 5786
3309 6544
3309 5777
3309 5800
3309 7980
3309 8693
3309 8692
3309 5300
3309 7754
3309 4315
3309 4204
3310 1258
3310 4259
3310 9993
3310 776
3310 5020
3311 1464
3311 5016
3311 9974
3311 7694
3311 6258
3312 7053
3312 812
3312 9279
3312 9118
3312 10798
3312 10520
3312 1827
3313 4042
3313 6444
3313 7569
3313 1141
3313 198
3313 10510
3313 2678
3314 1583
3314 3166
3314 1886
3314 6825
3314 11264
3315 4933
3315 5093
3315 8132
3315 8254
3315 8449
3315 8679
3315 9854
3315 6731
3315 3125
3315 7936
3315 11441
3316 8417
3316 8680
3316 7684
3316 8953
3316 11063
3316 11540
3316 11663
3316 11664
3317 10915
3317 11029
3317 11030
3317 11378
3317 11379
3317 10912
3317 10914
3317 10916
3317 10917
3317 10911
3317 11529
3317 11399
3317 11521
3317 11527
3317 11530
3317 11255
3317 11531
3317 5635
3317 11329
3317 11481
3317 11581
3317 11582
3317 11600
3317 738
3317 739
3317 741
3317 2573
3317 5788
3317 6269
3317 6864
3317 7386
3317 7435
3317 9196
3317 11254
3317 11497
3317 11601
3317 10616
3317 1827
3317 11768
3317 11701
3317 11777
3317 10520
3318 10544
3318 3166
3318 9321
3318 10394
3318 10566
3318 9622
3319 127
3319 4923
3319 7101
3319 8728
3319 8211
3319 9444
3319 10774
3319 892
3319 5782
3319 6713
3319 4023
3319 10368
3320 222
3320 1845
3320 2195
3320 2687
3320 3501
3320 6497
3320 7818
3320 8003
3321 1609
3321 9432
3321 1559
3321 1890
3321 9631
3321 3620
3321 4280
3321 7005
3321 7485
3321 10158
3321 11747
3321 2622
3321 11122
3322 4702
3322 4730
3322 11419
3322 3064
3322 3516
3322 4035
3322 10288
3322 11484
3322 11782
3322 11399
3322 11136
3322 10321
3322 11816
3322 11831
3323 5958
3323 7490
3323 7010
3323 3567
3323 3605
3323 2245
3323 2819
3323 3253
3324 1543
3324 8728
3324 9855
3324 11135
3324 11524
3324 11528
3324 11523
3324 6096
3324 11558
3324 11516
3324 6446
3325 6077
3325 8169
3325 8199
3325 8131
3325 9281
3325 10289
3325 10626
3326 10297
3326 11077
3326 8900
3326 9756
3326 11639
3326 11641
3326 8864
3326 1048
3327 11807
3327 10923
3327 9755
3327 5284
3327 10266
3328 3776
3328 4923
3328 5230
3328 7060
3328 7552
3328 10955
3328 10797
3328 11496
3328 11772
3329 5543
3329 7114
3329 2219
3329 10078
3329 11568
3329 11811
3330 1860
3330 7193
3330 2159
3330 5592
3330 977
3330 10386
3331 2823
3331 1549
3331 284
3331 835
3331 9421
3331 7862
3331 8325
3331 9109
3331 7170
3331 11377
3332 7671
3332 1487
3332 7256
3332 9126
3332 9844
3332 1486
3332 1488
3332 835
3332 3126
3333 4899
3333 4795
3333 2024
3333 5870
3333 10262
3333 6793
3333 3533
3333 6808
3334 7541
3334 9034
3334 8417
3334 11329
3334 7918
3335 9974
3335 5662
3335 10626
3335 10313
3335 7747
3335 9508
3335 10967
3336 4923
3336 5230
3336 6018
3336 8449
3336 7514
3336 8409
3336 9037
3336 7585
3336 9775
3336 9604
3336 9858
3336 9712
3336 9183
3336 6730
3336 11439
3336 10520
3336 11701
3336 6438
3336 9799
3336 11774
3336 11777
3336 11770
3336 11819
3336 11835
3337 3559
3337 6638
3337 3639
3337 4720
3337 10257
3337 4092
3337 9019
3338 9661
3338 5459
3338 4956
3338 2037
3338 10168
3338 434
3338 6397
3338 10340
3339 1078
3339 3776
3339 4933
3339 5226
3339 1464
3339 5016
3339 909
3339 5123
3339 2423
3339 6486
3339 8778
3339 7514
3339 7694
3339 6258
3339 1209
3339 10373
3339 10626
3340 6272
3340 5938
3340 6087
3340 6167
3340 10559
3340 10823
3340 10946
3340 3080
3340 7017
3340 8400
3340 9406
3340 8401
3340 872
3340 7600
3340 7620
3340 8843
3341 1335
3341 1357
3341 1313
3341 11534
3341 4982
3342 3528
3342 6564
3342 6957
3342 10169
3342 9775
3342 11047
3342 9772
3342 7902
3342 10236
3342 8984
3342 10955
3342 11232
3342 11196
3342 9154
3342 11568
3342 11497
3342 11399
3342 11632
3342 11736
3342 11439
3342 11496
3342 7404
3342 8973
3342 9233
3342 10478
3342 11766
3342 11772
3342 11775
3342 11828
3343 2227
3343 3389
3343 7512
3343 9079
3343 9760
3343 10306
3343 10513
3344 4828
3344 4231
3344 4229
3344 6995
3344 10434
3344 4234
3344 6646
3344 3260
3344 9848
3344 10970
3344 5300
3344 6326
3344 7600
3344 4955
3345 1046
3345 3613
3345 4181
3345 8077
3345 8248
3345 9871
3346 5952
3346 5841
3346 5567
3346 909
3346 912
3346 1348
3346 6254
3346 8120
3346 10164
3347 11521
3347 11524
3347 11539
3347 11543
3347 11550
3347 11581
3347 9081
3347 11329
3347 2609
3347 11481
3347 11578
3347 3535
3347 2506
3347 7728
3347 5788
3347 11739
3347 11740
3347 10520
3347 10647
3347 10711
3347 9734
3347 11536
3347 10739
3347 10777
3348 1399
3348 8141
3348 5432
3348 10746
3348 5196
3348 5924
3349 5383
3349 4263
3349 2972
3349 2958
3349 2988
3350 3217
3350 979
3350 4735
3350 4646
3350 4955
3350 1273
3350 6010
3350 1543
3350 9490
3350 8249
3350 10169
3350 6687
3350 9141
3350 3951
3350 10236
3350 9733
3350 4105
3350 10509
3350 6686
3350 5304
3350 4232
3350 11185
3350 8208
3350 4229
3351 1230
3351 3395
3351 3129
3351 6077
3351 3248
3351 5999
3351 5065
3351 6203
3351 6680
3351 1624
3351 8254
3351 8132
3351 9490
3351 7694
3351 8211
3351 9637
3351 11613
3351 6449
3351 11399
3351 11819
3352 1268
3352 2269
3352 1879
3352 1880
3352 3479
3352 4317
3352 4319
3352 8499
3352 11399
3352 6446
3352 3589
3352 11516
3353 3589
3353 4766
3353 3456
3353 1624
3353 3192
3354 792
3354 6631
3354 2270
3354 4790
3354 6633
3354 7086
3354 9490
3354 3514
3354 7321
3354 10197
3354 11743
3354 7971
3354 6636
3355 1449
3355 6258
3355 8510
3355 11485
3355 11399
3356 2939
3356 3242
3356 10852
3356 1849
3356 5422
3357 5669
3357 5670
3357 5677
3357 5693
3357 7726
3357 2082
3357 4441
3358 820
3358 3888
3358 4938
3358 1482
3358 6034
3358 873
3358 5755
3359 7458
3359 2238
3359 1047
3359 7587
3359 8896
3360 5709
3360 860
3360 1624
3360 7101
3360 4900
3361 2358
3361 3398
3361 3589
3361 4255
3361 4923
3361 1457
3361 5226
3361 6018
3361 8132
3361 8199
3361 3166
3361 7694
3361 9659
3361 9100
3361 9444
3361 10236
3361 9690
3361 10201
3361 10238
3361 10798
3361 5782
3361 5834
3362 4933
3362 5016
3362 7541
3362 8132
3362 8254
3362 8449
3362 8251
3362 896
3362 9037
3362 1543
3362 9033
3362 9857
3362 10798
3362 11185
3362 11270
3362 11490
3363 1048
3363 11259
3363 11647
3363 1912
3363 2408
3363 3435
3363 7157
3363 8972
3363 11260
3363 5865
3364 785
3364 776
3364 1990
3364 3336
3364 3410
3364 7338
3364 9268
3364 9741
3365 756
3365 7692
3365 7799
3365 10815
3365 11747
3366 10731
3366 6183
3366 1258
3366 7710
3366 230
3366 7907
3366 8885
3367 4724
3367 4255
3367 4260
3367 1565
3367 3592
3367 834
3367 6594
3367 7060
3367 7864
3367 8132
3367 9179
3367 9033
3367 9260
3367 9010
3367 8211
3367 8510
3367 9947
3367 9700
3367 6096
3367 11270
3367 11156
3367 11515
3367 770
3367 10446
3367 10321
3367 11816
3368 5516
3368 597
3368 2296
3368 2523
3368 3104
3368 3200
3368 8612
3368 1271
3368 3106
3368 7248
3368 641
3368 4137
3368 3107
3368 3368
3368 3501
3368 5194
3368 6128
3368 9109
3368 3103
3368 4120
3368 4150
3368 8694
3368 4748
3368 4122
3369 5631
3369 7627
3369 883
3369 8334
3369 8531
3369 2023
3369 4185
3369 1636
3369 3225
3369 10542
3369 9756
3370 1457
3370 5229
3370 1464
3370 1624
3370 6486
3370 3375
3370 9064
3370 5418
3370 7684
3370 7402
3370 7718
3371 7796
3371 1543
3371 9705
3371 5307
3371 10234
3371 10774
3371 10287
3371 11606
3371 11156
3371 11540
3371 6443
3372 4103
3372 3589
3372 3506
3372 3516
3372 6363
3372 8779
3372 8510
3372 9444
3372 4138
3372 11702
3373 3895
3373 3897
3373 5029
3373 1201
3373 658
3373 814
3373 4292
3373 5380
3373 5579
3373 5494
3373 792
3373 1632
3373 3215
3373 3896
3373 8648
3374 1860
3374 2024
3374 3175
3374 3360
3374 2447
3374 3063
3374 9794
3374 10369
3375 8251
3375 9037
3375 8677
3375 1543
3375 8763
3375 9340
3375 9702
3375 9285
3375 9852
3375 1578
3375 9733
3375 7369
3375 10633
3375 6774
3375 6729
3375 10449
3375 11098
3375 11030
3375 11526
3375 11529
3375 9612
3376 9947
3376 9255
3376 6258
3376 10234
3376 10236
3376 7442
3376 10326
3376 7683
3376 9100
3376 10798
3376 5280
3376 6730
3376 4239
3376 5834
3376 6364
3376 10793
3376 7918
3376 6096
3376 11329
3376 11581
3376 741
3376 6270
3376 6864
3376 11254
3376 11540
3376 11567
3376 11375
3376 4817
3376 11663
3376 1827
3376 11675
3377 8274
3377 6189
3377 9850
3377 6406
3377 10262
3377 6700
3377 7020
3377 7821
3378 6120
3378 3761
3378 1404
3378 10849
3378 4098
3378 5216
3378 256
3378 9558
3379 8417
3379 7071
3379 8382
3379 7036
3379 8779
3379 8407
3379 9100
3379 9947
3379 10169
3379 10364
3379 4994
3379 8931
3379 6369
3379 9949
3379 11156
3379 11776
3380 3891
3380 8322
3380 9764
3380 6869
3380 6879
3380 9351
3380 10707
3380 5716
3380 3262
3380 4032
3380 4763
3380 8257
3380 181
3380 8718
3381 3398
3381 3589
3381 4702
3381 4724
3381 3776
3381 7035
3381 9584
3381 9664
3381 8208
3381 9100
3381 10169
3381 11490
3381 11516
3382 8211
3382 9922
3382 10169
3382 9947
3382 6258
3382 10596
3382 10603
3382 5304
3382 9690
3382 3658
3382 10271
3382 9319
3382 11316
3382 11307
3382 10911
3382 10916
3382 10918
3382 10914
3382 11529
3382 11530
3382 11531
3382 11528
3382 11526
3382 11255
3382 11568
3382 5635
3382 11527
3382 11329
3382 11539
3382 2609
3382 11663
3382 11664
3382 11688
3382 11690
3382 10520
3383 187
3383 256
3383 3401
3383 7897
3383 6786
3384 9109
3384 11048
3384 3368
3384 7056
3384 9508
3385 9947
3385 6258
3385 9700
3385 9444
3385 10236
3385 10201
3385 10637
3385 10497
3385 10759
3385 9318
3385 10774
3385 10618
3385 9446
3385 8767
3385 5304
3385 8787
3385 8293
3385 9690
3385 1756
3385 10271
3385 10798
3385 10169
3385 5635
3385 11255
3385 11524
3385 11527
3385 11530
3385 11531
3385 11522
3385 11526
3385 11528
3385 11521
3385 11529
3386 6668
3386 4560
3386 9482
3386 4553
3386 7824
3386 9839
3386 11358
3386 11613
3387 2648
3387 5516
3387 6863
3387 10634
3387 10369
3388 8176
3388 5205
3388 9130
3388 8901
3388 1022
3389 3867
3389 7859
3389 3896
3389 8417
3389 5227
3389 7569
3389 7202
3389 219
3389 630
3389 792
3389 1648
3389 3989
3389 4422
3389 5215
3389 5601
3389 7298
3389 7452
3389 8813
3389 5276
3389 8642
3389 1364
3390 4371
3390 2311
3390 9741
3390 5318
3390 7340
3390 8433
3390 9534
3390 8482
3390 3023
3390 3401
3391 7054
3391 1100
3391 1548
3391 2497
3391 2781
3391 2847
3391 4218
3391 4305
3391 9934
3391 3242
3391 3396
3391 5316
3391 8898
3391 9309
3391 1072
3391 7155
3391 11016
3391 1124
3391 9480
3391 3076
3391 337
3391 6838
3391 5700
3391 2729
3391 5687
3391 10155
3392 8291
3392 9387
3392 10373
3392 10492
3392 4860
3393 1979
3393 1978
3393 1984
3393 3721
3393 2048
3393 3573
3393 3161
3393 1074
3393 3613
3393 6422
3393 2284
3393 10962
3394 768
3394 2860
3394 3175
3394 1692
3394 2024
3394 812
3395 5727
3395 6751
3395 7892
3395 8469
3395 4239
3395 4274
3395 9677
3395 5731
3396 1624
3396 7779
3396 8415
3396 9260
3396 8211
3396 9238
3397 1144
3397 2309
3397 2738
3397 3480
3397 4516
3397 5261
3397 6724
3397 7415
3397 8911
3397 9293
3397 9522
3397 10196
3397 8874
3398 5738
3398 6830
3398 7015
3398 3375
3398 6693
3398 7781
3399 5390
3399 7617
3399 7060
3399 7585
3399 9705
3399 6258
3399 10169
3399 10760
3399 10271
3399 10321
3400 1332
3400 4174
3400 4698
3400 7892
3400 1079
3400 4422
3400 7764
3400 9490
3400 9676
3400 10335
3400 7366
3400 1059
3400 2289
3400 2399
3400 10689
3400 3987
3400 5047
3400 1318
3400 1638
3400 1746
3400 2447
3400 3546
3400 6966
3400 5921
3400 7909
3400 11425
3400 5363
3400 6114
3401 1726
3401 3455
3401 5420
3401 6342
3401 7270
3402 8382
3402 7385
3402 7512
3402 7224
3402 3719
3402 10089
3402 5630
3402 11327
3402 3763
3402 6751
3402 743
3402 3987
3402 6533
3402 3428
3402 3485
3402 8428
3402 672
3402 10639
3402 10823
3402 7880
3402 1624
3402 4032
3402 10299
3402 898
3402 2286
3402 3390
3402 8418
3402 10544
3403 3457
3403 2855
3403 1457
3403 5228
3403 5229
3403 8382
3403 9947
3403 2165
3403 11254
3403 8568
3403 2625
3404 2864
3404 1528
3404 3589
3404 2195
3404 4035
3404 4010
3404 4702
3404 4260
3404 4251
3404 5228
3404 5016
3404 5013
3404 5011
3404 5012
3404 5014
3404 1871
3404 8383
3404 8417
3404 8407
3404 7563
3404 8189
3404 2076
3404 10955
3404 6258
3404 883
3404 11399
3405 2823
3405 3997
3405 2338
3405 2763
3405 11128
3405 1636
3405 4619
3405 1069
3405 9699
3406 2735
3406 11333
3406 2245
3406 6998
3406 10554
3406 3946
3406 7922
3406 429
3406 4128
3406 2747
3407 411
3407 4982
3407 1595
3407 695
3407 2011
3407 3428
3407 7755
3407 5070
3407 6446
3407 6952
3407 8120
3408 4046
3408 4039
3408 1233
3408 991
3408 5976
3409 3932
3409 5611
3409 6344
3409 6343
3409 1624
3409 6486
3409 7101
3409 7060
3409 7796
3409 8131
3409 8251
3409 8254
3409 8779
3409 7359
3409 9010
3409 9701
3409 7684
3409 8207
3409 7694
3409 9285
3409 9286
3409 7625
3409 9857
3409 7629
3409 9100
3409 9444
3409 9712
3409 7442
3409 6364
3409 6864
3409 11399
3409 10615
3409 11788
3410 1481
3410 1482
3410 1860
3410 10838
3410 6751
3410 11075
3411 1178
3411 2089
3411 2397
3411 5351
3411 6787
3411 8941
3411 898
3411 5400
3411 10345
3411 2633
3411 4029
3412 5768
3412 7796
3412 8131
3412 8132
3412 8254
3412 8449
3412 8250
3412 8679
3412 8407
3412 7585
3412 9283
3412 9922
3412 9853
3412 7629
3412 6258
3412 9730
3412 9444
3412 10639
3412 10633
3412 10637
3412 10497
3412 8767
3412 9733
3412 7369
3412 9446
3412 10759
3412 11117
3412 10976
3412 10774
3412 10271
3412 5783
3412 9690
3412 10798
3412 5780
3412 7017
3412 9318
3413 197
3413 5379
3413 4718
3413 1845
3413 5604
3413 4924
3413 204
3413 3003
3413 142
3413 3336
3413 8620
3414 5524
3414 4678
3414 6649
3414 1051
3414 3111
3414 9922
3414 4091
3414 7281
3415 4673
3415 3351
3415 6049
3415 1360
3415 8880
3415 1082
3416 2331
3416 3465
3416 3217
3416 3218
3416 4114
3416 3376
3416 3589
3416 4702
3416 4725
3416 4730
3416 3516
3416 2886
3416 6419
3416 607
3416 606
3416 11074
3417 8662
3417 1772
3417 1479
3417 1489
3417 9294
3417 10551
3417 5676
3417 2963
3417 5106
3418 4702
3418 3884
3418 1457
3418 5016
3418 590
3418 989
3418 6004
3418 6680
3418 1624
3418 7060
3418 8199
3418 8132
3418 8417
3418 1410
3418 8736
3418 7684
3418 9637
3418 9700
3418 5389
3418 11288
3418 6096
3418 11600
3418 10616
3418 11709
3418 11735
3418 6445
3418 11765
3419 845
3419 4779
3419 4131
3419 5390
3419 1624
3419 8604
3419 11528
3419 11558
3420 4336
3420 5217
3420 4868
3420 995
3420 2799
3420 3164
3420 4225
3420 7978
3420 8411
3420 401
3420 3174
3420 11772
3421 7060
3421 8602
3421 8679
3421 8407
3421 9785
3421 7683
3421 6258
3421 10236
3421 7369
3421 10271
3421 7017
3421 11130
3421 11526
3421 11579
3421 11254
3421 11439
3421 11791
3421 10446
3421 11440
3422 10774
3422 9501
3422 9725
3422 10238
3422 10618
3422 5780
3422 9690
3422 10271
3422 10798
3422 9319
3422 11098
3422 11285
3422 11002
3422 11485
3422 11255
3422 11530
3422 11568
3422 4104
3422 10626
3422 11156
3422 11765
3422 11816
3423 10647
3423 1522
3423 3278
3423 9162
3423 9951
3424 7864
3424 8449
3424 8254
3424 8763
3424 9584
3424 8510
3424 9659
3424 9947
3424 9773
3425 1939
3425 4670
3425 1943
3425 4280
3425 1860
3425 709
3425 3421
3425 5976
3425 7905
3425 1228
3425 5548
3425 9498
3425 3203
3425 7609
3425 8551
3426 3930
3426 8931
3426 7790
3426 10412
3426 401
3426 10341
3427 526
3427 1481
3427 4170
3427 1960
3427 3000
3428 1078
3428 4660
3428 4656
3428 3999
3428 5978
3428 6002
3428 4039
3428 4043
3429 7510
3429 8675
3429 1177
3429 5369
3429 8529
3429 8147
3429 1126
3429 444
3429 11228
3429 1912
3429 2698
3429 10609
3429 4937
3429 3015
3429 11584
3429 3014
3429 3243
3429 6724
3429 2106
3429 8823
3429 5903
3429 10340
3429 11215
3430 6110
3430 2104
3430 8054
3430 3166
3430 11734
3430 11672
3431 1125
3431 4172
3431 6398
3431 7349
3431 11682
3431 4947
3431 5369
3431 7154
3431 8851
3431 11206
3431 1957
3431 3484
3432 4723
3432 7701
3432 4687
3432 6656
3432 8557
3432 7208
3433 5228
3433 5226
3433 5016
3433 3516
3433 5395
3433 5807
3433 6077
3433 6488
3433 478
3433 7541
3433 8102
3433 3164
3433 7659
3434 8417
3434 9603
3434 6258
3434 9947
3434 9730
3434 9444
3434 10637
3434 10976
3434 10201
3434 10798
3434 9319
3434 9690
3434 10271
3434 11130
3434 11131
3434 11132
3434 5783
3434 5834
3434 11484
3434 11497
3434 11578
3434 11709
3434 11782
3434 11701
3434 1825
3434 11828
3435 8449
3435 4490
3435 8251
3435 9340
3435 5307
3435 7442
3435 8293
3435 6731
3435 5304
3435 6730
3435 11299
3435 11002
3435 11523
3435 11439
3436 7056
3436 1943
3436 1952
3436 855
3436 3679
3436 4345
3436 9325
3436 1246
3436 412
3436 1721
3436 584
3436 1916
3436 7346
3436 709
3436 923
3436 1612
3436 263
3436 489
3436 1154
3436 1611
3436 7155
3436 7913
3436 8286
3436 9961
3436 909
3436 11028
3436 1653
3436 8471
3436 11504
3436 222
3436 665
3436 912
3436 3535
3436 6385
3436 6816
3436 5459
3436 11569
3436 9846
3436 8763
3437 1058
3437 1061
3437 3159
3437 10212
3437 8895
3438 2377
3438 2202
3438 3166
3438 2573
3438 8616
3438 2759
3438 4095
3438 4352
3438 8601
3438 9006
3438 9377
3438 10262
3438 650
3438 9232
3438 11759
3439 1677
3439 5777
3439 4884
3439 6959
3439 2316
3439 6063
3439 7361
3439 912
3439 6808
3439 9131
3439 10322
3440 11411
3440 11608
3440 11609
3440 11653
3440 11655
3440 11413
3440 11699
3440 11830
3440 8826
3441 2374
3441 9409
3441 2257
3441 4355
3441 8123
3441 4151
3442 9912
3442 2921
3442 7051
3442 7260
3442 10558
3443 2504
3443 6975
3443 5417
3443 5895
3443 6458
3443 9643
3443 1766
3443 5412
3443 6023
3443 7781
3443 6092
3443 1957
3443 4794
3443 11390
3443 2986
3443 3211
3444 523
3444 5977
3444 7974
3444 9482
3444 9109
3444 5147
3444 4035
3444 8344
3444 8591
3444 3030
3444 3036
3444 4532
3444 6380
3444 6851
3444 7559
3444 7976
3444 8255
3444 3967
3444 5596
3444 8105
3445 4516
3445 4901
3445 5418
3445 1974
3445 2384
3445 5035
3445 1047
3445 6522
3445 622
3445 4507
3445 781
3445 1073
3445 3454
3445 6378
3445 8829
3446 8340
3446 3509
3446 5427
3446 6948
3446 1925
3446 6549
3446 8048
3447 4100
3447 3855
3447 6726
3447 9756
3447 2204
3447 9245
3448 3405
3448 583
3448 8817
3448 10435
3448 10436
3448 9508
3448 10892
3448 9507
3448 8376
3448 2815
3448 4966
3448 1581
3448 7824
3448 903
3449 4175
3449 1979
3449 5536
3449 5537
3449 1055
3449 3469
3449 1984
3450 6751
3450 5515
3450 1827
3450 2786
3450 7412
3450 1161
3450 1163
3450 4326
3450 5933
3450 873
3450 3375
3450 2860
3450 5
3450 5810
3450 4594
3450 7551
3450 7552
3450 2904
3450 7660
3450 2205
3450 8435
3450 3896
3450 1252
3450 2880
3450 6745
3450 5531
3450 9747
3450 10271
3450 7943
3450 10454
3450 8523
3451 8382
3451 8603
3451 9490
3451 8208
3451 8763
3451 8572
3451 9260
3451 7683
3451 9874
3451 9281
3451 9282
3451 806
3451 9873
3451 6072
3451 9875
3451 6258
3451 9730
3451 10371
3451 4218
3451 7781
3451 10113
3451 10115
3451 9446
3451 7369
3451 10014
3451 11185
3451 5781
3451 5834
3451 9747
3451 10913
3451 11002
3451 11524
3451 10794
3451 11544
3451 11583
3451 7918
3451 11540
3451 11773
3451 11770
3452 3589
3452 5204
3452 6421
3452 9133
3452 3615
3452 8786
3452 10321
3453 7572
3453 407
3453 11003
3453 1814
3453 7665
3453 1632
3453 7591
3453 5707
3453 2447
3454 792
3454 1444
3454 2447
3454 2484
3454 3684
3454 941
3454 8754
3454 7963
3454 10460
3454 10293
3454 10294
3454 6389
3454 10290
3455 1860
3455 1221
3455 8114
3455 3809
3455 1211
3455 2204
3455 2859
3455 7521
3455 7578
3455 5470
3456 9186
3456 5645
3456 5696
3456 9597
3456 5434
3456 7913
3456 10766
3457 1468
3457 2074
3457 11039
3457 11727
3457 11726
3458 9947
3458 9730
3458 10201
3458 10169
3458 10247
3458 11769
3458 11771
3458 11774
3458 11777
3459 6187
3459 1482
3459 6636
3459 11229
3459 266
3459 8615
3459 11518
3459 11121
3460 3884
3460 4255
3460 4923
3460 1457
3460 5226
3460 5228
3460 1464
3460 5016
3460 3932
3460 5393
3460 7541
3460 8407
3460 9519
3460 9260
3461 10289
3461 11399
3461 11613
3461 10626
3461 11782
3462 3506
3462 3456
3462 5016
3462 8382
3462 8778
3462 8572
3462 8407
3462 9947
3462 11098
3462 11270
3462 11736
3463 3011
3463 5393
3463 528
3463 6485
3463 7541
3463 8131
3463 8132
3463 8382
3463 8415
3463 8779
3463 8449
3463 9037
3463 8728
3463 8249
3463 9922
3463 8208
3463 9100
3463 7629
3463 7694
3463 9700
3463 5291
3463 9947
3463 6774
3463 10271
3463 10955
3463 10798
3463 10236
3463 6730
3463 11185
3463 11098
3463 11232
3464 3721
3464 5031
3464 2344
3464 8460
3464 9384
3464 9385
3465 580
3465 2950
3465 2955
3465 5675
3465 2984
3465 6208
3466 4422
3466 5439
3466 4967
3466 6389
3466 7728
3466 9067
3466 4679
3466 1491
3466 10888
3467 1012
3467 8360
3467 8881
3467 614
3467 613
3468 1503
3468 7252
3468 8699
3468 336
3468 8189
3468 6439
3468 7248
3468 10217
3468 10634
3468 11559
3469 2687
3469 2153
3469 6193
3469 11043
3469 11051
3469 11057
3469 2545
3470 1482
3470 8038
3470 10570
3470 7106
3470 8248
3470 10181
3470 2965
3470 2950
3470 2972
3470 11625
3471 6620
3471 7283
3471 3274
3471 10544
3471 6779
3471 10224
3472 3063
3472 6363
3472 7864
3472 8253
3472 8189
3472 8510
3472 9518
3472 9776
3472 11497
3472 11782
3472 11399
3472 11767
3473 7391
3473 11121
3473 5050
3473 3291
3473 7578
3473 11638
3474 5774
3474 7417
3474 7421
3474 7809
3474 10804
3474 9325
3474 5727
3474 2633
3474 7248
3475 3068
3475 8024
3475 4452
3475 5649
3475 5701
3475 5686
3475 5737
3475 5644
3475 4762
3475 5646
3475 7726
3475 4460
3475 3514
3475 5670
3475 5685
3475 10852
3475 4238
3475 6508
3475 2759
3475 3015
3475 8456
3476 6363
3476 10618
3476 10449
3476 9319
3476 11481
3476 11686
3476 9669
3476 10446
3477 4558
3477 1457
3477 5016
3477 3516
3477 7060
3477 8778
3477 3164
3477 8407
3477 837
3477 11281
3477 4104
3477 10811
3477 11816
3478 7354
3478 9445
3478 268
3478 2447
3478 4238
3478 8412
3478 8736
3478 9448
3478 3407
3478 4113
3478 7201
3478 1885
3478 4024
3478 872
3478 9762
3478 10289
3478 3524
3478 7321
3478 5883
3478 11672
3479 3772
3479 697
3479 5096
3479 6605
3479 10430
3480 1578
3480 4647
3480 3477
3480 4832
3480 9697
3481 8254
3481 8251
3481 8382
3481 8778
3481 1543
3481 3166
3481 10116
3481 11486
3481 11522
3481 10092
3482 9318
3482 10976
3482 7018
3482 10798
3482 6730
3482 5834
3482 11098
3482 11196
3482 11232
3482 10600
3482 10915
3482 10911
3482 10247
3482 10169
3482 837
3482 11307
3482 10918
3482 10912
3482 11308
3482 10793
3482 11483
3482 10916
3482 10919
3482 10797
3482 10914
3482 10917
3482 10913
3482 11613
3482 11539
3482 11581
3482 11481
3482 11543
3482 5788
3482 10626
3482 11782
3482 6449
3482 11816
3483 3308
3483 463
3483 3166
3483 1261
3483 2743
3484 1620
3484 4635
3484 4880
3484 5753
3484 20
3484 1638
3484 4264
3484 3630
3484 5318
3484 6120
3484 8288
3484 130
3484 3493
3484 1639
3484 8433
3485 1205
3485 445
3485 6646
3485 7569
3485 4343
3485 6138
3485 911
3485 4280
3485 7233
3485 4144
3485 10436
3485 6782
3486 4678
3486 6485
3486 7882
3486 9037
3486 7585
3486 3637
3486 9776
3486 10287
3486 6731
3486 11765
3486 3474
3486 11822
3487 2745
3487 7617
3487 8680
3487 9859
3487 5307
3487 6444
3487 6438
3487 11518
3488 8923
3488 3962
3488 5351
3488 11166
3488 3037
3489 10035
3489 1932
3489 3994
3489 6739
3489 7049
3489 10492
3489 10880
3489 6138
3489 11761
3490 4923
3490 5226
3490 5230
3490 5016
3490 5229
3490 5228
3490 7101
3490 6363
3490 7860
3490 8250
3490 8407
3490 8409
3490 8408
3490 9859
3490 10169
3490 9100
3490 10201
3490 11530
3490 11531
3490 11522
3490 11582
3490 11375
3490 11780
3491 4663
3491 3109
3491 9657
3491 9659
3491 9776
3491 7442
3491 7721
3491 9154
3492 5016
3492 3515
3492 5228
3492 7779
3492 8132
3492 9010
3492 11074
3492 10798
3492 11524
3492 6096
3492 10968
3493 1860
3493 2085
3493 8984
3493 10485
3493 10487
3494 10562
3494 418
3494 5550
3494 5552
3494 10344
3494 10430
3494 4088
3494 4600
3494 8757
3494 412
3494 778
3494 10906
3494 7367
3495 8189
3495 8208
3495 8207
3495 9705
3495 8510
3495 10169
3495 9947
3495 10774
3495 10236
3495 8767
3495 10287
3495 7369
3495 9733
3495 10759
3495 10976
3495 5304
3495 10289
3495 123
3495 11280
3495 11486
3495 911
3495 13
3495 11526
3495 11531
3495 11399
3495 11581
3495 11487
3495 11578
3495 11739
3495 11740
3495 11741
3495 10520
3495 9734
3496 8408
3496 9037
3496 9490
3496 7684
3496 9700
3496 9853
3496 9854
3496 9603
3496 10234
3496 9733
3496 6729
3496 10182
3496 11185
3496 5781
3496 6730
3496 11098
3496 10916
3496 11135
3496 10797
3496 11521
3496 11522
3496 6096
3496 11484
3496 11540
3496 11516
3496 11782
3496 11765
3496 8225
3496 11084
3496 11819
3496 10092
3496 1825
3496 9799
3496 10321
3496 11816
3497 5307
3497 5291
3497 2910
3497 7369
3497 6774
3497 10326
3497 10449
3497 11283
3497 6065
3497 6364
3497 6591
3497 6962
3497 1536
3497 2862
3497 5207
3497 9518
3497 1825
3497 3349
3497 6096
3497 2488
3497 3639
3497 8526
3497 11702
3497 11635
3497 1827
3497 10520
3497 11439
3498 939
3498 1145
3498 4298
3498 846
3498 1426
3498 1448
3498 3379
3498 1268
3498 2536
3498 5494
3498 4159
3498 6342
3498 6205
3498 6217
3498 1469
3498 3948
3498 10426
3498 9908
3498 1194
3498 5639
3498 6448
3498 44
3498 2131
3499 3164
3499 8407
3499 7684
3499 10113
3499 9733
3499 6730
3499 11031
3499 11289
3499 11303
3500 5717
3500 7897
3500 3810
3500 3812
3500 7900
3500 3999
3501 3058
3501 1171
3501 1603
3501 8817
3501 3477
3501 5603
3501 6341
3501 5976
3501 2494
3501 8867
3502 6601
3502 8834
3502 8908
3502 2759
3502 4238
3502 4930
3502 9935
3502 3242
3502 8073
3502 2963
3502 6938
3502 2828
3502 4539
3502 5703
3502 6138
3502 8111
3502 1301
3502 2972
3502 2989
3502 4545
3502 6633
3502 10704
3502 367
3502 1311
3502 1957
3502 2988
3502 3390
3502 3590
3502 3597
3502 6435
3502 6631
3502 6693
3502 6962
3502 2447
3502 2984
3502 2985
3502 4367
3502 8078
3503 6872
3503 6800
3503 7958
3503 1097
3503 6935
3503 3372
3503 8168
3503 11489
3503 11395
3503 11412
3503 6404
3503 9558
3503 8191
3503 10299
3503 11204
3503 6450
3503 6766
3503 11383
3503 1188
3503 5885
3503 10993
3503 11263
3503 2012
3503 3375
3503 5033
3503 7136
3503 9135
3503 8469
3504 6258
3504 9947
3504 10234
3504 10760
3504 10236
3504 8681
3504 9741
3504 10759
3504 3658
3504 10774
3504 11074
3504 11098
3504 10798
3504 5834
3504 5782
3504 9747
3504 6410
3504 11232
3504 11399
3504 6096
3504 11606
3504 11515
3504 11635
3504 11791
3504 11770
3504 6438
3504 6445
3504 10321
3504 11439
3504 11822
3504 11776
3504 11774
3505 7259
3505 1671
3505 2277
3505 4763
3505 6241
3505 2527
3506 6310
3506 1011
3506 8344
3506 7862
3506 7175
3506 5178
3506 4035
3506 5094
3506 6138
3506 7569
3506 1625
3507 574
3507 4697
3507 289
3507 2362
3507 2417
3507 5900
3507 4029
3507 3707
3507 2320
3507 7413
3507 6447
3507 6124
3507 3961
3507 3029
3507 6543
3507 2538
3507 1703
3507 9109
3507 1776
3507 2800
3507 8189
3507 3423
3507 9789
3507 487
3507 7228
3507 6443
3507 6446
3507 9827
3507 1772
3507 4947
3507 3896
3507 7006
3507 10586
3508 8415
3508 7514
3508 11232
3508 11255
3508 6096
3508 11539
3508 11568
3508 10884
3509 3792
3509 7282
3509 4091
3509 10103
3509 9506
3510 4923
3510 5226
3510 5230
3510 5228
3510 7796
3510 8131
3510 8382
3510 8604
3510 9584
3510 9922
3510 10169
3510 9772
3510 9604
3510 9774
3510 9733
3510 8787
3510 11185
3510 11439
3510 11775
3511 8132
3511 7864
3511 9064
3511 9037
3511 9444
3511 10169
3511 9947
3511 10271
3511 836
3511 11524
3511 11702
3512 1863
3512 939
3512 4426
3512 9151
3512 4680
3512 3015
3512 3444
3513 10901
3513 8410
3513 10544
3513 10167
3513 10391
3513 10322
3513 10335
3514 1277
3514 3935
3514 130
3514 3927
3514 3936
3514 4020
3514 5374
3514 5376
3514 6864
3514 7547
3514 2235
3514 6114
3515 5228
3515 9174
3515 8573
3515 9664
3515 6258
3515 10371
3515 7369
3515 11130
3515 7022
3515 9154
3515 11583
3516 3218
3516 3465
3516 3376
3516 3517
3516 3589
3516 4923
3516 5226
3516 5016
3516 3516
3516 6344
3516 1624
3516 6485
3516 7060
3516 8131
3516 8199
3516 8449
3516 8778
3516 7514
3516 9033
3516 8409
3516 5782
3516 5834
3516 11782
3516 6444
3516 11518
3517 1860
3517 3368
3517 3501
3517 9508
3517 8212
3518 5391
3518 7541
3518 1543
3518 6729
3518 11481
3518 7918
3518 11600
3518 11736
3518 11439
3518 6438
3518 10446
3518 11820
3519 444
3519 6909
3519 9606
3519 4969
3519 4938
3519 3023
3519 4076
3520 3465
3520 3466
3520 3589
3520 4724
3520 4725
3520 4730
3520 5016
3520 5390
3520 7035
3520 6363
3520 8132
3520 1146
3520 4765
3520 2007
3520 2833
3520 4619
3520 7694
3520 6258
3520 9947
3520 9730
3520 9444
3520 8062
3520 10236
3520 1960
3520 10774
3521 9508
3521 10253
3521 9955
3521 10702
3521 1653
3521 9745
3521 8105
3521 10753
3521 10369
3521 4035
3521 9109
3521 3782
3521 8596
3521 10418
3521 8400
3522 4409
3522 4400
3522 822
3522 821
3522 2014
3522 2981
3522 820
3522 981
3522 622
3522 1181
3522 5703
3522 10565
3523 294
3523 3667
3523 4170
3523 4398
3523 2352
3523 2749
3523 2334
3523 5788
3523 11399
3523 11740
3523 3208
3523 6454
3523 10415
3523 11703
3523 11821
3523 11828
3524 5217
3524 3816
3524 10852
3524 572
3524 5847
3524 10593
3525 142
3525 781
3525 1258
3525 2384
3525 2691
3525 4280
3525 4337
3525 4338
3525 4844
3525 6026
3525 9507
3525 2689
3525 3159
3525 9109
3525 5976
3526 6003
3526 892
3526 7982
3526 8100
3526 6737
3526 4492
3526 4560
3526 7824
3527 1372
3527 5716
3527 211
3527 2603
3527 5511
3528 3592
3528 6486
3528 8382
3528 9011
3528 8510
3528 770
3529 3375
3529 6237
3529 3884
3529 3987
3529 10709
3530 6623
3530 6185
3530 1284
3530 3096
3530 3166
3530 1624
3530 6129
3530 7021
3530 1279
3530 11398
3531 8778
3531 7684
3531 9947
3531 6258
3531 9730
3531 9444
3531 1261
3531 10823
3531 10976
3531 9319
3531 10473
3531 11770
3531 11769
3532 5736
3532 8056
3532 6831
3532 7339
3532 3403
3532 4938
3532 4789
3532 11232
3532 11485
3532 3243
3532 1064
3532 11782
3532 11675
3533 2496
3533 2516
3533 7501
3533 9468
3533 11826
3534 8822
3534 8575
3534 4293
3534 6145
3534 6857
3534 7485
3534 179
3534 3951
3534 4392
3534 8084
3534 1104
3534 7482
3534 8829
3534 2766
3534 5669
3534 7112
3534 7738
3535 8132
3535 8384
3535 8254
3535 1543
3535 9010
3535 8417
3535 2488
3536 11196
3536 11098
3536 9154
3536 10247
3536 11232
3536 10169
3536 11031
3536 11029
3536 11030
3536 11378
3536 11379
3536 10600
3536 11483
3536 10917
3536 10919
3536 10918
3536 11308
3536 10911
3536 10912
3536 10914
3536 10797
3536 10913
3536 10915
3536 10916
3536 11307
3536 11255
3536 11528
3536 11531
3536 11530
3536 5635
3536 11194
3536 11526
3536 11581
3536 11481
3536 11539
3536 11543
3536 11544
3536 11550
3536 11578
3536 2609
3536 4104
3536 11254
3537 6627
3537 7272
3537 7764
3537 7759
3537 8313
3537 11572
3537 928
3537 8725
3538 7903
3538 4409
3538 6491
3538 8879
3538 9935
3538 11204
3539 10618
3539 5834
3539 11002
3539 3868
3539 11576
3539 9931
3539 7018
3539 3740
3539 7265
3539 11190
3539 444
3539 11822
3540 4725
3540 4724
3540 1072
3540 1457
3540 5016
3540 1624
3540 6485
3540 8103
3540 8778
3540 9490
3540 3164
3540 7694
3540 9853
3540 9700
3540 9947
3541 610
3541 618
3541 2986
3541 5412
3541 6027
3541 6957
3541 7892
3541 7981
3541 8090
3541 9508
3542 1701
3542 1900
3542 1916
3542 2353
3542 2370
3542 4372
3542 7638
3542 7637
3542 3351
3542 5814
3542 6013
3542 7149
3542 7764
3542 9338
3542 5733
3542 9257
3542 9976
3542 4934
3542 10363
3542 7551
3543 1091
3543 1233
3543 1239
3543 7309
3543 7171
3543 9794
3543 3720
3543 9369
3543 3501
3543 299
3543 3045
3543 6692
3543 4520
3543 4521
3543 4237
3543 4848
3543 11638
3543 10626
3543 11175
3543 1784
3543 10369
3543 9740
3543 10544
3543 79
3543 10062
3544 4027
3544 7130
3544 9598
3544 9507
3544 89
3544 11081
3545 1716
3545 9744
3545 5860
3545 2298
3545 7876
3545 9210
3545 9294
3545 5162
3545 8473
3545 1258
3545 5837
3545 9017
3545 10139
3546 5230
3546 3515
3546 8189
3546 10497
3546 10449
3547 8417
3547 8602
3547 3164
3547 6258
3547 2853
3548 612
3548 1853
3548 6838
3548 3199
3548 822
3549 5377
3549 9557
3549 3926
3549 6675
3549 806
3549 3453
3549 11311
3550 5837
3550 2018
3550 1063
3550 2427
3550 6957
3550 10853
3550 4951
3550 9676
3550 223
3550 2213
3550 2473
3550 3241
3550 3455
3550 7280
3550 11567
3551 4822
3551 3253
3551 1386
3551 6614
3551 6610
3551 9098
3551 9343
3551 7534
3552 5783
3552 7017
3552 10798
3552 11132
3552 11130
3552 8293
3552 8787
3552 11131
3552 9319
3552 5834
3552 11232
3552 10169
3552 10247
3552 11379
3552 11031
3552 11030
3552 11378
3552 11029
3552 11255
3552 11527
3552 11530
3552 11194
3552 11531
3552 11528
3552 5635
3552 11521
3552 11511
3552 11399
3552 7386
3552 11375
3552 739
3552 6269
3552 6864
3552 9196
3552 738
3552 741
3552 11709
3552 11735
3552 9151
3552 11765
3552 4935
3553 5229
3553 6483
3553 7060
3553 7541
3553 9490
3553 8408
3553 9033
3553 10169
3553 3164
3553 11297
3554 4855
3554 6992
3554 8344
3554 9508
3554 10075
3555 7060
3555 8131
3555 8132
3555 7071
3555 8254
3555 8253
3555 8382
3555 9260
3555 8189
3555 9284
3555 9853
3555 9854
3555 11185
3555 919
3555 11522
3555 11531
3555 11530
3555 11550
3556 6066
3556 9128
3556 6641
3556 6069
3556 6594
3556 6596
3557 9037
3557 6592
3557 8408
3557 8736
3557 1543
3557 8679
3557 9490
3557 7863
3557 7683
3557 9947
3557 9730
3557 8510
3557 7629
3557 6258
3557 10169
3557 9100
3557 10976
3557 3529
3557 6410
3557 11290
3557 10600
3557 11301
3557 11399
3557 11518
3557 770
3557 6438
3557 6445
3557 6443
3558 3657
3558 4435
3558 6826
3558 7383
3558 7677
3558 8002
3558 8931
3558 6381
3559 7976
3559 9492
3559 1860
3559 8755
3559 10143
3559 11698
3559 3368
3560 7779
3560 7796
3560 8384
3560 8251
3560 8382
3560 8779
3560 7514
3560 896
3560 8763
3560 5781
3560 10798
3561 2894
3561 3161
3561 3207
3561 4782
3561 4866
3561 1046
3561 3160
3561 1069
3561 7295
3561 3667
3561 7119
3561 7286
3562 1624
3562 6488
3562 7060
3562 9054
3562 9775
3562 9776
3562 6774
3562 10326
3562 6364
3563 8982
3563 2925
3563 1341
3563 9531
3563 7691
3563 792
3564 6391
3564 10297
3564 11548
3564 6458
3564 10961
3564 3896
3564 10816
3564 10076
3565 581
3565 3242
3565 7452
3565 8288
3565 6620
3565 8875
3565 685
3565 6603
3565 9183
3566 640
3566 7559
3566 7981
3566 8342
3566 10881
3566 10476
3566 10368
3567 5946
3567 9507
3567 412
3567 2323
3567 9508
3567 4532
3567 2324
3568 4923
3568 6485
3568 8957
3568 9092
3568 5636
3568 10371
3568 10969
3568 9154
3568 11485
3568 11601
3568 11782
3568 7530
3569 3407
3569 5724
3569 4389
3569 69
3569 4761
3569 11102
3570 337
3570 6539
3570 168
3570 4848
3570 3778
3570 7717
3570 1252
3570 6097
3570 2791
3570 10004
3570 3042
3571 1125
3571 1427
3571 4259
3571 113
3571 5185
3571 9290
3571 6650
3571 3035
3572 862
3572 6013
3572 1328
3572 1330
3572 1376
3572 2687
3572 4934
3572 6014
3572 2396
3572 2032
3572 8419
3572 574
3572 10455
3572 10456
3572 10457
3572 7569
3572 9839
3572 3347
3572 10885
3572 9109
3572 11556
3572 2153
3573 695
3573 704
3573 701
3573 723
3573 1864
3573 1632
3573 1654
3573 8652
3574 8487
3574 6618
3574 6113
3574 5439
3574 4113
3574 7323
3574 9569
3574 10229
3574 5416
3574 2560
3574 6688
3574 8931
3574 6784
3574 7415
3574 11252
3575 1594
3575 9920
3575 9128
3575 9335
3575 3695
3575 5507
3575 10481
3575 9334
3575 5287
3575 583
3575 3102
3575 3952
3575 8816
3575 4355
3575 8391
3575 1937
3576 4516
3576 4492
3576 3644
3576 4314
3576 4426
3576 5293
3576 6239
3576 8605
3576 9744
3576 6734
3576 8551
3576 9745
3576 11204
3577 7884
3577 8624
3577 7221
3577 9178
3577 9182
3577 3168
3578 8778
3578 8680
3578 1543
3578 9852
3578 10234
3578 10115
3578 10113
3578 6774
3578 6730
3578 9319
3578 11185
3578 11002
3578 11529
3578 11524
3578 11528
3578 11744
3578 7129
3578 11782
3578 10094
3578 9799
3578 10092
3579 4558
3579 3456
3579 2267
3579 4347
3579 4923
3579 5230
3579 5016
3579 3516
3579 3932
3579 6077
3579 7060
3579 7616
3579 8449
3579 8415
3579 9054
3579 3164
3579 7683
3579 6258
3579 9947
3579 7694
3579 9100
3579 9700
3579 10236
3579 10201
3579 7442
3579 11074
3579 10798
3579 9243
3579 11002
3579 11300
3579 11281
3579 11613
3579 792
3579 11156
3579 11782
3579 11788
3579 11439
3580 5013
3580 11392
3580 9867
3580 3057
3580 7203
3581 634
3581 1860
3581 823
3581 976
3581 876
3581 1974
3581 3207
3581 257
3581 830
3581 1500
3581 7539
3582 9102
3582 4150
3582 3553
3582 9692
3582 3117
3582 6665
3582 3829
3582 5904
3582 7907
3582 4310
3583 5226
3583 5016
3583 3515
3583 3932
3583 6077
3583 6344
3583 6485
3583 8449
3583 8415
3583 8778
3583 8779
3583 8407
3583 8604
3583 1543
3583 7683
3583 7694
3583 8249
3583 9100
3583 9659
3583 8207
3583 8208
3583 9853
3583 9855
3583 10169
3583 6258
3583 9444
3583 10236
3583 10760
3583 10201
3583 10798
3583 5834
3583 11600
3584 4651
3584 6936
3584 9477
3584 2550
3584 5863
3584 9503
3585 4151
3585 728
3585 5648
3585 2014
3585 3918
3586 9507
3586 10024
3586 10935
3586 11349
3586 8535
3587 5785
3587 1214
3587 7168
3587 6653
3587 9507
3587 408
3587 2341
3588 7167
3588 2379
3588 6185
3588 3730
3588 7813
3588 10674
3589 5655
3589 1984
3589 8850
3589 5675
3589 10150
3590 1043
3590 1044
3590 3648
3590 7792
3590 2583
3590 4985
3590 334
3590 10791
3590 8890
3590 1039
3590 4076
3590 11018
3590 7892
3590 2939
3590 6724
3590 138
3591 3344
3591 6409
3591 6417
3591 7735
3591 3715
3592 7709
3592 9376
3592 9403
3592 4963
3592 8014
3592 1008
3592 5350
3592 5522
3592 7928
3592 8552
3592 2298
3592 3547
3592 6595
3592 7661
3592 57
3592 7321
3592 7578
3592 2011
3592 4029
3592 4812
3592 8977
3592 3580
3592 583
3592 3541
3592 5543
3592 1955
3592 3272
3592 9192
3592 9714
3593 9444
3593 7694
3593 9922
3593 9773
3593 9100
3593 9604
3593 6258
3593 10644
3593 10645
3593 1205
3593 10976
3593 10892
3593 10823
3593 10238
3593 11132
3593 10798
3593 8293
3593 5834
3593 11232
3593 11029
3593 6592
3593 11303
3593 11524
3593 11544
3593 11568
3593 11632
3593 11501
3593 10321
3594 6344
3594 6282
3594 8449
3594 8779
3594 8409
3594 8408
3594 8249
3594 9705
3594 9859
3594 7694
3594 9947
3594 9852
3594 9730
3594 9444
3594 10236
3594 10639
3594 10823
3594 10976
3594 10798
3594 11132
3594 10449
3594 5783
3594 7017
3594 8293
3594 8787
3594 9690
3594 11130
3594 10567
3594 11131
3594 11766
3594 6438
3594 6449
3594 11772
3594 11439
3595 887
3595 1518
3595 4571
3595 3323
3595 1514
3595 3456
3595 3884
3595 1457
3595 5229
3595 5230
3595 1230
3595 1464
3595 5469
3595 4035
3595 5977
3596 6293
3596 10957
3596 7826
3596 422
3596 9949
3596 8551
3597 5229
3597 5016
3597 6363
3597 7036
3597 8679
3597 11399
3598 6883
3598 809
3598 10823
3598 10753
3598 10687
3598 9109
3599 8415
3599 9037
3599 8728
3599 9340
3599 370
3599 8249
3599 10169
3599 9519
3599 10774
3599 10638
3599 10289
3599 6258
3599 10288
3599 10014
3599 11002
3599 11486
3599 11399
3599 11606
3599 11156
3599 9259
3599 11782
3599 11816
3600 872
3600 1392
3600 2298
3600 3058
3600 7203
3600 7212
3600 8839
3600 9378
3601 5442
3601 1346
3601 6088
3601 1355
3601 3096
3601 5439
3601 9820
3602 4170
3602 9558
3602 2055
3602 2056
3602 6824
3602 7806
3602 4389
3602 912
3602 10399
3602 1240
3603 4010
3603 7110
3603 3771
3603 10492
3603 10124
3604 1020
3604 2491
3604 1893
3604 8944
3604 1784
3604 11590
3604 5350
3604 4325
3604 7908
3604 10897
3605 4710
3605 8615
3605 4804
3605 6751
3605 10054
3605 7350
3605 1682
3605 9303
3605 4751
3605 10283
3605 145
3605 9645
3605 2763
3606 4037
3606 3457
3606 4035
3606 4036
3606 1886
3606 5016
3606 8407
3606 6446
3606 11768
3606 303
3606 9799
3607 4694
3607 3792
3607 5759
3607 3307
3607 3864
3607 3942
3607 8061
3607 6222
3607 7802
3607 4113
3607 4762
3607 713
3607 7366
3607 7769
3607 4275
3607 8990
3607 1709
3607 801
3607 3453
3607 5538
3607 5285
3607 1436
3607 4426
3607 11090
3607 3009
3607 11568
3607 3581
3607 3221
3607 7277
3607 7593
3607 7400
3607 10484
3607 10042
3607 10390
3607 10177
3607 11207
3607 4871
3607 5427
3607 8000
3607 6392
3608 5121
3608 1189
3608 1192
3608 5407
3608 4124
3608 3415
3609 7288
3609 3231
3609 1111
3609 9736
3609 5201
3609 5439
3609 6693
3609 7141
3609 11568
3610 7801
3610 1403
3610 3039
3610 1849
3610 10077
3610 3319
3610 4881
3610 967
3610 5947
3611 4923
3611 1457
3611 5228
3611 5229
3611 5230
3611 5016
3611 5390
3611 6077
3612 91
3612 566
3612 8309
3612 8196
3612 11099
3613 9109
3613 10680
3613 5323
3613 4065
3613 2666
3613 6724
3613 10289
3613 9507
3614 11366
3614 1860
3614 3161
3614 9117
3614 5707
3614 3294
3615 9508
3615 10626
3615 3592
3615 11264
3615 3640
3615 6762
3616 1671
3616 1992
3616 1994
3616 1997
3616 1998
3616 4380
3616 1979
3616 1984
3616 2444
3616 1291
3616 1293
3616 7779
3616 8131
3616 8254
3616 8449
3616 8253
3616 9067
3616 8736
3616 3164
3616 7684
3616 9775
3616 6258
3616 2453
3616 7442
3616 10014
3616 10182
3616 806
3616 10395
3616 6957
3616 10811
3616 11439
3616 11675
3617 6492
3617 8211
3617 8207
3617 8208
3617 7694
3617 9100
3617 7626
3617 9947
3617 10234
3617 9444
3617 10497
3617 10238
3617 10823
3617 9318
3617 5304
3617 5780
3617 5783
3617 7022
3617 8293
3617 8787
3617 10798
3617 11130
3617 10271
3617 10169
3617 10871
3617 9336
3617 2609
3617 4104
3617 11254
3617 11601
3617 11688
3617 6438
3617 11828
3618 392
3618 4724
3618 5980
3618 584
3618 4098
3619 9215
3619 4426
3619 7089
3619 10839
3619 259
3620 7694
3620 9100
3620 6258
3620 9947
3620 9730
3620 9444
3620 3658
3620 10236
3620 11296
3620 10811
3620 5788
3620 6446
3620 11118
3620 770
3620 11777
3621 4035
3621 4040
3621 5303
3621 892
3621 4170
3621 10279
3622 1044
3622 11544
3622 2609
3622 11579
3622 11580
3622 4104
3622 11578
3622 11601
3622 11254
3622 2573
3622 11439
3622 5788
3622 11399
3622 10520
3623 6258
3623 69
3623 11521
3623 11550
3623 11635
3624 16
3624 4280
3624 6998
3624 4104
3624 3798
3624 6729
3624 6774
3624 1383
3625 8132
3625 8254
3625 8250
3625 8602
3625 8763
3625 9010
3625 8211
3625 9282
3625 6258
3625 10236
3625 9109
3625 11185
3625 837
3625 11284
3625 11399
3625 6096
3625 9824
3625 892
3625 9082
3625 11767
3625 11776
3625 9721
3626 5143
3626 9964
3626 1142
3626 1440
3626 4642
3626 1920
3626 1926
3626 3120
3626 5307
3626 6986
3626 7360
3626 7801
3626 5294
3626 10194
3627 1729
3627 2050
3627 2052
3627 2278
3627 3787
3627 3790
3627 7436
3627 7437
3628 4010
3628 5977
3628 4042
3628 4855
3628 9445
3628 892
3628 9508
3628 9538
3628 9839
3628 9725
3628 3030
3628 10738
3628 7559
3628 3994
3628 5976
3629 8417
3629 8385
3629 8604
3629 8763
3629 9490
3629 7694
3629 10234
3629 5834
3629 11098
3629 11232
3629 6410
3629 10919
3629 9612
3629 11601
3629 3847
3629 11600
3629 5788
3629 11564
3629 11720
3629 10945
3629 11798
3630 4214
3630 6156
3630 6158
3630 6157
3630 6224
3630 9345
3630 9703
3630 10798
3630 11196
3630 11098
3630 10247
3630 11029
3630 11030
3630 11031
3630 10911
3630 10918
3630 11255
3630 11526
3630 11524
3630 11531
3630 11527
3630 11530
3630 11521
3630 11481
3630 9734
3630 11776
3631 6680
3631 1543
3631 11002
3631 11299
3631 4280
3632 7060
3632 6363
3632 9584
3632 3368
3632 6547
3632 5792
3632 4876
3632 9695
3632 9663
3632 3164
3632 9637
3632 9859
3632 9444
3632 531
3632 2554
3632 4238
3632 10823
3632 11074
3632 4340
3632 11293
3632 11775
3632 10152
3632 11273
3633 1882
3633 10852
3633 7202
3633 1397
3633 9669
3633 5499
3633 1931
3634 3376
3634 5082
3634 9947
3634 11529
3634 8885
3635 467
3635 3230
3635 4098
3635 6881
3635 7907
3635 10610
3636 279
3636 6372
3636 11602
3636 11270
3636 11496
3637 715
3637 4296
3637 5380
3637 6384
3637 8875
3638 1457
3638 5016
3638 5391
3638 7060
3638 6363
3638 9054
3639 4721
3639 221
3639 467
3639 7561
3639 657
3639 896
3639 8112
3639 7063
3639 6189
3639 675
3639 6871
3639 10016
3639 11450
3639 10325
3640 5230
3640 5016
3640 5391
3640 7060
3640 7552
3640 6363
3640 8208
3640 10169
3640 10234
3641 1221
3641 6239
3641 10594
3641 11189
3641 912
3641 1192
3641 3351
3641 909
3641 5962
3641 6638
3641 11680
3642 8417
3642 7514
3642 8604
3642 9034
3642 8599
3642 8208
3642 8207
3642 7694
3642 9859
3642 9922
3642 9853
3642 9947
3642 9858
3642 9855
3642 6258
3642 9519
3642 9444
3642 10236
3642 10201
3642 10976
3642 10759
3642 9690
3642 5783
3642 10798
3642 11098
3642 11483
3642 11255
3642 11194
3642 11530
3642 11521
3642 6445
3642 11819
3643 1249
3643 5391
3643 4285
3643 6077
3643 1860
3643 4358
3643 7060
3643 5976
3643 8602
3643 9340
3643 1034
3643 11487
3643 11606
3643 1847
3643 3655
3643 2188
3643 1020
3643 10287
3643 5152
3643 11613
3643 4847
3644 1089
3644 509
3644 3636
3644 3407
3644 3408
3645 8415
3645 7694
3645 8242
3645 6258
3645 9947
3645 9730
3645 6672
3645 10497
3645 10637
3645 5304
3645 7022
3645 8787
3645 11130
3645 10271
3645 11132
3645 7017
3645 5783
3645 5780
3645 9319
3645 7018
3645 11350
3645 8459
3645 10247
3645 10739
3645 11474
3645 9154
3645 11720
3645 10823
3645 4335
3646 3337
3646 1639
3646 321
3646 9168
3646 1066
3647 3323
3647 8778
3647 7514
3647 9064
3647 896
3647 9100
3647 10234
3647 10236
3647 9243
3647 11690
3648 4685
3648 6655
3648 10169
3648 4883
3648 8795
3648 3322
3648 11568
3649 1464
3649 9037
3649 7464
3649 10236
3649 3806
3650 8417
3650 7514
3650 9033
3650 9037
3650 8763
3650 9444
3650 10567
3650 11185
3650 2573
3650 11702
3650 11564
3650 11780
3650 11788
3650 11709
3650 11828
3651 7605
3651 8419
3651 11698
3651 3703
3651 5220
3651 11449
3651 912
3652 1624
3652 8131
3652 8199
3652 8449
3652 8253
3652 9183
3652 8211
3652 6258
3652 8510
3652 9947
3652 9730
3652 9444
3652 10201
3652 10798
3652 11232
3652 11254
3652 11497
3652 11740
3652 11741
3652 7694
3652 10236
3653 5427
3653 3343
3653 11174
3653 6292
3653 672
3653 2321
3653 6294
3654 5837
3654 2035
3654 4264
3654 2193
3654 7868
3654 4182
3655 930
3655 1263
3655 1325
3655 1701
3655 2016
3655 2153
3655 2388
3655 4028
3655 3805
3655 2345
3655 6013
3655 11565
3655 11567
3655 7417
3655 7764
3655 11383
3656 4810
3656 7302
3656 1456
3656 3501
3656 5194
3656 6239
3656 9725
3656 3368
3656 6471
3656 7984
3656 9109
3656 10254
3656 10289
3656 10492
3656 10626
3656 11095
3656 3510
3656 8924
3656 10418
3656 10860
3657 672
3657 9440
3657 873
3657 6359
3657 765
3657 7248
3658 4904
3658 8849
3658 5573
3658 10634
3658 10081
3659 5573
3659 11533
3659 6227
3659 7572
3659 10145
3660 3121
3660 6763
3660 1703
3660 1809
3660 1731
3660 5069
3660 977
3660 1162
3660 1261
3660 672
3660 2186
3660 910
3660 1025
3660 4916
3660 4329
3660 2297
3660 4820
3660 979
3660 6792
3660 4324
3660 5582
3660 6933
3660 6573
3660 1884
3660 3020
3660 974
3660 9858
3660 873
3660 7273
3660 6462
3660 3348
3660 4434
3660 1386
3660 4920
3660 603
3660 10481
3660 586
3660 3552
3660 8460
3660 7263
3660 365
3660 3904
3660 9153
3660 8658
3660 585
3661 1610
3661 1713
3661 1772
3661 5934
3661 6925
3661 8150
3661 8673
3661 9220
3661 9237
3661 9266
3661 9498
3661 9930
3661 10131
3661 1773
3661 3235
3661 3483
3661 5745
3661 9245
3662 3397
3662 3466
3662 3589
3662 3063
3662 3506
3662 3323
3662 4350
3662 4923
3662 1464
3662 1624
3662 11540
3662 7562
3662 11777
3662 11821
3662 11797
3663 226
3663 2921
3663 2920
3663 2922
3663 108
3663 6017
3663 2358
3663 2258
3663 2259
3663 7507
3663 8615
3663 8121
3663 8717
3663 8561
3663 7133
3664 3999
3664 8325
3664 9507
3664 4091
3664 8755
3665 8158
3665 9109
3665 4560
3665 2965
3665 6115
3665 2530
3665 9724
3665 9726
3666 1327
3666 856
3666 859
3666 5479
3666 5491
3666 5865
3667 7865
3667 2263
3667 7862
3667 9727
3667 8487
3667 10032
3668 2309
3668 4459
3668 508
3668 1706
3668 11416
3669 8103
3669 8449
3669 7552
3669 9064
3669 7585
3669 6258
3669 9730
3669 9444
3669 1825
3669 10446
3669 9669
3670 6205
3670 6200
3670 3395
3670 3442
3670 1853
3670 2996
3670 5219
3670 8637
3671 9034
3671 9260
3671 8728
3671 5756
3671 1802
3671 8207
3671 8211
3671 9279
3671 9856
3671 6258
3671 9730
3671 9100
3671 9444
3671 3556
3671 10902
3671 3120
3671 2555
3671 3561
3671 5834
3671 1632
3671 1653
3671 3744
3671 11719
3671 1631
3671 716
3671 1642
3671 6446
3672 166
3672 9109
3672 8711
3672 2675
3672 3605
3672 9736
3672 9514
3672 7235
3673 6482
3673 6082
3673 7063
3673 2573
3673 11601
3673 4280
3673 11769
3673 11770
3674 4264
3674 69
3674 6983
3674 8547
3674 9109
3674 7180
3674 6021
3674 6454
3674 6568
3674 8929
3674 1165
3674 10008
3674 3015
3674 5247
3674 8654
3674 8938
3674 3968
3674 5284
3674 5252
3675 6646
3675 1433
3675 6274
3675 6703
3675 9305
3675 5570
3676 1345
3676 6931
3676 6675
3676 3613
3676 4864
3676 4512
3677 4419
3677 7764
3677 1230
3677 5241
3677 8479
3677 6957
3677 1078
3677 3930
3678 4434
3678 406
3678 5548
3678 8374
3678 8377
3678 3525
3678 1228
3678 411
3678 2107
3678 11351
3678 3613
3678 11706
3678 7234
3679 3802
3679 4459
3679 1348
3679 69
3679 5534
3679 6313
3679 10596
3679 8105
3679 4492
3679 6733
3679 11084
3679 11738
3680 7781
3680 6430
3680 5130
3680 1233
3680 1503
3680 6778
3680 10992
3680 9095
3681 2345
3681 6240
3681 7578
3681 8876
3681 8877
3682 1636
3682 5147
3682 892
3682 2195
3682 9036
3682 1672
3682 1990
3682 873
3682 2697
3682 8844
3682 8897
3682 8424
3682 10400
3682 10771
3682 1880
3682 10367
3682 11399
3683 7056
3683 2745
3683 7270
3683 9699
3683 9109
3683 6023
3683 6027
3684 896
3684 11784
3684 6840
3684 11742
3684 11711
3684 11744
3684 10433
3684 11721
3685 1625
3685 6336
3685 4035
3685 5090
3685 6337
3685 3999
3685 10369
3686 7931
3686 1063
3686 8003
3686 5486
3686 10209
3686 2440
3687 1860
3687 500
3687 6661
3687 1305
3687 9844
3687 8325
3687 7379
3687 9507
3688 9150
3688 256
3688 4404
3688 9448
3688 9453
3689 1257
3689 1125
3689 1479
3689 1129
3689 5697
3690 3398
3690 3591
3690 3702
3690 7514
3690 9789
3690 10823
3690 11122
3690 10620
3690 11496
3691 8736
3691 6804
3691 4860
3691 9010
3691 9340
3691 9109
3691 11333
3691 9279
3691 1790
3691 4086
3691 9700
3691 9947
3691 9772
3691 6258
3691 3752
3691 9581
3691 811
3691 4236
3691 9487
3691 10201
3691 9045
3691 5834
3691 1791
3691 10078
3691 10794
3691 11281
3691 11564
3691 11773
3691 11768
3692 5057
3692 1176
3692 5579
3692 6596
3692 9957
3692 7003
3693 3959
3693 6190
3693 6835
3693 5970
3693 3368
3693 4433
3693 9522
3693 11015
3693 459
3693 4042
3693 8594
3694 4294
3694 6957
3694 11568
3694 1579
3694 1578
3694 10622
3695 809
3695 3804
3695 1371
3695 6791
3695 1350
3695 5079
3695 7220
3695 6363
3695 8254
3695 7595
3695 3164
3695 9322
3695 1964
3695 8510
3695 7694
3695 9100
3695 6258
3695 9947
3695 9730
3695 9776
3695 9444
3695 6722
3695 6116
3695 7642
3695 342
3695 10014
3695 1305
3695 7032
3695 412
3695 1860
3695 9747
3695 8370
3695 2573
3695 7082
3695 11720
3695 1827
3695 1309
3695 1825
3696 2381
3696 2439
3696 3729
3696 1624
3696 7280
3696 6366
3696 7552
3696 6810
3696 512
3696 7684
3696 10352
3696 118
3696 10048
3696 11311
3697 1702
3697 5391
3697 7779
3697 8254
3697 8382
3697 8449
3697 8408
3697 9037
3697 9260
3697 10169
3697 10774
3697 10969
3697 11029
3697 11288
3697 11523
3697 8625
3697 11606
3697 6438
3697 6446
3697 11518
3697 10092
3698 9723
3698 9691
3698 6433
3698 6658
3698 6889
3698 7247
3698 11330
3698 11760
3698 10046
3699 896
3699 9067
3699 9854
3699 10774
3699 11765
3699 11768
3699 11832
3700 1069
3700 3747
3700 5885
3700 6102
3700 8362
3700 10140
3701 2302
3701 2815
3701 1457
3701 5226
3701 5229
3701 1624
3702 4855
3702 5591
3702 7862
3702 10368
3702 10041
3702 4584
3703 2578
3703 5939
3703 6511
3703 6981
3703 7599
3703 5938
3703 8789
3703 9038
3703 5958
3703 883
3703 7250
3703 3541
3703 9814
3703 5960
3703 9440
3703 9756
3703 10805
3703 2294
3703 429
3703 3950
3703 3952
3703 8120
3703 8622
3703 10114
3703 11528
3703 2823
3703 3553
3703 6467
3703 11179
3703 4104
3703 7056
3703 9636
3703 10265
3703 11598
3703 9325
3703 11046
3703 3211
3703 4858
3703 8431
3703 10051
3703 11195
3703 11309
3704 2195
3704 3991
3704 3998
3704 1624
3704 11485
3704 11399
3704 10446
3704 11767
3704 11822
3704 11773
3705 199
3705 3862
3705 4148
3705 4152
3705 7723
3705 7088
3705 5924
3706 1789
3706 1810
3706 4022
3706 2085
3706 8235
3706 9521
3706 1624
3706 1478
3706 6525
3706 7331
3706 3750
3706 7321
3706 2025
3706 6700
3706 5681
3706 9026
3706 8079
3706 11232
3707 4849
3707 10287
3707 5788
3707 11497
3707 11254
3707 10984
3707 1624
3707 10391
3707 10626
3707 3514
3707 5453
3707 11782
3707 11664
3707 11663
3707 10216
3707 1737
3707 7511
3707 9490
3707 11447
3707 11613
3707 3096
3707 10520
3707 11774
3707 11771
3708 3676
3708 5829
3708 7551
3708 1147
3708 10121
3708 5972
3708 11133
3708 11609
3708 11381
3709 151
3709 7764
3709 6013
3709 7931
3709 1913
3710 2139
3710 9037
3710 9490
3710 10271
3710 11098
3710 10969
3710 11528
3710 11375
3710 11688
3710 11690
3710 11739
3710 11770
3710 11773
3711 10048
3711 9673
3711 1878
3711 5508
3711 5268
3711 3243
3712 4189
3712 7838
3712 3123
3712 7527
3712 9156
3713 3639
3713 4027
3713 5507
3713 6686
3713 6882
3713 7534
3713 8689
3713 8692
3713 10262
3713 7692
3714 3193
3714 5273
3714 1624
3714 7541
3714 8169
3714 8253
3714 2366
3714 9700
3714 8415
3714 9855
3714 6258
3714 5855
3714 10201
3714 6081
3714 11098
3714 10916
3714 2609
3714 6096
3714 11550
3715 4052
3715 9349
3715 6698
3715 6601
3715 9541
3716 9010
3716 8189
3716 10169
3716 9856
3716 9444
3716 10236
3716 11185
3716 1825
3716 10092
3717 3757
3717 7101
3717 6685
3717 9037
3717 7694
3717 9251
3717 8240
3717 6258
3717 9730
3717 9444
3717 10760
3717 10639
3717 10497
3717 10201
3717 10637
3717 10798
3717 5783
3717 7017
3717 11131
3717 11130
3717 11132
3717 5834
3717 11232
3717 11378
3717 10169
3717 10247
3717 11379
3717 11029
3717 1747
3717 6845
3717 4967
3717 748
3717 6444
3718 8417
3718 8385
3718 8598
3718 9260
3718 9011
3718 8211
3718 8249
3718 6258
3718 10169
3718 9858
3718 9712
3718 10371
3718 9733
3718 10014
3718 10288
3718 11041
3718 6096
3718 11606
3718 11399
3718 11768
3718 11819
3719 1180
3719 1507
3719 4292
3719 2973
3719 4426
3719 6625
3719 7201
3719 1638
3719 2759
3720 1233
3720 6228
3720 7015
3720 9762
3720 11643
3720 4151
3720 11638
3720 11175
3721 4584
3721 3478
3721 6557
3721 6558
3721 4492
3721 6648
3722 597
3722 895
3722 1020
3722 4144
3722 2006
3722 4106
3722 3517
3722 4725
3722 4730
3722 3323
3722 1616
3722 3665
3722 584
3722 1137
3722 1350
3722 1609
3722 1612
3722 4923
3722 1240
3722 1536
3722 1371
3722 1611
3722 3429
3722 1140
3722 5978
3723 6902
3723 792
3723 2520
3723 5806
3723 9191
3723 6536
3723 10738
3724 1479
3724 1481
3724 4426
3724 6405
3724 10852
3725 4174
3725 10105
3725 4025
3725 885
3725 1125
3725 2466
3725 5432
3725 6304
3725 1228
3725 2465
3725 3368
3725 3501
3725 5582
3725 8045
3726 1484
3726 2984
3726 1297
3726 5362
3726 2280
3726 6365
3726 2283
3727 8417
3727 9854
3727 9604
3727 9947
3727 10288
3728 6668
3728 4976
3728 1896
3728 3817
3728 5053
3728 8465
3728 1111
3728 11625
3729 10917
3729 10912
3729 10915
3729 11521
3729 5635
3729 11255
3729 11526
3729 11527
3729 11530
3729 11194
3729 11528
3729 11531
3729 11539
3729 11544
3729 11550
3729 11481
3729 11543
3729 11582
3729 10431
3729 11041
3729 11581
3729 7344
3729 11740
3729 11741
3729 11501
3729 11739
3729 11772
3729 10520
3729 11774
3729 11769
3729 11771
3729 11776
3730 716
3730 485
3730 4198
3730 2470
3730 1612
3730 4313
3730 1134
3730 2501
3730 5742
3730 3096
3730 1032
3730 2728
3730 3568
3730 9774
3730 584
3730 1963
3730 3658
3730 10902
3730 11788
3730 10849
3731 4188
3731 4174
3731 2048
3731 7836
3731 1955
3731 6417
3731 7525
3731 5120
3731 10265
3731 11826
3732 4730
3732 1967
3732 7924
3732 2570
3732 8508
3733 5390
3733 1624
3733 7541
3733 8207
3733 11765
3734 2899
3734 6846
3734 3954
3734 1054
3734 4148
3734 6826
3734 8073
3734 9648
3734 833
3734 7246
3734 2580
3734 3709
3734 10171
3734 3084
3735 3398
3735 3589
3735 5016
3735 8808
3735 4042
3735 8105
3735 4199
3736 4724
3736 2373
3736 3672
3736 6274
3736 8461
3737 5226
3737 5228
3737 6486
3737 8132
3737 8131
3737 8250
3737 7694
3737 9700
3737 10371
3737 7369
3737 9154
3737 11822
3738 653
3738 6114
3738 8800
3738 9277
3738 8997
3739 2390
3739 8391
3739 9290
3739 3067
3739 6799
3739 8842
3739 10704
3739 10216
3739 10999
3740 5865
3740 3658
3740 9385
3740 11232
3740 2609
3740 7141
3740 7321
3741 7864
3741 8417
3741 8415
3741 8253
3741 8382
3741 8510
3741 9733
3742 4422
3742 8231
3742 6906
3742 4248
3742 6968
3742 7349
3742 8684
3742 557
3742 8478
3742 3051
3742 2005
3742 5823
3742 7120
3742 10480
3742 4763
3742 4426
3742 8309
3742 10791
3743 7458
3743 9445
3743 3069
3743 1958
3743 11111
3743 10694
3743 662
3743 10218
3743 10799
3744 1726
3744 1732
3744 2284
3744 4444
3744 1096
3744 5226
3744 4286
3744 4185
3744 5839
3744 6043
3744 9064
3744 10793
3744 2609
3744 11600
3745 2258
3745 5410
3745 9933
3745 6494
3745 10314
3746 6018
3746 6343
3746 7552
3746 4188
3746 5788
3746 217
3747 3164
3747 5291
3747 9733
3747 11074
3747 3658
3748 6552
3748 2815
3748 8896
3748 6724
3748 10806
3749 10497
3749 11130
3749 11132
3749 11098
3749 11196
3749 11232
3749 837
3749 10247
3749 11029
3749 11031
3749 11307
3749 11378
3749 11379
3749 11030
3749 10914
3749 10912
3749 10916
3749 10917
3749 10911
3749 10913
3749 11481
3749 11543
3749 11582
3749 11581
3749 11578
3749 11254
3749 11515
3749 10647
3749 10711
3749 5788
3749 11768
3750 555
3750 2447
3750 3063
3750 7551
3750 10481
3751 4724
3751 4725
3751 4730
3751 5226
3751 5395
3751 5393
3751 6077
3751 9179
3751 11041
3751 11583
3751 11736
3751 11635
3751 11777
3752 1970
3752 6680
3752 1624
3752 7071
3752 2940
3752 8207
3752 9775
3752 6258
3752 11185
3752 11486
3752 11782
3752 9328
3752 10092
3753 4206
3753 4157
3753 1179
3753 2626
3753 4154
3754 7514
3754 8407
3754 9037
3754 9340
3754 8207
3754 8510
3754 6258
3754 9922
3754 9947
3754 9730
3754 9518
3754 9444
3754 7017
3754 7022
3754 11185
3754 11448
3754 11528
3754 11524
3754 11530
3754 11576
3754 11329
3754 11766
3754 9734
3754 10520
3754 11771
3754 11769
3754 11774
3755 1578
3755 1591
3755 3362
3755 8372
3755 10595
3755 10596
3755 10603
3755 6559
3755 9843
3756 9758
3756 9109
3756 9398
3756 2480
3756 7044
3757 6017
3757 11145
3757 11383
3757 5486
3757 6031
3757 11567
3757 7898
3757 10795
3758 6735
3758 6985
3758 892
3758 5977
3758 6543
3758 6826
3758 7756
3758 8931
3758 10958
3759 8251
3759 9037
3759 9855
3759 10797
3759 11568
3759 11536
3759 11496
3759 10520
3760 5000
3760 10358
3760 574
3760 1359
3760 2686
3760 9706
3760 10259
3760 6443
3760 1344
3760 11042
3760 9156
3760 5820
3760 7183
3760 8203
3760 1971
3760 9949
3761 5760
3761 7060
3761 7864
3761 8250
3761 8779
3761 7585
3761 9947
3761 9444
3761 11399
3761 11775
3762 7453
3762 3711
3762 5839
3762 5841
3762 7728
3762 6113
3763 3164
3763 9854
3763 1301
3763 5782
3763 10287
3763 11399
3763 10738
3763 11816
3763 11822
3764 9568
3764 1681
3764 3104
3764 5717
3764 885
3764 7337
3764 8606
3764 1087
3764 2515
3764 5215
3764 9756
3764 5831
3764 3711
3764 418
3764 5864
3764 8200
3764 8334
3764 9444
3764 10750
3764 4873
3764 7632
3764 9646
3764 5308
3764 7610
3764 10395
3764 7925
3764 10274
3764 10466
3764 6693
3765 4997
3765 2986
3765 2943
3765 986
3765 287
3765 976
3765 2766
3765 5680
3766 8102
3766 7585
3766 8408
3766 5788
3766 11777
3767 4459
3767 4504
3767 1715
3767 1995
3767 4280
3767 6998
3767 3708
3767 8428
3768 141
3768 1660
3768 5228
3768 6018
3768 7101
3768 8736
3768 9490
3768 8207
3768 9775
3768 9858
3768 7442
3768 10760
3768 5834
3768 9243
3768 11600
3768 11602
3769 5976
3769 7974
3769 7926
3769 9508
3769 8541
3769 8783
3769 9666
3769 8487
3769 4389
3770 6343
3770 1716
3770 5418
3770 5420
3770 8779
3770 8189
3770 9183
3770 562
3770 3174
3770 11074
3770 10794
3770 6016
3771 6490
3771 1120
3771 9908
3771 2073
3771 1849
3771 10006
3772 1189
3772 1624
3772 7796
3772 8253
3772 8779
3772 8189
3772 9518
3772 11398
3772 9850
3772 4751
3772 6446
3772 11518
3772 11229
3772 11775
3773 4776
3773 6626
3773 35
3773 6068
3773 10092
3774 6115
3774 7599
3774 11447
3774 11399
3774 10626
3774 9437
3774 6741
3774 11537
3775 7541
3775 6673
3775 8728
3775 6258
3775 10771
3776 9044
3776 5948
3776 10187
3776 3624
3776 5382
3776 7892
3776 9259
3776 11235
3777 8949
3777 1258
3777 120
3777 6449
3777 6294
3777 9235
3777 6435
3778 7796
3778 896
3778 8408
3778 1967
3778 8409
3778 8763
3778 3613
3778 365
3778 7174
3778 9100
3778 6438
3778 11501
3779 150
3779 3539
3779 3810
3779 4592
3779 5432
3779 6394
3779 6912
3779 9235
3780 4294
3780 1490
3780 1764
3780 2576
3780 8504
3780 3481
3780 4701
3780 8675
3781 11483
3781 10911
3781 10793
3781 10919
3781 11527
3781 11529
3781 11528
3781 4750
3781 5635
3781 11550
3781 6096
3781 11041
3781 11544
3781 11543
3781 11539
3781 11582
3781 11578
3781 11702
3781 11439
3781 11739
3781 11675
3781 1825
3781 10520
3781 11771
3782 883
3782 11196
3782 11232
3782 10247
3782 837
3782 11029
3782 10169
3782 11030
3782 5635
3782 11530
3782 11568
3782 10730
3782 1233
3782 11581
3782 11582
3782 10492
3782 10729
3782 11543
3782 11497
3782 11578
3782 11254
3782 10626
3782 10989
3782 10589
3782 11741
3783 8237
3783 7570
3783 133
3783 273
3783 10626
3784 4280
3784 5418
3784 5870
3784 7453
3784 9745
3784 10626
3784 10368
3784 10418
3785 4713
3785 4709
3785 9426
3785 4708
3785 10771
3785 11481
3785 1047
3785 583
3785 1532
3785 4643
3785 8623
3786 8740
3786 541
3786 79
3786 1849
3786 3407
3786 3459
3786 5096
3786 10738
3786 5420
3787 8927
3787 8606
3787 4448
3787 2466
3787 3244
3787 11148
3787 8586
3787 6996
3787 7892
3787 7418
3788 5228
3788 5395
3788 1270
3788 3368
3788 8102
3788 1827
3788 1072
3788 9260
3788 50
3788 5022
3788 7310
3788 5852
3788 9747
3788 10168
3788 9418
3788 2245
3788 2858
3788 3766
3788 10736
3788 6444
3788 6438
3789 2153
3789 2042
3789 5412
3789 1258
3789 1111
3789 2447
3789 9745
3789 9505
3790 2763
3790 2764
3790 9895
3790 6814
3790 9670
3790 157
3790 2765
3790 3257
3790 2278
3791 4702
3791 4724
3791 1085
3791 1903
3791 4350
3791 4260
3791 4948
3791 1457
3791 5229
3791 5016
3791 5391
3791 5395
3791 3932
3791 5906
3791 307
3791 7503
3791 7060
3791 7860
3791 8253
3791 9034
3791 8510
3791 9947
3791 10976
3791 783
3791 11316
3792 3323
3792 4350
3792 4923
3792 5230
3792 8407
3792 9490
3792 7684
3792 8207
3792 6258
3792 9730
3792 9857
3792 10115
3792 10976
3792 11194
3792 11524
3792 2573
3792 5788
3793 178
3793 2872
3793 1822
3793 10262
3793 2996
3793 9556
3793 256
3793 5075
3794 9183
3794 5162
3794 9490
3794 6761
3794 629
3794 6258
3794 9795
3794 64
3794 2298
3794 10236
3794 10201
3794 1258
3794 10238
3794 10976
3794 10798
3794 5834
3794 11232
3794 259
3794 1827
3795 6879
3795 10251
3795 6868
3795 6878
3795 6880
3796 584
3796 875
3796 1820
3796 360
3796 3017
3796 873
3796 4415
3796 8460
3796 323
3796 4266
3796 6404
3796 4267
3797 7060
3797 6363
3797 7694
3797 7569
3797 3658
3797 10798
3797 11568
3798 8499
3798 4389
3798 5838
3798 10346
3798 892
3799 3589
3799 3506
3799 4923
3799 5228
3799 1624
3799 8132
3799 7514
3799 8573
3799 9922
3799 6258
3799 7629
3799 11074
3799 9243
3799 11316
3800 5641
3800 2299
3800 11215
3800 7458
3800 11676
3801 1454
3801 1158
3801 5230
3801 8407
3801 4158
3801 1899
3801 7108
3801 1021
3801 7683
3801 8510
3801 1638
3801 7694
3802 4489
3802 6454
3802 7903
3802 10554
3802 9202
3802 2508
3802 6787
3803 5363
3803 5373
3803 6796
3803 6931
3803 9781
3803 9782
3803 10091
3803 4069
3803 3930
3803 7794
3803 7135
3803 6831
3803 3380
3803 6830
3803 6645
3803 11443
3804 6478
3804 11421
3804 11608
3804 11653
3804 11435
3804 11445
3804 11830
3805 8253
3805 6258
3805 9519
3805 9444
3805 9733
3805 10760
3805 10637
3805 11525
3805 6096
3805 11580
3805 2573
3806 217
3806 5959
3806 6078
3806 9010
3806 9774
3806 10955
3806 10794
3806 11579
3806 11580
3806 6729
3807 772
3807 1572
3807 1569
3807 3571
3807 783
3807 4032
3808 4112
3808 7418
3808 8264
3808 9151
3808 5389
3808 6252
3809 6430
3809 655
3809 1069
3809 3771
3809 3329
3809 4229
3809 9454
3809 4661
3809 226
3809 6313
3809 9388
3809 10369
3809 1722
3809 10597
3810 3007
3810 2715
3810 2031
3810 8702
3810 10950
3811 5927
3811 3753
3811 5765
3811 1308
3811 1361
3812 3043
3812 3510
3812 6389
3812 7333
3812 9916
3812 10021
3812 10851
3812 11636
3812 4621
3812 5832
3812 8291
3812 10389
3812 11383
3812 3033
3812 3316
3812 3619
3812 4713
3813 4169
3813 3127
3813 4091
3813 5795
3813 3141
3813 7046
3813 6772
3813 6605
3813 8353
3813 9037
3813 9260
3813 8208
3813 10169
3813 8325
3813 9265
3813 872
3813 11630
3813 11740
3813 11767
3813 11768
3814 11568
3814 11536
3814 11778
3814 11785
3814 11811
3814 11812
3815 1624
3815 6486
3815 7616
3815 8131
3815 8383
3815 8208
3815 7694
3815 8681
3815 9154
3815 11399
3815 10918
3815 11481
3815 10911
3815 2573
3816 2576
3816 6187
3816 6189
3816 1984
3816 996
3816 8404
3816 7458
3816 1137
3816 2411
3816 4605
3816 591
3816 1578
3816 10096
3816 10434
3817 4426
3817 1046
3817 7452
3817 1849
3817 2766
3818 1098
3818 1110
3818 1073
3818 3112
3818 1099
3818 2281
3819 4741
3819 7421
3819 7935
3819 10419
3819 5454
3820 3517
3820 4702
3820 3456
3820 2520
3820 5395
3820 6680
3820 3592
3820 7541
3820 8602
3820 8408
3820 8409
3820 9280
3820 10169
3820 10234
3820 11739
3820 11765
3821 1827
3821 2436
3821 4310
3821 4353
3821 5209
3821 7530
3821 8625
3821 10298
3821 2744
3821 3452
3821 5439
3821 6649
3822 4426
3822 1709
3822 5196
3822 10207
3822 2955
3823 1849
3823 7338
3823 8616
3823 11188
3823 8921
3823 7615
3824 5470
3824 9864
3824 2747
3824 10921
3824 11110
3824 745
3825 8417
3825 11074
3825 6096
3825 11601
3825 11496
3826 7464
3826 5885
3826 306
3826 9588
3826 2083
3826 9863
3827 2983
3827 2992
3827 7170
3827 11346
3827 4361
3827 5711
3827 9610
3827 10213
3827 10591
3827 10571
3827 7154
3827 8742
3828 5226
3828 5230
3828 5016
3828 5391
3828 5403
3828 5611
3828 5709
3828 1624
3828 7796
3828 8253
3828 8778
3828 8779
3828 896
3828 9260
3828 9857
3828 1543
3828 8680
3828 10236
3828 7369
3828 10014
3828 7721
3828 11286
3828 11496
3828 11739
3829 7781
3829 5573
3829 7321
3829 374
3829 6786
3829 417
3829 7919
3830 4343
3830 3810
3830 7101
3830 286
3830 7060
3830 8131
3830 111
3830 5320
3830 6781
3830 5269
3830 11074
3830 7321
3831 8238
3831 5363
3831 6674
3831 11210
3831 11326
3831 11337
3831 11339
3831 10476
3831 11209
3831 1747
3831 10873
3831 11343
3832 1578
3832 6495
3832 6546
3832 7200
3832 1729
3832 3604
3832 4320
3832 5631
3832 6124
3832 7534
3832 670
3832 3200
3832 1072
3832 9641
3832 1231
3832 6496
3832 8855
3832 9693
3832 10083
3832 1055
3832 1137
3832 4204
3832 5356
3832 6454
3832 7337
3832 11034
3832 3214
3832 1135
3832 7801
3832 6807
3832 6946
3832 9179
3832 545
3832 8982
3833 1849
3833 4825
3833 5027
3833 187
3833 6267
3833 8823
3833 270
3833 1829
3833 7920
3833 10810
3833 3278
3833 5508
3833 10171
3834 3193
3834 1296
3834 2855
3834 1457
3834 5016
3834 6077
3835 2274
3835 6421
3835 2014
3835 2447
3835 4157
3835 809
3835 1729
3835 2257
3835 1493
3835 1899
3835 2459
3835 6377
3835 5120
3835 5719
3835 9780
3835 7452
3835 1639
3835 10335
3835 5672
3835 8071
3835 1314
3836 4708
3836 621
3836 8900
3836 11345
3836 1677
3836 11205
3836 11669
3837 8571
3837 8420
3837 8793
3837 11249
3837 676
3838 3995
3838 4035
3838 9109
3838 9261
3838 10832
3838 8637
3839 7060
3839 7796
3839 3166
3839 9730
3839 9444
3839 11558
3840 669
3840 2835
3840 3921
3840 5139
3840 7367
3840 2373
3840 2823
3840 5321
3841 6770
3841 1624
3841 7035
3841 8208
3841 7684
3841 8207
3841 9659
3841 7694
3841 9100
3841 9947
3841 6258
3841 9444
3841 10236
3841 10201
3841 9243
3841 10798
3841 5834
3841 6730
3841 11232
3841 11379
3841 741
3841 2609
3841 4104
3841 6270
3841 6864
3841 11578
3841 11580
3841 10616
3841 11439
3841 11709
3841 11735
3841 11686
3842 1862
3842 5758
3842 6465
3842 1466
3842 6957
3843 1624
3843 297
3843 7541
3843 8132
3843 8251
3843 8778
3843 8407
3843 9037
3843 10169
3843 9947
3843 3375
3843 9444
3843 6774
3843 10271
3843 10288
3843 11232
3843 825
3843 11399
3843 11632
3843 4280
3843 11689
3843 11739
3843 6445
3843 6443
3843 9669
3844 10947
3844 11536
3844 11549
3844 5170
3844 11494
3844 11742
3844 11711
3845 6050
3845 2907
3845 4076
3845 4592
3845 3975
3845 7864
3845 11049
3845 7694
3845 9730
3845 6258
3845 9444
3845 5834
3845 11286
3845 11765
3845 6443
3845 6446
3846 1815
3846 6262
3846 1590
3846 1645
3846 1653
3846 1804
3846 2415
3846 7739
3847 3426
3847 7720
3847 9325
3847 7712
3847 40
3848 8681
3848 11308
3848 11486
3848 11399
3848 3999
3848 7988
3848 11568
3848 11606
3848 747
3848 10626
3848 9626
3848 9794
3848 11772
3848 11773
3848 11775
3848 11675
3848 11819
3848 11816
3849 6363
3849 8132
3849 8254
3849 5228
3849 9772
3849 5291
3849 10236
3849 7442
3849 9612
3849 11600
3849 11601
3849 11602
3849 11702
3850 3564
3850 1207
3850 9336
3850 4763
3850 8643
3851 134
3851 9123
3851 10569
3851 6406
3851 10053
3852 33
3852 6694
3852 7324
3852 4882
3852 10411
3853 1055
3853 1074
3853 7153
3853 8875
3853 8849
3853 8855
3853 1069
3854 1299
3854 3319
3854 2574
3854 2883
3854 3751
3854 3752
3854 2576
3854 7338
3854 6468
3854 998
3854 1912
3855 4035
3855 3990
3855 4068
3855 2196
3855 3997
3855 4002
3855 4047
3855 4070
3855 3999
3855 4008
3855 5057
3855 5976
3855 6001
3855 5977
3855 4976
3855 6522
3855 4532
3855 6310
3855 756
3855 1378
3856 2016
3856 7852
3856 8167
3856 9224
3856 10648
3857 1454
3857 4210
3857 900
3857 5363
3857 6678
3857 7143
3857 6014
3857 8132
3857 8254
3857 7993
3857 8515
3857 9260
3857 7585
3858 7560
3858 8228
3858 1340
3858 9212
3858 3973
3858 4875
3859 6482
3859 6483
3859 9490
3859 7684
3859 11290
3859 11601
3859 11600
3860 3360
3860 4291
3860 1482
3860 3420
3860 7615
3860 2447
3860 4174
3860 5788
3860 4167
3861 386
3861 330
3861 180
3861 5735
3861 4257
3861 2976
3861 6426
3861 2993
3861 8699
3861 43
3861 92
3861 9595
3862 4014
3862 6000
3862 7233
3862 9209
3862 3980
3862 10369
3862 9212
3863 9446
3863 9433
3863 6410
3863 11567
3863 11270
3863 11564
3863 11566
3863 11565
3863 823
3863 4028
3863 6957
3863 11782
3863 6445
3863 6454
3863 10092
3864 694
3864 1240
3864 4322
3864 1825
3864 2923
3864 1244
3864 1827
3864 1682
3864 1622
3864 4716
3864 5837
3864 3670
3864 1292
3864 2493
3864 5113
3864 3422
3864 4135
3864 6506
3864 4139
3864 6006
3864 4714
3864 5963
3864 6546
3864 7708
3864 7058
3864 8135
3864 7605
3864 429
3864 597
3864 3551
3864 9290
3864 3663
3864 8371
3864 8622
3864 9361
3864 1591
3864 9038
3864 8885
3864 2524
3864 458
3864 7610
3864 8257
3865 4656
3865 9955
3865 4717
3865 7169
3865 9109
3865 11504
3866 1849
3866 7869
3866 7866
3866 2309
3866 2387
3866 7868
3867 1749
3867 3688
3867 9149
3867 578
3867 1348
3868 7779
3868 8449
3868 8599
3868 9174
3868 8409
3868 9712
3868 10371
3868 9774
3868 10955
3869 909
3869 4739
3869 4138
3869 671
3869 1671
3870 7678
3870 1
3870 11069
3870 8182
3870 7768
3870 10297
3870 3289
3870 412
3870 9691
3870 8582
3871 2743
3871 4699
3871 4812
3871 3950
3871 3422
3871 583
3871 9527
3871 6737
3871 1261
3871 1461
3871 1549
3872 10798
3872 11130
3872 5780
3872 7022
3872 5834
3872 11377
3872 11098
3872 5781
3872 11002
3872 11284
3872 11232
3872 6364
3872 11378
3872 11379
3872 11255
3872 11041
3872 11539
3872 11543
3872 11544
3872 6096
3872 11550
3872 11254
3872 11788
3872 1825
3872 6449
3872 11770
3872 11439
3872 11568
3872 11536
3873 10666
3873 11033
3873 11209
3873 2166
3873 6620
3873 8683
3873 10480
3873 10704
3873 10852
3874 8889
3874 1825
3874 5113
3874 8379
3874 6879
3874 6620
3874 10715
3874 6869
3875 5230
3875 7616
3875 9034
3875 8728
3875 9279
3875 9859
3875 7694
3875 10236
3876 1255
3876 4958
3876 5516
3876 6668
3876 7888
3876 10398
3876 10399
3876 808
3876 5943
3876 10449
3876 9074
3877 4014
3877 5176
3877 7742
3877 1957
3877 4044
3877 4391
3877 7049
3877 7354
3877 8207
3877 8209
3877 8210
3877 8208
3877 6738
3877 3368
3877 6471
3878 1632
3878 2048
3878 2053
3878 4032
3878 10544
3878 3053
3878 6751
3878 11613
3878 11493
3878 11494
3879 8250
3879 7514
3879 8603
3879 9037
3879 8763
3879 7585
3879 6258
3879 5291
3879 10113
3879 9733
3879 6774
3879 5782
3879 6731
3879 10014
3879 10271
3879 5781
3879 10798
3879 11483
3879 11527
3879 11524
3879 11543
3879 11544
3879 11640
3879 5788
3879 11601
3879 11702
3879 11820
3880 11306
3880 1865
3880 3999
3880 4385
3880 7973
3880 8112
3880 8220
3880 4560
3880 863
3880 1864
3880 10251
3880 7031
3880 11168
3880 7747
3880 10248
3880 8826
3880 2539
3880 2688
3880 5978
3880 6649
3880 7310
3880 7992
3880 127
3880 8512
3880 6718
3880 11669
3880 3901
3880 452
3880 10318
3880 3169
3880 11211
3880 8243
3880 1268
3880 1223
3881 9037
3881 7585
3881 8728
3881 3164
3881 8207
3881 9637
3881 8510
3881 6258
3881 9947
3881 7694
3881 9730
3881 5291
3881 5307
3881 10114
3881 10371
3881 10633
3881 9733
3881 10326
3881 10449
3881 5781
3881 11185
3881 6730
3881 11526
3881 11527
3881 11606
3881 11490
3881 11156
3881 11736
3881 11399
3881 11540
3881 11632
3881 4280
3881 11439
3881 11496
3881 11782
3881 6443
3881 11118
3881 9734
3881 11136
3881 11819
3881 11822
3881 11832
3882 822
3882 2085
3882 8678
3882 11128
3882 11399
3882 2317
3882 9683
3882 6841
3882 2891
3882 4386
3882 6601
3882 6983
3882 2543
3882 3052
3882 5369
3882 7133
3882 10877
3883 1521
3883 5654
3883 6342
3883 7723
3883 84
3883 6240
3883 10275
3884 6486
3884 7541
3884 8382
3884 8679
3884 9033
3884 11765
3884 11767
3885 8415
3885 8382
3885 3166
3885 9284
3885 9947
3885 9858
3885 9518
3885 10288
3885 10774
3885 6410
3885 11487
3886 5668
3886 9303
3886 572
3886 6203
3886 9243
3886 9198
3887 6751
3887 1335
3887 4174
3887 4464
3887 6590
3887 4627
3887 3554
3887 5794
3887 9927
3887 9634
3887 327
3887 5779
3887 7957
3887 1357
3887 9759
3887 9850
3887 8654
3887 2325
3887 2373
3887 6597
3887 10531
3887 234
3887 6171
3887 1410
3887 6146
3887 10176
3887 4399
3887 4837
3887 6194
3888 3966
3888 3968
3888 7291
3888 5985
3888 5987
3889 1092
3889 976
3889 666
3889 10591
3889 6185
3889 8473
3889 10555
3889 11104
3889 4818
3889 2285
3889 2812
3889 4126
3889 5322
3889 8077
3889 8075
3889 9438
3889 10560
3889 5851
3889 11190
3890 1521
3890 1753
3890 8476
3890 9585
3890 9587
3890 10047
3890 2499
3891 3593
3891 6326
3891 9121
3891 1906
3891 6497
3891 2427
3891 9822
3891 7658
3891 2448
3892 851
3892 5940
3892 8717
3892 8675
3892 11491
3892 6760
3892 226
3893 1495
3893 4237
3893 876
3893 6155
3893 3462
3894 9704
3894 9868
3894 5096
3894 7299
3894 1939
3895 4725
3895 4035
3895 7796
3895 7354
3895 8409
3895 7514
3895 2402
3895 6002
3895 10289
3895 11002
3895 10307
3895 11487
3896 6415
3896 5171
3896 7415
3896 3451
3896 1447
3896 5700
3896 6902
3897 9910
3897 3519
3897 6957
3897 644
3897 717
3897 2185
3897 9510
3897 4683
3897 8120
3897 3290
3898 2256
3898 2144
3898 2855
3898 3592
3898 8415
3898 6412
3898 5329
3898 3183
3898 9187
3898 11766
3899 1578
3899 8382
3899 8602
3899 9037
3899 8679
3899 8189
3899 7683
3899 9922
3899 10995
3899 10618
3899 3096
3899 11524
3899 11525
3899 9735
3899 9168
3899 11632
3899 11771
3899 11772
3900 8415
3900 8417
3900 8208
3900 9947
3900 7369
3900 10014
3900 11632
3900 11766
3900 770
3900 11769
3900 11770
3900 11828
3901 1291
3901 1293
3901 1481
3901 821
3901 7438
3902 8417
3902 8250
3902 9490
3902 1814
3902 1809
3902 7694
3902 9444
3902 10114
3902 10238
3902 5304
3902 5780
3902 5782
3902 10271
3902 6730
3902 11232
3902 11255
3902 11539
3902 11399
3903 2397
3903 6752
3903 8061
3903 2016
3903 8002
3903 5201
3903 4178
3903 1258
3904 4347
3904 4923
3904 5228
3904 5391
3904 5395
3904 873
3904 877
3904 6044
3904 2085
3904 1624
3904 6363
3904 8132
3904 8415
3904 9054
3904 9490
3904 9852
3904 7694
3904 11521
3904 5788
3905 2447
3905 2953
3905 2977
3905 7836
3905 7838
3905 5146
3905 10590
3905 9048
3906 1530
3906 5162
3906 3794
3906 7359
3906 6693
3906 8868
3907 4923
3907 5228
3907 7552
3907 3658
3907 10758
3908 8207
3908 9853
3908 9947
3908 2644
3908 11056
3908 9826
3908 10262
3908 5516
3908 6646
3908 7926
3908 9760
3908 9150
3908 8605
3908 6096
3908 8876
3908 10752
3908 4955
3908 5517
3908 5865
3908 6190
3908 7970
3908 11537
3908 6449
3908 11701
3908 10690
3909 6728
3909 3516
3909 7569
3909 7060
3909 825
3909 6645
3909 5977
3909 11439
3909 6739
3910 2792
3910 4116
3910 8678
3910 1729
3910 9829
3910 7600
3911 6662
3911 10234
3911 10798
3911 6445
3911 10446
3912 8384
3912 8408
3912 8407
3912 1543
3912 11522
3912 6443
3913 178
3913 6240
3913 1721
3913 10143
3913 697
3914 3164
3914 7694
3914 7369
3914 10774
3914 10014
3914 10289
3914 11286
3914 11486
3914 11606
3914 11558
3914 11774
3915 6329
3915 1072
3915 8849
3915 1258
3915 6326
3915 11568
3915 4207
3916 4347
3916 1457
3916 5228
3916 5226
3916 5016
3916 3515
3916 5395
3916 5393
3916 1464
3916 5390
3916 1941
3916 5233
3916 8132
3916 8383
3916 8251
3916 8409
3916 8677
3916 7684
3916 7683
3916 10113
3916 6679
3916 11098
3916 9592
3916 11524
3916 11525
3916 7918
3916 11254
3916 11702
3916 4280
3916 11496
3916 11770
3916 11772
3917 2176
3917 11398
3917 7926
3917 8623
3917 11424
3918 57
3918 152
3918 1213
3918 2108
3918 3694
3918 5278
3918 5655
3918 4128
3918 6838
3919 384
3919 6512
3919 397
3919 11240
3919 3787
3919 1020
3919 7944
3920 954
3920 3119
3920 5114
3920 5947
3920 7173
3921 250
3921 2941
3921 2791
3921 252
3921 6868
3921 6872
3921 10141
3921 3836
3922 4034
3922 5976
3922 6310
3922 4854
3922 10367
3922 3024
3922 11491
3922 10418
3923 2319
3923 11174
3923 7991
3923 1961
3923 4091
3923 2897
3923 568
3923 271
3923 5793
3923 10194
3923 7201
3923 1851
3923 4694
3923 9931
3923 8480
3923 8394
3923 489
3923 1502
3923 4029
3923 8147
3923 1120
3923 8942
3923 5277
3923 2420
3923 7434
3923 2738
3923 5245
3923 7736
3923 8447
3923 8623
3924 3120
3924 9374
3924 7561
3924 7573
3924 9507
3924 9508
3924 8592
3924 6865
3924 8051
3925 8417
3925 8254
3925 8250
3925 8408
3925 7514
3925 9636
3925 5307
3925 9444
3925 10326
3925 10798
3925 11291
3925 11289
3925 11232
3925 10421
3925 40
3925 8050
3925 1425
3926 7707
3926 892
3926 10289
3926 4300
3926 7981
3926 4459
3927 119
3927 1702
3927 1405
3927 3222
3927 8791
3928 6404
3928 323
3928 10670
3928 1706
3928 6916
3928 11034
3929 9109
3929 9507
3929 9508
3929 9727
3929 8130
3929 8784
3929 10441
3929 10866
3930 498
3930 413
3930 2192
3930 2466
3930 5227
3930 7871
3930 6607
3930 11187
3930 459
3930 11206
3931 1570
3931 917
3931 4626
3931 4253
3931 4427
3931 849
3931 1849
3931 3454
3931 1767
3931 1908
3931 2405
3931 4157
3931 4225
3931 6372
3931 1558
3931 3446
3932 7691
3932 3368
3932 4904
3932 657
3932 2163
3932 10224
3933 1781
3933 5997
3933 6009
3933 7009
3933 9932
3933 11093
3933 7247
3933 11094
3933 11175
3934 2018
3934 3862
3934 9759
3934 6068
3934 7246
3934 8976
3934 3775
3934 7494
3934 6781
3934 7896
3934 539
3934 1121
3934 4954
3934 6871
3934 6872
3934 9022
3934 10081
3934 10338
3934 1482
3934 4088
3934 5813
3934 10458
3934 4686
3934 6053
3934 496
3934 2872
3934 1134
3934 8818
3934 11631
3935 10738
3935 9507
3935 321
3935 1638
3935 2776
3935 5064
3935 5067
3935 7566
3935 8288
3935 8318
3935 10838
3935 11231
3935 11795
3936 531
3936 4923
3936 5229
3936 1624
3936 8199
3936 9100
3936 9772
3936 9519
3936 10638
3936 11339
3936 11690
3936 11689
3937 955
3937 1052
3937 4445
3937 4680
3937 9061
3937 9293
3937 6786
3937 4286
3937 8214
3937 572
3937 7800
3937 4835
3938 6483
3938 7060
3938 8254
3938 8385
3938 7514
3938 9037
3938 8679
3938 7585
3938 9100
3938 10798
3938 11539
3938 11550
3938 11771
3938 11769
3938 11777
3938 11776
3939 3193
3939 7541
3939 8449
3939 8254
3939 8417
3939 8253
3939 7036
3939 8382
3939 8251
3939 8385
3939 8763
3939 1543
3939 7684
3939 7683
3939 9659
3939 7369
3939 10823
3940 1177
3940 1392
3940 2895
3940 3797
3940 7045
3940 7572
3940 7848
3940 505
3940 3666
3940 6498
3940 9225
3940 6042
3940 4979
3940 6077
3940 1527
3940 2690
3940 2673
3940 3952
3940 4600
3940 6125
3940 7264
3941 7101
3941 7060
3941 10902
3941 11293
3941 9734
3942 225
3942 872
3942 8749
3942 7365
3942 11343
3942 6678
3942 7814
3943 1049
3943 2401
3943 6102
3943 8059
3943 4091
3943 6103
3943 10165
3943 10634
3943 7321
3944 9906
3944 681
3944 2689
3944 9814
3944 2888
3944 5843
3945 3863
3945 8374
3945 10851
3945 10129
3945 10698
3945 512
3945 11333
3946 10857
3946 69
3946 87
3946 331
3946 10644
3946 1470
3946 661
3946 5639
3946 5825
3946 3152
3946 3154
3946 1291
3946 9921
3946 10645
3946 217
3947 3375
3947 11625
3947 683
3947 2653
3947 11346
3947 5269
3947 10755
3948 3913
3948 1571
3948 10216
3948 11452
3948 512
3949 7090
3949 7774
3949 9706
3949 7816
3949 10283
3949 6600
3950 11369
3950 1268
3950 4151
3950 5618
3950 6172
3950 7322
3950 5978
3950 1592
3950 3628
3950 4978
3950 7897
3950 10909
3950 8636
3950 1454
3950 9641
3950 4032
3951 1624
3951 4794
3951 7060
3951 7796
3951 8449
3951 8250
3951 8603
3951 4459
3951 4209
3951 9857
3951 4439
3951 9772
3951 10116
3951 4512
3951 8293
3951 11132
3951 11130
3951 10567
3951 10739
3951 10647
3951 11474
3951 11481
3951 6096
3951 11516
3951 11635
3952 876
3952 632
3952 1219
3952 2872
3952 7617
3952 3070
3952 4535
3952 7836
3952 2580
3952 7210
3952 8821
3952 10204
3952 1864
3952 8077
3952 1860
3952 9521
3952 10340
3953 9586
3953 1343
3953 6190
3953 6212
3953 6188
3953 6192
3953 8763
3953 9340
3953 3584
3953 5408
3953 9583
3953 5291
3954 540
3954 7447
3954 8596
3954 8975
3954 10748
3954 5618
3954 10749
3954 7811
3954 2270
3954 6963
3954 8597
3954 11633
3954 9490
3954 11447
3954 11399
3954 11613
3954 5836
3954 10428
3954 1709
3955 9521
3955 8417
3955 9700
3955 9922
3955 7629
3955 9772
3955 6258
3955 10236
3955 9733
3955 10760
3955 10774
3955 9318
3955 9243
3955 10238
3955 10288
3955 5834
3955 10182
3955 10798
3955 10969
3955 11232
3955 8681
3955 11302
3955 11399
3955 11485
3955 11487
3955 11606
3955 11567
3955 10092
3956 3459
3956 3715
3956 6355
3956 6416
3956 3717
3957 5870
3957 3843
3957 5886
3957 4113
3957 10816
3957 7891
3957 8815
3957 7435
3957 7271
3958 4923
3958 5229
3958 6483
3958 7060
3958 7860
3958 8132
3958 8449
3958 8510
3958 9037
3958 9100
3958 6258
3958 9947
3958 10201
3958 7017
3958 7721
3959 2891
3959 4421
3959 3166
3959 8300
3959 10335
3959 5149
3959 9460
3959 9668
3959 11164
3959 9530
3959 928
3959 9147
3959 10644
3959 4814
3959 3351
3959 10647
3959 10739
3959 11474
3959 10306
3960 11522
3960 5635
3960 11255
3960 11521
3960 11524
3960 11529
3960 11568
3960 11526
3960 11329
3960 11539
3960 11543
3960 11550
3960 11581
3960 11582
3960 7510
3960 5345
3960 8552
3960 9593
3960 11540
3960 2573
3960 2609
3960 11600
3960 11601
3960 11567
3960 9144
3960 6354
3960 11785
3960 11811
3960 11812
3961 1344
3961 610
3961 4730
3961 5978
3961 1542
3961 3832
3961 1930
3961 1714
3961 1708
3961 1885
3961 3781
3961 3895
3961 3058
3961 5755
3961 1880
3961 612
3961 1340
3961 1373
3961 4426
3961 5837
3961 3493
3961 3906
3961 7226
3961 3103
3962 4923
3962 5016
3962 1457
3962 7541
3962 8251
3963 6363
3963 7514
3963 4724
3963 3658
3963 11074
3963 1624
3963 9612
3963 1827
3964 8755
3964 9508
3964 10423
3964 9860
3964 2447
3964 5368
3965 3456
3965 4923
3965 1457
3965 5016
3965 1464
3965 3516
3965 5807
3965 6482
3965 7796
3965 8132
3965 8254
3965 8778
3965 9067
3965 9037
3965 9490
3965 7694
3965 10798
3965 11558
3965 11782
3965 6443
3965 6444
3965 6449
3965 11819
3966 339
3966 6957
3966 7597
3966 2539
3966 7098
3966 4660
3966 912
3967 6258
3967 9947
3967 9730
3967 9444
3967 10236
3967 10201
3967 10497
3967 10289
3967 10287
3967 2571
3967 6737
3967 9690
3967 5783
3967 8787
3967 10798
3967 9319
3967 11130
3967 11131
3967 11132
3967 10567
3967 11232
3967 2866
3967 11255
3967 11606
3967 11613
3967 11578
3967 9691
3967 11122
3967 11007
3967 11788
3967 11399
3968 1506
3968 3383
3968 2509
3968 5744
3968 3207
3968 1188
3968 1940
3968 2428
3968 872
3968 3004
3968 1960
3968 4310
3968 4632
3968 2520
3968 8778
3968 8779
3968 243
3968 4053
3968 10234
3968 2746
3968 10633
3968 6774
3968 11117
3968 5590
3968 4058
3968 11161
3968 2931
3968 5298
3968 10665
3968 11439
3968 3541
3969 596
3969 7891
3969 1344
3969 9872
3969 3368
3969 4202
3969 4762
3969 8616
3969 6805
3969 10343
3969 8435
3969 5289
3970 3687
3970 2138
3970 2299
3970 3114
3970 1130
3970 2286
3970 3096
3970 1581
3970 1601
3970 6211
3970 10181
3970 1404
3970 130
3970 1851
3971 8415
3971 8407
3971 8408
3971 8249
3971 9856
3971 10169
3971 9947
3971 7585
3971 10236
3972 2496
3972 8944
3972 10981
3972 11211
3972 385
3972 5432
3972 2301
3972 2605
3972 3260
3972 4594
3972 5066
3972 10736
3972 2770
3972 11207
3972 9981
3972 155
3972 1687
3972 6816
3972 6880
3972 9693
3972 11006
3973 8253
3973 8779
3973 9037
3973 9260
3973 6258
3973 7694
3973 9773
3973 10234
3973 9733
3973 10271
3973 6729
3973 11002
3973 11524
3973 11580
3973 11481
3973 11782
3974 8778
3974 3164
3974 1543
3974 8521
3974 5266
3974 5753
3974 9251
3974 9255
3974 9974
3974 10287
3974 11316
3974 11176
3974 3553
3974 10626
3974 11583
3975 616
3975 886
3975 5196
3975 6083
3975 7934
3975 7935
3975 10536
3975 3557
3976 4430
3976 2320
3976 75
3976 898
3976 7250
3976 11097
3976 4967
3976 5321
3976 7248
3976 9699
3976 7952
3976 10654
3977 6748
3977 3945
3977 5902
3977 7009
3977 4247
3977 11422
3977 5363
3977 3431
3977 10503
3977 7295
3977 3876
3977 64
3977 3625
3977 4969
3977 11653
3977 11699
3977 11725
3977 11410
3978 579
3978 6724
3978 4915
3978 9425
3978 8423
3979 2953
3979 2991
3979 2992
3979 2996
3979 11004
3980 8417
3980 8382
3980 3164
3980 9037
3980 3658
3980 11568
3980 11439
3981 3397
3981 3465
3981 4108
3981 4107
3981 3376
3981 3517
3981 3589
3981 4725
3981 3506
3981 5016
3981 1624
3981 6485
3981 10201
3982 584
3982 1579
3982 2114
3982 3011
3982 2561
3982 7616
3982 8132
3982 8415
3982 8251
3982 8728
3982 9733
3983 6363
3983 4795
3983 249
3983 4166
3983 8257
3983 9313
3983 8182
3984 809
3984 2437
3984 2470
3984 2481
3984 4033
3984 4684
3984 7911
3984 1932
3984 2267
3984 1270
3984 2352
3984 806
3984 3546
3984 3512
3984 10520
3984 8851
3984 10834
3984 11762
3984 11686
3984 804
3984 2430
3984 2482
3984 1268
3984 1906
3984 11785
3984 11792
3985 3873
3985 7796
3985 8415
3985 9011
3985 8208
3985 8207
3985 8211
3985 8510
3985 6258
3985 9100
3985 9855
3985 9852
3985 9732
3985 9947
3985 9730
3986 2555
3986 3238
3986 257
3986 3396
3986 3228
3986 3225
3986 609
3987 1150
3987 7622
3987 6987
3987 8863
3987 6989
3987 8112
3987 7973
3987 7672
3987 10423
3987 11703
3988 6258
3988 9444
3988 10236
3988 10943
3988 10238
3988 5834
3988 11232
3988 10911
3988 11307
3988 11308
3988 10912
3988 10913
3988 10914
3988 10915
3988 10917
3988 10916
3988 11540
3989 1624
3989 6482
3989 7060
3989 8169
3989 8132
3989 7071
3989 9178
3989 1543
3989 8207
3989 9922
3989 9852
3989 7629
3989 9947
3989 6258
3989 9730
3989 9733
3989 10236
3989 10759
3989 4104
3989 11401
3990 4504
3990 2287
3990 1716
3990 3987
3990 4738
3991 191
3991 4076
3991 4091
3991 8931
3991 7728
3992 1341
3992 1639
3992 4422
3992 8132
3992 9034
3992 9490
3992 9664
3992 8189
3992 8510
3992 9282
3992 9922
3992 1484
3992 10288
3992 11293
3992 9109
3992 11816
3993 1481
3993 1480
3993 1495
3993 10201
3993 5834
3993 5782
3993 8666
3993 5781
3993 11579
3993 3476
3994 10287
3994 11606
3994 11399
3994 11782
3994 10092
3995 3679
3995 7256
3995 7254
3995 219
3995 1357
3995 4982
3995 1649
3995 2294
3995 6487
3995 4564
3995 1644
3995 1642
3995 9383
3995 3744
3996 5760
3996 3336
3996 3987
3996 321
3996 1054
3996 2301
3996 7994
3997 9745
3997 5504
3997 1165
3997 6575
3997 9792
3997 9955
3997 10025
3998 6310
3998 8419
3998 10418
3998 726
3998 9746
3998 8793
3998 8429
3998 5178
3998 10289
3998 2257
3998 10774
3998 7280
3998 11698
3998 6239
3998 4389
3998 10626
3999 517
3999 531
3999 10370
3999 9850
3999 4032
3999 9106
4000 1916
4000 4684
4000 2687
4000 8891
4000 9134
4001 3508
4001 11813
4001 1452
4001 4608
4001 10186
4001 10185
4001 5734
4001 7765
4002 909
4002 9765
4002 6718
4002 6546
4002 7610
4002 4025
4002 9783
4002 4816
4002 11369
4002 594
4002 8817
4002 593
4002 2415
4002 4309
4002 590
4002 1382
4002 806
4002 4813
4002 5405
4002 4811
4002 4815
4002 6086
4002 7632
4002 8944
4002 6824
4002 708
4002 1226
4002 4327
4002 6545
4002 6719
4002 8965
4002 3541
4003 8521
4003 6478
4003 10625
4003 3370
4003 6725
4004 6188
4004 882
4004 5865
4004 2329
4004 7432
4004 1347
4005 7060
4005 7796
4005 5834
4005 11529
4005 11399
4005 11580
4005 11579
4005 5788
4006 3592
4006 9965
4006 3613
4006 8441
4006 4943
4007 244
4007 3000
4007 443
4007 477
4007 7085
4007 8176
4008 2894
4008 1849
4008 8616
4008 6017
4008 7402
4008 4259
4008 1022
4008 3795
4008 3161
4008 5162
4008 1021
4008 8900
4008 3454
4008 5933
4008 3794
4008 11625
4009 8487
4009 1907
4009 11251
4009 11253
4009 11084
4009 11128
4009 11594
4009 11698
4010 3456
4010 5226
4010 5228
4010 6018
4010 7541
4010 8728
4010 8211
4010 9663
4010 11399
4010 9669
4010 10321
4011 7616
4011 7694
4011 8408
4011 10169
4011 11002
4011 7429
4011 10218
4012 909
4012 3351
4012 1951
4012 1892
4012 8839
4012 2770
4012 3120
4012 181
4013 11072
4013 7677
4013 5348
4013 956
4013 3579
4013 5788
4014 8736
4014 9037
4014 9518
4014 9604
4014 9852
4014 10371
4014 5520
4014 4689
4014 7442
4014 5304
4014 585
4014 3549
4014 6455
4014 11074
4014 11232
4014 10202
4014 8009
4014 11300
4014 10916
4014 10914
4014 6096
4014 11511
4014 4906
4014 11270
4014 11497
4014 11565
4014 11564
4014 254
4014 11739
4014 11136
4014 9734
4014 11439
4014 11595
4014 11767
4014 11821
4014 11822
4014 11835
4015 5267
4015 7692
4015 9151
4015 11146
4015 6965
4015 5268
4015 10985
4015 3709
4016 9037
4016 9705
4016 7694
4016 6258
4016 9730
4016 9444
4016 10236
4016 6088
4016 10201
4016 7191
4016 10798
4016 7596
4016 6822
4016 5548
4016 6761
4016 9415
4016 10626
4017 434
4017 1700
4017 4032
4017 4185
4017 7911
4017 3172
4017 7510
4017 1063
4018 4108
4018 3398
4018 3589
4018 4702
4018 4724
4018 3064
4018 6248
4018 3456
4018 6344
4018 3592
4018 8779
4018 8407
4018 11739
4018 11741
4019 3193
4019 5593
4019 10823
4019 9243
4019 10969
4019 11481
4019 11543
4019 11544
4019 11360
4019 11770
4019 11771
4020 895
4020 2736
4020 4600
4020 6511
4020 8789
4021 3466
4021 3589
4021 4725
4021 3323
4021 3457
4021 4347
4021 4933
4021 5228
4021 5229
4021 5226
4021 5016
4021 3932
4021 5393
4021 6077
4021 1624
4021 6486
4021 8169
4021 8383
4021 9037
4021 8599
4021 8208
4021 9856
4021 9857
4021 10236
4021 10371
4021 10014
4021 10618
4021 10449
4021 10798
4021 9319
4021 11524
4021 11765
4021 11767
4021 11772
4021 9669
4022 1386
4022 4459
4022 900
4022 8208
4022 9377
4022 11399
4022 11485
4022 11441
4023 1473
4023 676
4023 892
4023 3595
4023 5837
4023 5838
4023 6239
4023 7370
4023 8755
4023 9507
4023 10368
4023 2471
4024 8251
4024 5939
4024 6751
4024 4858
4024 7817
4024 10532
4024 5957
4024 11702
4025 9600
4025 10442
4025 11158
4025 9814
4025 10107
4025 1624
4025 7088
4026 10318
4026 9755
4026 10439
4026 1359
4026 4935
4026 3748
4026 1610
4026 3238
4026 5459
4026 2548
4026 7201
4026 2045
4026 9528
4027 256
4027 411
4027 1168
4027 5508
4027 3753
4027 10838
4027 3048
4028 7060
4028 8132
4028 6363
4028 8415
4028 8449
4028 8251
4028 8382
4028 8408
4028 9064
4028 8677
4028 3166
4028 7683
4028 6258
4028 9700
4028 7659
4028 5307
4028 10201
4028 10182
4028 11002
4028 9612
4028 10600
4028 11524
4028 11515
4028 9669
4029 10815
4029 7405
4029 9651
4029 9770
4029 7442
4029 6499
4030 2121
4030 2952
4030 1394
4030 7578
4030 9653
4030 9234
4030 7814
4031 10600
4031 10793
4031 10797
4031 11307
4031 11308
4031 11399
4031 11448
4031 11528
4031 11529
4031 11530
4031 10911
4031 10916
4031 11483
4031 8681
4031 10919
4031 11550
4031 5635
4031 11255
4031 11521
4031 11524
4031 11525
4031 11531
4031 11041
4031 11485
4031 11539
4031 11543
4031 5579
4031 11329
4031 11254
4031 11601
4031 10811
4031 11496
4031 1827
4031 11739
4031 11741
4032 2694
4032 898
4032 8208
4032 9507
4032 9868
4032 10477
4033 2838
4033 2655
4033 10691
4033 8755
4033 3999
4033 4032
4033 9759
4033 7984
4033 6983
4034 1789
4034 5391
4034 5709
4034 1624
4034 6486
4034 7060
4034 7552
4034 1642
4034 3166
4034 7683
4034 7442
4034 10976
4034 5834
4034 11232
4034 11474
4034 11568
4034 2894
4034 11785
4034 11811
4035 1242
4035 3572
4035 893
4035 7396
4035 1974
4036 6363
4036 7694
4036 9100
4036 9947
4036 2213
4036 10236
4036 10976
4036 10798
4036 6258
4036 8293
4036 10774
4036 11292
4036 11316
4036 11291
4036 11255
4036 11518
4036 1826
4037 7834
4037 10733
4037 4565
4037 7872
4037 10949
4037 9114
4037 10553
4037 10268
4038 2200
4038 10626
4038 809
4038 8523
4038 10240
4038 2860
4038 8780
4038 8763
4038 187
4038 118
4038 806
4038 5034
4038 6862
4038 7572
4038 2102
4038 7723
4038 10390
4038 10648
4038 262
4038 11140
4038 10567
4038 11362
4038 10754
4039 1896
4039 4736
4039 5137
4039 6189
4039 6957
4040 1483
4040 10099
4040 1482
4040 108
4040 3149
4040 2814
4040 6630
4040 4975
4040 1851
4040 3029
4040 2080
4040 5172
4040 896
4040 4811
4040 883
4041 7116
4041 6378
4041 9030
4041 10515
4041 7319
4041 7781
4041 7417
4041 2334
4041 4059
4042 718
4042 1568
4042 4933
4042 3516
4042 6680
4042 8384
4042 8383
4042 6492
4043 7694
4043 9947
4043 10169
4043 10236
4043 10014
4043 836
4043 2073
4043 11770
4043 11828
4044 3131
4044 912
4044 4797
4044 6122
4044 3951
4044 1249
4044 3347
4044 1595
4045 5550
4045 8432
4045 9940
4045 1984
4045 6957
4046 684
4046 1026
4046 1147
4046 1479
4046 1497
4046 1811
4046 266
4046 641
4046 643
4046 4335
4046 4343
4046 7779
4046 7796
4046 7616
4046 8132
4046 6258
4046 10277
4046 9100
4046 9730
4046 9774
4046 9444
4046 1211
4046 10236
4046 10201
4046 10759
4046 10955
4046 10774
4046 10798
4046 5834
4046 2609
4046 11768
4046 10520
4047 5016
4047 5229
4047 3932
4047 6486
4047 7683
4047 5834
4047 11777
4048 5541
4048 1348
4048 891
4048 4340
4048 7573
4048 6998
4048 9701
4048 2250
4048 10092
4049 10236
4049 10976
4049 4335
4049 7292
4049 10289
4049 10775
4049 10823
4049 5834
4049 9318
4049 10618
4049 10798
4049 6887
4049 10916
4049 11031
4049 10919
4049 11399
4049 11401
4049 11484
4049 11511
4049 11580
4049 11600
4049 11602
4049 4280
4049 853
4049 2669
4049 2856
4049 9952
4049 11018
4049 11788
4049 9131
4049 9669
4049 11501
4049 4787
4050 3568
4050 950
4050 877
4050 807
4050 2362
4050 7925
4050 1387
4050 2869
4051 3930
4051 5373
4051 6698
4051 6702
4051 1691
4051 5823
4051 6413
4051 6957
4051 10624
4051 6416
4051 11425
4052 9109
4052 766
4052 10510
4052 6826
4052 3487
4052 7194
4053 9168
4053 1930
4053 8381
4053 7612
4053 6298
4053 6826
4053 6047
4053 11568
4053 5366
4053 10006
4053 11502
4053 2146
4053 5141
4053 8438
4053 1308
4054 10234
4054 6258
4054 10371
4054 10201
4054 9318
4054 5834
4054 11098
4054 7721
4054 5781
4054 11232
4054 836
4054 837
4054 6410
4054 11002
4054 10169
4054 11529
4054 11530
4054 11522
4054 5635
4054 11521
4054 11527
4054 11528
4054 11329
4054 11576
4054 11582
4054 2573
4054 739
4054 6269
4054 7435
4054 11600
4054 11601
4054 11735
4055 3930
4055 816
4055 6678
4055 9287
4055 6674
4055 6699
4055 8239
4055 8514
4055 8515
4055 9590
4056 13
4056 3807
4056 2137
4056 4193
4056 4763
4056 5452
4056 879
4056 6081
4057 2374
4057 3951
4057 2025
4057 7005
4057 11417
4057 5809
4057 7809
4057 9443
4058 7552
4058 8102
4058 8778
4058 8603
4058 9183
4058 8189
4058 9100
4058 8510
4058 10326
4058 11232
4058 11522
4058 11524
4058 11526
4058 11527
4058 11529
4058 11530
4058 11531
4058 4104
4058 11239
4059 5933
4059 8105
4059 8112
4059 8325
4059 9507
4059 9955
4059 10852
4059 6535
4059 3403
4059 4837
4059 9106
4060 2342
4060 10154
4060 3639
4060 5300
4060 10272
4061 9448
4061 678
4061 1098
4061 2464
4061 3531
4061 3582
4061 3583
4061 8616
4061 118
4061 2533
4061 7522
4061 8148
4061 8149
4061 3888
4061 11200
4061 10731
4061 6727
4061 9911
4061 720
4061 11459
4061 6957
4062 11098
4062 11301
4062 11302
4062 11029
4062 11031
4062 10169
4062 11030
4062 11254
4062 11523
4062 11529
4062 11522
4062 11526
4062 11527
4062 11539
4062 11543
4062 6096
4062 11582
4062 11497
4062 11578
4062 2609
4062 11515
4062 10520
4062 11740
4062 11741
4062 11774
4063 4039
4063 5976
4063 5978
4063 6310
4063 6001
4063 4035
4063 6470
4063 5974
4063 7354
4063 7648
4063 5470
4063 11682
4063 9507
4063 9508
4063 9745
4063 7578
4063 7778
4063 5290
4063 1580
4063 10287
4063 8677
4063 10685
4063 9329
4063 10581
4063 1038
4063 6957
4063 10687
4063 7034
4063 11670
4063 6738
4063 8806
4063 10806
4063 11561
4063 11823
4064 5125
4064 3189
4064 7892
4064 10263
4064 2447
4064 6966
4064 3063
4064 10262
4064 2024
4065 1514
4065 5652
4065 1603
4065 10850
4065 4516
4066 5230
4066 5325
4066 4113
4066 1012
4066 993
4066 994
4066 1727
4066 3560
4066 1624
4066 7060
4066 1009
4066 8254
4066 8779
4066 1538
4066 987
4066 2059
4066 8534
4066 10054
4066 5022
4066 9735
4066 6446
4066 11518
4067 4557
4067 1624
4067 8199
4067 858
4067 3433
4067 3840
4067 795
4067 11516
4067 3432
4067 6445
4067 11768
4067 10968
4068 6795
4068 3856
4068 11226
4068 6386
4068 11280
4068 836
4068 6364
4068 11528
4068 5146
4068 7819
4068 11558
4068 5978
4068 9109
4068 3036
4068 8487
4068 6445
4068 6449
4068 11791
4068 457
4068 11439
4068 9799
4068 11816
4068 10968
4068 10823
4068 11833
4069 9644
4069 420
4069 1402
4069 3288
4069 4921
4069 6868
4069 6876
4069 9646
4069 9971
4069 5666
4069 174
4069 222
4069 259
4069 872
4069 1123
4069 1415
4069 3282
4069 4881
4069 5096
4069 5727
4069 5806
4069 5890
4069 6871
4069 6879
4069 6880
4069 8710
4069 8771
4069 10225
4069 10479
4069 5127
4069 9599
4069 3287
4069 6987
4069 9672
4070 9008
4070 3250
4070 8410
4070 8411
4070 3375
4070 5193
4070 6863
4070 3157
4070 10077
4070 7815
4070 969
4071 365
4071 1539
4071 2418
4071 2495
4071 2542
4071 7361
4071 8937
4071 9247
4071 9288
4071 7840
4071 8932
4071 11204
4072 7369
4072 5977
4072 6883
4072 8105
4072 11232
4072 11002
4072 11522
4072 11523
4072 9552
4072 6096
4072 11606
4072 2573
4072 1645
4072 11490
4072 11018
4072 10811
4072 11564
4072 11782
4072 11399
4072 11766
4072 11769
4072 11776
4072 11832
4072 1865
4072 3474
4072 11835
4072 11804
4073 180
4073 166
4073 401
4073 1402
4073 5458
4073 6342
4073 10419
4074 7808
4074 10579
4074 10666
4074 10823
4074 5170
4074 11742
4075 69
4075 3063
4075 45
4075 319
4075 4516
4075 5022
4075 1001
4075 6448
4076 3142
4076 2374
4076 4639
4076 5875
4076 5306
4076 6277
4076 6354
4076 5839
4076 9691
4076 597
4076 4424
4076 5292
4076 5971
4076 7502
4076 9568
4076 5787
4076 9003
4076 887
4076 3112
4076 3113
4076 3295
4076 4397
4076 5419
4076 5794
4076 7730
4076 8092
4076 8763
4076 8896
4076 10754
4076 11232
4076 3536
4076 3922
4076 9175
4076 10367
4076 10454
4076 10665
4076 11364
4077 3456
4077 4923
4077 6680
4077 6485
4077 7796
4077 8384
4077 8251
4077 8408
4077 10626
4078 3173
4078 6487
4078 1643
4078 7748
4078 9045
4079 8657
4079 8865
4079 892
4079 4560
4079 10492
4080 4242
4080 2465
4080 2545
4080 823
4080 4289
4080 1475
4080 7331
4080 8990
4080 816
4080 8903
4081 7138
4081 531
4081 8936
4081 1389
4081 8334
4081 5402
4082 1312
4082 806
4082 5219
4082 3207
4082 5434
4082 5427
4082 6693
4083 6751
4083 1087
4083 2050
4083 2053
4083 3711
4083 2270
4083 4023
4083 4032
4083 5516
4084 2447
4084 3063
4084 11355
4084 5037
4084 10567
4085 1484
4085 2984
4085 112
4085 821
4085 1506
4085 6957
4085 1271
4085 11005
4085 8374
4086 4818
4086 4225
4086 1721
4086 1860
4086 7541
4086 5502
4086 5503
4086 8289
4086 9331
4086 203
4086 1742
4086 8558
4086 3469
4087 505
4087 10219
4087 10218
4087 10220
4087 510
4087 7881
4087 4321
4088 1624
4088 8254
4088 245
4088 4155
4088 4601
4088 10774
4088 3375
4088 10288
4088 11399
4089 1046
4089 2278
4089 3831
4089 4847
4089 4901
4089 1906
4089 4201
4089 64
4089 11105
4089 3322
4089 3521
4089 6625
4089 7572
4089 8895
4089 8899
4089 5309
4089 8858
4089 8880
4089 8881
4089 3441
4089 4969
4089 11018
4090 45
4090 3524
4090 4753
4090 8018
4090 9448
4091 5226
4091 5230
4091 7060
4091 6103
4091 7968
4091 10366
4092 1078
4092 2325
4092 5051
4092 11319
4092 9955
4092 5976
4093 1446
4093 3687
4093 4032
4093 6752
4093 6996
4093 1481
4093 4921
4093 7620
4093 8253
4093 5871
4093 3801
4093 8828
4093 730
4093 2390
4093 8132
4093 6398
4093 7350
4093 4454
4093 4248
4093 7349
4093 4615
4093 5857
4093 7247
4093 11330
4093 9376
4093 9092
4093 9065
4093 9066
4093 5020
4093 7125
4093 3845
4093 10582
4093 442
4093 5149
4093 2384
4093 9040
4094 3166
4094 4081
4094 4212
4094 2203
4094 2801
4094 2802
4094 5038
4094 8962
4095 5516
4095 9858
4095 3166
4095 2999
4095 6978
4095 8220
4095 7164
4095 10262
4095 5869
4095 1046
4095 7985
4095 11264
4096 2899
4096 486
4096 1638
4096 2629
4096 2721
4096 2876
4096 2898
4096 3015
4096 3568
4096 3615
4096 4022
4096 4065
4096 4218
4096 5227
4096 5717
4096 5739
4096 6609
4096 6846
4096 10890
4096 9130
4096 9131
4097 5420
4097 3816
4097 3613
4097 130
4097 3374
4097 2451
4097 10085
4098 367
4098 5226
4098 5016
4098 1464
4098 5391
4098 3164
4098 9011
4098 8249
4098 10276
4098 9260
4098 7984
4098 10287
4098 10288
4098 11399
4098 11606
4098 11484
4098 11156
4098 11720
4098 11744
4099 1122
4099 873
4099 555
4099 4224
4099 5771
4099 3103
4099 5916
4099 792
4099 6633
4099 6634
4099 2084
4099 4102
4099 7637
4099 1957
4099 5917
4099 6542
4099 3961
4099 3760
4099 6098
4099 1649
4099 7646
4100 3871
4100 7089
4100 912
4100 112
4100 9506
4100 4032
4100 11550
4101 6151
4101 4969
4101 5223
4101 8655
4101 6578
4101 8919
4102 1271
4102 4730
4102 5226
4102 5229
4102 5709
4102 6619
4102 1747
4102 8169
4102 8598
4102 4259
4102 6615
4102 6080
4103 3652
4103 7295
4103 614
4103 10688
4103 40
4103 136
4103 8115
4103 10432
4103 10978
4103 9607
4103 9811
4104 5717
4104 6939
4104 7834
4104 5583
4104 11447
4105 1464
4105 3516
4105 9730
4105 9774
4105 10902
4105 10903
4105 4280
4105 11496
4105 6445
4106 9659
4106 7694
4106 7580
4106 6258
4106 9947
4106 9519
4106 10234
4106 9444
4106 10236
4106 10238
4106 327
4106 10201
4106 10798
4106 11132
4106 7017
4106 11130
4106 5834
4106 10307
4106 10306
4107 6140
4107 8417
4107 8779
4107 8680
4107 9260
4107 8728
4107 8763
4107 8189
4107 4521
4107 6790
4107 9100
4107 6258
4107 7694
4107 9947
4107 9730
4107 10236
4107 10201
4107 10036
4107 11002
4107 11135
4107 8214
4107 10817
4107 11136
4107 6443
4107 11701
4107 6438
4107 11501
4107 11118
4108 8254
4108 896
4108 9037
4108 8763
4108 9490
4108 9859
4108 9100
4108 11002
4109 7438
4109 1084
4109 6596
4109 10239
4109 6593
4109 8868
4109 11647
4110 11196
4110 11098
4110 11316
4110 10169
4110 11030
4110 11232
4110 11002
4110 10247
4110 11307
4110 11308
4110 11483
4110 10797
4110 10911
4110 10912
4110 10914
4110 10917
4110 10913
4110 10915
4110 10916
4110 10918
4110 1481
4110 11329
4110 11576
4110 11582
4110 741
4110 6864
4110 11578
4110 7435
4110 11399
4110 9043
4110 11246
4110 10616
4110 11709
4110 11735
4110 10113
4110 5788
4110 11740
4110 11741
4110 11772
4110 1827
4110 4674
4110 10520
4110 11816
4111 2304
4111 7616
4111 8680
4111 3164
4111 8409
4111 8599
4111 9034
4111 896
4111 9037
4111 8679
4111 8728
4111 9852
4111 9947
4111 9094
4111 5441
4111 9774
4111 10955
4111 7721
4111 3893
4111 835
4111 9612
4111 11550
4111 7918
4111 1860
4111 2609
4111 5788
4111 11567
4111 6444
4111 4042
4112 5860
4112 9029
4112 9031
4112 165
4112 11264
4112 1086
4113 3999
4113 4398
4113 6734
4113 8810
4113 9726
4113 9839
4114 630
4114 3192
4114 4426
4114 9445
4114 10671
4114 5978
4114 6298
4115 3398
4115 4724
4115 5390
4115 8408
4115 10278
4115 9857
4115 5291
4115 5307
4115 10115
4115 11736
4115 11515
4115 1825
4116 226
4116 5071
4116 4703
4116 821
4116 4028
4116 6497
4116 1047
4116 5418
4116 2283
4116 6751
4116 4348
4116 6753
4116 1327
4116 4032
4116 1330
4116 4745
4116 7927
4116 1507
4116 6365
4116 1331
4116 3877
4116 5479
4116 11511
4116 8774
4116 9733
4117 6143
4117 3206
4117 5006
4117 5613
4117 9799
4117 10425
4117 911
4117 4932
4117 9288
4117 4849
4117 10548
4118 5543
4118 170
4118 2097
4118 3473
4118 430
4118 9694
4119 5226
4119 5229
4119 5230
4119 5395
4119 5228
4119 6343
4119 6593
4119 8131
4119 8169
4119 3164
4119 8407
4119 8409
4119 9280
4119 7617
4119 11788
4120 10626
4120 8264
4120 6340
4120 3483
4120 6394
4121 6801
4121 7621
4121 7224
4121 11746
4121 10555
4122 120
4122 5398
4122 6188
4122 2219
4122 4763
4122 7295
4122 5676
4122 5652
4122 7874
4122 805
4122 9558
4122 11510
4122 5764
4123 1880
4123 2169
4123 8297
4123 1681
4123 3677
4123 5412
4123 10893
4123 10894
4123 8667
4123 2754
4123 11105
4123 1632
4124 1073
4124 1957
4124 2443
4124 407
4124 11568
4124 623
4125 3569
4125 4985
4125 8886
4125 4604
4125 1889
4125 6454
4125 7855
4125 4167
4125 1679
4125 4389
4125 8362
4125 4880
4125 6960
4125 5942
4125 11391
4125 585
4125 4469
4125 5215
4125 5951
4125 7201
4125 7801
4125 8610
4125 2077
4125 5470
4125 3214
4125 11518
4125 7256
4125 4671
4125 7907
4125 4131
4125 672
4125 1687
4125 3428
4125 7245
4125 2578
4125 9338
4125 3169
4125 6808
4125 7578
4125 5136
4126 8248
4126 9936
4126 1479
4126 2993
4126 511
4127 6680
4127 6363
4127 8383
4127 8677
4127 6912
4127 1483
4127 11568
4127 9656
4127 11439
4127 2579
4127 7593
4127 6446
4128 8452
4128 6595
4128 4268
4128 9350
4128 9203
4129 664
4129 1180
4129 1580
4129 4201
4129 8273
4129 3744
4129 2627
4129 7356
4129 3396
4129 1656
4129 6015
4129 8317
4129 1834
4129 3749
4129 7098
4129 7100
4129 8889
4129 1178
4129 1645
4129 2859
4129 1344
4129 1372
4129 1581
4129 2377
4129 3375
4129 4982
4129 4984
4129 7197
4129 11545
4129 1348
4129 1351
4130 4923
4130 1249
4130 5709
4130 6077
4130 7101
4130 7779
4130 8510
4130 9730
4130 709
4130 10271
4130 10902
4130 11074
4130 10969
4130 11290
4130 11135
4130 11287
4130 825
4130 11399
4130 11485
4130 11486
4130 11606
4130 11809
4131 994
4131 1481
4131 2785
4131 5774
4131 10169
4131 876
4132 1366
4132 2879
4132 2877
4132 8037
4132 2328
4133 1831
4133 4323
4133 1960
4133 5614
4133 6225
4133 3351
4134 6693
4134 10368
4134 2480
4134 2479
4134 5738
4135 1113
4135 1438
4135 2883
4135 2996
4135 7323
4135 8063
4135 8476
4135 9757
4135 2954
4135 8064
4135 8264
4135 909
4135 1584
4135 2698
4135 4359
4135 9714
4135 9241
4135 10840
4135 1165
4135 972
4135 8619
4135 9024
4135 3477
4135 5427
4135 6886
4135 2985
4135 5460
4135 5960
4135 3087
4135 4032
4135 7788
4135 1169
4135 1621
4135 1713
4135 3501
4135 9057
4135 9267
4135 434
4135 8323
4136 3457
4136 4923
4136 5226
4136 5229
4136 5016
4136 5391
4136 5228
4136 7541
4136 7796
4136 8131
4136 7585
4136 8763
4136 4794
4136 5516
4136 5307
4136 9746
4136 9508
4136 11117
4136 9037
4136 11378
4136 10913
4136 7551
4136 6270
4136 11156
4136 11632
4136 11782
4136 11766
4136 10092
4137 5947
4137 7468
4137 3999
4137 4324
4137 9913
4138 8293
4138 10271
4138 10798
4138 8787
4138 9690
4138 7018
4138 5304
4138 5780
4138 5782
4138 10618
4138 7017
4138 5834
4138 11098
4138 11378
4138 11379
4138 11576
4138 11582
4138 11329
4138 11581
4138 11650
4138 739
4138 11254
4138 741
4138 6269
4138 6864
4138 9196
4138 11375
4138 11688
4138 3782
4138 11663
4138 10615
4138 10616
4138 11709
4138 5788
4138 6438
4138 6444
4139 4795
4139 3005
4139 6969
4139 7613
4139 9438
4140 401
4140 418
4140 459
4140 5457
4140 5850
4140 6936
4140 7267
4140 5092
4140 8064
4140 9558
4141 872
4141 898
4141 1641
4141 4630
4141 4024
4141 5963
4141 3471
4142 8679
4142 9340
4142 3166
4142 8510
4142 9947
4142 9730
4142 9444
4142 11131
4142 8787
4142 2683
4142 11735
4143 2804
4143 5187
4143 2411
4143 2550
4143 6276
4143 2019
4143 3020
4143 7278
4143 7292
4143 6114
4143 7551
4143 10567
4143 4912
4143 1828
4143 2025
4143 2313
4143 2625
4143 3382
4143 7576
4143 8460
4143 9232
4143 11018
4143 5412
4143 1169
4143 3417
4143 3419
4143 4605
4143 11532
4143 11143
4144 4519
4144 8800
4144 6619
4144 7567
4144 8377
4144 5977
4144 8861
4144 1839
4144 1043
4144 5120
4144 1984
4144 736
4144 547
4144 5727
4144 10002
4144 5209
4144 1559
4144 5627
4144 9239
4144 2601
4144 4888
4144 7434
4144 1733
4144 11638
4144 7764
4144 8662
4144 5583
4144 2179
4144 5588
4144 2651
4144 6183
4144 6498
4144 5740
4144 2755
4144 9879
4144 1860
4144 855
4145 4702
4145 8103
4145 7796
4145 8409
4145 8510
4145 11702
4146 5395
4146 5393
4146 6017
4146 6077
4146 1624
4146 6488
4146 7060
4146 7541
4146 8382
4146 8779
4146 9064
4146 8408
4146 8407
4146 9260
4146 7683
4146 9705
4146 8211
4146 9659
4146 9285
4146 7694
4146 9100
4146 9858
4146 9947
4146 6258
4146 9519
4146 10823
4146 10618
4146 6731
4146 9319
4146 10798
4146 9154
4146 11515
4146 11771
4146 11773
4146 11828
4147 8457
4147 2024
4147 8282
4147 11761
4147 1469
4147 5837
4148 4265
4148 1624
4148 7060
4148 6363
4148 7864
4148 8384
4148 8415
4148 8449
4148 8408
4148 3164
4148 9174
4148 9037
4148 9730
4148 2157
4148 7149
4148 9444
4148 7295
4148 2324
4148 3658
4148 10976
4148 6096
4148 11544
4148 4280
4148 11496
4149 7116
4149 3336
4149 8433
4149 8618
4149 10698
4149 1638
4149 2284
4149 1258
4149 6758
4149 2408
4149 8943
4149 6105
4149 9031
4149 7858
4149 11577
4149 3876
4149 11354
4149 869
4149 11560
4149 3879
4149 1720
4149 2545
4149 8320
4150 3589
4150 4702
4150 4724
4150 6248
4150 3457
4150 4933
4150 4923
4150 5226
4150 1457
4150 1464
4150 11776
4150 770
4150 11770
4150 11767
4150 11819
4151 3071
4151 2770
4151 8621
4151 10239
4151 3546
4152 3368
4152 3501
4152 8468
4152 8606
4152 7569
4152 3375
4153 5362
4153 6225
4153 453
4153 2984
4153 5144
4153 7395
4153 5361
4153 6501
4154 2576
4154 6110
4154 10463
4154 2987
4154 2534
4155 8300
4155 9508
4155 10838
4155 5790
4155 5935
4155 5233
4156 4923
4156 5226
4156 5230
4156 6680
4156 1624
4156 7071
4156 8251
4156 8382
4156 8778
4156 8779
4156 8408
4156 8407
4156 9260
4156 7585
4156 7694
4156 9922
4156 8409
4156 5834
4156 10798
4156 4938
4156 11490
4156 11675
4156 11773
4157 948
4157 2668
4157 2056
4157 2577
4157 8087
4158 4923
4158 1457
4158 5229
4158 5016
4158 6077
4158 6485
4158 8253
4158 8307
4158 8407
4158 8409
4158 7585
4158 8728
4158 8208
4158 9785
4158 10955
4158 10288
4158 10969
4158 11399
4158 11486
4158 9612
4158 11485
4158 11606
4158 11739
4158 11740
4158 11741
4158 10092
4158 11765
4158 11767
4158 11819
4158 11816
4159 1849
4159 4042
4159 9507
4159 6468
4159 10313
4159 8824
4160 9699
4160 9431
4160 2334
4160 2024
4160 2025
4160 1253
4161 8131
4161 8254
4161 8449
4161 7036
4161 8407
4161 6258
4161 9776
4161 10288
4162 9735
4162 11401
4162 478
4162 5654
4162 8086
4162 6167
4162 7433
4162 68
4162 4850
4162 255
4162 2726
4162 5867
4162 9734
4162 4212
4162 5399
4162 1897
4162 5812
4162 11118
4162 6449
4162 11701
4162 4949
4162 2076
4162 7434
4163 1177
4163 7527
4163 856
4163 3827
4163 11452
4164 5229
4164 5226
4164 5395
4164 1624
4164 7060
4164 8250
4164 9067
4164 9280
4164 6258
4164 11098
4164 11565
4164 4847
4165 4923
4165 1457
4165 5391
4165 5395
4165 8407
4165 10236
4165 7022
4165 11302
4165 11580
4165 11600
4166 197
4166 3487
4166 9112
4166 10550
4166 3579
4167 6500
4167 6484
4167 7060
4167 7514
4167 9444
4167 9227
4168 3397
4168 3376
4168 3589
4168 4724
4168 4702
4168 3506
4168 4255
4168 4923
4168 5228
4168 5016
4168 5229
4168 5391
4168 6018
4168 6344
4168 1624
4168 7864
4168 3164
4168 9174
4168 9067
4168 9037
4168 8207
4168 9775
4168 7629
4168 11295
4168 11303
4168 9612
4169 3063
4169 7819
4169 6838
4169 10376
4169 10931
4170 3503
4170 8385
4170 8728
4170 8189
4170 6258
4170 10182
4170 10798
4170 11299
4170 11294
4170 11530
4171 6018
4171 1624
4171 6486
4171 7060
4171 7796
4171 8199
4171 8383
4171 8778
4171 8779
4171 8407
4171 3164
4171 9064
4171 8189
4171 9637
4171 9100
4171 10236
4171 11002
4171 11301
4171 11515
4171 11788
4171 6445
4172 2313
4172 2102
4172 4272
4172 3599
4172 10862
4173 10367
4173 10418
4173 3239
4173 9558
4173 11536
4174 892
4174 8225
4174 8555
4174 10418
4174 412
4175 4268
4175 4904
4175 10844
4175 1715
4175 6739
4176 5837
4176 8415
4176 10288
4176 10289
4176 11185
4176 11284
4176 11606
4176 11484
4177 5976
4177 7354
4177 7746
4177 7974
4177 7201
4177 10377
4177 10368
4178 13
4178 3323
4178 4260
4178 1531
4178 4923
4178 5226
4178 5228
4178 5016
4178 3515
4178 1249
4178 5031
4178 6344
4178 6680
4178 1624
4178 6483
4178 8132
4178 3503
4178 9064
4178 8679
4178 9037
4178 8763
4178 8728
4178 9700
4178 9183
4178 6258
4178 10236
4178 9446
4178 10289
4178 11232
4178 10919
4178 11524
4178 11526
4178 9612
4178 11511
4178 11516
4178 9734
4178 11118
4179 6640
4179 10068
4179 10515
4179 531
4179 8148
4179 10133
4180 4581
4180 11333
4180 938
4180 1267
4180 1467
4181 1192
4181 4923
4181 5016
4181 5229
4181 1249
4181 3515
4181 3932
4181 4724
4181 5611
4181 6344
4181 1624
4181 7060
4181 7101
4181 7779
4181 8132
4181 8250
4181 8254
4181 8382
4181 3164
4181 8763
4181 9490
4181 7694
4181 6258
4181 9659
4181 9773
4181 7629
4181 11600
4181 11566
4181 11720
4181 9734
4181 11136
4181 11832
4182 5298
4182 5304
4182 1348
4182 5406
4182 4488
4182 5326
4182 4205
4182 6685
4182 7459
4182 6325
4182 8678
4182 6751
4183 4907
4183 1775
4183 5891
4183 11182
4183 3315
4184 1871
4184 1339
4184 10463
4184 11089
4184 9479
4185 2385
4185 1880
4185 3674
4185 6185
4185 1454
4185 1465
4185 4375
4185 1919
4185 6168
4185 4443
4185 4562
4185 8462
4185 6830
4185 1492
4185 1572
4185 7124
4185 9398
4185 1571
4186 37
4186 2598
4186 5601
4186 2759
4186 3989
4186 1639
4186 3828
4186 7422
4187 1640
4187 2480
4187 3727
4187 7781
4187 8616
4187 3987
4187 9188
4187 11382
4187 434
4187 11725
4187 11342
4188 5647
4188 170
4188 9645
4188 2759
4188 5698
4189 7060
4189 7035
4189 7514
4189 8972
4189 4280
4189 11496
4189 11768
4190 9037
4190 9859
4190 9857
4190 9854
4190 5307
4190 9774
4190 9493
4190 10114
4190 8669
4190 10326
4190 5834
4190 10845
4190 3764
4190 11791
4191 3577
4191 4923
4191 5611
4191 7036
4191 8382
4191 8763
4191 9859
4191 9733
4191 9913
4191 10987
4192 8417
4192 8778
4192 6258
4192 9947
4192 10798
4192 11399
4192 10446
4192 3405
4193 8250
4193 8415
4193 8408
4193 8602
4193 3164
4193 9260
4193 9011
4193 1327
4193 7694
4193 1602
4193 5946
4194 990
4194 1860
4194 633
4194 8926
4194 10108
4194 604
4195 1624
4195 6486
4195 7060
4195 7101
4195 3164
4195 8679
4195 8207
4195 9773
4195 7248
4195 6410
4195 11632
4195 11701
4196 1336
4196 2946
4196 7209
4196 3613
4196 6188
4196 2509
4196 5122
4196 9760
4196 7276
4197 5241
4197 8878
4197 5141
4197 6612
4197 198
4197 2146
4197 8896
4197 9150
4197 431
4197 2632
4197 7994
4197 8452
4197 4678
4197 2660
4197 8846
4197 443
4197 284
4197 8897
4197 4676
4198 822
4198 402
4198 4516
4198 5125
4198 399
4198 1984
4198 1978
4198 4127
4198 1844
4198 3432
4198 1124
4198 1012
4198 8064
4198 847
4198 998
4198 9753
4198 1054
4198 4620
4198 3700
4198 3806
4198 10768
4198 6826
4199 7268
4199 8475
4199 507
4199 2734
4199 7572
4199 9558
4199 10008
4199 5454
4199 7798
4199 8011
4199 8064
4199 8837
4199 401
4199 4938
4199 8088
4199 10133
4200 1636
4200 321
4200 2643
4200 2653
4200 9538
4200 142
4201 5589
4201 5033
4201 4938
4201 9242
4201 7452
4201 5509
4201 5115
4201 8586
4201 608
4201 9273
4201 7106
4201 6468
4201 9161
4201 7805
4201 1125
4201 6298
4201 136
4201 10852
4202 10656
4202 1752
4202 105
4202 1772
4202 1773
4202 6870
4202 4831
4202 457
4202 1771
4203 3398
4203 3376
4203 4702
4203 8132
4203 6258
4203 10234
4203 11132
4203 11041
4203 11739
4203 6444
4203 6446
4204 7197
4204 8662
4204 754
4204 7198
4204 9638
4204 7605
4204 8522
4204 6117
4204 10816
4204 5976
4204 8157
4204 909
4205 3924
4205 6408
4205 9678
4205 6138
4205 7498
4205 6293
4205 6435
4205 5038
4205 5319
4205 5320
4205 7064
4206 532
4206 9120
4206 5749
4206 4091
4206 10657
4206 1
4206 6516
4206 987
4206 10952
4206 1271
4206 9213
4207 4098
4207 4972
4207 5459
4207 7853
4207 8092
4207 10466
4207 10904
4208 4702
4208 1457
4208 9772
4208 7721
4208 11767
4208 11773
4208 11769
4208 11771
4209 4923
4209 1464
4209 289
4209 7796
4209 4192
4209 8409
4209 8197
4209 1543
4209 2071
4209 6258
4209 9257
4209 9747
4209 11288
4209 11540
4209 11501
4209 9799
4210 3166
4210 6687
4210 10418
4210 2204
4210 3950
4211 6485
4211 7130
4211 5320
4211 4428
4211 7293
4211 11314
4212 9700
4212 9857
4212 3658
4212 825
4212 11568
4212 11565
4212 1827
4213 4923
4213 1457
4213 5016
4213 4385
4213 6484
4213 4043
4213 4459
4213 9340
4213 5834
4214 2513
4214 3702
4214 2502
4214 6334
4214 8417
4214 8415
4214 8211
4214 8208
4214 8388
4214 4711
4214 6086
4214 11117
4214 11688
4214 11689
4215 1094
4215 1822
4215 4586
4215 4924
4215 7943
4215 4426
4215 9927
4215 10077
4215 10079
4215 9293
4215 10498
4215 6772
4215 3982
4215 4434
4215 2225
4215 1845
4215 4621
4215 8863
4215 8896
4215 9207
4215 9647
4215 2233
4215 4094
4216 5228
4216 5611
4216 6488
4216 7060
4216 7271
4216 8169
4216 7864
4216 8415
4216 9037
4216 8728
4216 8409
4216 8510
4216 9859
4216 11399
4216 10313
4216 11775
4217 1860
4217 4315
4217 11347
4217 3594
4217 5313
4218 6041
4218 2815
4218 9010
4218 9462
4218 3769
4218 5116
4218 5130
4218 5911
4219 1348
4219 6826
4219 8895
4219 4164
4219 6678
4219 11343
4220 7976
4220 5061
4220 6239
4220 7988
4220 10035
4220 10532
4220 11627
4221 4365
4221 4366
4221 4556
4221 7677
4221 7786
4222 4107
4222 3376
4222 4702
4222 3589
4222 3064
4222 5230
4222 8779
4222 9037
4222 8408
4222 8407
4222 3649
4222 8409
4222 9490
4222 8207
4222 8510
4222 7694
4222 7629
4222 10234
4222 9518
4222 7369
4222 11448
4222 11600
4222 11601
4223 4035
4223 6003
4223 5147
4223 6001
4223 6847
4223 10313
4223 892
4223 11128
4223 7130
4223 10527
4224 3375
4224 10050
4224 11398
4224 5113
4224 9892
4224 814
4224 7234
4224 7394
4224 9406
4225 9887
4225 996
4225 7032
4225 8609
4225 9267
4225 6687
4225 6009
4225 1957
4225 9622
4225 531
4225 1627
4225 7490
4225 250
4226 9853
4226 6258
4226 9733
4226 10976
4226 7018
4226 5783
4226 6444
4227 8808
4227 9725
4227 3999
4227 5731
4227 5768
4227 5775
4227 7273
4227 7421
4227 8724
4227 7257
4227 11229
4228 3796
4228 5185
4228 6852
4228 9192
4228 9350
4229 5016
4229 5391
4229 5395
4229 1624
4229 6485
4229 1581
4229 5228
4229 6363
4229 8449
4229 9281
4229 9854
4229 6774
4229 11300
4230 8385
4230 8679
4230 10672
4230 306
4230 11196
4230 11568
4231 1661
4231 2480
4231 1587
4231 1318
4231 4413
4231 2277
4231 2024
4231 5420
4231 4998
4231 1075
4231 4426
4231 6548
4231 1975
4231 2205
4231 879
4231 7494
4231 6094
4231 2991
4231 4223
4231 8076
4231 3889
4231 8892
4231 8984
4231 8348
4231 2345
4231 3654
4231 3420
4231 2014
4231 5369
4231 5654
4231 10851
4231 8319
4231 8867
4232 11536
4232 11493
4232 11494
4232 11742
4232 11711
4233 2195
4233 4469
4233 6983
4233 8325
4233 8487
4233 8751
4233 9079
4233 9508
4233 10074
4233 10106
4234 8622
4234 4953
4234 4954
4234 409
4234 7798
4234 5788
4234 414
4234 11720
4234 3372
4234 9367
4234 8896
4234 5851
4234 10141
4234 5455
4234 3441
4234 3342
4234 10171
4235 7060
4235 8208
4235 8207
4235 8211
4235 7694
4235 6258
4235 7248
4235 2662
4235 11131
4235 9690
4235 11132
4235 8787
4235 11130
4235 7651
4235 11568
4236 634
4236 7204
4236 2153
4236 9626
4236 934
4236 6033
4236 10823
4236 3987
4236 7185
4236 953
4237 8867
4237 8910
4237 6857
4237 8897
4237 6873
4237 6883
4237 1429
4237 5814
4237 10704
4237 10001
4237 10838
4237 3292
4237 10370
4237 3401
4237 7803
4238 7572
4238 8736
4238 7694
4238 9100
4238 6258
4238 4401
4238 9243
4238 5834
4238 11232
4238 3084
4238 11002
4238 11788
4238 10678
4239 8415
4239 8382
4239 9179
4239 9855
4239 9858
4239 9947
4240 1808
4240 9247
4240 9928
4240 10012
4240 7649
4240 8079
4240 3088
4240 4574
4241 1059
4241 811
4241 2399
4241 6680
4241 6484
4241 7060
4241 8131
4241 8132
4241 8415
4241 2416
4241 8779
4241 9037
4241 3164
4241 9033
4241 8728
4241 9010
4241 9100
4241 9700
4241 3658
4241 10902
4241 10014
4241 10182
4241 11308
4241 10794
4241 11564
4241 11567
4241 11836
4242 1716
4242 3443
4242 673
4242 4683
4242 8148
4242 6751
4242 11536
4242 4032
4242 9552
4242 11625
4242 7781
4242 8616
4243 2882
4243 4035
4243 9507
4243 9727
4243 10941
4243 6386
4244 3637
4244 5034
4244 3459
4244 5464
4244 10016
4244 3551
4245 3532
4245 7563
4245 7295
4245 4272
4245 2632
4245 3687
4245 6486
4246 7388
4246 7734
4246 7924
4246 10613
4246 2361
4247 4840
4247 3015
4247 4278
4247 7870
4247 5133
4247 8391
4247 5410
4248 1635
4248 3096
4248 7879
4248 8241
4248 4065
4248 226
4249 8417
4249 9037
4249 2858
4249 8728
4249 7694
4249 9100
4249 9659
4249 6258
4249 9857
4249 994
4249 10236
4249 10639
4249 10955
4249 5834
4249 11399
4249 11486
4249 11606
4250 2313
4250 5229
4250 5391
4250 80
4250 733
4250 1624
4250 7060
4250 8602
4250 8408
4250 9040
4250 11529
4250 1481
4250 11399
4250 10106
4250 11678
4250 10944
4250 10814
4251 11
4251 2496
4251 9761
4251 8082
4251 8755
4251 9507
4251 7570
4251 4975
4252 820
4252 828
4252 1700
4252 2186
4252 2432
4252 5435
4252 9433
4252 1115
4252 821
4252 554
4252 6957
4252 10723
4253 3456
4253 2118
4253 4933
4253 4459
4253 4314
4253 11536
4253 6516
4253 2009
4254 3015
4254 5657
4254 2146
4254 6132
4254 8931
4255 5709
4255 8103
4255 8384
4255 8383
4255 8778
4255 8207
4255 8510
4255 10169
4255 10277
4255 9947
4255 6258
4255 10236
4255 10798
4255 5782
4255 11232
4256 8724
4256 1412
4256 3460
4256 1871
4256 1136
4257 779
4257 8755
4257 3059
4257 412
4257 2939
4257 7723
4257 11018
4257 5837
4257 7367
4258 4566
4258 4914
4258 7972
4258 1072
4258 1074
4259 8254
4259 8382
4259 9037
4259 896
4259 8407
4259 8249
4259 8207
4259 7694
4259 10169
4259 9773
4259 836
4259 11281
4260 8017
4260 896
4260 419
4260 2145
4260 3637
4260 11692
4260 2083
4260 4142
4260 10105
4261 6279
4261 5761
4261 6055
4261 2241
4261 5766
4261 9081
4262 4923
4262 5226
4262 5016
4262 5229
4262 1624
4262 8131
4262 8449
4262 9037
4262 9705
4262 8510
4262 7694
4262 5291
4262 6258
4262 10793
4262 11232
4262 2245
4263 38
4263 3613
4263 5125
4263 9558
4263 4426
4264 2024
4264 4026
4264 1306
4264 2997
4264 3388
4264 1114
4264 7248
4264 7252
4264 5749
4265 8385
4265 8778
4265 7514
4265 8572
4265 9664
4265 9852
4265 9154
4265 6819
4266 4298
4266 4609
4266 1984
4266 3976
4266 1072
4267 10418
4267 4968
4267 10754
4267 756
4267 1830
4267 9560
4267 4042
4267 5989
4267 5984
4267 3166
4267 5516
4267 11509
4267 11716
4267 5514
4267 892
4267 6518
4267 7518
4268 7246
4268 3618
4268 7819
4268 7233
4268 7362
4268 7773
4268 1979
4268 4148
4268 4369
4268 2525
4268 2432
4268 5194
4269 5632
4269 10542
4269 10423
4269 11276
4269 11698
4269 8325
4270 892
4270 7164
4270 7570
4270 5976
4270 8105
4271 1185
4271 8227
4271 1650
4271 1558
4271 11335
4271 5473
4271 4771
4271 394
4271 2470
4271 3531
4271 11382
4271 11653
4272 6680
4272 7102
4272 7541
4272 8251
4272 8602
4272 8211
4272 10236
4272 11702
4273 540
4273 7354
4273 10844
4273 9794
4273 8764
4274 4923
4274 3792
4274 8056
4274 9949
4274 9503
4275 4331
4275 3929
4275 8122
4275 3400
4275 11115
4275 7256
4276 7685
4276 7922
4276 96
4276 2894
4276 5369
4277 1880
4277 2515
4277 7638
4277 6109
4277 6083
4277 6098
4277 7648
4278 9260
4278 8728
4278 9011
4278 8211
4278 8189
4278 8208
4278 8510
4278 8207
4278 10169
4278 9858
4278 9947
4278 5291
4278 9444
4278 10976
4278 5834
4278 11401
4278 10626
4279 8779
4279 3164
4279 9037
4279 9260
4279 1543
4279 6492
4279 4086
4279 7659
4279 9318
4279 5783
4279 11196
4279 11772
4280 3375
4280 9277
4280 9109
4280 3987
4280 4860
4280 7570
4280 7781
4280 892
4280 6635
4281 7293
4281 11171
4281 11179
4281 806
4281 11802
4282 8679
4282 8779
4282 9260
4282 9603
4282 7382
4282 10403
4283 3662
4283 5990
4283 11224
4283 11676
4283 1310
4283 2982
4283 2984
4283 1635
4283 2986
4284 3884
4284 4350
4284 4923
4284 1457
4284 5016
4284 6485
4284 6488
4284 7060
4284 6363
4284 8132
4284 7552
4284 3164
4284 8728
4284 9490
4284 8249
4284 9286
4284 9856
4284 7369
4284 6731
4284 10797
4284 11524
4284 11558
4284 6443
4284 10446
4284 11822
4285 1232
4285 4702
4285 4725
4285 4730
4285 1457
4285 5228
4285 5230
4285 5391
4285 5012
4285 5011
4285 5013
4285 3166
4285 8254
4285 8382
4285 8385
4285 9037
4285 8249
4285 9852
4285 9855
4285 7369
4285 10014
4285 11117
4285 3658
4285 9735
4285 11511
4286 778
4286 948
4286 6239
4286 7981
4286 1860
4286 1865
4286 11399
4286 7987
4286 10418
4287 2017
4287 7418
4287 7211
4287 5778
4287 6396
4287 5052
4287 7897
4288 1543
4288 7684
4288 9659
4288 9254
4288 7629
4288 9518
4288 10117
4288 7369
4288 10449
4288 11185
4288 11194
4288 11583
4288 11640
4288 11791
4288 11765
4288 11775
4288 11828
4289 4384
4289 1115
4289 1424
4289 1822
4289 8900
4289 7138
4289 4901
4289 6799
4289 6497
4289 4493
4289 6883
4289 11019
4289 9591
4290 112
4290 4428
4290 662
4290 584
4290 1138
4291 7555
4291 4738
4291 4212
4291 10481
4291 4327
4291 5407
4291 9128
4292 1514
4292 8383
4292 8415
4292 6258
4292 3796
4292 9293
4292 5896
4292 7813
4292 11568
4292 2213
4292 10767
4292 11110
4292 9109
4292 9506
4293 8891
4293 290
4293 1052
4293 1104
4293 2687
4293 2939
4293 3110
4293 3390
4293 4426
4293 5043
4293 8861
4293 8895
4293 11619
4293 2949
4293 2972
4293 9114
4294 1991
4294 10646
4294 10672
4294 4378
4294 10095
4294 10447
4295 3466
4295 3465
4295 3376
4295 4725
4295 4702
4295 4730
4295 6484
4295 8779
4295 10913
4296 4465
4296 5936
4296 6589
4296 6196
4296 217
4296 5880
4296 178
4296 7819
4296 10787
4296 402
4296 8630
4296 7661
4296 8532
4296 10742
4296 3356
4296 7248
4296 7812
4296 10581
4296 11470
4297 960
4297 7310
4297 5387
4297 5933
4297 10989
4297 2860
4297 10573
4298 2290
4298 7541
4298 7060
4298 3166
4298 8132
4298 4473
4298 9085
4298 5417
4298 707
4298 6400
4298 1628
4298 8051
4298 11156
4298 11740
4298 10647
4298 10711
4298 11515
4299 2388
4299 2344
4299 3819
4299 5040
4299 1058
4299 1061
4299 8865
4300 1061
4300 1062
4300 1071
4300 2345
4300 4440
4300 5217
4300 2284
4300 8891
4300 373
4300 8708
4300 11638
4301 10193
4301 11584
4301 833
4301 693
4301 3802
4301 5444
4302 862
4302 2363
4302 4634
4302 6857
4302 3378
4302 2441
4302 2434
4302 3593
4302 6016
4302 9616
4302 7103
4303 5993
4303 7879
4303 2946
4303 2756
4303 2947
4303 2982
4303 3336
4303 2049
4303 2233
4303 10049
4303 753
4303 8406
4303 11726
4303 8867
4304 6626
4304 11198
4304 8542
4304 8543
4304 10575
4304 159
4304 3475
4304 6879
4304 10576
4304 8718
4304 9809
4304 11659
4305 2273
4305 5096
4305 5994
4305 6837
4305 3058
4305 1113
4305 8583
4306 8417
4306 8415
4306 9260
4306 8407
4306 7694
4306 9100
4306 9852
4306 9856
4306 10277
4306 6258
4306 3024
4306 7369
4306 3505
4306 9319
4306 837
4306 11194
4306 11529
4306 10794
4306 5072
4306 11511
4306 5008
4306 11819
4306 10092
4306 11136
4307 6561
4307 6553
4307 7850
4307 8782
4307 6648
4307 8493
4307 8494
4307 6563
4307 6554
4307 9727
4307 9812
4307 9839
4308 4724
4308 8111
4308 1339
4308 11150
4308 11671
4309 1886
4309 4923
4309 1457
4309 5229
4309 5016
4309 3592
4309 8169
4309 8102
4310 3776
4310 5230
4310 1624
4310 518
4310 2488
4310 8736
4310 9183
4310 9947
4310 9730
4310 10201
4310 11074
4310 10798
4310 5834
4310 11232
4311 4550
4311 7639
4311 2182
4311 5865
4311 521
4312 4902
4312 5671
4312 2443
4312 8834
4312 5677
4312 8837
4312 8071
4312 5707
4312 6906
4312 4543
4313 6449
4313 6087
4313 896
4313 8968
4313 8969
4313 1258
4313 11456
4314 1882
4314 4788
4314 4402
4314 2953
4314 1034
4314 6354
4314 1206
4314 6415
4314 6461
4314 7182
4314 257
4314 2384
4314 9026
4314 5837
4315 6343
4315 1624
4315 7060
4315 8407
4315 8409
4316 1703
4316 600
4316 4259
4316 3738
4316 1012
4316 10561
4316 7809
4317 5121
4317 4335
4317 652
4317 7943
4317 9998
4318 8207
4318 8510
4318 9947
4318 10169
4318 7694
4318 9730
4318 6258
4318 9444
4318 10236
4318 10955
4318 5834
4318 11284
4318 11232
4318 11302
4318 10915
4318 10912
4318 10914
4318 10917
4318 11741
4318 11772
4318 11740
4319 5229
4319 5230
4319 7552
4319 9033
4319 9034
4319 6686
4319 10509
4319 10639
4319 11185
4319 10798
4319 5834
4319 11196
4319 10169
4319 11030
4319 11031
4319 10247
4319 11582
4319 11581
4319 2573
4319 11601
4319 11600
4319 11720
4319 11493
4319 11494
4319 4698
4320 1552
4320 4969
4320 921
4320 8588
4320 5369
4321 3376
4321 3589
4321 6482
4321 6484
4321 8779
4321 8778
4321 3164
4321 9730
4321 7625
4321 11496
4322 909
4322 7282
4322 7933
4322 912
4322 6861
4323 54
4323 3398
4323 4724
4323 3064
4323 2026
4323 6343
4323 8207
4323 8208
4323 10371
4323 11815
4323 2279
4323 4430
4323 7703
4323 9350
4323 11515
4323 5788
4323 11788
4323 6449
4323 10446
4323 11118
4323 11822
4324 7552
4324 8169
4324 8383
4324 8778
4324 9179
4324 8407
4324 8779
4324 8763
4324 7694
4324 9279
4324 6258
4324 10976
4324 7369
4324 5834
4325 3631
4325 4204
4325 6095
4325 1730
4325 531
4326 8169
4326 8132
4326 8254
4326 8778
4326 9033
4326 9037
4326 2593
4326 7256
4326 3166
4326 8208
4326 9444
4326 3060
4326 9730
4326 7442
4326 7369
4326 7918
4327 1396
4327 5535
4327 539
4327 3375
4327 6899
4328 7749
4328 1184
4328 8314
4328 8362
4328 1439
4328 9745
4328 10626
4328 6246
4328 8065
4329 4293
4329 4239
4329 977
4329 979
4329 996
4329 5032
4330 8408
4330 9490
4330 9109
4330 7721
4330 11462
4330 4104
4330 11558
4330 11490
4330 11156
4330 11782
4330 11399
4330 11819
4330 9799
4330 11832
4330 11816
4331 6258
4331 10739
4331 10777
4331 11474
4331 11270
4331 11600
4332 7206
4332 1578
4332 2447
4332 2889
4332 10311
4332 6404
4332 968
4332 1681
4332 3949
4332 8623
4333 8757
4333 8116
4333 2209
4333 11277
4333 3316
4333 3924
4333 6120
4334 256
4334 2085
4334 365
4334 1425
4334 2495
4335 5136
4335 5405
4335 5447
4335 4555
4335 3454
4335 2770
4335 3793
4335 6330
4335 6364
4335 11309
4336 7973
4336 5933
4336 2550
4336 892
4336 10371
4337 6700
4337 2994
4337 5445
4337 8725
4337 2960
4337 2991
4337 6205
4337 7366
4337 2977
4337 1047
4337 9109
4337 1632
4337 3743
4337 4762
4337 7919
4338 6239
4338 9508
4338 9489
4338 9413
4338 859
4338 208
4338 3378
4338 8294
4338 11829
4339 7514
4339 1543
4339 7585
4339 8207
4339 8211
4339 8208
4339 3166
4339 7694
4339 9659
4339 9947
4339 10169
4339 9857
4339 9776
4339 10234
4339 10760
4339 3484
4339 10633
4339 10326
4339 11185
4339 11379
4339 6364
4340 4649
4340 1457
4340 3658
4340 11739
4340 11741
4341 1261
4341 1632
4341 2374
4341 3711
4341 3743
4341 3962
4341 4141
4341 4964
4341 5137
4341 7265
4341 8672
4341 10004
4341 2748
4341 8116
4341 6981
4341 8625
4341 9334
4341 7022
4341 9267
4341 1840
4341 6787
4341 7415
4342 3515
4342 5395
4342 5228
4342 5390
4342 6343
4342 6363
4342 7860
4342 7552
4342 8449
4342 9054
4342 8409
4342 8602
4342 9011
4342 9785
4342 7683
4342 9705
4342 9280
4342 9659
4342 8510
4342 9285
4342 9947
4342 7694
4342 9730
4342 6258
4342 9444
4342 10798
4342 10567
4342 11702
4342 11439
4342 770
4342 11777
4342 11832
4342 11675
4342 11821
4343 4008
4343 4009
4343 6141
4343 6138
4343 9109
4343 8459
4344 217
4344 401
4344 7210
4344 3735
4344 7572
4345 5236
4345 2155
4345 5411
4345 3427
4345 6895
4345 1334
4345 4039
4345 9506
4345 6863
4345 5727
4345 5514
4345 8755
4345 4852
4345 3971
4345 6690
4345 9109
4345 5819
4345 6686
4345 3968
4345 4480
4345 3844
4345 6941
4345 9701
4345 5507
4345 5628
4345 8257
4345 10738
4345 11172
4345 540
4346 593
4346 792
4346 3552
4346 3923
4346 4280
4346 4954
4346 5290
4346 7660
4346 7664
4346 8936
4346 9178
4346 10115
4346 10635
4346 11368
4346 11130
4346 1977
4346 4325
4346 4703
4347 3398
4347 3589
4347 3063
4347 4724
4347 4730
4347 533
4347 1015
4347 4079
4347 6930
4347 6633
4347 4082
4347 8194
4347 4958
4347 7350
4347 7701
4347 11434
4347 4238
4348 3422
4348 3807
4348 5509
4348 5886
4348 6280
4348 8134
4348 11349
4348 11452
4349 8777
4349 1327
4349 226
4349 540
4349 3047
4350 10910
4350 2047
4350 7201
4350 3790
4350 9508
4350 3787
4351 11698
4351 11582
4351 11481
4351 11581
4351 11579
4351 11578
4351 4104
4351 11580
4351 2573
4351 10305
4351 11600
4351 11601
4351 10106
4351 11739
4351 5788
4351 11800
4351 6444
4352 2019
4352 6355
4352 2107
4352 3817
4352 10704
4353 6600
4353 771
4353 7985
4353 5126
4353 10746
4353 11803
4353 11615
4353 11795
4354 4517
4354 8230
4354 2447
4354 6438
4354 6444
4354 4516
4354 8378
4354 2919
4354 8007
4355 6141
4355 6781
4355 8985
4355 5178
4355 8596
4355 10626
4355 2195
4355 10492
4355 11594
4355 2085
4355 4042
4355 1339
4355 2250
4355 256
4355 4015
4355 382
4355 11155
4355 7799
4356 892
4356 7074
4356 10312
4356 10850
4356 1286
4356 1282
4356 6739
4356 10706
4356 11263
4357 4035
4357 5538
4357 6847
4357 4928
4357 7729
4357 9839
4357 10634
4357 11025
4357 11479
4357 11740
4358 10759
4358 10238
4358 9318
4358 10976
4358 10823
4358 5304
4358 10271
4358 5783
4358 7022
4358 8787
4358 10798
4358 9690
4358 7017
4358 8293
4358 5780
4358 7018
4358 6730
4358 5834
4358 11098
4358 3832
4358 763
4358 11530
4358 11528
4358 11531
4358 5635
4358 11255
4358 11576
4358 11329
4358 1258
4358 11497
4358 11736
4358 11501
4358 6272
4358 8567
4358 8652
4359 3693
4359 3942
4359 10664
4359 10454
4359 7764
4359 243
4359 2269
4359 2912
4359 4554
4359 5814
4359 7277
4359 10299
4360 6697
4360 9822
4360 7507
4360 912
4360 10851
4360 4093
4360 11341
4360 9549
4361 4205
4361 11419
4361 1157
4361 8249
4361 7684
4361 11439
4362 4260
4362 3516
4362 3592
4362 1624
4362 8415
4362 8449
4362 7541
4362 7796
4362 8407
4362 4032
4362 11002
4363 32
4363 118
4363 280
4363 3226
4363 3239
4363 3441
4363 5816
4363 5817
4363 6009
4363 6738
4363 7056
4363 7268
4363 8064
4363 8375
4363 9802
4363 10492
4363 11391
4363 6601
4363 9490
4363 401
4363 8372
4363 8600
4363 10168
4363 10848
4363 1721
4363 5525
4363 6978
4363 5586
4364 5717
4364 11464
4364 7317
4364 10001
4364 2325
4365 873
4365 3987
4365 4058
4365 6725
4365 4426
4366 5851
4366 9485
4366 8296
4366 10524
4366 2907
4366 3568
4366 9357
4366 6793
4366 327
4366 8675
4366 3176
4367 877
4367 1109
4367 2377
4367 4267
4367 3382
4367 6615
4368 6742
4368 128
4368 5633
4368 1348
4368 6446
4368 6760
4369 3398
4369 3589
4369 4725
4369 4702
4369 4730
4369 5226
4369 5229
4369 5230
4369 3515
4369 5228
4369 5393
4369 5390
4369 397
4369 462
4369 7035
4369 7541
4369 7864
4369 8383
4369 8384
4369 7552
4369 8199
4369 7036
4369 841
4369 3164
4369 873
4369 8510
4369 6258
4369 10236
4369 11232
4369 11254
4369 770
4369 11701
4369 11771
4370 8417
4370 8602
4370 896
4370 9340
4370 5834
4370 11289
4370 9154
4370 11399
4370 10835
4371 8069
4371 9871
4371 3243
4371 6549
4371 8333
4371 8264
4371 5823
4371 9261
4371 6693
4372 1856
4372 4845
4372 1624
4372 7060
4372 7456
4372 8604
4372 7234
4372 3613
4372 10903
4373 11046
4373 1084
4373 6624
4373 6230
4373 10155
4374 8536
4374 898
4374 3415
4374 9966
4374 10805
4374 1219
4374 2622
4374 6957
4375 7288
4375 10368
4375 11633
4375 8755
4375 10334
4376 9037
4376 7585
4376 8208
4376 8207
4376 7694
4376 9947
4376 10169
4376 9855
4376 9858
4376 10276
4376 6251
4376 11582
4377 813
4377 1624
4377 7060
4377 7541
4377 8132
4377 8208
4377 9282
4377 9100
4377 9947
4377 9733
4377 10955
4377 10538
4377 10798
4377 1258
4377 7551
4377 11606
4377 9508
4377 11490
4377 8395
4377 11689
4377 11710
4377 3589
4378 6379
4378 7426
4378 3794
4378 4335
4378 11338
4379 5226
4379 3516
4379 8941
4379 8415
4379 9037
4379 8409
4379 8763
4379 10976
4379 10823
4379 10902
4379 9243
4379 3367
4379 11285
4379 2672
4379 10569
4379 11499
4379 11600
4379 10446
4379 9850
4379 6068
4380 1196
4380 6077
4380 8134
4380 8131
4380 8132
4380 8251
4380 7514
4380 8602
4380 8728
4380 9286
4380 1100
4381 7694
4381 9775
4381 9776
4381 612
4381 1471
4381 9447
4381 9319
4381 5834
4381 11232
4382 3336
4382 3987
4382 10132
4382 142
4382 840
4382 226
4383 1894
4383 4640
4383 7907
4383 5109
4383 5530
4383 3840
4383 8432
4383 10342
4383 11200
4383 11568
4383 11367
4383 9569
4384 6403
4384 1771
4384 2773
4384 2250
4384 7012
4384 2573
4384 11272
4384 1450
4384 3829
4384 6044
4384 9990
4384 11129
4385 237
4385 3768
4385 7134
4385 2264
4385 5728
4385 7477
4385 9578
4386 1055
4386 6469
4386 1069
4386 1506
4386 1886
4386 6998
4387 1886
4387 10522
4387 7980
4387 9508
4387 892
4387 5879
4387 6225
4387 5194
4388 2540
4388 3200
4388 5399
4388 7265
4388 7604
4388 6914
4388 9153
4388 9756
4389 1624
4389 2761
4389 6488
4389 9064
4389 5883
4389 8510
4389 9730
4389 10371
4389 9174
4389 10287
4389 10798
4389 10626
4389 11782
4389 9669
4390 8253
4390 8382
4390 8385
4390 8407
4390 8408
4390 9037
4390 7585
4390 8409
4390 8728
4390 10169
4390 10236
4390 10271
4390 11568
4391 8415
4391 8253
4391 8779
4391 7514
4391 9037
4391 8407
4391 8736
4391 8573
4391 7585
4391 9011
4391 8211
4391 7683
4391 9947
4391 10169
4391 9854
4391 9855
4391 6774
4391 7442
4391 11303
4391 11135
4391 6364
4391 10915
4391 11606
4391 11632
4391 11518
4391 11768
4391 10321
4391 11769
4391 11772
4392 2279
4392 2286
4392 4035
4392 931
4392 1496
4392 1886
4392 806
4392 4705
4392 6000
4392 1681
4392 8590
4392 2073
4392 9132
4392 5760
4392 8842
4393 1012
4393 3613
4393 5380
4393 3320
4393 9683
4394 2299
4394 1937
4394 7210
4394 9760
4394 507
4394 6364
4394 7907
4394 709
4394 597
4394 2770
4394 3296
4394 3931
4394 4811
4394 8080
4394 4269
4394 8868
4394 9756
4394 8188
4395 10449
4395 10976
4395 5783
4395 11130
4395 10618
4395 9747
4395 10169
4395 10794
4395 11550
4395 11041
4395 11527
4395 3554
4395 6096
4395 2781
4395 3546
4395 4426
4395 7232
4395 11736
4395 11515
4395 11516
4395 11788
4395 11518
4395 1827
4395 6449
4395 11536
4396 11194
4396 11255
4396 11522
4396 11524
4396 11528
4396 10913
4396 11578
4396 11635
4396 10647
4396 9740
4396 10294
4396 11762
4396 11778
4396 11833
4397 823
4397 1466
4397 1481
4397 6957
4397 764
4397 7159
4397 6332
4397 5565
4397 8337
4398 1851
4398 8213
4398 8147
4398 9412
4398 401
4399 226
4399 895
4399 2095
4399 3323
4399 4350
4399 5226
4399 1230
4399 6077
4399 8250
4399 8602
4399 8604
4399 5291
4399 5307
4399 10117
4399 6774
4399 1348
4399 10202
4399 6731
4399 10449
4399 5304
4399 9690
4399 7721
4399 10793
4399 11522
4399 11540
4400 4588
4400 112
4400 177
4400 3579
4400 3718
4400 6621
4400 7764
4400 9808
4401 781
4401 5215
4401 3059
4401 563
4401 6542
4401 7431
4401 7433
4401 5604
4401 1720
4401 2448
4401 130
4402 4767
4402 9067
4402 1543
4402 7683
4402 7694
4402 11098
4402 11029
4402 5788
4403 2048
4403 2050
4403 4181
4403 4702
4403 1575
4403 6248
4403 2855
4403 1423
4403 5226
4403 5016
4403 1624
4403 7632
4403 1048
4403 10385
4404 8254
4404 1495
4404 6731
4404 11486
4404 10446
4405 5980
4405 247
4405 3368
4405 9562
4405 9779
4405 9691
4405 1020
4405 4054
4405 4055
4406 805
4406 9556
4406 9760
4406 2759
4406 5074
4406 1450
4406 5442
4406 6788
4406 11157
4406 2491
4406 10981
4406 2040
4407 6620
4407 8882
4407 6814
4407 6619
4407 9801
4408 872
4408 1912
4408 2876
4408 3368
4408 5570
4408 8003
4408 7106
4409 1372
4409 2025
4409 4264
4409 3592
4409 4677
4409 6363
4409 7864
4409 8169
4409 8415
4409 7036
4409 8382
4409 8385
4409 8602
4409 1543
4409 6803
4409 8211
4409 10117
4409 9243
4409 11131
4409 7918
4409 10503
4409 6096
4409 11515
4409 11518
4409 11767
4409 11772
4410 997
4410 8415
4410 8385
4410 3166
4410 9659
4410 6842
4410 9947
4410 10169
4410 10116
4410 6731
4410 11529
4410 10446
4411 9497
4411 669
4411 4106
4411 2408
4411 10769
4411 3718
4411 3356
4412 1259
4412 8883
4412 2607
4412 2986
4412 1073
4412 6904
4412 10676
4413 1899
4413 1825
4413 4730
4413 6363
4413 9785
4413 6258
4414 2270
4414 2841
4414 5924
4414 11018
4414 2687
4415 1624
4415 7060
4415 8383
4415 8251
4415 8728
4415 1543
4415 10201
4415 6258
4415 8681
4415 11329
4415 11481
4415 2609
4415 2573
4415 11254
4415 11742
4415 11601
4415 11516
4415 11740
4415 11494
4415 11777
4415 11118
4415 11775
4416 6343
4416 6488
4416 6483
4416 7060
4416 8131
4416 8254
4416 8251
4416 8382
4416 9700
4416 9858
4416 10995
4416 11286
4416 11002
4416 9612
4416 10793
4416 11530
4416 11522
4417 861
4417 872
4417 2083
4417 3531
4417 9035
4418 9519
4418 10549
4418 10947
4418 3463
4418 11672
4418 11670
4418 11731
4418 11734
4418 11749
4418 11750
4418 11711
4418 11794
4419 1904
4419 531
4419 4638
4419 9603
4419 9519
4419 4835
4420 7129
4420 10879
4420 1038
4420 7719
4420 9132
4421 2579
4421 2973
4421 6443
4421 4806
4421 11230
4422 4008
4422 8590
4422 11369
4422 5977
4422 10966
4422 6650
4423 3613
4423 600
4423 896
4423 7021
4423 8837
4423 3597
4423 2432
4423 9349
4423 6042
4423 6621
4423 10370
4424 8778
4424 3164
4424 6258
4424 10014
4424 4280
4424 11496
4425 2889
4425 5463
4425 9081
4425 2655
4425 7557
4425 9599
4425 7153
4426 6459
4426 3368
4426 3501
4426 5976
4426 7570
4426 7830
4426 8755
4427 4855
4427 6734
4427 9130
4427 9730
4427 7316
4427 7559
4427 4052
4427 10497
4427 10774
4427 10287
4427 10875
4427 7984
4427 10976
4427 10093
4427 11524
4427 11529
4427 7824
4427 11447
4427 9507
4427 11540
4427 9799
4428 8779
4428 9037
4428 10798
4428 11185
4428 11782
4429 4114
4429 3589
4429 4724
4429 4702
4429 4725
4429 4730
4429 5395
4429 6096
4430 11067
4430 198
4430 840
4430 9144
4430 10606
4430 11016
4431 226
4431 540
4431 746
4431 821
4431 4204
4432 1233
4432 1398
4432 6454
4432 6626
4432 7570
4432 8220
4432 9261
4432 3254
4432 9207
4432 3679
4432 10639
4432 3118
4432 9673
4432 10048
4432 1093
4432 9507
4432 3356
4432 6239
4432 10531
4432 11564
4432 11567
4433 1624
4433 6483
4433 6485
4433 6363
4433 8449
4433 8407
4433 8408
4433 8409
4433 7514
4433 7694
4433 9700
4433 9775
4433 10759
4433 10798
4433 11773
4433 11775
4433 11439
4434 3381
4434 7830
4434 11264
4434 3161
4434 9879
4435 3454
4435 5690
4435 3014
4435 5714
4435 11377
4435 11569
4436 6049
4436 78
4436 5654
4436 6176
4436 4280
4436 10008
4437 11619
4437 4839
4437 8793
4437 5432
4437 7819
4437 11631
4438 6114
4438 7588
4438 7896
4438 1558
4438 6619
4438 10846
4438 3301
4438 7367
4439 8131
4439 8383
4439 8449
4439 7694
4439 9100
4439 10798
4439 11002
4440 869
4440 5486
4440 6497
4440 6693
4440 2407
4440 2441
4441 1231
4441 2149
4441 6925
4441 512
4441 4468
4441 4380
4442 9402
4442 4120
4442 10058
4442 2034
4442 1936
4442 7870
4442 924
4442 3802
4442 5897
4442 6965
4442 10425
4442 462
4442 2496
4442 9345
4442 401
4442 669
4442 9744
4442 409
4442 661
4442 928
4442 1171
4442 3914
4442 8146
4442 9104
4442 4088
4442 4025
4442 7219
4442 404
4442 7337
4442 59
4442 6769
4442 3081
4442 3106
4442 3120
4442 2307
4442 4749
4442 10057
4442 6506
4442 3209
4442 7523
4442 92
4442 97
4442 7687
4443 5432
4443 6636
4443 9786
4443 505
4443 11006
4443 4763
4443 11349
4444 3465
4444 3589
4444 4724
4444 4725
4444 4730
4444 4923
4444 5228
4444 5226
4444 5016
4444 11529
4444 11736
4445 2988
4445 4793
4445 2279
4445 5569
4445 5863
4446 9254
4446 9856
4446 7629
4446 6258
4446 8859
4446 5291
4446 10236
4446 6774
4446 7017
4446 9319
4446 11131
4446 9690
4446 10798
4446 11130
4446 11132
4446 5783
4446 5834
4446 11232
4446 11194
4446 9612
4446 6316
4446 11497
4446 11566
4446 10520
4447 7638
4447 4089
4447 1105
4447 1043
4447 8897
4447 5543
4447 1378
4447 5435
4447 8214
4447 4268
4447 9097
4447 422
4447 8283
4447 5428
4447 10591
4447 9365
4448 4389
4448 2094
4448 5149
4448 3349
4448 10369
4448 10418
4448 5940
4448 1957
4448 4949
4448 11351
4448 9691
4449 811
4449 1841
4449 1332
4449 2435
4449 4028
4449 4915
4449 1696
4449 3258
4449 5540
4449 5954
4449 10417
4450 4280
4450 10226
4450 3245
4450 2902
4450 7601
4450 10224
4451 8411
4451 4032
4451 3529
4451 5588
4451 892
4451 10738
4451 2891
4451 8487
4452 2121
4452 3144
4452 8417
4452 1896
4452 2328
4452 7243
4452 8763
4452 4319
4452 9922
4452 10995
4452 10071
4452 11635
4453 7781
4453 9090
4453 3911
4453 11696
4453 9143
4454 3970
4454 10372
4454 34
4454 5330
4454 6239
4454 10523
4455 3376
4455 3589
4455 4725
4455 3193
4455 3506
4455 5226
4455 9859
4455 9774
4455 11297
4455 11399
4455 11543
4455 11550
4455 11606
4455 11782
4455 5788
4455 11501
4455 10321
4456 8417
4456 8779
4456 7514
4456 8408
4456 3164
4456 8189
4456 8510
4456 10326
4456 6744
4456 11485
4456 9508
4456 11467
4456 2815
4456 11791
4456 11767
4456 8677
4457 76
4457 4763
4457 10678
4457 7672
4457 457
4457 6230
4458 8779
4458 9700
4458 10169
4458 9774
4458 10236
4458 10759
4459 8258
4459 1849
4459 2760
4459 4443
4459 9350
4459 10146
4459 950
4459 2759
4459 9165
4459 8233
4459 11305
4459 4301
4459 7295
4459 9117
4459 11569
4460 6873
4460 7266
4460 7788
4460 11387
4460 4188
4460 4712
4460 10524
4460 2525
4461 1457
4461 1464
4461 5390
4461 9584
4461 10903
4462 4202
4462 3662
4462 5493
4462 3234
4462 7610
4462 3901
4463 4756
4463 1073
4463 6342
4463 5869
4463 2284
4463 4426
4463 7049
4463 9109
4463 6100
4463 1849
4463 2932
4463 8957
4463 9195
4464 7685
4464 3808
4464 520
4464 1566
4464 2447
4464 2907
4465 6841
4465 130
4465 6989
4465 8582
4465 79
4465 5412
4466 8510
4466 7694
4466 9947
4466 9854
4466 10760
4467 3522
4467 3985
4467 11264
4467 720
4467 11249
4467 9162
4468 25
4468 24
4468 4860
4468 5764
4468 9144
4469 2576
4469 10848
4469 11226
4469 11535
4469 2509
4469 2520
4469 9778
4470 10271
4470 11536
4470 11420
4470 10786
4470 11493
4470 11494
4471 1258
4471 4949
4471 7718
4471 7578
4471 10466
4471 4967
4471 5175
4472 678
4472 5868
4472 4437
4472 1434
4472 4426
4472 4091
4472 4293
4472 1185
4472 2894
4473 2025
4473 8538
4473 6613
4473 6616
4473 6827
4473 9150
4473 10418
4474 5226
4474 839
4474 5016
4474 5229
4474 5230
4474 3515
4474 4706
4474 7552
4474 8169
4474 8384
4474 9260
4474 8207
4474 9100
4474 7694
4474 6258
4474 9444
4474 10201
4474 9318
4474 10976
4474 10618
4474 11131
4474 10823
4474 10798
4474 7721
4474 9319
4474 133
4474 7365
4474 738
4474 741
4474 9196
4475 7241
4475 7410
4475 7570
4475 10417
4475 11447
4476 4686
4476 6557
4476 872
4476 10605
4476 1593
4477 6021
4477 6020
4477 6670
4477 1758
4477 91
4477 450
4477 10010
4477 10489
4477 9306
4477 8174
4477 6638
4477 5027
4478 4268
4478 4263
4478 1479
4478 5717
4478 1301
4478 2279
4479 8254
4479 9947
4479 9444
4479 11185
4479 9799
4479 11440
4480 7683
4480 6774
4480 5834
4480 11299
4480 11287
4480 11135
4480 8681
4480 11835
4481 10835
4481 5350
4481 672
4481 1450
4481 3760
4481 8045
4481 9714
4482 904
4482 284
4482 10144
4482 10842
4482 5776
4482 11399
4483 6340
4483 10623
4483 3537
4483 7146
4483 10101
4483 10780
4484 1633
4484 2018
4484 3748
4484 9392
4484 5571
4484 7578
4485 4763
4485 6822
4485 1860
4485 9893
4485 8915
4485 4232
4485 6386
4486 1111
4486 6146
4486 9758
4486 11604
4486 1261
4487 4765
4487 5228
4487 5709
4487 5393
4487 6077
4487 1624
4487 6363
4487 8415
4487 7035
4487 8207
4487 9444
4487 7694
4487 9947
4487 9730
4487 6258
4487 9100
4487 9700
4487 1034
4487 1035
4487 6114
4487 7552
4487 10201
4487 10798
4487 5834
4487 11232
4487 10615
4487 10616
4487 11709
4487 11735
4488 10397
4488 675
4488 10466
4488 481
4488 2520
4488 2874
4489 2687
4489 3306
4489 4200
4489 5217
4489 6947
4490 3589
4490 3515
4490 5709
4490 705
4490 5788
4490 2512
4491 4623
4491 5959
4491 24
4491 25
4491 1404
4491 4243
4491 430
4491 1703
4491 4205
4491 10712
4492 619
4492 617
4492 791
4492 822
4492 7210
4492 511
4493 3135
4493 350
4493 1846
4493 6571
4493 11170
4493 4106
4493 8760
4494 3376
4494 4725
4494 4724
4494 4730
4494 4923
4494 1457
4494 5016
4494 5391
4494 5393
4494 5390
4494 1624
4494 8169
4494 8199
4494 8449
4494 9490
4494 7585
4494 9785
4494 9853
4494 10326
4494 11299
4495 859
4495 856
4495 2687
4495 5922
4495 5923
4496 1937
4496 3101
4496 4467
4496 4765
4496 3696
4496 3100
4496 2511
4496 2309
4496 4094
4496 5737
4496 7468
4496 3011
4496 6549
4496 7569
4496 412
4496 8999
4496 8796
4496 2296
4496 877
4497 474
4497 8090
4497 8248
4497 2665
4497 2946
4497 9650
4498 2290
4498 8595
4498 9486
4498 11108
4498 1833
4498 11117
4498 3644
4498 11034
4498 1832
4498 8930
4499 2180
4499 6569
4499 7121
4499 5015
4499 8393
4499 6663
4500 6957
4500 4261
4500 1860
4500 3328
4500 223
4500 3330
4500 6342
4500 6958
4500 9654
4501 4936
4501 3807
4501 7138
4501 5509
4501 4852
4502 6310
4502 3248
4502 4630
4502 4105
4502 896
4502 3309
4503 8253
4503 8382
4503 8779
4503 9490
4503 9281
4503 9922
4503 9947
4503 9775
4503 10169
4503 9773
4503 9854
4503 9855
4503 9774
4503 10236
4503 9733
4503 10798
4503 9747
4503 10811
4503 11736
4503 11701
4503 11765
4503 11518
4504 7683
4504 9776
4504 9319
4504 9026
4504 5788
4504 11136
4505 5344
4505 2267
4505 3454
4505 6102
4505 7809
4505 6822
4505 6298
4505 11824
4506 7227
4506 7363
4506 4815
4506 7228
4506 8
4506 1127
4506 5554
4506 8030
4507 3972
4507 8696
4507 10847
4507 11226
4507 108
4507 5423
4508 1643
4508 829
4508 8689
4508 3745
4508 1653
4508 3746
4508 6971
4508 7658
4508 8365
4508 4150
4508 2488
4508 3107
4508 4122
4508 4137
4508 9365
4508 9929
4508 3104
4508 4120
4508 5769
4508 3200
4508 5350
4508 3637
4508 3103
4508 4121
4508 6986
4508 8622
4508 5417
4508 819
4508 3102
4508 3106
4508 5897
4508 5972
4508 6944
4508 7833
4508 8623
4508 3298
4508 5454
4508 7267
4508 7022
4508 422
4508 418
4508 401
4508 10198
4508 5727
4508 10178
4509 4724
4509 4730
4509 4702
4509 3457
4509 1624
4509 7617
4509 8382
4509 9011
4509 1047
4509 10798
4509 9243
4509 10567
4509 837
4509 10793
4509 11564
4509 11383
4510 9940
4510 4096
4510 4280
4510 6632
4510 8929
4511 8236
4511 8895
4511 1091
4511 1790
4511 527
4511 4854
4511 7988
4512 1987
4512 9660
4512 2498
4512 4861
4512 9308
4512 10610
4513 4584
4513 3145
4513 3776
4513 4923
4513 1624
4513 8189
4513 9664
4513 11289
4513 6096
4513 11567
4514 2732
4514 9557
4514 5976
4514 1348
4514 6125
4514 2143
4514 5445
4514 5612
4515 6370
4515 7814
4515 1772
4515 9325
4515 11219
4515 2682
4516 8251
4516 8382
4516 8779
4516 7514
4516 7031
4516 8249
4516 7683
4516 9859
4516 9283
4516 9853
4516 9856
4516 6258
4516 9772
4516 9444
4516 8035
4516 11002
4516 11525
4516 1825
4516 6438
4516 9669
4517 1228
4517 1076
4517 8833
4517 9206
4517 6045
4517 670
4517 6944
4517 8881
4518 4933
4518 4923
4518 9700
4518 6826
4518 8931
4518 3658
4518 10976
4518 11767
4518 11776
4518 11775
4518 11772
4519 808
4519 810
4519 4023
4519 8382
4519 9174
4519 5291
4519 9733
4519 11528
4520 5793
4520 112
4520 7966
4520 9294
4520 1752
4520 1825
4521 4532
4521 5978
4521 6738
4521 9955
4521 10369
4521 10418
4522 4933
4522 4923
4522 5395
4522 1624
4522 7060
4522 8449
4522 8779
4522 9037
4522 7585
4522 9011
4522 9281
4522 9947
4522 10169
4522 9100
4522 6258
4522 10271
4522 10798
4522 5782
4522 10289
4522 7918
4522 11399
4522 7435
4522 11606
4522 11156
4522 11688
4522 11689
4522 11782
4522 10092
4522 11822
4522 11828
4523 7541
4523 8383
4523 8779
4523 8211
4523 8208
4523 6258
4523 9730
4523 7018
4523 10774
4523 11307
4523 10917
4523 10918
4523 11528
4523 11530
4523 10797
4523 10793
4523 11399
4524 2447
4524 1457
4524 6484
4524 7060
4524 6103
4525 3837
4525 4280
4525 7317
4525 8739
4525 4091
4525 3639
4525 7943
4526 335
4526 1030
4526 4504
4526 4186
4526 6838
4526 719
4526 7897
4527 4035
4527 4068
4527 8779
4527 7628
4527 8242
4527 10236
4527 10371
4527 11613
4527 11782
4527 6445
4528 5709
4528 1624
4528 9100
4528 9947
4528 9444
4528 10287
4528 10798
4528 11558
4528 11768
4528 6024
4528 6429
4528 11816
4529 3366
4529 3987
4529 6790
4529 11180
4529 11372
4529 11587
4529 11021
4529 9792
4530 582
4530 1141
4530 1225
4530 584
4530 1919
4530 1943
4530 1948
4530 6718
4530 887
4530 3541
4530 6606
4530 6002
4530 1960
4530 6434
4531 1663
4531 1960
4531 2980
4531 896
4531 629
4531 3876
4531 9506
4531 994
4531 5877
4531 4999
4531 1048
4532 10581
4532 11217
4532 9325
4532 9508
4532 9860
4532 10423
4532 6239
4533 5041
4533 6957
4533 3454
4533 4031
4533 9350
4533 2653
4534 3456
4534 3457
4534 4923
4534 5226
4534 5230
4534 5393
4534 6343
4534 1624
4534 6484
4534 6483
4534 7779
4534 7541
4534 8415
4534 8449
4534 8211
4534 8510
4534 6258
4534 9444
4534 10902
4534 10567
4534 5834
4534 825
4534 10600
4534 11439
4534 11835
4535 8415
4535 8253
4535 8779
4535 3164
4535 7514
4535 8778
4535 9260
4535 8763
4535 9490
4535 7585
4535 8728
4535 7694
4535 9659
4535 10169
4535 9856
4535 7629
4535 6679
4535 10236
4535 10238
4535 10976
4535 9690
4535 10798
4535 11132
4535 11185
4535 11130
4536 11254
4536 5788
4536 11720
4536 3551
4536 887
4536 2492
4536 11515
4536 11496
4536 10380
4536 10446
4536 11177
4537 4923
4537 5230
4537 851
4537 428
4537 6483
4537 7796
4537 8132
4537 8449
4537 7514
4537 8679
4537 8763
4537 9340
4537 9183
4537 7694
4537 9700
4537 10236
4537 5834
4538 10542
4538 9503
4538 10677
4538 3166
4538 8842
4538 6524
4538 7776
4538 5386
4538 2100
4538 11243
4538 11407
4538 4868
4538 9216
4538 3846
4538 8833
4538 5887
4538 6927
4538 9211
4538 8906
4538 11535
4538 128
4538 1608
4538 2818
4538 4174
4538 5492
4538 6995
4538 7194
4538 10713
4538 6866
4538 769
4538 1858
4538 2177
4538 3550
4538 4073
4538 4222
4538 11129
4539 5011
4539 3000
4539 5013
4539 8614
4539 11001
4540 3102
4540 3104
4540 10255
4540 1221
4540 4837
4540 6389
4540 9029
4540 3201
4540 6474
4541 2234
4541 743
4541 3633
4541 6752
4541 7694
4541 9700
4542 1232
4542 5831
4542 8889
4542 2165
4542 10357
4542 4150
4542 7884
4542 9038
4542 6444
4542 9022
4542 898
4542 10350
4542 7245
4542 1450
4542 7337
4542 8436
4542 9739
4542 3247
4542 2348
4542 5548
4542 6546
4542 476
4542 3638
4542 4151
4542 5995
4542 7743
4542 9880
4542 11102
4542 5485
4542 4131
4543 6482
4543 8102
4543 5079
4543 8679
4543 8728
4543 7168
4543 6774
4543 7369
4543 6731
4543 5304
4543 9150
4543 9319
4543 11526
4543 11524
4543 6446
4543 11775
4544 8102
4544 7694
4544 7684
4544 9700
4544 10234
4544 3413
4544 11232
4544 10793
4544 10794
4545 482
4545 9778
4545 142
4545 5917
4545 2666
4545 4935
4545 4389
4546 5226
4546 5391
4546 7779
4546 8449
4546 8382
4546 8254
4546 8132
4546 896
4546 9037
4546 8602
4546 1543
4546 9855
4546 9947
4546 9444
4546 9733
4546 7022
4546 2105
4546 11131
4546 11185
4546 11524
4546 11483
4546 11525
4546 11550
4546 11601
4546 11511
4546 4104
4546 11568
4546 11490
4546 1896
4546 11565
4546 11775
4546 11118
4546 6920
4546 11828
4546 11785
4547 1581
4547 4395
4547 3362
4547 10262
4547 5309
4547 9571
4547 8377
4547 284
4547 7404
4548 1301
4548 2048
4548 1481
4548 8458
4548 9746
4548 1484
4548 3048
4549 5277
4549 10278
4549 6258
4549 10236
4549 6774
4549 10976
4549 5304
4549 3658
4549 5834
4549 10169
4549 11232
4549 11378
4549 11379
4549 11255
4549 6096
4549 11254
4549 5788
4549 6438
4549 11776
4550 4307
4550 1081
4550 5395
4550 1092
4550 4306
4550 1078
4550 4996
4550 1624
4550 9190
4550 7864
4550 8131
4550 8132
4550 8778
4550 9037
4550 8250
4550 7585
4550 8510
4550 7683
4550 7684
4550 9280
4550 6258
4550 9100
4550 9947
4550 6774
4550 10955
4550 741
4550 6864
4550 10615
4550 10616
4550 11788
4551 11421
4551 10917
4551 10918
4551 10600
4551 10912
4551 10913
4551 10914
4551 10916
4551 10797
4551 6096
4551 825
4551 2573
4551 11254
4551 11800
4552 9855
4552 7629
4552 10113
4552 11194
4552 6096
4553 7101
4553 8778
4553 9034
4553 9785
4553 10169
4553 9518
4553 10990
4553 11196
4553 11529
4553 11515
4553 11798
4554 105
4554 1026
4554 4561
4554 5819
4554 9744
4554 11568
4554 1165
4555 2197
4555 3999
4555 484
4555 5715
4555 7559
4555 2259
4555 7557
4555 3205
4556 7271
4556 8415
4556 7296
4556 2677
4556 8599
4556 8208
4556 8207
4556 9659
4556 9100
4556 9852
4556 7694
4556 10236
4556 9712
4556 9243
4557 8417
4557 8779
4557 9064
4557 1253
4557 8207
4557 9282
4557 9285
4557 9279
4557 6258
4557 9922
4557 7694
4557 7629
4557 9947
4557 9730
4557 10234
4557 9444
4557 9100
4557 10976
4557 10201
4557 10014
4557 9690
4557 10798
4557 11702
4557 11828
4558 7683
4558 9284
4558 9286
4558 5357
4558 9730
4558 9100
4558 10329
4558 10141
4558 5648
4558 5658
4558 6753
4558 10201
4558 10798
4558 6780
4558 10823
4558 5573
4558 11232
4558 2021
4558 11601
4558 11568
4558 11540
4558 11635
4558 1827
4558 6443
4558 2876
4558 11439
4558 1166
4558 1170
4558 1169
4558 10833
4558 10647
4558 10711
4559 3397
4559 4103
4559 3517
4559 4730
4559 5395
4559 5228
4559 5390
4559 1624
4559 7541
4559 8449
4559 9730
4559 5291
4559 5307
4559 9444
4559 11702
4560 1483
4560 828
4560 876
4560 5390
4560 6484
4560 1085
4560 4281
4560 1860
4560 8132
4560 7552
4560 8251
4560 9853
4560 9772
4560 11613
4560 10811
4560 6443
4560 11765
4560 10321
4560 9799
4561 5734
4561 3884
4561 1188
4561 1591
4561 8365
4561 1801
4561 2649
4561 9756
4561 5405
4561 2611
4562 2561
4562 5964
4562 2154
4562 2159
4562 1771
4562 128
4562 6313
4562 8648
4562 5454
4562 5647
4562 5649
4562 3890
4562 10952
4563 4796
4563 7056
4563 11683
4563 5755
4563 2088
4564 9821
4564 3020
4564 8226
4564 7241
4564 1860
4564 3202
4565 8509
4565 9508
4565 2693
4565 7383
4565 8931
4566 4032
4566 6751
4566 35
4566 855
4566 867
4566 2153
4566 10104
4567 1258
4567 3067
4567 8286
4567 9106
4567 2749
4567 4890
4568 1231
4568 4458
4568 2008
4568 2011
4568 2744
4568 1563
4568 8449
4568 8102
4568 4188
4569 1257
4569 1140
4569 3492
4569 3833
4569 9453
4569 10757
4570 459
4570 5969
4570 6922
4570 414
4570 6231
4570 9320
4570 9508
4571 5391
4571 7060
4571 7860
4571 8199
4571 8383
4571 8417
4571 8778
4571 7514
4571 1543
4571 8767
4571 11702
4571 11771
4572 4091
4572 7056
4572 5764
4572 8511
4572 8812
4572 10630
4573 5228
4573 8131
4573 8449
4573 8415
4573 9037
4573 8407
4573 6258
4573 5291
4573 8208
4573 10637
4573 9733
4573 10116
4573 11131
4573 11098
4573 10014
4573 11132
4573 11002
4573 11300
4573 6096
4573 11490
4573 11600
4573 11740
4574 11526
4574 11527
4574 11530
4574 11531
4574 11255
4574 11522
4574 11523
4574 11528
4574 11329
4574 11576
4574 7365
4574 741
4574 6864
4574 11650
4574 9196
4574 738
4574 6269
4574 11375
4574 739
4574 5788
4574 11156
4574 11254
4574 7386
4574 11497
4574 10615
4574 10616
4574 11664
4574 11688
4574 11709
4574 11735
4574 9553
4574 11767
4574 11776
4574 11771
4574 11769
4574 11774
4574 11777
4574 11686
4575 5228
4575 5230
4575 5391
4575 6077
4575 8680
4575 8602
4575 8407
4575 9490
4575 10371
4575 10969
4575 4104
4575 11027
4576 3337
4576 4050
4576 4001
4576 2182
4576 6847
4576 7441
4576 4677
4576 4035
4576 4744
4576 10368
4576 9949
4576 10287
4576 10367
4576 10730
4576 11218
4576 11399
4576 7691
4576 8605
4576 10553
4577 10963
4577 2764
4577 1895
4577 9493
4577 135
4577 3780
4577 4979
4577 7724
4577 7725
4577 8087
4577 9188
4577 9298
4577 130
4577 3402
4577 11488
4577 7892
4578 8675
4578 10336
4578 1568
4578 3630
4578 8674
4578 5509
4578 3243
4578 3946
4578 180
4579 4933
4579 4923
4579 5611
4579 6344
4579 1624
4579 6482
4579 7060
4579 7541
4579 6363
4579 8131
4579 8449
4579 8417
4579 8604
4579 3164
4579 8677
4579 8728
4579 9340
4579 8102
4579 8573
4579 9604
4579 9519
4579 10114
4579 10014
4579 6258
4579 11295
4579 10811
4579 11496
4579 11822
4579 11835
4580 8225
4580 10314
4580 7163
4580 4390
4580 4584
4581 9283
4581 9690
4581 10798
4581 10271
4581 5783
4581 5780
4581 8787
4581 7017
4581 5304
4581 7022
4581 10968
4581 5834
4581 11232
4581 836
4581 11526
4581 11527
4582 1624
4582 7796
4582 8169
4582 9174
4582 9260
4582 8208
4582 7659
4582 9712
4582 9774
4582 10449
4582 825
4582 6364
4582 11527
4582 11041
4582 11194
4582 7918
4582 11600
4582 11270
4582 11601
4582 11515
4582 10520
4582 11739
4582 6446
4582 11118
4582 10446
4582 3474
4583 8103
4583 8382
4583 4091
4583 9071
4583 9732
4583 9604
4583 10995
4583 6679
4583 11524
4583 11516
4583 11675
4583 11773
4583 11770
4584 1002
4584 1575
4584 2980
4584 4234
4584 4776
4584 3315
4584 821
4584 1301
4585 3987
4585 245
4585 7765
4585 7933
4585 2645
4585 6370
4586 2683
4586 6037
4586 6279
4586 6957
4586 3120
4586 4122
4586 4199
4587 4702
4587 4725
4587 4730
4587 3932
4587 990
4587 6485
4587 7101
4587 8407
4587 8408
4587 8598
4587 9260
4587 8736
4587 8211
4587 8208
4587 9700
4587 9775
4587 9773
4587 9772
4587 9712
4587 9774
4587 10236
4587 6258
4587 5834
4587 11284
4587 11286
4587 11484
4587 4280
4587 11770
4587 11791
4587 11766
4588 1692
4588 2270
4588 3096
4588 531
4588 5853
4588 4032
4588 4426
4588 8575
4589 10738
4589 3598
4589 7234
4589 2542
4589 11167
4590 7557
4590 8719
4590 808
4590 3166
4590 3453
4590 6096
4590 6114
4591 9700
4591 9773
4591 9772
4591 7629
4591 6258
4591 9776
4591 9774
4591 10234
4591 9733
4591 10976
4591 10633
4591 420
4591 10634
4591 11117
4591 10182
4591 11130
4591 10798
4591 11132
4591 5834
4591 11098
4591 2788
4591 36
4591 11232
4591 11300
4591 11194
4591 11308
4591 11307
4591 6096
4591 1827
4591 11511
4591 1825
4591 392
4591 11601
4591 11567
4591 11720
4591 11566
4591 11439
4591 11564
4591 10520
4591 11501
4591 9734
4591 11797
4592 3096
4592 3101
4592 4847
4592 4901
4592 3323
4592 3776
4592 3884
4592 4255
4592 4260
4592 2365
4592 2432
4592 2461
4592 1513
4592 5228
4592 3932
4592 6018
4592 1624
4592 7514
4592 9100
4592 9700
4592 10243
4592 10201
4593 1128
4593 1479
4593 1120
4593 1621
4593 1957
4593 8213
4593 10688
4593 1057
4593 4273
4593 7587
4593 7903
4594 9507
4594 833
4594 11264
4594 9508
4594 1779
4594 7730
4595 4091
4595 8417
4595 8253
4595 5280
4595 7052
4595 8207
4595 6258
4595 9774
4595 9444
4595 2763
4595 11775
4596 3732
4596 3728
4596 7681
4596 10299
4596 1860
4597 6483
4597 7060
4597 7796
4597 7071
4597 8415
4597 9700
4597 9100
4597 7629
4597 8352
4597 11788
4597 11689
4597 11765
4598 11062
4598 11403
4598 1310
4598 6239
4598 5573
4599 4594
4599 8462
4599 4516
4599 2580
4599 6497
4599 99
4599 256
4599 5516
4599 3166
4599 7829
4599 9076
4599 2470
4599 4682
4599 7897
4599 10036
4599 6814
4599 9083
4599 8402
4599 8011
4599 10656
4599 8139
4599 7433
4599 7647
4599 8566
4599 10104
4599 9477
4599 5457
4599 11204
4599 9266
4599 9498
4600 825
4600 1273
4600 4156
4600 912
4600 8583
4600 9074
4600 7417
4600 11231
4601 3960
4601 6063
4601 6919
4601 4029
4601 1481
4601 6957
4601 3048
4601 1884
4601 5143
4601 7567
4601 7248
4601 1240
4601 9248
4601 5851
4601 8615
4601 8622
4601 9654
4602 4875
4602 10142
4602 4352
4602 3973
4602 9626
4602 11624
4602 11792
4603 3883
4603 650
4603 5294
4603 2930
4603 9155
4603 7800
4604 6407
4604 6518
4604 8907
4604 5368
4604 9050
4605 185
4605 4993
4605 5859
4605 5860
4605 5861
4605 9032
4605 9030
4606 8345
4606 2901
4606 5131
4606 9606
4606 176
4606 2061
4606 8276
4606 7897
4606 9739
4606 10719
4606 4098
4606 10789
4606 11187
4607 6786
4607 8487
4607 11037
4607 2023
4607 10730
4608 6125
4608 8417
4608 8415
4608 7552
4608 8251
4608 896
4608 8728
4608 9100
4608 9922
4608 7684
4608 6258
4608 9730
4608 9604
4608 10201
4608 10637
4608 10238
4608 5834
4608 2573
4608 11816
4609 506
4609 507
4609 3176
4609 2345
4609 1860
4609 2236
4609 6242
4610 1860
4610 1230
4610 5041
4610 1872
4610 1624
4610 2447
4610 780
4610 5616
4610 1507
4610 6957
4610 4032
4610 1318
4610 1728
4610 4970
4610 8169
4610 3628
4610 7049
4610 9659
4610 9775
4610 9604
4610 9774
4610 10637
4610 9733
4610 10236
4610 10774
4610 10271
4610 6731
4610 10798
4610 11074
4610 10969
4610 6096
4610 9406
4610 11606
4610 11601
4610 2267
4610 11122
4610 11564
4610 6398
4610 11819
4611 2397
4611 482
4611 2374
4611 1383
4611 3061
4611 10729
4611 4929
4611 10225
4611 9913
4612 6957
4612 1258
4612 7512
4612 10426
4612 8563
4613 5390
4613 6077
4613 6488
4613 6484
4613 7060
4613 9776
4613 10236
4613 5788
4614 6774
4614 1421
4614 670
4614 1869
4614 7896
4614 9463
4614 9754
4614 8068
4615 7555
4615 4895
4615 3590
4615 6195
4615 1631
4615 3985
4615 8309
4616 2985
4616 314
4616 3613
4616 4396
4616 9948
4616 949
4616 9092
4617 2025
4617 5106
4617 7552
4617 9179
4617 9037
4617 1055
4617 9705
4617 9659
4617 10169
4617 9603
4617 9772
4617 9774
4617 10234
4617 2447
4617 6679
4617 7418
4617 11602
4617 11600
4617 11701
4617 3845
4617 10968
4617 10092
4618 7450
4618 299
4618 3048
4618 8583
4618 5034
4618 8410
4618 2513
4619 1457
4619 5229
4619 5012
4619 5011
4619 5013
4619 6486
4619 7060
4619 8409
4619 9037
4619 3164
4619 8112
4619 9444
4619 10236
4619 11232
4619 11568
4619 10626
4620 2298
4620 3554
4620 5516
4620 8783
4620 10262
4621 4209
4621 6685
4621 363
4621 8202
4621 8594
4621 6294
4622 2373
4622 7308
4622 7376
4622 9329
4622 821
4622 822
4623 9731
4623 6674
4623 10539
4623 1202
4623 9271
4624 6485
4624 8131
4624 8599
4624 10759
4624 7721
4624 11288
4624 11300
4624 11501
4625 8555
4625 540
4625 1185
4625 5868
4625 1417
4625 5645
4625 3221
4625 9301
4626 8858
4626 102
4626 4549
4626 5053
4626 1112
4626 9209
4626 5674
4626 6188
4627 3748
4627 3747
4627 1632
4627 1654
4627 4267
4627 5821
4628 7717
4628 8366
4628 7265
4628 6529
4628 11352
4628 11102
4628 1506
4629 5114
4629 5982
4629 2328
4629 2576
4629 9152
4629 3613
4630 824
4630 8572
4630 8736
4630 9785
4630 8208
4630 8249
4630 3166
4630 7683
4630 9922
4630 7694
4630 6258
4630 10236
4630 11288
4630 11736
4630 11496
4630 9669
4631 8931
4631 1179
4631 1960
4631 3613
4631 3973
4631 9163
4631 10221
4632 4227
4632 2728
4632 7527
4632 3213
4632 9383
4632 892
4633 3273
4633 8531
4633 5182
4633 5463
4633 9978
4633 9530
4634 8415
4634 8382
4634 8407
4634 7585
4634 8211
4634 8207
4634 7694
4634 7684
4634 8208
4634 9705
4634 9659
4634 6258
4634 10169
4634 9922
4634 9852
4634 9947
4634 7629
4634 10774
4634 10287
4634 10798
4634 11399
4634 11782
4634 11775
4634 11440
4635 5361
4635 2566
4635 10252
4635 8818
4635 7482
4635 7321
4635 4224
4635 4770
4635 1495
4635 3711
4635 8934
4635 3686
4635 2053
4635 1802
4635 1270
4636 3589
4636 4724
4636 6248
4636 4730
4636 4260
4636 1457
4636 5226
4636 5229
4636 5391
4636 5393
4636 1624
4636 8169
4636 8382
4636 9067
4636 8763
4636 9853
4636 9854
4636 10169
4636 10236
4636 10955
4636 6410
4636 11255
4636 11522
4636 11775
4637 9826
4637 8090
4637 5431
4637 10423
4637 8715
4638 5391
4638 7060
4638 8254
4638 8251
4638 8382
4638 8779
4638 8385
4638 8211
4638 9037
4638 9856
4638 5307
4638 9776
4638 10014
4638 10326
4638 10169
4638 11524
4638 11525
4638 11540
4638 11791
4639 6597
4639 8417
4639 9034
4639 3164
4639 9260
4639 8409
4639 9659
4639 10169
4639 5307
4639 7063
4639 10774
4639 10902
4639 10798
4639 6864
4639 11816
4640 3017
4640 6075
4640 2050
4640 3210
4640 2189
4641 9000
4641 11754
4641 5508
4641 6497
4641 9224
4642 2367
4642 6959
4642 3435
4642 4265
4642 518
4642 8925
4643 2872
4643 8823
4643 2525
4643 9380
4643 4359
4643 3924
4644 7541
4644 6192
4644 2745
4644 1001
4644 1019
4644 8383
4644 8779
4644 8408
4644 1543
4644 7585
4644 8211
4644 10169
4644 9854
4644 9773
4644 10236
4644 10760
4644 6729
4644 10902
4644 10567
4644 9503
4644 11308
4644 10531
4644 11293
4644 7322
4644 11448
4644 6642
4644 4694
4644 11741
4644 4091
4644 7282
4644 863
4644 391
4645 837
4645 8500
4645 1465
4645 1456
4645 9101
4645 4810
4645 4426
4645 10732
4645 7693
4645 3613
4645 3987
4645 8861
4645 2222
4645 5545
4645 9636
4646 1249
4646 5611
4646 6343
4646 7796
4646 8254
4646 8449
4646 8382
4646 8409
4646 10169
4646 11002
4646 11399
4647 6556
4647 8253
4647 3164
4647 9340
4647 9947
4647 478
4647 9243
4647 2298
4647 412
4647 1845
4647 5884
4647 3551
4647 26
4647 7746
4647 9508
4647 9724
4647 9794
4647 10367
4648 530
4648 1216
4648 2267
4648 1584
4648 3589
4648 5227
4648 1605
4648 3985
4648 6631
4648 8038
4648 807
4648 7322
4648 1663
4648 4996
4648 5026
4648 4032
4648 862
4648 865
4648 9239
4648 7326
4649 1824
4649 2288
4649 1395
4649 45
4649 241
4649 8413
4649 8610
4650 3376
4650 3398
4650 3589
4650 6248
4650 4730
4650 5226
4650 3515
4650 1464
4650 5395
4650 6077
4651 4109
4651 6933
4651 9220
4651 2759
4651 5000
4651 6681
4652 629
4652 9398
4652 2996
4652 3987
4652 7946
4652 8391
4652 8606
4652 6790
4652 9025
4652 9380
4652 142
4652 1638
4652 2447
4652 6625
4652 7422
4652 1115
4652 1897
4652 4763
4652 11397
4652 3245
4652 10317
4652 8675
4652 3416
4652 5413
4652 10781
4652 2485
4652 10318
4653 52
4653 6017
4653 7617
4653 8217
4653 8218
4653 8219
4653 8222
4653 8223
4654 4035
4654 3932
4654 3868
4654 3097
4654 7036
4654 8305
4654 8408
4654 7442
4654 9134
4654 6780
4654 11647
4654 11156
4655 4028
4655 2561
4655 2399
4655 6012
4655 6013
4655 7035
4655 8197
4655 7684
4655 8168
4655 11060
4655 9327
4655 9321
4655 9195
4655 11357
4656 3884
4656 2855
4656 4255
4656 5226
4656 6018
4656 1624
4656 5711
4656 6363
4656 9067
4657 5228
4657 6484
4657 6483
4657 3164
4657 9856
4657 9733
4657 10182
4657 11185
4657 6656
4658 4389
4658 11050
4658 11416
4658 2217
4658 7723
4659 8417
4659 1543
4659 9100
4659 6258
4659 5291
4659 5307
4659 10234
4659 10774
4659 10326
4659 10449
4659 10567
4659 10798
4659 11135
4659 11002
4659 10794
4659 10797
4659 11568
4659 11564
4659 11566
4660 8417
4660 7514
4660 9011
4660 10234
4660 9444
4660 11185
4660 11522
4660 11270
4661 2103
4661 1441
4661 892
4661 9530
4661 4855
4661 5147
4661 5895
4661 5976
4662 2231
4662 1473
4662 3373
4662 10273
4662 3222
4662 1472
4663 9288
4663 7006
4663 58
4663 7543
4663 912
4663 4151
4663 9089
4663 412
4664 5908
4664 9745
4664 2191
4664 8370
4664 6125
4664 10418
4665 7056
4665 7270
4665 8783
4665 9594
4665 3177
4665 6258
4665 7141
4666 2377
4666 6023
4666 7125
4666 9109
4666 11399
4666 11633
4667 8169
4667 8449
4667 9733
4667 10236
4667 10238
4667 3675
4667 11485
4667 2609
4667 11539
4667 11401
4667 5730
4667 11399
4667 9734
4667 11767
4667 11772
4667 11686
4668 4504
4668 3419
4668 4194
4668 2327
4668 948
4668 219
4668 2981
4668 6211
4668 10108
4668 2953
4668 11569
4668 10535
4668 2980
4668 9381
4668 2219
4668 619
4668 2576
4669 1918
4669 3457
4669 3884
4669 4029
4669 2033
4669 1849
4669 4426
4669 3515
4669 4238
4669 2846
4669 4384
4669 2873
4669 3592
4669 1624
4669 9064
4669 8189
4669 9010
4669 7694
4669 8207
4669 747
4669 8510
4669 9100
4669 6258
4669 9730
4670 540
4670 4187
4670 4060
4670 10804
4670 11333
4671 8169
4671 9009
4671 49
4671 11772
4671 10771
4672 4350
4672 4933
4672 9033
4672 3164
4672 8207
4672 8763
4672 9100
4672 9700
4672 9852
4672 5782
4673 1194
4673 89
4673 2479
4673 758
4673 6697
4673 2984
4673 2988
4673 5678
4673 8264
4673 5236
4673 4863
4673 4708
4673 9268
4673 2996
4673 9398
4673 9993
4673 755
4673 2949
4673 8113
4673 3443
4673 9026
4673 8247
4673 2966
4673 8727
4673 5334
4674 3063
4674 3096
4674 6425
4674 3422
4674 792
4674 9427
4674 9478
4674 7056
4674 8051
4675 6485
4675 7779
4675 7060
4675 623
4675 8251
4675 1297
4675 8778
4675 8599
4675 1296
4675 9444
4675 6118
4675 2180
4675 6870
4675 5369
4675 10146
4675 6571
4675 5848
4675 4554
4675 6872
4675 6875
4675 6884
4675 6879
4675 6986
4675 9989
4675 4599
4675 7994
4675 1192
4675 1906
4676 811
4676 2687
4676 4759
4676 4934
4676 5710
4676 6497
4676 8972
4676 4028
4676 8060
4676 6014
4676 2153
4676 952
4676 9341
4676 6031
4676 6966
4676 7977
4676 8725
4676 8831
4676 8863
4676 7157
4676 1071
4676 8422
4676 9476
4676 8298
4676 8168
4676 11567
4677 409
4677 5623
4677 205
4677 1603
4677 8785
4678 6258
4678 9947
4678 9730
4678 9518
4678 9444
4678 10995
4678 10236
4678 10633
4678 10201
4678 10798
4678 5834
4678 10247
4678 9747
4678 11530
4678 11600
4678 11720
4678 11439
4678 11516
4678 11836
4679 4426
4679 4190
4679 9317
4679 938
4679 11352
4679 6529
4679 9337
4679 8999
4679 6342
4679 3329
4679 11418
4680 1869
4680 5729
4680 6381
4680 7438
4680 7273
4680 9301
4681 5661
4681 3313
4681 2557
4681 5658
4681 10620
4682 6834
4682 10188
4682 9109
4682 6371
4682 1258
4682 8900
4682 1643
4682 8861
4682 9839
4683 8778
4683 8779
4683 8407
4683 8409
4683 9855
4684 9100
4684 6269
4684 10976
4684 10969
4684 10794
4684 6096
4684 9744
4684 10418
4684 11254
4684 11663
4684 11399
4684 11768
4684 9799
4685 9336
4685 42
4685 495
4685 1471
4685 10882
4685 2109
4685 9879
4686 5452
4686 7897
4686 5977
4686 5552
4686 8867
4687 9521
4687 511
4687 1064
4687 5863
4687 8473
4688 7514
4688 9033
4688 8197
4688 5863
4688 1543
4688 1860
4688 9284
4688 1507
4688 1055
4688 9604
4688 6679
4688 9260
4688 9774
4688 9733
4688 2746
4688 10449
4688 3058
4688 3711
4688 5137
4688 5713
4688 7270
4688 1922
4688 837
4688 11550
4688 1681
4688 11736
4688 8652
4688 1614
4688 2165
4688 3778
4688 554
4689 7417
4689 9112
4689 3166
4689 1173
4689 1581
4689 11575
4689 11712
4689 3307
4690 2204
4690 3637
4690 5408
4690 5626
4690 4629
4690 9109
4690 825
4691 453
4691 2574
4691 136
4691 8341
4691 256
4691 9792
4691 11011
4691 5043
4691 11795
4691 2505
4692 5147
4692 892
4692 7265
4692 6398
4692 9014
4693 8415
4693 8250
4693 8211
4693 9659
4693 9947
4693 9444
4693 9774
4693 10236
4693 10371
4693 9733
4693 10760
4693 6096
4693 11635
4693 6449
4694 1096
4694 4016
4694 4268
4694 5810
4694 9109
4694 6768
4695 8415
4695 8382
4695 7036
4695 8385
4695 8602
4695 7514
4695 9260
4695 7585
4695 9859
4695 9285
4695 9603
4695 9604
4695 9947
4695 6258
4695 5307
4695 10236
4695 9318
4695 10271
4695 10326
4695 10823
4695 5834
4695 10798
4695 11287
4695 11294
4695 11539
4695 11490
4695 11675
4695 11832
4696 6302
4696 10639
4696 10326
4696 10014
4696 10618
4696 10271
4696 5304
4696 7022
4696 9690
4696 11131
4696 10798
4696 11132
4696 11287
4696 11288
4696 2609
4696 4104
4696 6664
4697 5350
4697 8621
4697 2933
4697 7563
4697 1732
4697 2296
4697 7662
4697 10115
4697 2373
4697 8965
4697 6063
4697 3548
4697 9756
4697 6775
4697 3674
4697 6957
4697 7020
4697 5938
4697 3743
4697 5294
4697 10619
4698 8805
4698 4492
4698 8924
4698 1445
4698 6737
4698 6713
4698 11264
4698 3999
4698 9726
4698 413
4698 541
4698 10762
4698 9507
4698 11447
4698 11557
4699 10798
4699 5782
4699 5834
4699 11098
4699 11196
4699 11232
4699 11568
4699 11194
4699 11521
4699 5635
4699 5788
4699 11770
4699 242
4700 1357
4700 2521
4700 5494
4700 1221
4700 3139
4700 6781
4700 1211
4700 2508
4700 4151
4700 10466
4701 5016
4701 5229
4701 5230
4701 5393
4701 6077
4701 3592
4701 1624
4701 6486
4701 7060
4701 7796
4701 8779
4701 9174
4701 8189
4701 8763
4701 8208
4701 9285
4701 9922
4701 7694
4701 9659
4701 10169
4701 9773
4701 6258
4701 10116
4701 10371
4701 10798
4701 11524
4701 11701
4701 6449
4702 2405
4702 2840
4702 4157
4702 4594
4702 5164
4702 2374
4702 4912
4702 9770
4702 10153
4702 10921
4702 11018
4702 1180
4702 8587
4702 1179
4702 2018
4702 4375
4702 6615
4702 9404
4702 9754
4702 3973
4702 4846
4702 1296
4702 7384
4702 2953
4702 8559
4702 2472
4702 9547
4702 6665
4703 4085
4703 5369
4703 5746
4703 6447
4703 6771
4703 1591
4703 1960
4703 2736
4703 2807
4703 4834
4703 5290
4703 8192
4703 9146
4703 9293
4703 9832
4704 9034
4704 8408
4704 8679
4704 9183
4704 7694
4704 9279
4704 9100
4704 11487
4704 10185
4704 11630
4704 10626
4705 7824
4705 5976
4705 7861
4705 6975
4705 1348
4705 8534
4705 9110
4705 8682
4705 9247
4705 6734
4705 7485
4705 7482
4705 10568
4705 11613
4705 11683
4705 5947
4705 7265
4705 7884
4705 6246
4705 1955
4705 7534
4705 6760
4705 9022
4705 5960
4706 5096
4706 8711
4706 7459
4706 2320
4706 5300
4707 2550
4707 4411
4707 4250
4707 6043
4707 7295
4707 6646
4707 6190
4707 9441
4707 7879
4708 1849
4708 4944
4708 5369
4708 3223
4708 3230
4708 3821
4708 11568
4709 5228
4709 1624
4709 7796
4709 8415
4709 8449
4709 8779
4709 8385
4709 9179
4709 9067
4709 8763
4709 9490
4709 9922
4709 9730
4709 9444
4709 10234
4709 9733
4709 10995
4709 11132
4709 7683
4709 7552
4709 5834
4709 10567
4709 11185
4709 6096
4709 11686
4710 1457
4710 1464
4710 5016
4710 5395
4710 5228
4710 5393
4710 1624
4710 8408
4710 9340
4710 6258
4710 9700
4710 9603
4710 10955
4710 10014
4710 11098
4711 3193
4711 3457
4711 3884
4711 4350
4711 4255
4711 3516
4711 3515
4711 6017
4711 6018
4711 6077
4711 9064
4711 8208
4711 9490
4711 7060
4711 10238
4711 10288
4711 9154
4711 11579
4711 11439
4711 11399
4712 5087
4712 7720
4712 3058
4712 5655
4712 2996
4712 7729
4712 5614
4712 8264
4712 11722
4712 3294
4712 11183
4713 7787
4713 4572
4713 4734
4713 4480
4713 6595
4713 5369
4713 1604
4713 4874
4713 2313
4713 3951
4713 5072
4713 5899
4713 7869
4713 6042
4713 7838
4713 3528
4713 2550
4713 8616
4713 8897
4713 10870
4713 3260
4713 5185
4714 1188
4714 1348
4714 29
4714 10370
4714 10657
4715 9011
4715 7684
4715 7326
4715 9100
4715 9730
4715 9712
4715 5291
4715 10902
4715 5004
4715 11282
4715 6096
4715 11736
4715 11675
4716 5839
4716 621
4716 2648
4716 3894
4716 5681
4716 3375
4716 328
4716 130
4716 5327
4716 9186
4716 5655
4717 873
4717 1327
4717 1330
4717 6012
4717 9892
4717 1895
4717 7710
4717 9250
4717 3540
4717 11566
4717 7764
4717 8469
4718 1211
4718 2281
4718 4461
4718 6531
4718 1919
4718 1001
4718 1818
4718 4794
4718 6468
4718 2073
4718 3356
4718 3584
4718 3686
4718 6588
4718 8078
4718 9150
4718 9519
4718 6503
4718 11321
4718 3014
4719 8387
4719 1144
4719 9007
4719 896
4719 4233
4719 8035
4719 10463
4720 5226
4720 5228
4720 3516
4720 6077
4720 1624
4720 7060
4720 6363
4720 8385
4720 9054
4720 9067
4720 9179
4720 8211
4720 9183
4720 9859
4720 9774
4720 10798
4720 10911
4721 4155
4721 5710
4721 449
4721 6239
4721 10882
4721 2834
4721 6824
4722 811
4722 1624
4722 2435
4722 1700
4722 6013
4722 2467
4722 2017
4722 2031
4722 5237
4722 6014
4722 1330
4722 9067
4722 3951
4722 2345
4722 1825
4722 11564
4722 11701
4722 8023
4722 8653
4722 2378
4723 3556
4723 6781
4723 6443
4723 6444
4723 8748
4724 1524
4724 8116
4724 4121
4724 8694
4724 10418
4725 506
4725 1214
4725 7052
4725 5886
4725 6244
4725 215
4725 1095
4725 4205
4725 9429
4725 3435
4726 1697
4726 2434
4726 2467
4726 3879
4726 3877
4726 583
4727 9137
4727 5369
4727 7234
4727 9572
4727 8168
4728 3035
4728 5410
4728 5885
4728 6385
4728 1482
4729 6130
4729 7577
4729 10207
4729 10454
4729 4027
4729 9760
4729 10455
4729 3348
4730 1177
4730 5837
4730 5369
4730 10852
4730 11728
4731 8199
4731 3164
4731 10371
4731 5757
4731 11568
4732 3999
4732 8112
4732 2894
4732 4855
4732 6181
4732 9109
4732 9792
4732 3613
4732 5976
4733 2136
4733 5067
4733 4999
4733 932
4733 961
4733 2855
4733 4140
4733 6751
4733 6863
4733 9232
4733 10016
4733 1319
4733 9904
4733 1519
4733 5635
4733 10634
4733 4212
4734 8417
4734 3711
4734 3621
4734 1693
4734 572
4734 11568
4734 6031
4734 10142
4734 5018
4734 6449
4734 11772
4734 8659
4735 4702
4735 4730
4735 876
4735 1624
4735 7541
4735 8169
4735 8449
4735 8251
4735 8382
4735 9033
4735 9067
4735 7683
4735 10169
4735 7629
4735 9855
4735 10371
4735 10976
4735 11098
4735 11255
4736 8189
4736 4969
4736 1695
4736 10999
4736 11451
4736 11628
4736 6243
4736 10672
4736 4455
4737 4923
4737 1464
4737 5016
4737 6680
4737 6485
4737 3637
4737 7060
4737 10626
4738 8250
4738 8382
4738 7514
4738 9034
4738 8677
4738 3164
4738 9490
4738 9637
4738 9100
4738 8510
4738 10169
4738 6258
4738 9730
4738 10371
4738 9519
4738 10637
4738 9733
4738 10114
4738 10014
4738 11550
4738 11511
4738 11782
4738 11788
4738 11675
4738 9669
4739 5638
4739 7837
4739 4212
4739 8479
4739 9453
4739 11161
4739 11018
4739 9961
4740 768
4740 935
4740 936
4740 954
4740 1970
4740 286
4740 746
4740 7561
4740 8721
4740 3368
4740 6693
4740 9745
4741 5395
4741 6018
4741 1630
4741 683
4741 7541
4741 1603
4741 1962
4741 1543
4741 1870
4741 9165
4741 7694
4741 9775
4741 511
4741 2447
4741 9517
4741 3401
4741 3658
4741 7954
4741 10039
4741 11526
4741 5175
4741 9612
4741 5788
4741 11702
4742 9022
4742 10886
4742 5896
4742 7267
4742 2965
4742 4183
4742 6724
4742 8064
4742 2413
4742 10715
4742 9871
4742 7897
4743 9262
4743 2219
4743 2872
4743 8245
4743 9549
4743 531
4743 5766
4744 2781
4744 9261
4744 6049
4744 6871
4744 10610
4744 6927
4744 8690
4745 10271
4745 10786
4745 11749
4745 11536
4745 5170
4745 11742
4745 11711
4745 11805
4746 7442
4746 10995
4746 10289
4746 10287
4746 10730
4746 6258
4746 2237
4746 11264
4746 11485
4746 11486
4746 11484
4746 10626
4746 11782
4746 10321
4746 11816
4747 7129
4747 7847
4747 9507
4747 9508
4747 7982
4748 8208
4748 3166
4748 9947
4748 9730
4748 11002
4748 10918
4748 10914
4748 10911
4748 11255
4748 11528
4748 11529
4748 11530
4748 11531
4748 11736
4748 6269
4749 896
4749 9174
4749 7585
4749 8728
4749 8242
4749 9852
4749 9857
4749 9772
4749 9518
4749 10236
4749 10760
4749 10014
4749 10759
4749 10238
4749 8293
4749 11524
4749 11632
4749 11566
4749 11702
4750 10626
4750 3896
4750 6088
4750 8616
4750 7016
4750 7833
4750 7262
4750 8171
4750 1009
4750 7557
4750 10116
4751 2758
4751 4176
4751 8370
4751 10368
4751 10466
4751 2671
4752 5069
4752 5910
4752 6898
4752 7298
4752 11419
4753 5345
4753 9584
4753 6188
4753 1146
4753 5850
4753 8067
4754 5889
4754 4346
4754 4122
4754 6222
4754 1811
4754 584
4754 9037
4754 9691
4754 4826
4754 9888
4754 7522
4754 7841
4754 4880
4754 9681
4754 453
4754 5184
4754 7562
4754 3041
4754 325
4754 11481
4754 3551
4754 7838
4755 8199
4755 6658
4755 7864
4755 8254
4755 10287
4755 11501
4756 4923
4756 5016
4756 5395
4756 1624
4756 3164
4756 9260
4757 6693
4757 2767
4757 1111
4757 5579
4757 3534
4757 9111
4758 3291
4758 7691
4758 458
4758 1860
4758 7459
4758 10587
4759 3592
4759 7694
4759 9947
4759 6258
4759 9730
4759 10201
4759 10637
4759 10639
4759 9446
4759 10759
4759 8767
4759 5783
4759 11132
4759 7017
4759 11130
4759 5834
4759 8787
4759 11232
4759 10169
4759 11030
4759 11530
4759 11581
4759 11528
4759 11582
4759 10520
4760 300
4760 3045
4760 6638
4760 13
4760 1632
4760 2207
4760 3735
4760 3743
4760 3744
4760 4538
4760 7015
4761 8205
4761 9348
4761 9834
4761 864
4761 3544
4761 5501
4761 10563
4761 5658
4761 6646
4761 2447
4761 3668
4762 205
4762 1717
4762 6840
4762 511
4762 1580
4762 1581
4762 8235
4762 8869
4762 9453
4763 1506
4763 2114
4763 5694
4763 990
4763 5579
4764 4702
4764 1457
4764 5226
4764 5229
4764 1624
4764 7779
4764 896
4764 8254
4764 8408
4764 8409
4764 9037
4764 6258
4764 9856
4764 7683
4764 7694
4764 9855
4764 9243
4764 10236
4764 9733
4765 4425
4765 6858
4765 2049
4765 7766
4765 1456
4765 8010
4765 11723
4765 3036
4766 8417
4766 8415
4766 3658
4766 7622
4766 11270
4766 912
4766 5300
4767 2957
4767 2961
4767 2984
4767 294
4767 561
4767 2231
4767 2401
4767 3098
4768 1277
4768 7990
4768 9780
4768 9781
4768 9782
4768 11337
4769 3404
4769 1474
4769 4143
4769 4820
4769 1357
4769 546
4769 3796
4769 9671
4769 2841
4770 1726
4770 4380
4770 3392
4770 2313
4770 3613
4770 4916
4770 4917
4770 7146
4770 7069
4771 2699
4771 2286
4771 4035
4771 4855
4771 5976
4771 5977
4771 5999
4771 6001
4771 6310
4771 6626
4771 7155
4771 1845
4771 8868
4771 11251
4771 2700
4771 3118
4771 8487
4772 1773
4772 3956
4772 5958
4772 6726
4772 10906
4772 7153
4772 10012
4773 4035
4773 6738
4773 8180
4773 9074
4773 1258
4773 9506
4773 9507
4774 3514
4774 66
4774 3368
4774 9562
4774 8467
4774 9563
4775 2384
4775 2487
4775 6957
4775 5420
4775 10755
4776 8492
4776 8357
4776 9061
4776 5530
4776 7153
4776 9059
4776 11028
4777 176
4777 909
4777 3038
4777 7219
4777 7223
4777 7228
4777 6089
4777 4932
4777 7019
4777 7022
4777 8292
4777 5947
4778 1976
4778 9290
4778 1258
4778 5434
4778 8552
4778 8705
4778 10181
4779 8813
4779 5494
4779 1770
4779 7147
4779 1886
4779 6225
4779 9089
4780 666
4780 4293
4780 8732
4780 5363
4780 8913
4780 4870
4780 9209
4780 912
4780 3530
4780 8842
4780 2525
4780 6114
4780 9944
4780 10239
4780 11390
4780 9811
4780 1674
4780 2261
4780 7907
4780 9020
4780 9353
4780 11349
4780 11353
4781 176
4781 6869
4781 5717
4781 9452
4781 6917
4782 3465
4782 4724
4782 4347
4782 5226
4782 5016
4782 5395
4782 8169
4782 2165
4782 6363
4782 8131
4782 9490
4782 9785
4782 7602
4782 9281
4782 10232
4782 9858
4782 10743
4782 9506
4782 11002
4782 11525
4782 11611
4782 11490
4782 11741
4783 3615
4783 4533
4783 7983
4783 7984
4783 11624
4784 4930
4784 5773
4784 9071
4784 9139
4784 9748
4785 5286
4785 6013
4785 870
4785 10371
4785 4065
4786 1915
4786 7378
4786 10557
4786 9508
4786 620
4786 7326
4786 2298
4786 2425
4786 3595
4786 11397
4787 8763
4787 8211
4787 9659
4787 7694
4787 10169
4787 7629
4787 9776
4787 9444
4787 10236
4787 10201
4787 10976
4787 5782
4787 10798
4787 9690
4787 5834
4787 11462
4787 836
4787 10625
4787 11002
4787 8681
4787 9557
4787 6096
4787 11688
4787 11690
4787 11663
4787 11689
4787 11489
4787 1513
4787 6699
4787 9222
4788 7843
4788 1402
4788 5661
4788 5662
4788 5652
4788 10491
4788 973
4789 6550
4789 5203
4789 347
4789 4028
4789 5727
4790 226
4790 5246
4790 2631
4790 5257
4790 5250
4790 5836
4790 7582
4790 3968
4790 10287
4790 9507
4790 8487
4790 8755
4790 9508
4790 3747
4790 8325
4791 8367
4791 9825
4791 4635
4791 7265
4791 446
4791 5789
4791 8265
4791 3690
4791 11524
4791 8623
4791 3843
4791 6380
4792 3375
4792 4981
4792 5038
4792 5516
4792 6224
4792 9951
4792 1215
4792 2447
4792 2113
4792 2210
4792 2881
4792 8530
4793 10175
4793 5933
4793 9442
4793 9917
4793 10852
4794 8251
4794 8417
4794 9854
4794 9876
4794 55
4794 10014
4794 10618
4794 6730
4794 9319
4794 7369
4794 2276
4794 9039
4794 11185
4794 9243
4794 11002
4794 11523
4794 11527
4794 3840
4794 4280
4794 6449
4794 11766
4794 11767
4794 11772
4795 1943
4795 4792
4795 4794
4795 2725
4795 2731
4795 993
4795 3478
4795 54
4795 3755
4795 497
4795 821
4795 2135
4795 7454
4795 9742
4795 1251
4795 1860
4795 8783
4796 4725
4796 6248
4796 6055
4796 6825
4796 11529
4796 11720
4797 5229
4797 5230
4797 5391
4797 1624
4797 8132
4797 8449
4797 7796
4797 8778
4797 8602
4797 8680
4797 8573
4797 9037
4797 9100
4797 9853
4797 9011
4797 10618
4797 10798
4797 9040
4797 5834
4797 11375
4797 11613
4797 11515
4797 11819
4798 1259
4798 3015
4798 3336
4798 3987
4798 7563
4798 7945
4798 8205
4798 8376
4798 10704
4798 11625
4799 2311
4799 3621
4799 3195
4799 5788
4799 1868
4799 6949
4799 8793
4799 11436
4800 8207
4800 8510
4800 9100
4800 6258
4800 9947
4800 7694
4800 9730
4800 9444
4800 10236
4800 10201
4800 10238
4800 7017
4800 10798
4800 11130
4800 11132
4800 11232
4800 11568
4800 10559
4800 11399
4801 3323
4801 4350
4801 1464
4801 6680
4801 2889
4801 2447
4801 11284
4801 9420
4801 423
4801 9778
4802 3456
4802 5230
4802 5226
4802 5391
4802 8415
4802 7514
4802 9855
4802 9100
4802 9947
4802 10271
4802 11377
4802 11568
4802 11772
4803 8415
4803 8250
4803 3164
4803 7514
4803 9490
4803 7694
4803 10169
4803 9100
4803 11293
4803 11632
4803 11567
4803 1825
4803 10446
4803 3474
4803 11820
4803 11835
4804 8546
4804 10185
4804 10219
4804 11568
4804 10767
4804 11110
4805 1720
4805 633
4805 9535
4805 10184
4805 5847
4805 3822
4806 4099
4806 4451
4806 5976
4806 5977
4806 10626
4806 6310
4806 10368
4806 11722
4807 1916
4807 2083
4807 8703
4807 3504
4807 7589
4807 9977
4807 9292
4807 10795
4807 10804
4807 9476
4807 9967
4807 10797
4807 10793
4807 8298
4807 2687
4807 4151
4807 6798
4808 3816
4808 3782
4808 2891
4808 5870
4808 9749
4809 2209
4809 5356
4809 6957
4809 9558
4809 9913
4809 10289
4810 1624
4810 7454
4810 6563
4810 8779
4810 3647
4810 9659
4810 9444
4810 10201
4810 6410
4810 11232
4811 3776
4811 3884
4811 1598
4811 1464
4811 3939
4811 4773
4811 897
4811 894
4811 1822
4811 429
4811 43
4811 1888
4811 9733
4811 10618
4811 1880
4812 6486
4812 896
4812 9037
4812 8728
4812 7684
4812 9518
4812 10271
4812 6731
4812 10289
4812 11282
4812 6364
4812 11448
4812 11630
4812 11788
4813 8761
4813 8762
4813 6883
4813 4232
4813 5460
4813 2174
4813 1383
4814 1382
4814 597
4814 7907
4814 9507
4814 5136
4814 9519
4814 8120
4814 8502
4814 11237
4814 11493
4814 6083
4814 7627
4814 5631
4814 585
4814 8274
4814 10047
4814 10230
4814 1224
4814 2747
4814 3200
4814 4310
4814 7052
4814 7351
4814 10464
4814 912
4814 1192
4814 2862
4814 5399
4814 6808
4814 9153
4814 9367
4814 9547
4814 10760
4814 11424
4814 11516
4815 1624
4815 6667
4815 7984
4815 7552
4815 8254
4815 8207
4815 9037
4815 9785
4815 6258
4815 10234
4815 10289
4815 9612
4815 11606
4815 11630
4815 10092
4815 11439
4815 11822
4816 176
4816 10610
4816 1455
4816 5727
4816 5813
4816 6524
4816 11264
4816 7892
4816 889
4816 8857
4816 10607
4816 1279
4817 231
4817 3001
4817 3178
4817 4021
4817 112
4817 3000
4817 3177
4817 6188
4817 2125
4817 656
4817 4001
4817 7077
4817 311
4818 5836
4818 728
4818 5257
4818 6195
4818 11589
4819 517
4819 2651
4819 3686
4819 7056
4819 7723
4819 9177
4819 9871
4820 3368
4820 10414
4820 3501
4820 6530
4820 11221
4820 11406
4821 2112
4821 3215
4821 4795
4821 1771
4821 1774
4821 5909
4821 4982
4822 8679
4822 9857
4822 6774
4822 11292
4822 11777
4823 4254
4823 6190
4823 6188
4823 8332
4823 6596
4823 9920
4823 1039
4823 6381
4823 10092
4823 10690
4823 11146
4824 5226
4824 2986
4824 5395
4824 1624
4824 8763
4824 10236
4824 10114
4824 3658
4824 9775
4824 10760
4824 11439
4825 2997
4825 1307
4825 2478
4825 4671
4825 4078
4825 8669
4825 5465
4825 1157
4825 3336
4825 4938
4826 5228
4826 7796
4826 9853
4826 10169
4826 9947
4826 9730
4826 10234
4826 5291
4826 9444
4826 10236
4826 392
4826 11130
4826 11131
4826 6258
4826 6438
4827 3217
4827 3398
4827 4103
4827 4108
4827 3589
4827 4702
4827 4724
4827 3506
4827 5016
4827 5228
4827 5230
4827 1457
4827 7060
4828 2437
4828 3426
4828 3556
4828 5287
4828 10590
4829 4724
4829 6248
4829 4730
4829 3932
4829 1624
4829 1619
4829 11788
4829 11382
4830 2443
4830 11517
4830 3166
4830 7234
4830 8926
4830 11638
4830 7295
4830 1271
4830 9444
4830 5851
4830 257
4831 9857
4831 7694
4831 9730
4831 10234
4831 9444
4831 9109
4831 9690
4831 7350
4831 11098
4831 5933
4831 8273
4831 11316
4831 11485
4831 11539
4831 7918
4831 7126
4831 11156
4831 10626
4831 6446
4831 11701
4832 4726
4832 8368
4832 8375
4832 1340
4832 1368
4832 1372
4833 6488
4833 7617
4833 8417
4833 8778
4833 8676
4833 9100
4833 9733
4833 9734
4834 1995
4834 5896
4834 6211
4834 2309
4834 6212
4834 9656
4834 7311
4834 4904
4835 6483
4835 9637
4835 10798
4835 11098
4835 11497
4836 3928
4836 6377
4836 5244
4836 1558
4836 1899
4836 1490
4836 2351
4837 685
4837 686
4837 5927
4837 7495
4837 5928
4837 1585
4838 1252
4838 1860
4838 866
4838 4459
4838 1984
4838 1923
4838 629
4838 558
4838 65
4838 2733
4838 3430
4839 10435
4839 425
4839 597
4839 2048
4839 7021
4839 7604
4839 11742
4840 412
4840 886
4840 2234
4840 2262
4840 3753
4840 4008
4840 4435
4840 6705
4840 7267
4840 7570
4840 7862
4840 8045
4840 8064
4840 8595
4840 8755
4840 9507
4840 10626
4840 10634
4840 3056
4841 3599
4841 3590
4841 572
4841 1475
4841 10505
4841 1979
4841 3613
4841 4238
4841 1638
4841 3987
4841 3828
4841 6407
4841 2759
4841 11681
4842 10698
4842 7551
4842 7987
4842 6737
4842 8487
4842 10626
4843 37
4843 2024
4843 6306
4843 6416
4843 8001
4843 10476
4844 5508
4844 4404
4844 4117
4844 6740
4844 10365
4844 647
4844 6214
4844 6651
4844 7383
4844 9985
4845 10626
4845 8200
4845 2948
4845 10418
4845 11624
4846 6502
4846 7189
4846 1416
4846 2641
4846 3368
4846 5666
4846 9826
4847 1079
4847 1697
4847 2279
4847 4281
4847 1549
4847 5716
4847 7755
4847 8316
4847 1325
4847 2065
4847 4934
4847 8772
4847 9581
4847 295
4847 8174
4847 8828
4847 9202
4847 10847
4847 7370
4847 883
4847 1684
4847 2819
4847 4577
4847 4796
4847 5764
4847 5938
4847 9756
4847 7764
4847 2547
4847 7907
4847 11319
4847 5427
4847 10485
4847 10927
4847 11498
4848 931
4848 1258
4848 1022
4848 8895
4848 3514
4849 7984
4849 9508
4849 1012
4849 124
4849 997
4849 998
4849 4751
4849 9629
4849 10492
4849 5061
4849 6851
4849 11078
4849 820
4849 5716
4849 8186
4849 6259
4849 7610
4849 4804
4849 9954
4849 3994
4849 2794
4849 10754
4849 412
4849 6239
4849 9913
4849 11782
4849 892
4849 11626
4849 11718
4850 8251
4850 8382
4850 8779
4850 11074
4850 5834
4850 11720
4851 5395
4851 1624
4851 8132
4851 8778
4851 4480
4851 9922
4851 9603
4851 10995
4851 5780
4851 7017
4851 11550
4851 6444
4851 11836
4852 4560
4852 7824
4852 2073
4852 4465
4852 5876
4852 11370
4853 7613
4853 8521
4853 9282
4853 9735
4853 10169
4853 1087
4853 6184
4853 4280
4854 3091
4854 1074
4854 4966
4854 5775
4854 1092
4854 2162
4854 4844
4854 9371
4854 9502
4854 840
4854 4443
4854 2054
4855 4228
4855 1762
4855 2079
4855 1922
4855 4724
4855 6248
4855 1457
4855 1464
4855 2411
4855 1702
4855 6483
4855 6363
4855 8199
4855 5365
4855 11288
4855 6443
4856 843
4856 2444
4856 10507
4856 4666
4856 4746
4856 130
4856 762
4856 2372
4857 1499
4857 2402
4857 4770
4857 1196
4857 3141
4857 540
4857 1482
4857 1689
4857 2449
4857 3382
4857 4455
4857 846
4857 1849
4857 3810
4857 4250
4857 4724
4857 3842
4857 4367
4857 1086
4857 5246
4857 2186
4857 7917
4857 2329
4857 7733
4857 7774
4857 6617
4857 3639
4857 635
4857 1860
4857 3261
4858 3733
4858 2711
4858 10262
4858 6638
4858 3987
4858 6957
4858 1709
4858 792
4858 10838
4859 3625
4859 1271
4859 2815
4859 279
4859 4996
4859 997
4859 2743
4859 3952
4859 4307
4859 3983
4860 5419
4860 10418
4860 892
4860 10369
4860 10907
4860 10368
4861 195
4861 5753
4861 7764
4861 9474
4861 2283
4861 11458
4862 402
4862 1978
4862 1984
4862 4734
4862 7534
4862 4957
4862 6639
4862 1044
4862 3639
4862 1609
4862 3537
4862 10063
4862 11133
4862 883
4862 7210
4862 152
4862 8923
4862 11569
4862 1470
4862 5369
4862 11467
4862 6102
4862 6187
4862 6189
4862 8566
4862 9225
4862 909
4862 5423
4862 8707
4862 1064
4862 4167
4862 5883
4862 11418
4863 1979
4863 6579
4863 6856
4863 5576
4863 1428
4863 3007
4864 8251
4864 7514
4864 9037
4864 8598
4864 8728
4864 8409
4864 8211
4864 8249
4864 3166
4864 9705
4864 9857
4864 9659
4864 7694
4864 10014
4864 10798
4864 10201
4864 11030
4864 11558
4864 11439
4865 947
4865 1096
4865 935
4865 4725
4865 2855
4865 8778
4865 7514
4865 3166
4865 7442
4865 5304
4865 11074
4865 5834
4865 9747
4865 11002
4865 11232
4865 11399
4865 11550
4865 7918
4865 11270
4865 11558
4865 10811
4865 11540
4865 11701
4865 11768
4865 9669
4866 9174
4866 981
4866 990
4866 8208
4866 3951
4866 11768
4867 301
4867 4250
4867 7050
4867 130
4867 1485
4867 3355
4867 4191
4867 7800
4867 2812
4867 8483
4867 978
4867 4898
4867 5275
4867 792
4867 6957
4867 3063
4867 4031
4867 8321
4867 10727
4867 412
4867 7728
4867 9871
4867 10400
4867 8890
4867 3234
4868 2815
4868 8417
4868 8382
4868 1860
4868 9033
4868 6829
4868 7730
4868 3501
4868 9802
4869 3466
4869 3589
4869 4347
4869 1457
4869 8199
4869 6507
4869 11185
4869 7551
4869 6096
4869 1827
4869 10446
4869 11765
4869 11773
4870 4702
4870 3193
4870 3506
4870 5229
4870 5230
4870 6485
4870 3164
4870 9034
4870 10798
4870 5834
4870 11232
4871 336
4871 339
4871 340
4871 2823
4871 6865
4871 7252
4871 10266
4871 10864
4871 1384
4871 1860
4871 2545
4871 4654
4871 1208
4871 823
4871 6232
4871 10127
4872 1575
4872 2281
4872 4117
4872 4847
4872 1258
4872 1783
4872 2286
4872 10032
4872 4249
4872 7517
4872 4305
4872 8862
4872 697
4872 88
4872 642
4872 1299
4872 4459
4872 5548
4872 9212
4872 8883
4872 9401
4873 7349
4873 4024
4873 4242
4873 10263
4873 8616
4874 4785
4874 6651
4874 7024
4874 7881
4874 7897
4874 8606
4874 9090
4874 10371
4874 2025
4874 2594
4874 4723
4874 468
4874 4762
4874 6631
4874 10553
4874 10244
4874 11327
4874 7234
4874 8504
4874 6633
4874 11148
4875 6381
4875 7561
4875 6649
4875 6498
4875 6826
4875 6069
4875 9799
4875 11568
4876 2831
4876 5381
4876 5884
4876 2048
4876 2050
4876 2258
4876 3962
4876 6931
4876 187
4876 5088
4876 1870
4876 9117
4877 5277
4877 4192
4877 5974
4877 6683
4877 2347
4877 8605
4877 4052
4877 6187
4877 6194
4877 6258
4877 6957
4877 5573
4877 1880
4877 55
4878 1479
4878 2015
4878 990
4878 995
4878 7267
4878 8064
4878 3509
4879 6214
4879 9432
4879 6611
4879 8931
4879 11657
4880 872
4880 7898
4880 6947
4880 1735
4880 11224
4881 3323
4881 5228
4881 5395
4881 1624
4881 8131
4881 8132
4881 11002
4881 11816
4882 1506
4882 2300
4882 3291
4882 5160
4882 6342
4883 749
4883 8183
4883 270
4883 3613
4883 10852
4883 8895
4883 1974
4883 6138
4883 8182
4883 9759
4883 10893
4883 4409
4883 6625
4883 5412
4883 10894
4884 3403
4884 1260
4884 1259
4884 6669
4884 11512
4884 11018
4884 10921
4885 3999
4885 7302
4885 3753
4885 5933
4885 6804
4885 1233
4885 384
4886 7694
4886 9947
4886 10169
4886 9100
4886 1344
4886 6258
4886 9730
4886 9444
4886 10236
4886 10497
4886 10201
4886 10637
4886 10759
4886 10774
4886 10287
4886 10823
4886 10618
4886 10288
4886 11131
4886 11130
4886 11132
4886 10798
4886 10271
4886 5834
4886 11098
4886 11232
4886 11606
4886 2609
4886 4762
4887 3970
4887 10036
4887 5284
4887 7354
4887 10730
4888 7767
4888 9082
4888 4560
4888 4385
4888 2195
4888 10418
4889 1020
4889 9640
4889 1186
4889 1608
4889 5868
4889 8410
4889 10566
4890 5011
4890 11300
4890 4104
4890 11600
4890 11567
4890 4280
4891 1849
4891 4042
4891 4976
4891 5974
4891 8254
4891 8417
4891 8251
4891 8385
4891 6000
4891 7514
4891 9109
4891 8736
4891 9582
4891 9744
4891 3877
4891 10289
4891 9243
4891 10969
4891 10794
4891 11816
4892 1471
4892 2971
4892 2974
4892 2988
4892 7684
4892 6102
4892 7683
4892 11232
4892 10432
4892 11287
4892 11302
4892 11298
4892 6096
4892 11516
4892 2374
4892 11770
4892 11774
4893 6344
4893 1624
4893 3350
4893 7796
4893 8132
4893 8169
4893 8254
4893 8449
4893 8409
4893 8679
4893 9037
4893 9490
4893 6774
4893 10760
4893 7017
4893 5782
4893 10798
4893 11098
4893 11399
4893 11635
4894 6593
4894 8080
4894 1300
4894 1657
4894 5621
4894 7897
4895 883
4895 2894
4895 1347
4895 9164
4895 11563
4895 11471
4895 3484
4896 8417
4896 8254
4896 8253
4896 8385
4896 9034
4896 9705
4896 8510
4896 9100
4896 9947
4896 6258
4896 10798
4896 10169
4896 10969
4896 10914
4896 11308
4896 11483
4896 10918
4896 10797
4896 10912
4896 11630
4896 11606
4896 10626
4896 11782
4896 11765
4896 11768
4897 1901
4897 11360
4897 991
4897 997
4897 9739
4898 3990
4898 5611
4898 7541
4898 8682
4898 8408
4898 9947
4898 9922
4898 11280
4898 11156
4899 2630
4899 540
4899 8916
4899 892
4899 2126
4899 4849
4899 9109
4899 10526
4900 4917
4900 3200
4900 5937
4900 10169
4900 4888
4901 974
4901 1366
4901 996
4901 4615
4901 821
4901 5632
4901 229
4901 5456
4901 4947
4901 2201
4901 9022
4901 8204
4901 8529
4901 3778
4901 9473
4901 975
4901 4795
4901 11395
4901 1020
4901 981
4901 3677
4901 6957
4901 7290
4901 1923
4901 2759
4901 2350
4901 977
4901 980
4901 1529
4901 2317
4901 6405
4902 7691
4902 912
4902 3840
4902 6249
4902 10510
4903 802
4903 822
4903 6751
4903 257
4903 7354
4903 2538
4903 5021
4903 6065
4904 4034
4904 5975
4904 5976
4904 5978
4904 806
4904 5869
4905 6133
4905 859
4905 4484
4905 2336
4905 5935
4905 10795
4906 2025
4906 10151
4906 118
4906 7053
4906 11604
4907 823
4907 8195
4907 4168
4907 6957
4907 9975
4908 7183
4908 8080
4908 8833
4908 979
4908 1912
4908 2014
4908 7265
4908 7295
4908 7639
4908 8822
4909 8731
4909 9211
4909 5454
4909 1116
4909 1403
4909 3182
4909 3229
4909 9845
4909 7118
4910 2346
4910 9505
4910 8580
4910 10460
4910 4714
4910 3386
4910 3896
4910 11249
4910 8962
4910 11022
4910 11232
4910 6830
4910 8562
4910 1406
4910 8200
4910 3523
4910 10976
4910 69
4910 3454
4910 4426
4910 7234
4910 1957
4910 11501
4911 4899
4911 4080
4911 1664
4911 4794
4911 791
4911 685
4911 11133
4911 892
4911 10368
4911 7146
4912 1153
4912 4197
4912 2452
4912 3149
4912 7663
4912 9655
4912 2007
4912 1042
4912 1332
4912 7764
4913 4256
4913 1974
4913 130
4913 1240
4913 623
4914 10838
4914 135
4914 766
4914 6240
4914 8861
4914 9970
4914 8433
4914 8659
4914 760
4915 8207
4915 7694
4915 8510
4915 10169
4915 6258
4915 9856
4915 9730
4915 10326
4915 11568
4916 6634
4916 6633
4916 7822
4916 10953
4916 11260
4917 4645
4917 7514
4917 6603
4917 215
4917 9511
4917 11469
4917 3538
4918 8250
4918 9604
4918 5307
4918 10234
4918 4139
4918 6258
4918 10271
4918 10169
4918 11029
4918 8861
4918 5436
4918 11030
4918 11486
4918 11530
4918 11531
4918 11568
4918 11329
4918 11581
4918 11481
4918 9196
4918 738
4918 741
4918 11254
4918 11497
4918 739
4918 6269
4918 6864
4918 7386
4918 11375
4918 11650
4918 11632
4918 1595
4918 7784
4918 7804
4918 10615
4918 10616
4918 11709
4918 11735
4918 5788
4919 1095
4919 1570
4919 2967
4919 1064
4919 8473
4919 8474
4919 5047
4919 8619
4919 2648
4919 5281
4919 8667
4919 3390
4919 11071
4919 8946
4919 11105
4919 5583
4919 11106
4919 2408
4919 10894
4919 9300
4919 11475
4919 6206
4919 8684
4919 10146
4919 5428
4919 10622
4919 2759
4919 8189
4919 7243
4920 3457
4920 4350
4920 1624
4920 9871
4920 1471
4920 6446
4921 106
4921 7
4921 40
4921 287
4921 3589
4921 4724
4921 4725
4921 4730
4921 3266
4921 2730
4921 4252
4921 2132
4921 1825
4921 1624
4921 353
4921 8384
4921 5932
4921 5307
4921 6813
4921 11518
4921 6444
4921 11811
4922 7403
4922 10937
4922 572
4922 3410
4922 6724
4923 5230
4923 1464
4923 1624
4923 8131
4923 9067
4923 8679
4923 8763
4923 7694
4923 5291
4923 9518
4923 10976
4923 5834
4923 11232
4923 11484
4923 11501
4924 8675
4924 10978
4924 2146
4924 2939
4924 11451
4925 1354
4925 1565
4925 6986
4925 2040
4925 10559
4926 7880
4926 6239
4926 10738
4926 6725
4926 10045
4927 3466
4927 4114
4927 3376
4927 3398
4927 3589
4927 5393
4927 3164
4927 8211
4927 7694
4927 10449
4927 10600
4927 11298
4927 11270
4927 11773
4927 11439
4927 11440
4928 8409
4928 9260
4928 11282
4928 5450
4928 11515
4928 8328
4928 11768
4929 3465
4929 3589
4929 4558
4929 6730
4929 11524
4929 11525
4929 11702
4929 11567
4929 11739
4929 10446
4930 5976
4930 8169
4930 8415
4930 8208
4930 9730
4930 10236
4930 10774
4930 10418
4930 4269
4930 11297
4930 11485
4931 6712
4931 7570
4931 9508
4931 9913
4931 10368
4931 10730
4931 10626
4931 8487
4931 9109
4931 3537
4931 7877
4932 6698
4932 8712
4932 9557
4932 7136
4932 9540
4932 10538
4932 11325
4932 10826
4933 1005
4933 1054
4933 1103
4933 4266
4933 275
4933 1110
4933 587
4933 5493
4933 4639
4933 7265
4933 9583
4933 2128
4933 7507
4933 8167
4933 672
4933 5136
4933 11306
4933 1261
4933 7483
4933 9161
4933 7488
4933 8372
4933 9558
4934 1464
4934 8583
4934 3658
4934 6774
4934 6258
4934 5782
4934 10798
4934 8582
4934 10915
4934 11286
4934 4280
4934 11118
4934 11675
4934 11777
4935 991
4935 1157
4935 5226
4935 83
4935 5528
4936 3589
4936 3506
4936 3884
4936 3457
4936 1457
4936 1464
4936 3516
4936 6018
4936 11378
4936 8681
4937 8417
4937 8253
4937 3164
4937 8408
4937 9490
4937 7683
4937 9659
4937 9700
4937 9775
4937 6258
4937 8510
4937 9730
4937 10798
4937 11832
4938 2582
4938 7796
4938 9054
4938 10371
4938 11002
4939 4563
4939 6644
4939 1187
4939 2257
4939 6265
4939 7830
4939 2258
4939 9380
4939 9837
4939 11174
4940 410
4940 4142
4940 896
4940 4327
4940 4652
4940 2528
4940 4127
4940 4641
4940 438
4940 4621
4940 4146
4940 1212
4940 1194
4940 1207
4940 1152
4940 4694
4940 217
4940 2582
4940 586
4940 99
4940 1437
4940 1534
4940 448
4940 5959
4940 2553
4940 4347
4940 4923
4940 5228
4940 1230
4940 5226
4940 3515
4940 6680
4940 1624
4940 8103
4940 7796
4940 8131
4940 8132
4940 8385
4940 8207
4940 8208
4940 9700
4940 9922
4941 2515
4941 2520
4941 3556
4941 4166
4941 4305
4941 5149
4941 5865
4941 7233
4941 9438
4941 4805
4941 6466
4941 386
4941 3118
4941 3120
4941 7572
4941 7997
4941 8006
4941 8567
4941 1874
4941 7534
4941 8118
4941 6613
4941 7383
4941 8842
4941 8931
4941 8111
4941 10719
4941 11555
4941 2791
4941 5520
4941 9089
4941 10004
4942 3985
4942 6720
4942 1054
4942 8287
4942 8289
4943 3930
4943 3927
4943 2375
4943 4899
4943 3000
4943 2543
4943 2016
4943 2023
4943 8159
4944 277
4944 278
4944 5016
4944 5229
4944 5230
4944 1464
4944 5391
4944 5395
4944 9612
4945 711
4945 8417
4945 8250
4945 8603
4945 8409
4945 8407
4945 8763
4945 8510
4945 4491
4945 9947
4945 10497
4945 7442
4945 5784
4945 10201
4945 3658
4945 10288
4945 3768
4945 10798
4945 5834
4945 9505
4945 11205
4945 2719
4945 4032
4945 9069
4945 11527
4945 507
4945 8008
4945 11555
4945 11254
4945 11780
4945 11744
4945 11399
4945 1827
4945 770
4945 11775
4945 11440
4945 6670
4945 10719
4946 1479
4946 5940
4946 3038
4946 8538
4946 10830
4946 11786
4947 4464
4947 8385
4947 6695
4947 9109
4947 9922
4947 7022
4947 8787
4947 10798
4947 11185
4947 11098
4947 10912
4947 6077
4947 6445
4948 396
4948 5389
4948 10172
4948 8901
4948 11018
4948 9151
4948 3441
4948 4600
4948 4712
4948 7243
4948 8858
4949 1047
4949 4782
4949 6497
4949 4426
4949 1912
4949 5048
4950 5016
4950 3515
4950 3516
4950 3932
4950 5393
4950 1469
4950 7060
4950 6206
4950 9775
4950 9772
4950 9776
4950 10236
4950 825
4950 11540
4951 1020
4951 1135
4951 1827
4951 4766
4951 591
4951 2024
4951 2786
4951 4129
4951 2033
4951 5199
4951 7060
4951 6363
4951 8131
4951 8449
4951 8251
4951 2780
4951 9037
4951 3166
4951 9733
4951 7721
4951 10201
4951 11098
4951 11185
4951 10169
4951 10794
4951 836
4951 825
4951 11567
4951 11788
4951 9734
4951 10092
4951 11136
4952 3166
4952 6178
4952 5579
4952 9110
4952 9399
4952 11264
4953 4032
4953 3198
4953 8798
4953 9333
4953 9710
4953 6096
4954 5226
4954 6488
4954 7552
4954 9064
4954 8208
4954 9282
4954 7694
4954 10236
4954 11074
4954 10856
4954 5834
4954 11002
4954 11767
4954 11832
4955 5217
4955 4028
4955 5259
4955 2687
4955 4033
4955 5515
4956 8415
4956 3164
4956 8716
4956 9700
4956 8300
4956 10774
4956 11131
4956 10600
4957 1881
4957 1960
4957 1813
4957 1103
4957 1059
4957 413
4958 1124
4958 1606
4958 5314
4958 792
4958 793
4958 5294
4958 8426
4958 11536
4958 5152
4958 7350
4959 10182
4959 5635
4959 11194
4959 11524
4959 11528
4959 11525
4959 11526
4959 11522
4959 11529
4959 11255
4959 11527
4959 11521
4959 11530
4959 11539
4959 11543
4959 11601
4959 11581
4959 11582
4959 11254
4959 11540
4959 10446
4960 5016
4960 8169
4960 8779
4960 9037
4960 1543
4960 9859
4960 9852
4960 9857
4960 10169
4960 9604
4960 9603
4960 10371
4960 10976
4960 9319
4960 10271
4960 11185
4960 11002
4960 11284
4960 11302
4960 11525
4960 11544
4960 11602
4961 2540
4961 6151
4961 9992
4961 211
4961 10371
4962 3912
4962 3513
4962 7836
4962 3431
4962 1733
4962 2336
4962 5369
4963 5
4963 3589
4963 4725
4963 4724
4963 1457
4963 5120
4963 8169
4963 8383
4964 822
4964 3493
4964 8920
4964 9308
4964 5171
4964 5181
4964 5851
4964 6438
4964 6443
4965 9547
4965 2647
4965 6762
4965 10718
4965 10369
4966 2579
4966 5016
4966 3515
4966 5141
4966 36
4966 7717
4967 4613
4967 1960
4967 2982
4967 432
4967 11223
4967 1470
4967 4240
4967 9477
4968 11536
4968 5170
4968 11493
4968 11494
4968 11742
4968 11711
4968 11721
4969 8254
4969 9037
4969 7369
4969 6258
4969 6364
4969 8762
4970 4478
4970 3129
4970 3846
4970 4123
4970 2540
4971 3610
4971 396
4971 454
4971 401
4971 5069
4972 5905
4972 3985
4972 11264
4972 2302
4972 10194
4973 3977
4973 2498
4973 691
4973 4280
4973 5445
4974 1078
4974 9581
4974 3116
4974 11391
4974 7892
4974 7234
4974 8141
4975 3466
4975 3398
4975 3589
4975 4702
4975 4933
4975 1464
4975 5391
4975 5395
4975 7796
4975 7514
4975 8407
4975 8408
4975 8409
4975 7694
4975 9280
4975 10238
4975 5635
4975 11766
4976 2447
4976 2908
4976 8080
4976 1475
4976 9537
4976 9117
4976 9517
4976 9391
4976 8011
4976 10704
4977 1345
4977 10336
4977 2972
4977 10593
4977 10503
4978 7521
4978 7774
4978 10823
4978 10441
4978 9057
4978 203
4979 1467
4979 776
4979 272
4979 785
4979 5865
4979 3000
4979 335
4979 2876
4980 9584
4980 9705
4980 7683
4980 7694
4980 9283
4980 9922
4980 10169
4980 9730
4980 9773
4980 9857
4980 6258
4980 9518
4980 9444
4980 10236
4980 10201
4980 9318
4980 10238
4980 10618
4980 10976
4980 10823
4980 10798
4980 5780
4980 8293
4980 9690
4980 10271
4980 11131
4980 7017
4980 11132
4980 5783
4980 9319
4980 11130
4980 5304
4980 7018
4980 7022
4980 8787
4980 11185
4980 5834
4980 11232
4980 11524
4980 11525
4980 11254
4980 11768
4980 11735
4981 4724
4981 4933
4981 5228
4981 5016
4981 3515
4981 5391
4981 6343
4981 7101
4981 7796
4981 8384
4981 11185
4981 11074
4981 11439
4981 11770
4981 11773
4982 6824
4982 9763
4982 7118
4982 10852
4982 7346
4983 8382
4983 8208
4983 9490
4983 10236
4983 10238
4983 11736
4983 3980
4983 11768
4983 11440
4984 2007
4984 655
4984 6115
4984 9745
4984 10281
4985 4426
4985 11075
4985 6739
4985 6824
4985 5976
4985 9876
4985 10584
4986 6896
4986 4132
4986 2555
4986 6233
4986 8682
4986 1120
4986 5749
4987 2469
4987 2959
4987 2977
4987 3987
4987 10852
4987 5047
4987 4236
4987 1063
4987 2687
4987 9489
4988 3434
4988 1953
4988 7284
4988 7146
4988 5509
4989 8407
4989 8408
4989 8763
4989 8249
4989 9859
4989 9922
4989 2257
4989 7210
4989 11018
4990 8203
4990 6529
4990 7780
4990 3509
4990 4351
4990 5813
4990 5958
4990 9991
4990 2675
4990 3214
4990 6239
4990 6443
4991 1834
4991 2152
4991 2156
4991 7060
4991 7860
4991 8778
4991 9034
4991 1543
4991 9340
4991 3166
4991 9444
4991 9100
4991 9730
4991 10618
4991 10976
4991 11117
4991 7918
4991 2609
4991 11136
4991 11440
4991 11822
4992 5393
4992 985
4992 3792
4992 2286
4992 7060
4992 8169
4992 8131
4992 8449
4992 7552
4992 4139
4992 9064
4992 9664
4992 9859
4992 2400
4992 10976
4992 11232
4992 11531
4992 2573
4992 11399
4992 11487
4992 11630
4992 11497
4992 6185
4992 5788
4992 1827
4992 11635
4992 11439
4993 460
4993 2561
4993 2567
4993 6745
4993 9879
4994 3716
4994 9705
4994 10639
4994 6774
4994 6444
4994 11399
4995 1020
4995 2780
4995 1794
4995 1793
4995 1802
4995 1180
4995 7641
4995 9020
4995 1806
4995 5789
4995 4516
4995 6526
4995 5787
4995 1815
4995 402
4995 820
4995 4910
4995 7879
4995 1503
4995 6957
4995 630
4995 1710
4995 1713
4995 8403
4995 909
4995 11204
4996 2375
4996 2928
4996 3096
4996 5031
4996 6017
4996 6018
4996 3101
4996 1681
4996 8573
4996 7683
4996 9855
4996 8240
4996 9604
4996 540
4996 2795
4996 9243
4996 4094
4996 11029
4996 7144
4996 1860
4996 5249
4997 588
4997 7169
4997 10398
4997 5302
4997 884
4997 11448
4997 3639
4997 9138
4997 10309
4997 10169
4997 1212
4998 1170
4998 9508
4998 2759
4998 5822
4998 5823
4998 7338
4999 9600
4999 833
4999 9117
4999 9222
4999 2905
4999 3613
4999 11412
5000 6013
5000 1652
5000 2016
5000 3167
5000 5800
5000 3062
5000 8041
5000 9179
5000 8189
5000 8207
5000 5678
5000 9100
5000 8181
5000 3380
5000 11317
5001 2023
5001 6585
5001 11201
5001 6873
5001 1515
5001 6881
5002 9852
5002 7049
5002 8344
5002 6977
5002 5977
5002 8033
5002 9024
5002 2002
5002 5854
5002 1502
5002 7986
5002 8365
5002 8713
5002 11536
5002 3307
5002 1453
5002 4053
5002 415
5002 10230
5002 3260
5002 4058
5002 5302
5002 5510
5002 10799
5002 11617
5002 10973
5002 10194
5002 11822
5003 3521
5003 983
5003 4666
5003 4756
5003 3210
5003 3295
5004 4293
5004 179
5004 10175
5004 447
5004 11140
5005 1339
5005 1348
5005 2780
5005 3290
5005 6562
5005 1502
5006 7060
5006 5534
5006 8510
5006 7251
5006 7263
5006 11232
5006 11288
5006 825
5006 1984
5006 5495
5006 10542
5007 1310
5007 4442
5007 9882
5007 5125
5007 5865
5007 1098
5007 4969
5007 7383
5007 11204
5008 11393
5008 596
5008 2887
5008 6468
5008 9109
5009 2609
5009 4104
5009 6270
5009 6864
5009 11578
5009 10307
5009 10308
5009 10767
5009 11254
5009 11688
5009 5788
5009 11686
5009 770
5009 9734
5009 11762
5009 11774
5010 7271
5010 4091
5010 892
5010 6751
5010 7892
5010 11383
5011 2954
5011 3661
5011 217
5011 2966
5011 7897
5012 2555
5012 2977
5012 4674
5012 8344
5012 1370
5012 4532
5012 8500
5012 6003
5012 7559
5012 7392
5012 1645
5012 9508
5012 5490
5012 8352
5012 8262
5012 8275
5012 1334
5012 10600
5012 5042
5012 10468
5012 6645
5012 3093
5012 5782
5012 10670
5012 3351
5012 11069
5013 4182
5013 1734
5013 1642
5013 1653
5013 1030
5013 11324
5013 7764
5013 10648
5014 596
5014 7349
5014 7782
5014 6398
5014 10287
5015 4361
5015 4365
5015 6540
5015 4475
5015 4769
5016 4291
5016 840
5016 4301
5016 1904
5016 1256
5016 4933
5016 4923
5016 5493
5016 6344
5016 1624
5016 2936
5016 5717
5016 6683
5016 6751
5016 6699
5016 8254
5016 8251
5016 9034
5016 9037
5016 8211
5016 9260
5016 9280
5016 6258
5016 10234
5016 11074
5016 8767
5016 10271
5016 9747
5016 11399
5016 11486
5016 6096
5016 11558
5016 10446
5016 11777
5017 7345
5017 577
5017 1704
5017 4933
5017 1237
5017 5228
5017 5226
5017 5016
5017 1624
5017 6484
5017 9037
5017 9064
5017 6258
5017 9858
5017 10169
5017 10288
5017 10969
5017 11291
5017 11782
5017 11776
5017 11777
5018 11308
5018 11483
5018 10793
5018 10911
5018 10913
5018 10797
5018 10914
5018 10916
5018 10918
5018 10912
5018 10600
5018 10915
5018 11524
5018 11528
5018 11521
5018 11529
5018 11255
5018 11526
5018 11041
5018 11544
5018 11582
5018 11550
5018 11581
5018 11539
5018 11543
5018 11254
5018 4280
5018 11770
5018 11771
5018 11776
5018 11769
5018 9734
5019 3457
5019 1464
5019 1457
5019 3516
5019 6529
5019 7500
5019 9444
5019 944
5019 10515
5019 6118
5019 6650
5019 7082
5019 10001
5019 11247
5020 9467
5020 6957
5020 10715
5020 2764
5020 3159
5021 9582
5021 9448
5021 5185
5021 6378
5021 10019
5021 8918
5022 7827
5022 9393
5022 2758
5022 5128
5022 6826
5022 9096
5022 142
5022 5241
5022 4126
5022 5067
5022 6284
5022 9951
5022 1209
5022 9626
5022 2202
5022 1874
5022 4218
5023 4102
5023 5501
5023 1678
5023 3918
5023 4122
5023 9689
5023 10240
5023 11361
5023 11444
5023 9539
5023 8695
5023 2751
5024 1581
5024 5785
5024 8098
5024 8739
5024 8869
5024 3761
5024 3962
5024 4389
5024 5911
5025 5016
5025 1464
5025 8415
5025 8736
5025 9490
5025 8208
5025 8249
5025 8510
5025 9637
5025 9775
5025 9518
5025 5304
5025 10449
5025 11399
5025 11770
5025 11771
5026 1860
5026 992
5026 5709
5026 1624
5026 6482
5026 7060
5026 7796
5026 7616
5026 8254
5026 8603
5026 9034
5026 9037
5026 3164
5026 8728
5026 9490
5026 9444
5026 9775
5026 10169
5026 9773
5026 9603
5026 9604
5026 5291
5026 10234
5026 11289
5026 11285
5026 11544
5026 11568
5026 11156
5026 11399
5026 6446
5026 11518
5026 11819
5027 3293
5027 2412
5027 2483
5027 1481
5027 9445
5027 11399
5028 4035
5028 8417
5028 8415
5028 8382
5028 8510
5028 6258
5028 9730
5028 10014
5028 11002
5028 10600
5028 11399
5028 9799
5028 10968
5029 8408
5029 9604
5029 11521
5029 11524
5029 11768
5030 476
5030 5199
5030 10214
5030 8260
5030 9901
5030 6825
5030 8452
5030 6754
5030 7561
5030 3551
5030 1926
5030 3131
5030 11196
5030 7063
5030 9735
5030 365
5030 9037
5030 584
5030 11270
5030 11602
5030 6069
5030 7089
5030 11542
5030 11540
5030 6381
5030 11501
5030 6445
5030 3676
5031 7495
5031 2274
5031 8070
5031 5433
5031 11461
5032 6971
5032 4032
5032 8410
5032 3454
5032 4389
5032 2815
5032 9495
5032 8411
5033 6239
5033 10718
5033 3613
5033 5178
5033 8326
5034 445
5034 7602
5034 6401
5034 6084
5034 1916
5034 9406
5035 1979
5035 6143
5035 7569
5035 8487
5035 9744
5035 4426
5036 4035
5036 7354
5036 168
5036 1939
5036 4492
5036 8596
5036 5976
5036 7014
5036 7907
5036 242
5036 1565
5036 2372
5037 4330
5037 7551
5037 1268
5037 8658
5037 3375
5037 5284
5037 585
5037 6825
5037 10454
5038 3542
5038 396
5038 2247
5038 2778
5038 7216
5038 1438
5038 8648
5038 2353
5038 1403
5038 3172
5038 1268
5038 2471
5039 604
5039 609
5039 1974
5039 4724
5039 7046
5039 876
5039 1000
5039 8088
5039 4035
5039 9508
5039 3987
5039 8755
5039 3230
5039 1337
5039 3223
5039 3232
5039 3235
5039 3237
5039 3239
5039 3441
5039 3821
5039 8097
5040 4484
5040 10573
5040 1747
5040 7005
5040 9271
5040 1984
5040 7729
5041 2556
5041 3323
5041 8763
5041 9490
5041 3166
5041 7694
5041 9659
5041 10902
5041 6079
5041 2573
5042 3166
5042 10313
5042 10418
5042 8220
5042 3243
5042 4426
5042 412
5042 6443
5042 10152
5042 6454
5042 11625
5043 8763
5043 9700
5043 9858
5043 9772
5043 7369
5043 10955
5043 5782
5043 52
5043 5834
5043 10446
5044 5369
5044 7676
5044 10846
5044 7367
5044 11023
5044 8897
5044 10104
5044 6102
5044 9607
5044 8236
5045 189
5045 7559
5045 7975
5045 4389
5045 5319
5046 6693
5046 10175
5046 3375
5046 5676
5046 5814
5046 11434
5046 7338
5046 5647
5046 11414
5046 5703
5046 11569
5046 11615
5047 7764
5047 8041
5047 8972
5047 1061
5047 1093
5047 6014
5047 1071
5047 8770
5047 8841
5047 3495
5047 8768
5048 8254
5048 8253
5048 8407
5048 9033
5048 9260
5048 8763
5048 9852
5049 1556
5049 5975
5049 7862
5049 8488
5049 9745
5049 756
5049 7204
5050 837
5050 4032
5050 2018
5050 5635
5050 10851
5050 9292
5050 6601
5050 7015
5050 5383
5050 7848
5050 8003
5050 8181
5050 9066
5050 10168
5050 11638
5051 3323
5051 1457
5051 1464
5051 3516
5051 5390
5051 7514
5051 9010
5051 6258
5051 11490
5051 10626
5051 11782
5051 6449
5051 11816
5052 4923
5052 5395
5052 6077
5052 6484
5052 6335
5052 7060
5052 8251
5052 8778
5052 11296
5052 11528
5052 1825
5052 11766
5052 11835
5053 9334
5053 7390
5053 599
5053 2988
5053 11590
5054 653
5054 3780
5054 2346
5054 10761
5054 8775
5054 8443
5055 1301
5055 806
5055 7679
5055 5839
5055 10113
5056 1556
5056 4724
5056 4558
5056 6248
5056 4730
5056 4933
5056 5226
5056 5016
5056 1624
5056 8449
5056 8383
5056 8382
5056 3164
5056 9260
5056 1543
5056 9854
5056 7629
5056 10014
5056 11185
5056 9747
5056 11543
5056 11583
5056 6096
5057 7017
5057 8787
5057 10969
5057 11030
5057 10169
5057 11486
5057 11031
5057 11029
5057 10911
5057 10797
5057 11581
5057 11481
5057 2609
5057 11515
5057 11518
5057 11766
5057 11767
5057 10321
5057 11769
5058 8131
5058 8408
5058 8409
5058 7877
5058 10271
5058 5834
5058 4032
5058 11579
5059 1481
5059 7459
5059 1338
5059 8371
5059 657
5059 5335
5059 1339
5059 3061
5059 365
5059 440
5059 581
5059 8625
5059 10466
5059 2176
5060 3381
5060 3613
5060 6751
5060 8334
5060 9104
5060 10559
5060 8333
5060 5727
5060 6912
5060 11134
5060 2447
5061 6888
5061 7719
5061 9718
5061 9445
5061 10429
5062 9506
5062 9109
5062 8207
5062 8208
5062 7694
5062 9775
5062 9730
5062 10201
5062 7442
5062 10288
5062 7551
5062 11308
5062 10794
5062 11782
5062 774
5062 9799
5062 11816
5063 4116
5063 4687
5063 4721
5063 4723
5063 6597
5063 6381
5064 4582
5064 7203
5064 9372
5064 4463
5064 7655
5065 1020
5065 2052
5065 2401
5065 3096
5065 4636
5065 5022
5065 8729
5065 9174
5065 4467
5065 2222
5065 2447
5066 5717
5066 1348
5066 2045
5066 5223
5066 8234
5067 1834
5067 5600
5067 8365
5067 8711
5067 9329
5067 4889
5067 5424
5068 6482
5068 8382
5068 7514
5068 8778
5068 10449
5069 6123
5069 5047
5069 5426
5069 2408
5069 8540
5069 1957
5069 2545
5070 2759
5070 4836
5070 5483
5070 8618
5070 11382
5070 3127
5070 9639
5070 11430
5071 3323
5071 3457
5071 2843
5071 5229
5071 6017
5071 8132
5071 8763
5071 9490
5071 11550
5071 11540
5071 11776
5071 11777
5072 1050
5072 1150
5072 5395
5072 8254
5072 7585
5072 9286
5072 6679
5072 11185
5072 11156
5073 88
5073 1896
5073 1057
5073 3064
5073 5395
5073 5390
5073 6077
5073 8763
5073 8189
5073 9183
5073 6492
5073 8207
5073 7694
5073 1541
5073 9859
5073 9947
5073 9922
5073 9100
5073 7628
5073 9255
5073 6258
5073 7626
5073 9444
5073 10114
5073 9908
5073 10201
5073 6774
5073 10014
5073 10976
5073 10449
5073 6601
5073 10618
5073 10823
5073 7721
5073 10798
5073 4101
5073 11196
5074 1233
5074 7064
5074 496
5074 6603
5074 7056
5074 10933
5075 859
5075 909
5075 1057
5075 3743
5075 3909
5075 4663
5075 5457
5075 6497
5075 6621
5075 6622
5075 6988
5075 7157
5075 7593
5075 9890
5075 10032
5075 10261
5075 3166
5075 5185
5075 5644
5075 6629
5075 10795
5075 896
5075 1071
5075 1632
5075 3500
5075 5652
5075 10704
5075 10789
5076 6311
5076 4584
5076 10314
5076 6522
5076 7862
5076 10369
5076 10367
5077 5261
5077 4996
5077 7281
5077 7283
5077 7285
5077 7291
5077 6743
5077 7022
5077 4359
5078 3428
5078 4105
5078 5402
5078 1909
5078 7021
5078 9216
5078 9756
5078 9865
5078 896
5078 7017
5078 7470
5078 8293
5078 5019
5078 586
5078 9320
5078 5760
5078 1857
5078 7627
5078 8964
5079 613
5079 8252
5079 720
5079 2982
5079 3851
5079 3534
5079 6423
5079 11657
5080 1434
5080 615
5080 786
5080 3613
5080 625
5080 664
5080 8099
5080 3375
5080 4191
5080 11075
5081 7514
5081 9490
5081 10969
5081 11232
5081 5635
5081 11255
5081 11530
5081 11606
5081 6438
5081 11765
5082 1671
5082 2046
5082 1481
5082 880
5082 8858
5082 11146
5083 2052
5083 2889
5083 8692
5083 3151
5083 9293
5084 1457
5084 1624
5084 7060
5084 8169
5084 8449
5084 8778
5084 9037
5084 8763
5085 1829
5085 10052
5085 365
5085 10056
5085 2495
5085 9929
5085 5883
5085 10418
5085 10367
5085 10369
5086 3776
5086 2447
5086 8132
5086 8415
5086 7706
5086 7694
5086 7684
5086 10117
5086 10201
5086 10995
5086 5782
5086 5781
5086 10798
5086 5834
5086 10793
5086 10797
5086 5635
5086 10794
5086 2609
5086 11602
5086 11567
5086 6438
5086 9669
5087 837
5087 10169
5087 10247
5087 11029
5087 11030
5087 11031
5087 11378
5087 11379
5087 10914
5087 7083
5087 10912
5087 10915
5087 10916
5087 10917
5087 10918
5087 11329
5087 2609
5087 741
5087 6270
5087 6864
5087 2573
5087 11601
5087 11600
5087 11399
5087 10520
5087 770
5087 11771
5087 11774
5087 11393
5087 11686
5088 8189
5088 9445
5088 9340
5088 8249
5088 7694
5088 9775
5088 987
5088 7965
5088 8866
5088 766
5088 6679
5088 2192
5088 10774
5088 10288
5088 295
5088 10748
5088 4088
5088 5834
5088 10289
5088 11292
5088 11002
5088 11301
5088 11399
5088 11234
5088 11084
5088 11156
5088 10626
5088 6444
5088 11701
5089 5054
5089 1148
5089 1072
5089 3613
5089 7234
5089 217
5090 2461
5090 6626
5090 6185
5090 3347
5090 7168
5091 10367
5091 10418
5091 10754
5091 6950
5091 7569
5092 2018
5092 6807
5092 2447
5092 2472
5092 5570
5093 6482
5093 9853
5093 7629
5093 10234
5093 11196
5094 4135
5094 7133
5094 3353
5094 7569
5094 4042
5094 7746
5094 6892
5094 7354
5094 3143
5094 9726
5094 4398
5094 10251
5094 4390
5094 7982
5094 891
5094 497
5094 4560
5094 10885
5094 9794
5094 4035
5094 11234
5095 892
5095 8112
5095 9507
5095 9508
5095 10073
5095 9860
5095 11613
5096 8417
5096 3164
5096 7514
5096 1339
5096 9010
5096 9490
5096 8211
5096 8510
5096 3658
5096 8271
5096 10182
5096 9243
5096 6341
5097 5853
5097 2030
5097 6799
5097 7900
5097 2403
5097 1078
5097 4426
5098 5228
5098 1230
5098 5390
5098 5709
5098 3592
5098 6484
5098 6486
5098 7060
5098 8199
5098 6363
5098 7552
5098 8254
5098 8382
5098 8778
5098 8779
5098 8603
5098 3164
5098 9037
5098 8408
5098 8208
5098 8573
5098 9340
5098 8510
5098 9603
5098 9730
5098 10117
5098 10236
5098 7629
5098 7684
5098 11232
5098 11524
5099 4189
5099 6988
5099 378
5099 2073
5099 4465
5099 4500
5099 1220
5099 5479
5099 10508
5099 10089
5100 7138
5100 5682
5100 8842
5100 6184
5100 6191
5100 5427
5100 3144
5101 4033
5101 2282
5101 7020
5101 8860
5101 7016
5102 7695
5102 3127
5102 8374
5102 3641
5102 6644
5102 4377
5103 11525
5103 11526
5103 11583
5103 6096
5103 7321
5103 405
5103 10498
5103 10327
5103 7034
5103 8120
5103 8365
5103 11160
5103 4966
5103 11518
5103 10551
5103 912
5103 1252
5103 3711
5103 6097
5103 8677
5103 1198
5103 10968
5103 11136
5104 8616
5104 5191
5104 6414
5104 8955
5104 3246
5104 5000
5104 10243
5104 5933
5104 5980
5104 7565
5104 7781
5105 4813
5105 1624
5105 1886
5105 6488
5105 7060
5105 6665
5105 8778
5105 10287
5105 10976
5105 10289
5105 11018
5105 11772
5106 3456
5106 705
5106 4923
5106 1457
5106 5226
5106 5230
5106 1230
5106 1249
5106 5393
5106 5390
5106 5709
5106 727
5106 6077
5106 1624
5106 7541
5106 7864
5106 8254
5106 8382
5106 8415
5106 8778
5106 8779
5106 8408
5106 9037
5106 9490
5106 8510
5106 9947
5106 9730
5106 10169
5106 9444
5106 10182
5106 11290
5106 11284
5106 11283
5106 11194
5106 825
5107 240
5107 10955
5107 10201
5107 6258
5107 10289
5107 11399
5107 6214
5107 10418
5108 2258
5108 337
5108 26
5108 9070
5108 39
5109 6211
5109 1001
5109 4396
5109 631
5109 3832
5109 5734
5109 6751
5109 6212
5109 8218
5109 814
5109 795
5109 987
5109 8217
5109 979
5110 6484
5110 5839
5110 11074
5110 2166
5110 4562
5110 8905
5110 6407
5110 11798
5111 10403
5111 9508
5111 10492
5111 9860
5111 10423
5112 2556
5112 587
5112 873
5112 2520
5112 1339
5112 8986
5112 4584
5112 4596
5112 9558
5112 9745
5113 9100
5113 7694
5113 9947
5113 9444
5113 7369
5113 10798
5113 11185
5113 10790
5114 2000
5114 584
5114 4578
5114 9109
5114 9382
5114 9283
5114 8189
5114 7694
5114 6541
5114 6258
5114 7593
5114 10261
5114 10798
5114 10699
5114 5834
5114 365
5114 11232
5114 9758
5114 3542
5114 1517
5114 11606
5114 11399
5114 10626
5114 5788
5114 11439
5114 11635
5114 11518
5114 6283
5114 6444
5114 11766
5115 1374
5115 1539
5115 3518
5115 4164
5115 3756
5116 1771
5116 6784
5116 5503
5116 7132
5116 7646
5116 11104
5116 8157
5116 7011
5117 5390
5117 6483
5117 7060
5117 8102
5117 9037
5117 9490
5117 7369
5117 552
5117 10520
5117 11775
5118 11056
5118 11045
5118 981
5118 5351
5118 10626
5118 4333
5119 8417
5119 8251
5119 8253
5119 2951
5119 2991
5119 8604
5119 9064
5119 3164
5119 8573
5119 9183
5119 9100
5119 9700
5119 9730
5119 7629
5119 10234
5119 6205
5119 9243
5119 10182
5119 10798
5119 11232
5119 11002
5119 7918
5119 6446
5119 11832
5120 1539
5120 6132
5120 6927
5120 8596
5120 9015
5121 8679
5121 8599
5121 10236
5121 10760
5121 6258
5121 4035
5121 4855
5121 9508
5121 5883
5121 10722
5121 11194
5121 11486
5121 11360
5121 6601
5121 7248
5121 7302
5121 10626
5121 11447
5121 11613
5121 11484
5121 11606
5121 11156
5121 11744
5121 11782
5121 11739
5121 11740
5121 11399
5121 11772
5121 11773
5121 11775
5121 6928
5121 10321
5121 10968
5122 6805
5122 6857
5122 10249
5122 1548
5122 1933
5122 11655
5122 4514
5123 10690
5123 10871
5123 8600
5123 412
5123 226
5123 540
5123 9539
5123 1523
5124 3467
5124 3390
5124 4556
5124 3375
5124 9949
5124 11413
5124 4285
5124 5869
5124 11143
5125 4233
5125 5618
5125 8663
5125 8622
5125 1984
5125 11018
5125 6963
5125 8189
5125 8839
5125 8527
5125 10925
5125 217
5125 4892
5125 5339
5125 5837
5125 8358
5125 6625
5125 10492
5125 10626
5125 2177
5125 9106
5126 825
5126 4023
5126 8705
5126 10394
5126 7014
5127 4730
5127 1849
5127 6435
5127 10756
5127 833
5128 7796
5128 8250
5128 8778
5128 3164
5128 9260
5128 9584
5128 9855
5128 9857
5128 5291
5128 10234
5128 9243
5129 709
5129 1627
5129 3691
5129 5125
5129 6435
5129 7826
5129 8114
5129 10367
5129 10369
5129 10418
5129 11101
5129 4956
5129 7226
5129 2739
5129 3428
5129 4025
5129 7232
5129 9507
5130 1827
5130 3307
5130 396
5130 2612
5130 2461
5130 3096
5130 3101
5130 2366
5130 1363
5130 7345
5130 2521
5130 9179
5130 1347
5130 1610
5130 5716
5130 9826
5131 4855
5131 6003
5131 6828
5131 3997
5131 4528
5131 6667
5131 4532
5132 5412
5132 7569
5132 10366
5132 7813
5132 10008
5132 11019
5132 167
5133 4724
5133 9490
5133 8208
5133 9444
5133 10633
5133 3658
5133 8681
5133 11568
5133 6096
5133 11558
5133 11766
5133 11776
5134 3456
5134 5016
5134 5391
5134 8211
5134 8407
5134 11526
5134 11527
5134 11531
5134 11530
5134 11528
5134 2573
5134 11632
5135 165
5135 3733
5135 5337
5135 10209
5135 6286
5135 9596
5135 11705
5135 8981
5136 2687
5136 5217
5136 4032
5136 5922
5136 5923
5136 8428
5136 290
5136 291
5136 292
5137 8900
5137 978
5137 4426
5137 7677
5137 5938
5137 11075
5137 1703
5137 4937
5137 11346
5138 93
5138 176
5138 3454
5138 1792
5138 5181
5138 4218
5138 1069
5138 3368
5138 4253
5138 5681
5138 3501
5138 4619
5139 1440
5139 6155
5139 365
5139 1945
5139 426
5139 7573
5139 8710
5139 7838
5139 1228
5139 4294
5139 8056
5139 381
5139 3613
5139 3793
5139 5851
5139 2223
5140 2025
5140 3351
5140 5224
5140 512
5140 6627
5140 7509
5140 2301
5140 8416
5140 10718
5140 4854
5140 8704
5141 10633
5141 10976
5141 5834
5141 11185
5141 11232
5141 9747
5141 10169
5141 6096
5141 11600
5141 11568
5141 11702
5141 11516
5141 10647
5141 11472
5141 6438
5141 11501
5141 10711
5142 4980
5142 4982
5142 6613
5142 7593
5142 8785
5142 1977
5142 8677
5143 349
5143 348
5143 3250
5143 1636
5143 7210
5143 11418
5143 11569
5144 8893
5144 9831
5144 592
5144 9440
5144 9756
5144 6184
5144 9000
5144 11226
5144 11301
5144 2351
5144 7260
5144 8851
5145 8169
5145 7796
5145 8417
5145 8449
5145 8778
5145 7514
5145 9037
5145 9705
5145 3833
5145 5307
5145 1301
5145 5837
5145 11018
5145 10567
5145 3840
5145 11531
5145 11558
5145 11768
5145 11819
5145 11136
5146 596
5146 1771
5146 1822
5146 1876
5146 3432
5146 4259
5146 4407
5146 5081
5146 6308
5146 7132
5146 8044
5146 9399
5146 9713
5146 825
5146 4029
5146 5281
5146 7685
5146 9110
5146 10719
5146 7317
5146 8800
5146 9325
5146 5007
5146 11264
5146 6584
5146 9434
5147 6863
5147 802
5147 7550
5147 799
5147 801
5147 3388
5147 5548
5147 9922
5148 8363
5148 10223
5148 10731
5148 9338
5148 10836
5148 10959
5148 9181
5148 7369
5149 8132
5149 8604
5149 9064
5149 9100
5149 7551
5149 11788
5149 11777
5150 2720
5150 560
5150 2365
5150 2938
5150 3126
5151 3456
5151 4923
5151 5229
5151 3515
5151 5395
5151 5393
5151 7541
5151 8382
5151 8385
5151 8408
5151 9705
5151 9281
5151 6258
5151 9519
5151 8935
5151 10014
5151 10798
5151 11132
5151 10969
5151 10916
5151 10917
5151 11530
5151 4280
5152 3808
5152 8449
5152 7514
5152 8409
5152 9037
5152 9100
5152 5781
5152 6446
5153 3193
5153 3776
5153 1457
5153 5016
5153 5226
5153 5229
5153 1464
5153 5391
5153 5228
5153 6343
5153 1624
5153 7060
5153 7541
5153 8250
5153 8251
5153 8778
5153 9260
5153 9286
5153 9340
5153 7071
5153 9285
5153 5780
5153 10014
5153 11185
5154 5226
5154 5230
5154 5391
5154 1624
5154 6482
5154 7060
5154 7541
5154 7552
5154 6258
5154 10236
5154 11516
5154 11766
5155 5390
5155 7541
5155 7552
5155 10201
5155 11791
5156 7301
5156 7368
5156 4386
5156 4873
5156 5220
5156 8225
5156 11082
5156 11319
5157 4702
5157 6484
5157 8449
5157 8189
5157 9490
5157 10371
5157 10182
5157 11530
5157 11041
5157 11640
5157 11702
5157 4280
5157 11775
5157 11777
5157 11822
5158 5657
5158 4846
5158 6296
5158 4847
5158 5669
5158 2759
5158 4375
5158 4426
5158 5131
5158 5663
5158 5764
5158 5517
5158 7750
5158 7894
5158 9350
5158 495
5158 1471
5159 1345
5159 4398
5159 8616
5159 886
5159 3111
5159 7781
5159 1095
5160 6287
5160 2769
5160 6300
5160 9214
5160 5641
5160 3425
5161 8648
5161 8427
5161 2096
5161 2240
5161 5253
5161 10838
5161 1456
5161 6411
5162 6957
5162 1481
5162 9222
5162 9600
5162 11363
5162 11489
5163 3589
5163 3063
5163 3776
5163 3895
5163 5788
5163 6445
5164 823
5164 1860
5164 8930
5164 6963
5164 8298
5165 4181
5165 1621
5165 1120
5165 3987
5165 2390
5165 5213
5165 1205
5165 7702
5165 4254
5165 1129
5165 5651
5165 885
5165 4626
5165 5743
5165 9175
5165 5592
5165 6725
5165 516
5165 7769
5165 7159
5165 5518
5165 7312
5165 8987
5165 1850
5165 9973
5165 3343
5165 7046
5165 10132
5165 6955
5166 3589
5166 3592
5166 6363
5166 5357
5166 792
5166 1769
5166 3999
5167 6343
5167 6486
5167 8254
5167 11308
5167 11487
5167 9799
5167 10321
5168 5230
5168 5229
5168 8103
5168 7541
5168 8102
5168 8779
5168 9604
5168 10236
5168 10798
5168 10169
5168 6364
5168 6096
5169 4923
5169 5226
5169 5016
5169 5229
5169 3516
5169 5230
5169 5395
5169 7060
5169 8251
5169 8407
5169 9260
5169 9281
5169 9280
5169 9852
5169 9947
5169 8155
5169 9733
5169 10798
5169 9546
5169 8108
5169 10969
5169 11606
5169 6178
5169 8225
5169 11399
5169 11156
5169 4386
5169 11766
5169 11769
5169 11439
5170 2502
5170 4142
5170 5494
5170 8702
5170 1180
5170 5101
5170 11112
5171 3351
5171 2296
5171 9947
5171 6258
5171 9730
5171 5778
5171 10703
5171 9444
5171 3166
5171 10443
5171 10263
5171 10201
5171 10639
5171 7017
5171 10798
5171 5834
5171 6730
5171 7264
5171 3156
5171 10777
5171 11232
5171 10247
5171 7718
5171 8314
5172 5379
5172 5494
5172 2724
5172 1885
5172 10169
5172 8561
5173 4367
5173 6438
5173 4346
5173 6151
5173 11264
5173 7328
5173 9084
5173 7248
5173 10247
5173 11161
5173 1197
5174 1698
5174 2086
5174 7631
5174 11568
5174 2036
5174 11400
5175 8131
5175 8253
5175 8677
5175 11525
5175 6096
5175 5788
5175 6444
5176 4035
5176 2377
5176 5378
5176 6040
5176 6702
5177 5823
5177 6239
5177 6676
5177 7136
5177 10624
5177 10625
5177 10626
5178 365
5178 2495
5178 6670
5178 3063
5178 9179
5179 8208
5179 7683
5179 7684
5179 8510
5179 7694
5179 9922
5179 9772
5179 6258
5179 9730
5179 9947
5179 10371
5179 9444
5179 9733
5179 10760
5179 5782
5179 10798
5179 5834
5179 10567
5179 11232
5179 11379
5179 11568
5180 3508
5180 6363
5180 9033
5180 8779
5180 9260
5180 9730
5180 10497
5180 10289
5180 11529
5180 11487
5180 11600
5180 10101
5180 11540
5181 4350
5181 5016
5181 1464
5181 5391
5181 8407
5181 8408
5181 11544
5182 7796
5182 6363
5182 8211
5182 8572
5182 9966
5182 5978
5182 892
5183 2
5183 1165
5183 1759
5183 2214
5183 3440
5183 4847
5183 5666
5183 7211
5183 7458
5183 7151
5183 7882
5183 3235
5184 4724
5184 4730
5184 5230
5184 5228
5184 1624
5184 6482
5184 7101
5184 7616
5184 7864
5184 8383
5184 8449
5184 8415
5184 9037
5184 1543
5184 8409
5184 9011
5184 9260
5184 8211
5184 9659
5184 6258
5184 9857
5184 9947
5184 9444
5184 9603
5184 9774
5184 9690
5184 10271
5184 10823
5184 10014
5184 9243
5184 10289
5184 11483
5184 11527
5184 9612
5184 11606
5184 11399
5184 11536
5185 1120
5185 1924
5185 1916
5185 7983
5185 941
5185 2790
5185 3836
5185 6398
5186 512
5186 1084
5186 2284
5186 5181
5186 9143
5186 4371
5186 4379
5186 4998
5186 6051
5186 6161
5186 292
5186 1067
5186 8832
5186 8863
5186 8891
5186 11625
5186 3495
5187 2267
5187 7047
5187 1265
5187 8132
5187 8254
5187 4294
5187 3774
5187 9700
5187 9712
5187 1059
5187 4842
5187 6729
5187 10902
5187 5834
5187 11281
5187 11286
5187 11524
5187 806
5187 11497
5188 912
5188 6325
5188 8343
5188 4604
5188 9756
5188 3778
5188 11304
5188 7905
5189 9317
5189 5976
5189 892
5189 4957
5189 5940
5189 7570
5189 7862
5189 11008
5189 3613
5189 8886
5189 1720
5189 2554
5189 10343
5189 9240
5189 8900
5189 10620
5190 4203
5190 2493
5190 8131
5190 9260
5190 8409
5190 9490
5190 9776
5191 1879
5191 6018
5191 8415
5191 9034
5191 9154
5191 11439
5192 5644
5192 9380
5192 7893
5192 486
5192 8334
5192 11458
5192 4229
5192 2014
5193 1624
5193 6488
5193 7060
5193 7796
5193 9859
5193 8207
5193 7694
5193 10236
5193 10976
5193 9318
5193 8293
5193 5834
5193 11232
5193 11582
5193 7130
5193 8325
5193 10321
5193 10092
5194 4298
5194 1752
5194 1771
5194 9744
5194 883
5194 4729
5194 7006
5195 7577
5195 7636
5195 7509
5195 3043
5195 10804
5195 11271
5195 8665
5196 5229
5196 5230
5196 5226
5196 5391
5196 5395
5196 5807
5196 3779
5196 6017
5196 6077
5196 7060
5196 8131
5196 6363
5196 1348
5196 8417
5196 8169
5196 8254
5196 8778
5196 9260
5196 3164
5196 9011
5196 9705
5196 8510
5196 9281
5196 9659
5196 6258
5196 7694
5196 9773
5196 7629
5196 9700
5196 9037
5196 11565
5196 1714
5196 4794
5197 9010
5197 7683
5197 8207
5197 7694
5197 9922
5197 3004
5197 4058
5197 4995
5197 502
5197 1403
5197 6258
5197 9444
5197 9776
5197 10201
5197 8606
5197 10798
5197 5834
5197 11232
5197 11739
5197 11773
5197 11766
5197 10968
5198 4091
5198 7310
5198 7444
5198 4888
5198 7824
5198 4978
5198 10368
5198 7781
5198 8895
5198 5961
5198 5976
5198 8800
5198 9342
5198 4855
5198 5977
5198 7950
5198 9745
5198 9746
5198 4382
5199 6481
5199 1617
5199 5978
5199 1503
5199 3058
5200 10247
5200 11002
5200 11030
5200 11031
5200 10600
5200 11308
5200 11448
5200 10915
5200 11483
5200 10794
5200 10797
5200 11307
5200 10793
5200 11528
5200 11529
5200 11255
5200 11530
5200 11523
5200 11194
5200 11522
5200 11521
5200 11399
5200 11481
5200 11544
5200 11543
5200 11582
5200 11581
5200 2609
5200 4104
5200 11579
5200 2573
5200 11600
5200 11601
5200 11516
5200 11439
5200 5788
5200 11774
5200 770
5201 10859
5201 10991
5201 8112
5201 6983
5201 10304
5202 4202
5202 4203
5202 4205
5202 4209
5202 6685
5202 9150
5203 4239
5203 4484
5203 9506
5203 892
5203 4448
5203 7824
5203 1063
5203 1068
5204 1457
5204 5016
5204 5230
5204 771
5204 3792
5204 6484
5204 6363
5204 1543
5204 9100
5204 1916
5205 10271
5205 9056
5205 6731
5205 5304
5205 9319
5205 9446
5205 11098
5205 6730
5205 10969
5205 11030
5205 11196
5205 11029
5205 11288
5205 7551
5205 837
5205 10247
5205 11031
5205 11527
5205 10169
5205 11526
5205 10914
5205 10600
5205 10912
5205 11308
5205 11307
5205 11483
5205 10916
5205 10911
5205 10917
5205 11378
5205 11379
5205 10913
5205 10919
5205 10915
5205 10918
5205 11606
5205 6096
5205 1864
5205 11156
5205 11578
5205 11515
5205 11516
5205 1827
5205 11828
5206 460
5206 5143
5206 8384
5206 7514
5206 4259
5206 8207
5206 7694
5206 8510
5206 9773
5206 7310
5206 9100
5206 6258
5206 9947
5206 6220
5206 5834
5206 6364
5206 11232
5206 782
5206 9735
5206 11511
5206 11578
5206 11540
5206 11767
5206 11773
5207 4280
5207 1160
5207 1421
5207 8766
5207 8861
5207 6581
5207 5124
5207 9207
5207 7280
5207 3192
5207 9939
5208 1178
5208 9314
5208 10335
5208 8964
5208 7417
5209 2447
5209 4032
5209 1263
5209 1638
5209 6042
5209 1475
5210 7382
5210 2156
5210 5996
5210 2154
5210 2160
5211 8325
5211 6268
5211 119
5211 4023
5211 10418
5211 1780
5211 4837
5211 7099
5211 9615
5211 562
5211 4938
5211 7701
5211 7586
5211 1112
5211 3336
5211 7471
5211 8045
5211 8919
5212 4088
5212 7367
5212 10321
5212 1756
5212 1912
5213 3323
5213 4923
5213 5226
5213 5230
5213 7060
5213 7796
5213 8251
5213 8779
5213 8211
5213 9705
5213 7694
5213 9700
5213 6258
5213 10234
5213 10201
5213 10637
5213 11098
5214 6389
5214 2052
5214 2178
5214 6239
5214 2963
5214 3987
5214 10418
5214 2986
5214 11764
5214 5977
5215 1592
5215 3515
5215 8199
5215 6363
5215 9064
5215 9254
5215 9857
5215 10014
5215 5834
5215 10903
5216 1646
5216 6007
5216 2687
5216 4983
5216 941
5216 8197
5216 9037
5216 1055
5216 619
5216 6013
5216 9772
5216 2562
5216 6679
5216 5922
5216 3613
5216 4164
5216 7136
5216 11343
5216 11339
5217 7361
5217 6103
5217 825
5217 1233
5217 11382
5217 2750
5218 7364
5218 3391
5218 3604
5218 4098
5218 7592
5218 8980
5218 964
5218 8234
5218 1344
5218 4552
5218 4894
5218 1482
5218 9809
5219 1378
5219 1877
5219 6360
5219 9879
5219 2215
5220 1860
5220 7396
5220 2759
5220 8221
5220 11512
5221 3047
5221 226
5221 10202
5221 3570
5221 1561
5221 8629
5221 9351
5221 5264
5222 8131
5222 8417
5222 1195
5222 10169
5222 4147
5222 10309
5222 9603
5222 9552
5222 7260
5223 7849
5223 3186
5223 6055
5223 9947
5223 7629
5223 10236
5223 11292
5223 11632
5224 5038
5224 9167
5224 9927
5224 10029
5224 8996
5224 8997
5224 7307
5224 1011
5224 1466
5224 7797
5224 9031
5224 9534
5224 1506
5224 2062
5224 8411
5224 9109
5224 10426
5224 9635
5224 2823
5224 823
5224 9923
5224 6700
5224 7017
5224 11347
5225 458
5225 8373
5225 8381
5225 6526
5225 8758
5225 8919
5225 8205
5225 8283
5225 466
5226 9645
5226 10201
5226 10497
5226 10637
5226 9243
5226 10618
5226 10823
5226 10798
5226 5834
5226 10866
5226 10917
5226 2873
5226 5635
5226 11544
5226 6096
5226 11578
5226 1188
5226 11254
5226 2573
5226 11600
5226 11601
5226 3853
5226 11664
5226 11516
5226 10789
5226 8799
5226 8995
5227 6649
5227 6265
5227 5583
5227 969
5227 3613
5228 3164
5228 10769
5228 10999
5228 1933
5228 9494
5228 7739
5228 11511
5229 8083
5229 8254
5229 1543
5229 8763
5229 10955
5229 10995
5229 11526
5229 11527
5229 11544
5229 11579
5230 5227
5230 10452
5230 6082
5230 3214
5230 11384
5230 883
5231 505
5231 2885
5231 10383
5231 317
5231 4699
5232 4481
5232 7178
5232 5502
5232 64
5232 583
5232 415
5232 474
5232 7385
5232 9692
5232 896
5232 714
5233 892
5233 5802
5233 10418
5233 10806
5233 11488
5233 10367
5233 10626
5234 8983
5234 2894
5234 4091
5234 4076
5234 222
5234 225
5234 389
5234 5433
5234 8162
5234 11063
5234 3336
5234 3613
5234 4380
5234 11219
5235 9414
5235 5178
5235 7173
5235 9959
5235 4035
5235 9506
5235 168
5236 4294
5236 4435
5236 879
5236 1732
5236 1273
5236 1271
5236 2270
5236 3245
5236 5821
5236 6863
5236 5258
5236 3676
5236 5347
5236 6237
5237 2162
5237 4396
5237 3375
5237 4626
5237 6222
5237 10201
5237 3882
5237 10955
5237 9243
5237 9750
5237 3155
5237 967
5237 7738
5237 10769
5237 2014
5237 4694
5237 11663
5237 11632
5237 11664
5237 4126
5237 11788
5237 10092
5238 4104
5238 872
5238 6139
5238 856
5238 5641
5238 11104
5238 4096
5238 8437
5238 10893
5239 8189
5239 9011
5239 11185
5239 6364
5239 11041
5239 11543
5239 6444
5239 9734
5239 11118
5239 11136
5240 7514
5240 8409
5240 9037
5240 9852
5240 5307
5240 10236
5240 9733
5240 11002
5240 11524
5240 11528
5240 10134
5240 7852
5240 11771
5240 11822
5241 8417
5241 8415
5241 9033
5241 8763
5241 9922
5241 9730
5241 9854
5241 6258
5241 11291
5241 11550
5241 4280
5241 10446
5242 6999
5242 9034
5242 9037
5242 2983
5242 8211
5242 7683
5242 9282
5242 9284
5242 7694
5242 4600
5242 7625
5242 7628
5242 9255
5242 8548
5242 10236
5242 6091
5242 10798
5242 9747
5242 10169
5242 11524
5242 3538
5242 6096
5242 11401
5242 10366
5242 11702
5242 11787
5242 11516
5242 6444
5243 9717
5243 9071
5243 2844
5243 2986
5243 4032
5244 3344
5244 4405
5244 1044
5244 663
5244 8189
5244 9584
5244 9293
5244 10322
5244 3951
5244 8662
5245 1020
5245 983
5245 1019
5245 4617
5245 6826
5246 3568
5246 5283
5246 9508
5246 11475
5246 4956
5246 5141
5247 11582
5247 11568
5247 9547
5247 11579
5247 4104
5247 11580
5247 2573
5247 11601
5247 9796
5247 2624
5247 5727
5247 9250
5247 10626
5247 11782
5247 3368
5247 11399
5247 11773
5247 11777
5247 11771
5247 11769
5247 5564
5247 11798
5248 5369
5248 1086
5248 1624
5248 5239
5248 1957
5248 2394
5248 7295
5248 8334
5249 6017
5249 10229
5249 1639
5249 3453
5249 3590
5249 3987
5249 9444
5249 1121
5249 8771
5249 3375
5249 6830
5249 11370
5249 6295
5249 5162
5249 10223
5249 3015
5249 3989
5249 4460
5249 11449
5250 3812
5250 1880
5250 3392
5250 1650
5250 8415
5250 1632
5250 1653
5250 7020
5250 3747
5250 1595
5251 1457
5251 5395
5251 8384
5251 8778
5251 9100
5251 11074
5251 11530
5251 11690
5251 11689
5251 6438
5251 11675
5252 6419
5252 6482
5252 4035
5252 9785
5252 8211
5252 7694
5252 10288
5252 1513
5252 6449
5253 3987
5253 4516
5253 8849
5253 1639
5253 4389
5253 8288
5253 2665
5253 2984
5254 1946
5254 1624
5254 6483
5254 8201
5254 8415
5254 1271
5254 9260
5254 11074
5254 3579
5254 3658
5254 837
5254 11621
5255 2065
5255 6753
5255 7307
5255 1729
5255 11550
5256 1916
5256 985
5256 618
5256 3687
5256 5602
5256 10231
5256 3249
5256 4356
5256 8752
5257 9490
5257 8767
5257 9446
5257 7551
5257 11399
5257 11568
5257 11564
5257 11675
5258 10754
5258 572
5258 6737
5258 7861
5258 7973
5258 9761
5258 10106
5258 10885
5259 7779
5259 8415
5259 8598
5259 9010
5259 9490
5259 8208
5259 7694
5259 9947
5259 9700
5259 10169
5259 6258
5259 10236
5259 10201
5259 9733
5259 10995
5259 9319
5259 10288
5259 9243
5259 10182
5259 11485
5259 9735
5259 11487
5259 11497
5259 11511
5259 11606
5259 11156
5260 7187
5260 1090
5260 10418
5260 10368
5260 11056
5260 5976
5260 9558
5260 1258
5260 4032
5260 10733
5261 4378
5261 9391
5261 4794
5261 9973
5261 4975
5262 5976
5262 7824
5262 8169
5262 6363
5262 8384
5262 9506
5262 8382
5262 8385
5262 7514
5262 1543
5262 9853
5262 10287
5262 10289
5262 9434
5262 7317
5262 10418
5262 11360
5263 7354
5263 1277
5263 5372
5263 6931
5263 7135
5263 7794
5263 613
5263 3908
5263 5399
5263 2374
5264 4042
5264 6241
5264 10966
5264 11276
5264 11480
5265 276
5265 212
5265 3380
5265 1109
5265 6519
5265 2977
5265 5200
5265 6579
5265 6520
5266 9744
5266 9974
5266 9702
5266 5978
5266 11613
5267 7723
5267 9289
5267 2781
5267 7898
5267 11703
5268 1366
5268 3354
5268 2447
5268 4811
5268 1549
5268 4341
5269 1666
5269 842
5269 3493
5269 362
5269 208
5269 9294
5269 809
5269 814
5269 9368
5270 4426
5270 601
5270 1183
5270 2953
5270 9869
5270 1849
5271 4350
5271 5228
5271 5391
5271 8449
5271 9775
5271 9854
5271 5782
5271 11484
5271 11600
5271 11630
5271 11558
5271 11566
5272 2309
5272 8254
5272 8449
5272 8385
5272 9010
5272 8763
5272 9490
5272 9282
5272 9700
5272 6258
5272 9603
5272 9733
5272 5781
5272 10182
5272 11232
5272 10794
5272 10793
5272 11578
5272 11836
5273 4572
5273 3164
5273 8197
5273 8763
5273 9183
5273 9340
5273 9284
5273 7694
5273 10371
5273 4280
5274 5935
5274 5169
5274 6760
5274 7807
5274 11360
5274 11583
5274 8325
5274 9949
5274 9600
5274 7192
5275 5228
5275 8778
5275 8779
5275 3164
5275 7351
5275 7683
5275 8207
5275 8208
5275 8211
5275 4313
5275 7694
5275 9100
5275 9947
5275 6258
5275 10014
5275 11297
5275 11735
5276 3376
5276 3589
5276 4702
5276 4724
5276 4730
5276 7060
5276 8573
5276 9584
5276 7105
5276 7062
5276 9444
5276 6258
5276 9947
5276 10249
5276 10201
5276 5856
5276 6389
5276 10798
5276 5855
5276 10793
5276 3711
5276 9188
5276 9923
5276 10914
5276 1916
5276 6438
5276 3689
5277 8250
5277 7514
5277 9067
5277 9340
5277 3166
5277 9922
5277 9700
5277 6258
5277 9444
5277 10236
5277 10798
5277 6096
5277 10092
5277 11816
5278 182
5278 3459
5278 7269
5278 8312
5278 9621
5278 5098
5279 7096
5279 9650
5279 10357
5279 7300
5279 7768
5279 1481
5279 5558
5279 6664
5279 10864
5279 5784
5279 5710
5279 7806
5279 8861
5279 3291
5279 6459
5279 11737
5279 3835
5279 1930
5279 8508
5279 8784
5279 7534
5279 672
5279 10619
5279 11218
5279 11807
5279 9638
5279 912
5279 1228
5279 6890
5279 6891
5279 7265
5279 11164
5280 7858
5280 6631
5280 1537
5280 6883
5280 176
5280 8129
5281 997
5281 2052
5281 4023
5281 6693
5281 9814
5282 6933
5282 5899
5282 5915
5282 6205
5282 5787
5282 5649
5282 3973
5282 2350
5282 7869
5282 7602
5282 7563
5282 4126
5282 9106
5282 6238
5282 1054
5282 1411
5282 1082
5282 5067
5282 1874
5282 1681
5282 11593
5282 7781
5282 11592
5282 8677
5282 6826
5282 5819
5282 3541
5282 11016
5282 9444
5282 1296
5282 9754
5282 8453
5282 9753
5283 411
5283 3003
5283 7102
5283 356
5283 4665
5283 3164
5283 9100
5283 11289
5284 5488
5284 6752
5284 4532
5284 8344
5284 9956
5284 3613
5285 1358
5285 1351
5285 130
5285 1359
5285 1339
5285 2772
5285 1194
5285 1348
5286 8417
5286 8221
5286 8677
5286 8763
5286 9774
5286 10639
5287 6734
5287 7975
5287 7982
5287 9445
5287 9507
5288 1901
5288 3011
5288 6226
5288 460
5288 8270
5288 9445
5288 10471
5289 2590
5289 3007
5289 3340
5289 6046
5289 4885
5290 4776
5290 4919
5290 2065
5290 4316
5290 6686
5290 2540
5290 806
5290 7359
5290 1237
5290 2880
5290 8515
5290 8514
5290 6156
5290 5892
5290 6224
5290 9903
5290 9588
5290 11530
5290 9850
5290 840
5290 3951
5290 11147
5291 4698
5291 1200
5291 2872
5291 3613
5291 5649
5291 7214
5291 7633
5291 8675
5291 8839
5292 10321
5292 3375
5292 4640
5292 9448
5292 9799
5292 6693
5292 11085
5292 6830
5292 11312
5292 3291
5292 9507
5292 10722
5292 11744
5292 6831
5293 1464
5293 3515
5293 3516
5293 8778
5293 10287
5293 10289
5293 11399
5294 134
5294 778
5294 137
5294 130
5294 10485
5294 8190
5294 6803
5295 7865
5295 9790
5295 9791
5295 10956
5295 25
5295 7250
5295 8411
5295 6139
5295 9197
5296 8763
5296 8510
5296 9947
5296 9922
5296 5834
5296 11185
5296 11399
5297 5976
5297 8569
5297 5341
5297 1012
5297 10368
5297 1747
5297 6270
5298 1237
5298 1252
5298 3735
5298 3963
5298 7742
5298 7601
5298 5663
5298 7295
5298 7453
5298 8616
5298 9140
5298 6111
5298 9104
5299 170
5299 174
5299 3613
5299 7892
5299 10569
5299 1732
5299 8028
5300 2073
5300 9508
5300 9732
5300 10627
5300 6229
5300 3603
5300 7248
5300 11804
5301 8417
5301 8197
5301 8211
5301 6258
5301 9700
5301 9603
5301 9318
5301 10182
5301 11300
5301 11524
5302 8102
5302 8208
5302 8978
5302 9010
5302 8189
5302 7684
5302 8977
5302 7683
5302 9044
5302 7050
5302 7918
5302 8145
5302 809
5302 8038
5302 6373
5302 7248
5302 7628
5302 5
5302 5839
5302 533
5302 3166
5302 4214
5302 1916
5302 7434
5302 8240
5302 1258
5302 9947
5302 5399
5302 531
5302 2803
5302 6774
5302 10823
5302 10449
5302 10330
5302 770
5302 836
5302 9612
5302 1036
5302 1034
5302 9170
5302 11568
5303 892
5303 11264
5303 7435
5303 9372
5303 11613
5303 9507
5303 10626
5304 9754
5304 166
5304 11522
5304 5350
5304 5917
5304 11511
5304 2573
5304 3568
5304 3976
5304 9041
5304 1188
5304 4310
5304 8162
5304 912
5304 1754
5304 3666
5304 10591
5304 5022
5304 2018
5304 11516
5304 2244
5304 3845
5304 5553
5304 11518
5304 11701
5304 9517
5304 10138
5304 11764
5305 7853
5305 4289
5305 7863
5305 795
5305 6125
5305 6337
5305 10880
5305 4280
5305 7783
5306 4570
5306 176
5306 4294
5306 7199
5306 576
5306 1835
5306 4426
5306 7295
5306 10370
5307 806
5307 3506
5307 4255
5307 4923
5307 5229
5307 5230
5307 5391
5307 1213
5307 1249
5307 1624
5307 7060
5307 8376
5307 2933
5307 9733
5307 4456
5307 11118
5307 3240
5307 7969
5307 7968
5307 9191
5307 1599
5307 3226
5308 1479
5308 1974
5308 7862
5308 4259
5308 2073
5308 4180
5308 7974
5308 10382
5308 401
5308 10314
5309 6680
5309 3592
5309 7101
5309 7060
5309 7035
5309 7541
5309 7796
5309 8382
5309 9947
5309 9853
5309 6258
5309 9700
5309 2820
5309 9444
5309 10201
5309 10774
5309 10759
5309 5783
5309 7017
5309 7018
5309 7022
5309 8293
5309 8787
5309 5782
5309 5304
5309 11131
5309 892
5309 10635
5309 11803
5310 8376
5310 1579
5310 1580
5310 11745
5310 1497
5310 10852
5311 1348
5311 1775
5311 1904
5311 4212
5311 5399
5311 9110
5311 10261
5311 7828
5311 8964
5312 8415
5312 8407
5312 9034
5312 9033
5312 9490
5312 7585
5312 8207
5312 7694
5312 9659
5312 8510
5312 9853
5312 9700
5312 7684
5312 9858
5312 9733
5312 8087
5312 3629
5312 6446
5312 11635
5313 5016
5313 5395
5313 6363
5313 5806
5313 738
5314 5016
5314 1464
5314 5391
5314 1624
5314 6488
5314 7060
5314 7541
5314 8449
5314 8131
5314 8132
5314 8250
5314 9260
5314 6258
5314 9774
5315 4324
5315 4023
5315 1103
5315 6085
5315 1372
5315 4644
5315 672
5315 5421
5315 2362
5315 5494
5315 2096
5315 6574
5315 5888
5316 4125
5316 4292
5316 4455
5316 1729
5316 6957
5316 6207
5316 9151
5316 1771
5316 7211
5316 9631
5316 8416
5316 8662
5317 10016
5317 1111
5317 5737
5317 2781
5317 5300
5317 7577
5317 10236
5317 597
5317 5783
5317 10798
5317 3085
5317 6775
5317 5834
5317 11098
5317 7440
5317 11232
5317 5788
5317 9084
5318 1790
5318 1788
5318 1797
5318 1800
5318 1805
5318 1806
5318 1810
5318 1813
5318 3431
5318 4022
5318 7919
5318 1693
5318 7911
5318 9546
5318 1700
5318 7510
5318 11638
5318 398
5318 3225
5318 3232
5318 3240
5318 5818
5318 10503
5318 10704
5318 3236
5319 5709
5319 1624
5319 7541
5319 8417
5319 7101
5319 3164
5319 9947
5319 6258
5319 8415
5320 1073
5320 1111
5320 2284
5320 6625
5320 9558
5321 959
5321 1976
5321 3755
5321 4375
5321 4621
5321 4626
5321 6148
5321 1298
5321 3058
5321 7155
5321 7372
5321 8417
5321 7071
5321 3792
5321 885
5321 4481
5321 9174
5321 8959
5321 8736
5321 9183
5321 6597
5321 8054
5321 3127
5321 6208
5321 3202
5321 7694
5321 9637
5321 9659
5321 7836
5321 1113
5322 38
5322 5664
5322 6287
5322 6293
5322 3602
5323 9492
5323 10342
5323 9391
5323 795
5323 867
5323 11623
5323 9448
5324 8064
5324 401
5324 9438
5324 1202
5324 4404
5324 10060
5325 892
5325 5664
5325 5976
5325 5978
5325 8881
5325 9206
5325 10314
5325 10690
5325 10738
5325 5128
5325 7570
5325 4035
5325 8880
5326 4277
5326 883
5326 2902
5326 1533
5326 1535
5327 3446
5327 3385
5327 4242
5327 144
5327 3794
5327 11222
5328 3015
5328 7560
5328 9109
5328 9631
5328 7846
5328 9508
5328 10423
5329 9506
5329 7164
5329 3485
5329 2357
5329 1483
5330 9067
5330 10169
5330 11523
5330 11580
5330 11632
5330 11782
5330 11819
5330 10321
5331 6258
5331 10637
5331 11490
5331 11742
5331 11739
5331 770
5331 10968
5331 11821
5332 1591
5332 727
5332 729
5332 7418
5332 8208
5333 6484
5333 7060
5333 8131
5333 8449
5333 8383
5333 8254
5333 8251
5333 8385
5333 8779
5333 9010
5333 2113
5333 9700
5333 9773
5333 10236
5333 5834
5333 10182
5333 5781
5333 11580
5333 11490
5333 5788
5333 10446
5334 8668
5334 5472
5334 2791
5334 699
5334 4967
5334 9109
5334 4966
5334 6962
5334 883
5334 1077
5334 1722
5334 6963
5334 1101
5335 9733
5335 6258
5335 5782
5335 10798
5335 6730
5335 10567
5335 11098
5335 11196
5335 825
5335 6364
5335 7551
5335 11379
5335 11524
5335 5635
5335 11255
5335 11521
5335 11522
5335 11523
5335 11525
5335 11526
5335 11527
5335 11528
5335 11529
5335 11530
5335 11531
5335 11329
5335 11576
5335 11613
5335 11156
5335 10626
5335 11663
5335 11664
5335 11688
5335 11690
5335 6438
5335 1827
5335 6446
5335 11773
5335 11775
5335 10321
5336 2387
5336 9151
5336 9627
5336 6549
5336 10090
5337 1810
5337 1287
5337 6711
5337 868
5337 1279
5337 7319
5338 6686
5338 11185
5338 11520
5338 11526
5338 11490
5338 11521
5338 11527
5338 11528
5338 11529
5338 11531
5338 11255
5338 11530
5338 11194
5338 11401
5339 3398
5339 3589
5339 4933
5339 1296
5339 5393
5339 5494
5339 6484
5339 6258
5339 4459
5339 6635
5339 7683
5339 9279
5339 8242
5339 9947
5339 9730
5339 8270
5339 10262
5339 11497
5339 11791
5339 1825
5340 8207
5340 8211
5340 8031
5340 9279
5340 9859
5340 10169
5340 9855
5340 9858
5340 9603
5340 9947
5340 10371
5340 10236
5340 5782
5340 11002
5340 10811
5340 11720
5340 2374
5340 2447
5340 11791
5341 3263
5341 4117
5341 6138
5341 3162
5341 9649
5342 3517
5342 4724
5342 4725
5342 4730
5342 5016
5342 5229
5342 1464
5342 3515
5342 3516
5342 5393
5342 5390
5342 6680
5342 8779
5342 8385
5342 8599
5342 9010
5342 9490
5342 8208
5342 9776
5342 9507
5342 10287
5342 11613
5342 11744
5343 3368
5343 317
5343 6210
5343 153
5343 1849
5344 3291
5344 4324
5344 7245
5344 9693
5344 2509
5344 10776
5345 3023
5345 4949
5345 5446
5345 7693
5345 8166
5345 8473
5345 10893
5346 6804
5346 2550
5346 2626
5346 4517
5346 7449
5347 7271
5347 6291
5347 6456
5347 5865
5347 7056
5347 11238
5348 9294
5348 536
5348 11382
5348 10714
5348 11018
5349 4041
5349 4035
5349 2730
5349 5284
5349 3779
5349 2948
5349 10492
5349 10287
5349 10718
5349 3164
5349 10182
5350 8417
5350 9037
5350 8208
5350 7585
5350 7684
5350 9659
5350 9854
5350 9603
5350 6258
5350 9856
5350 11525
5350 11527
5350 11583
5350 11516
5351 106
5351 4519
5351 1057
5351 4301
5351 4681
5351 4109
5351 1131
5351 2321
5351 4663
5351 2770
5351 6475
5351 6490
5351 7027
5351 8743
5351 8744
5351 1125
5351 1103
5351 5619
5352 289
5352 1548
5352 4604
5352 4618
5352 2374
5352 7064
5352 1211
5353 9446
5353 6146
5353 10470
5353 811
5353 1624
5353 2550
5353 3074
5353 4266
5353 6971
5353 8768
5353 8955
5353 9202
5354 4035
5354 4091
5354 585
5354 6219
5354 2298
5354 10626
5355 9953
5355 7987
5355 5010
5355 892
5355 2311
5356 308
5356 4923
5356 2032
5356 5038
5356 1624
5356 7684
5356 5198
5356 859
5356 10287
5356 11018
5356 10794
5356 10793
5356 6012
5356 11791
5357 1624
5357 6486
5357 7060
5357 7514
5357 9775
5357 10371
5357 11300
5357 11522
5357 11601
5357 11821
5358 3650
5358 3177
5358 4029
5358 6438
5358 8442
5358 8443
5359 2024
5359 1345
5359 1632
5359 5152
5359 8802
5359 3937
5359 3743
5359 3744
5359 3749
5359 5034
5360 8145
5360 10014
5360 10798
5360 5782
5360 5834
5360 11098
5360 805
5360 11232
5360 11378
5360 11379
5360 11576
5360 11329
5360 11459
5360 6269
5360 6864
5360 11375
5360 11650
5360 739
5360 741
5360 7386
5360 11663
5360 11664
5360 10615
5360 11688
5360 11709
5360 10616
5360 11735
5360 11771
5360 11774
5361 8487
5361 2195
5361 4042
5361 7986
5361 11447
5361 11556
5362 5226
5362 1464
5362 5228
5362 5393
5362 6343
5362 1624
5362 7101
5362 8103
5362 6363
5362 8169
5362 8449
5362 8385
5362 7514
5362 9034
5362 9037
5362 9859
5362 9922
5362 7625
5362 9254
5362 9705
5362 9856
5362 9857
5362 9444
5362 10234
5362 9584
5362 11131
5362 6410
5362 11316
5362 11523
5362 11530
5362 11632
5362 1825
5363 4923
5363 5228
5363 3932
5363 7060
5363 8131
5363 7552
5363 9260
5363 9659
5363 9773
5363 11601
5364 2254
5364 7889
5364 809
5364 3160
5364 7792
5364 11041
5364 8468
5365 2186
5365 909
5365 7880
5365 1607
5365 2286
5365 1250
5365 8481
5365 2490
5365 3959
5365 1714
5365 2177
5365 9798
5366 1464
5366 4012
5366 4976
5366 5975
5366 6680
5366 3592
5366 3990
5366 4044
5366 6488
5366 7441
5366 7060
5366 8169
5366 8344
5366 8779
5366 9109
5366 8208
5366 9507
5366 9705
5366 9445
5366 10685
5366 770
5366 11399
5367 1270
5367 1020
5367 1833
5367 4125
5367 5395
5367 6077
5367 7035
5367 8779
5367 7514
5367 8092
5367 6258
5367 11135
5367 11485
5367 11606
5367 11156
5367 11399
5367 11740
5367 11819
5368 6239
5368 1829
5368 6740
5368 6985
5368 1348
5368 92
5368 365
5368 2721
5368 6537
5368 2752
5368 6840
5368 6739
5369 5228
5369 8449
5369 8250
5369 8408
5369 8763
5369 7694
5369 4280
5370 4347
5370 5226
5370 3515
5370 5390
5370 6344
5370 1624
5370 8132
5370 9033
5370 9034
5370 9705
5370 9858
5370 9852
5370 2573
5370 11540
5370 9669
5370 10446
5371 4421
5371 3096
5371 6185
5371 4464
5371 9064
5371 8408
5371 64
5371 8763
5371 7683
5371 9282
5371 9700
5371 6258
5371 10234
5371 9518
5371 10182
5371 5782
5371 11298
5371 11600
5371 11601
5372 5229
5372 5230
5372 5016
5372 5391
5372 5228
5372 6482
5372 6488
5372 7541
5372 8131
5372 8449
5372 8598
5372 9490
5372 7585
5372 8409
5372 9855
5372 10371
5372 5291
5372 9243
5372 7721
5372 11522
5372 2609
5372 11399
5372 9669
5372 11819
5373 9490
5373 6492
5373 3149
5373 9730
5373 8240
5373 9100
5373 7625
5373 7626
5373 10995
5373 6258
5373 836
5373 9557
5373 6096
5373 7365
5373 739
5373 7435
5373 10811
5373 10615
5373 11635
5373 11735
5373 11709
5373 11689
5374 3105
5374 3983
5374 7531
5374 8822
5374 7149
5375 4493
5375 4035
5375 4474
5375 6003
5375 1880
5375 8112
5375 2770
5375 9508
5375 3909
5375 7551
5375 3096
5375 10544
5375 10710
5376 6649
5376 2905
5376 4218
5376 4765
5376 11184
5377 5950
5377 5951
5377 3728
5377 9923
5377 10553
5377 7591
5377 11413
5377 1916
5377 1928
5377 11643
5377 11200
5377 11687
5377 11412
5378 1495
5378 1849
5378 3323
5378 1479
5378 4260
5378 1085
5378 901
5378 4923
5378 5226
5378 5229
5378 5016
5378 3516
5378 3932
5378 5395
5378 5709
5378 2965
5378 2956
5378 8976
5378 5788
5378 4426
5379 4341
5379 5171
5379 9556
5379 9645
5379 1185
5379 1635
5379 3162
5379 6265
5379 7295
5380 3932
5380 5595
5380 8763
5380 7248
5380 923
5381 5412
5381 4998
5381 5523
5381 8605
5381 4785
5381 5365
5381 7394
5381 7113
5381 391
5381 8705
5381 1026
5381 6435
5381 3571
5381 8896
5381 9441
5381 8096
5381 2897
5381 8751
5381 1912
5381 8357
5381 7913
5381 6625
5381 10766
5381 5122
5381 8868
5381 7203
5381 2082
5381 10505
5381 444
5381 32
5381 7563
5382 2687
5382 1849
5382 4294
5382 6042
5382 6945
5383 593
5383 672
5383 4072
5383 5307
5383 11026
5384 4144
5384 6062
5384 7091
5384 9111
5384 7323
5384 9799
5384 1880
5385 1271
5385 2561
5385 5179
5385 8054
5385 3945
5385 5491
5385 1020
5385 4282
5385 6957
5385 2271
5385 3126
5385 6625
5385 10262
5385 5417
5385 7773
5385 8370
5385 10521
5385 5647
5385 5643
5385 8883
5385 3509
5385 5574
5385 6763
5385 8530
5385 8760
5385 5438
5385 7650
5385 9986
5385 886
5385 9243
5385 9242
5385 4455
5385 5468
5385 10347
5386 8520
5386 11142
5386 892
5386 4280
5386 11141
5387 5977
5387 5023
5387 4205
5387 3006
5387 5933
5387 6443
5387 8124
5387 8616
5387 9929
5388 6799
5388 6744
5388 7431
5388 1278
5388 10539
5388 10073
5389 8383
5389 8250
5389 9054
5389 8189
5389 9490
5389 9922
5389 9730
5389 9603
5389 9519
5389 4241
5389 6089
5389 11304
5389 825
5389 11129
5389 11791
5389 9669
5390 7984
5390 9507
5390 11803
5390 10957
5390 6734
5391 540
5391 879
5391 6191
5391 6419
5391 9786
5392 1301
5392 7271
5392 9337
5392 5181
5392 10519
5393 5194
5393 7830
5393 3368
5393 3501
5393 3143
5394 9945
5394 3536
5394 5783
5394 8861
5394 6680
5394 10798
5394 6754
5394 11264
5394 11002
5394 10169
5394 11030
5394 11029
5394 11378
5394 11379
5394 837
5394 10916
5394 11031
5394 10912
5394 10913
5394 11483
5394 10915
5394 10918
5394 11568
5394 1252
5394 4032
5395 1578
5395 4923
5395 5016
5395 5395
5395 8254
5395 8384
5395 7796
5395 8207
5395 9100
5395 738
5395 741
5395 9196
5395 11735
5396 4923
5396 5229
5396 1464
5396 5230
5396 5390
5396 6077
5396 7864
5396 3164
5396 6270
5397 3499
5397 2270
5397 9476
5397 11426
5397 5922
5397 3390
5398 10951
5398 1425
5398 5662
5398 4826
5398 3440
5399 1481
5399 428
5399 873
5399 874
5399 3589
5399 3064
5399 4725
5399 4416
5399 10116
5399 5218
5399 9612
5399 9213
5399 8109
5399 1700
5399 1692
5399 1694
5400 2409
5400 2888
5400 4794
5400 1720
5400 9848
5401 187
5401 2157
5401 4389
5401 6826
5401 10812
5401 11733
5402 9559
5402 4855
5402 10884
5402 9507
5402 9508
5403 1984
5403 2996
5403 5129
5403 2309
5403 3322
5403 6488
5403 7779
5403 7541
5403 8169
5403 8131
5403 1860
5403 6957
5403 6958
5403 822
5403 821
5403 7585
5403 8728
5403 7194
5403 10169
5403 2985
5403 4869
5404 1624
5404 7541
5404 10798
5404 5780
5404 11074
5404 9690
5404 11185
5404 11523
5405 8132
5405 8382
5405 9054
5405 8598
5405 7694
5405 9859
5405 9700
5405 10169
5405 9773
5405 9772
5405 9774
5405 10902
5405 2815
5405 11156
5405 9756
5405 11720
5405 11744
5405 11782
5405 11741
5405 1827
5405 11739
5405 11740
5405 11399
5405 11770
5405 2291
5405 11819
5405 11773
5405 11769
5405 11774
5405 11776
5406 1133
5406 2759
5406 4410
5406 7004
5406 4413
5406 8896
5406 10854
5407 6273
5407 1651
5407 1791
5407 3677
5407 3679
5407 5655
5407 7551
5407 8881
5407 9421
5407 5432
5407 4426
5407 9269
5408 5579
5408 7797
5408 9792
5408 5441
5408 6826
5408 1503
5408 9096
5408 256
5408 3356
5409 7203
5409 2359
5409 7859
5409 5334
5409 2235
5409 6303
5409 6696
5409 6143
5410 1984
5410 3765
5410 3484
5410 7945
5410 10526
5411 892
5411 6828
5411 7862
5411 7980
5411 7988
5411 8112
5412 1074
5412 4328
5412 8602
5412 9558
5412 9285
5413 9529
5413 6188
5413 9436
5413 11006
5413 11475
5413 11478
5414 6639
5414 10023
5414 7561
5414 6128
5414 5964
5414 1680
5414 4549
5414 6188
5414 4361
5414 5837
5414 6592
5414 9294
5414 7704
5415 6138
5415 8842
5415 8900
5415 3155
5415 505
5416 5390
5416 1624
5416 11131
5416 11130
5416 5304
5416 8787
5416 7022
5416 10798
5416 8293
5416 5780
5416 6731
5416 5781
5416 11098
5416 11031
5416 11030
5416 11029
5416 11378
5416 11255
5416 11041
5416 11543
5416 11544
5416 11550
5417 9221
5417 5056
5417 6619
5417 2473
5417 4033
5417 5134
5417 1638
5417 2759
5417 5434
5417 7781
5417 3590
5417 6624
5417 4352
5417 2018
5417 7326
5417 7327
5417 7576
5417 7320
5417 792
5417 10146
5417 2281
5417 11742
5418 89
5418 3589
5418 4725
5418 4702
5418 4730
5418 4933
5418 5016
5418 3515
5418 5393
5418 7541
5418 8131
5418 8384
5418 8449
5418 8254
5418 9033
5418 9037
5418 8763
5418 11524
5418 6445
5418 10968
5418 11439
5419 1624
5419 9856
5419 9444
5419 9733
5419 11307
5420 621
5420 3015
5420 4426
5420 1507
5420 6724
5420 3375
5420 11333
5420 7897
5420 402
5420 1258
5420 5413
5420 7256
5420 6498
5421 6680
5421 5296
5421 226
5421 6363
5421 8199
5421 8384
5421 8383
5421 8254
5421 8253
5421 6258
5421 9100
5421 3514
5421 11788
5422 5543
5422 1492
5422 3571
5422 9494
5422 6386
5422 5338
5423 7271
5423 4673
5423 10058
5423 4948
5423 5020
5423 10582
5424 1528
5424 5375
5424 1896
5424 5425
5424 5428
5424 5863
5425 3520
5425 5469
5425 4292
5425 6344
5425 913
5425 1624
5425 7101
5425 7779
5425 8415
5425 9064
5425 9490
5425 5933
5425 9947
5425 10234
5425 9733
5425 9243
5425 6927
5425 8931
5425 11585
5425 11773
5425 11775
5426 5227
5426 8479
5426 5682
5426 142
5426 8007
5427 3274
5427 8207
5427 8208
5427 9947
5427 10236
5427 10449
5427 1870
5427 10271
5428 1106
5428 4245
5428 1020
5428 1977
5428 2358
5428 4905
5428 6042
5428 284
5428 5865
5428 8024
5428 8831
5428 8832
5428 8894
5428 3069
5428 5940
5428 3240
5428 4653
5428 4763
5428 3447
5428 5730
5428 8895
5428 9949
5428 3778
5428 10641
5428 10728
5428 6405
5428 8858
5429 1834
5429 4270
5429 7968
5429 429
5429 1199
5429 2217
5430 3207
5430 7293
5430 608
5430 9186
5430 9547
5431 8572
5431 8207
5431 9285
5431 9100
5431 9947
5431 6063
5431 9444
5431 10298
5431 10201
5431 9690
5431 10798
5431 8293
5431 6731
5431 10567
5431 10969
5431 11399
5431 11530
5431 11531
5431 11255
5431 11606
5431 5692
5431 6270
5431 741
5431 6864
5431 11439
5431 10616
5431 11735
5431 11686
5432 809
5432 672
5432 889
5432 4346
5432 826
5432 1578
5432 8206
5432 9054
5432 1500
5432 8211
5432 7830
5432 9947
5432 10115
5432 9730
5432 8672
5433 3005
5433 4178
5433 232
5433 3025
5433 3178
5433 4795
5433 3000
5434 6342
5434 7146
5434 5933
5434 8616
5434 7069
5434 9097
5434 4033
5434 1697
5434 8768
5434 10774
5434 4997
5434 598
5434 5219
5435 5385
5435 5323
5435 6307
5435 2859
5435 10348
5436 1624
5436 7541
5436 7864
5436 8169
5436 8415
5436 8250
5436 8602
5436 9067
5436 8728
5436 9183
5436 7683
5436 8736
5436 9100
5436 3097
5436 10760
5436 10798
5436 8681
5436 11254
5436 6438
5436 11518
5437 8415
5437 8736
5437 10201
5437 9117
5437 6258
5437 11300
5437 9351
5438 11379
5438 10917
5438 10913
5438 10919
5438 10793
5438 10916
5438 11255
5438 11523
5438 11525
5438 11526
5438 10797
5438 11522
5438 11527
5438 11528
5438 11530
5438 11194
5438 11521
5438 11524
5438 11529
5438 11543
5438 11539
5438 11544
5438 11550
5438 11041
5438 11481
5438 11582
5438 11254
5438 11578
5438 2573
5438 11497
5438 11601
5438 11600
5438 5788
5438 11439
5438 11720
5438 10520
5438 11772
5439 6734
5439 7862
5439 3999
5439 5147
5439 3030
5440 7485
5440 2014
5440 3463
5440 2411
5440 9256
5441 8779
5441 3164
5441 1543
5441 8208
5441 8249
5441 8207
5441 9773
5441 9852
5441 7629
5441 10234
5441 9444
5441 10201
5441 10182
5441 1653
5441 5783
5441 9690
5441 10798
5441 11132
5441 7017
5441 11130
5441 11185
5441 6803
5441 6364
5441 11526
5441 11291
5441 11522
5441 11524
5441 11511
5441 4104
5441 2609
5441 11490
5441 11566
5441 11369
5441 11136
5441 10446
5442 7298
5442 10754
5442 9913
5442 1503
5442 1847
5442 8220
5442 9508
5442 4385
5442 11153
5443 3153
5443 6228
5443 6622
5443 5538
5443 6629
5443 11238
5443 1428
5444 8415
5444 8253
5444 9033
5444 9260
5444 9100
5444 9700
5444 9855
5444 6258
5444 10236
5444 10903
5444 10798
5444 11002
5444 10626
5444 11399
5444 10092
5444 10968
5445 3884
5445 1196
5445 1205
5445 5016
5445 5391
5445 1624
5445 6486
5445 8449
5445 7514
5445 8250
5445 11601
5445 11600
5445 5788
5445 11602
5445 11739
5446 5891
5446 157
5446 1070
5446 7556
5446 3752
5446 2576
5446 8734
5446 9520
5447 1830
5447 3134
5447 4209
5447 2270
5447 7101
5447 8415
5447 3368
5447 8599
5447 11736
5448 8415
5448 8598
5448 9947
5448 9712
5448 3234
5448 4296
5448 4694
5449 6835
5449 412
5449 8292
5449 8771
5449 11187
5450 9037
5450 10169
5450 5834
5450 11601
5450 11602
5451 2965
5451 1919
5451 2472
5451 9649
5451 6857
5451 3388
5451 3539
5451 10139
5451 8360
5451 2470
5451 854
5451 3482
5451 8586
5451 5672
5451 1500
5451 160
5451 9766
5452 7060
5452 7541
5452 9179
5452 8763
5452 1543
5452 8572
5452 6258
5452 9856
5452 5307
5452 9518
5452 10117
5452 10115
5452 9733
5452 6731
5452 10326
5452 11098
5452 10449
5452 6730
5452 11291
5452 825
5452 11194
5452 11526
5452 11524
5452 6096
5452 11579
5452 11765
5452 11767
5452 11776
5452 11675
5452 11836
5453 4260
5453 4042
5453 1457
5453 5393
5453 6077
5453 6680
5453 1481
5453 5265
5453 249
5453 7060
5453 6363
5453 8132
5453 8449
5453 8778
5453 8408
5453 8407
5453 8679
5453 8207
5453 9260
5453 8728
5453 9603
5453 6258
5453 10236
5453 10969
5453 11291
5453 6864
5453 11270
5453 11516
5453 11782
5453 11776
5454 4687
5454 9111
5454 4614
5454 11023
5454 5583
5454 11673
5454 4613
5454 5090
5454 5274
5455 6190
5455 6212
5455 8687
5455 6193
5455 6194
5455 7569
5455 8783
5456 1084
5456 1098
5456 2140
5456 6780
5456 11066
5457 2396
5457 2426
5457 4722
5457 7375
5457 8473
5457 4091
5457 4515
5457 7723
5458 1098
5458 1860
5458 6222
5458 6102
5458 10474
5458 3820
5459 6248
5459 1457
5459 3592
5459 3164
5459 10626
5459 7458
5460 1726
5460 3433
5460 3467
5460 7569
5460 8519
5460 4572
5460 5991
5460 9109
5460 3356
5460 6751
5460 2357
5460 7142
5460 7509
5460 10006
5460 9448
5460 5131
5460 3972
5460 7548
5460 9065
5460 9067
5460 8181
5460 1066
5460 6859
5460 7676
5460 10696
5460 5096
5460 11418
5460 512
5460 2284
5460 9609
5460 9850
5460 10038
5460 10537
5460 11261
5460 11343
5460 11385
5460 11636
5461 9253
5461 5307
5461 9519
5461 10126
5461 10117
5461 7369
5461 10774
5461 7824
5461 10326
5461 10410
5461 10289
5461 11292
5461 6928
5461 11448
5461 11287
5461 11232
5461 11399
5461 892
5461 11486
5461 11485
5461 11583
5461 11580
5461 11606
5461 7570
5461 2573
5461 11270
5461 11761
5461 10811
5461 11744
5461 11501
5461 11791
5461 9799
5461 10092
5461 10321
5461 11836
5461 11835
5462 11377
5462 8962
5462 2396
5462 1916
5462 937
5462 2687
5462 2863
5462 11211
5462 9691
5462 9076
5462 946
5462 5195
5462 7293
5462 967
5462 1694
5462 6775
5462 8320
5462 1553
5463 530
5463 831
5463 1557
5463 503
5463 11273
5463 6469
5464 1618
5464 1879
5464 5205
5464 2545
5464 5417
5465 8295
5465 1482
5465 165
5465 3613
5465 7717
5465 6529
5465 6601
5466 1047
5466 1048
5466 1063
5466 1079
5466 1107
5466 4033
5466 8736
5466 2283
5466 11708
5467 5226
5467 5611
5467 7060
5467 9033
5467 9037
5467 4086
5467 10287
5467 10638
5467 10449
5467 825
5467 11399
5468 3812
5468 1407
5468 9296
5468 4782
5468 9249
5468 10133
5468 5645
5468 10937
5468 7800
5468 8611
5468 10688
5468 11568
5469 5512
5469 9109
5469 7203
5469 6900
5469 8803
5469 5354
5469 7587
5469 11404
5469 7861
5470 9100
5470 9776
5470 1628
5470 10287
5470 10288
5470 10449
5470 11606
5470 165
5470 9723
5470 9727
5470 11234
5470 11557
5470 11645
5470 2482
5470 5499
5470 4855
5470 6239
5470 6738
5470 7570
5470 7988
5470 8112
5470 9956
5470 10106
5470 11163
5470 11515
5470 11399
5471 8220
5471 7164
5471 9508
5471 9860
5471 6246
5471 8487
5471 6737
5472 5177
5472 4607
5472 4142
5472 8551
5472 11103
5472 11104
5472 5220
5473 4284
5473 3990
5473 5976
5473 5977
5473 6001
5473 4042
5474 609
5474 1008
5474 1076
5474 2447
5474 5181
5475 1828
5475 4933
5475 8103
5475 8763
5475 3166
5475 3658
5475 11798
5476 1726
5476 1479
5476 3884
5476 5016
5476 3516
5476 2974
5476 1543
5476 9775
5476 9772
5477 8417
5477 8253
5477 8385
5477 3164
5477 8736
5477 3166
5477 7694
5477 9700
5477 9858
5477 9857
5477 10234
5477 9444
5477 10236
5477 9733
5477 10995
5477 7442
5477 3658
5477 9690
5477 11185
5477 10797
5477 10793
5477 11550
5477 11606
5477 11567
5477 11566
5477 11765
5477 11767
5477 10968
5478 9764
5478 8999
5478 10968
5478 6342
5478 11418
5478 11569
5479 130
5479 5226
5479 5016
5479 876
5479 6486
5479 7060
5479 8417
5479 8250
5479 7585
5479 9100
5479 1228
5479 8886
5479 3422
5479 10169
5479 6096
5479 11606
5479 9366
5479 3893
5479 11632
5479 11439
5479 10503
5479 11675
5480 1725
5480 3322
5480 6020
5480 325
5480 623
5481 877
5481 224
5481 1638
5481 2025
5481 2848
5481 5439
5481 6389
5481 9779
5481 11343
5481 11612
5481 11409
5481 6674
5481 2245
5482 6580
5482 8415
5482 8254
5482 7541
5482 8779
5482 9037
5482 8677
5482 8409
5482 7684
5482 7683
5482 9603
5482 6258
5482 9519
5482 10234
5482 9733
5482 7017
5482 10014
5482 5781
5482 11029
5482 11109
5482 11525
5482 11490
5482 11496
5482 6445
5483 915
5483 672
5483 3121
5483 7640
5483 2542
5483 7248
5483 10350
5483 5516
5483 11611
5484 3403
5484 4663
5484 4789
5484 6029
5484 6326
5484 3794
5484 10852
5484 9291
5484 5642
5484 192
5484 2865
5484 4444
5484 4847
5484 5921
5484 7104
5484 9290
5484 10191
5484 7185
5484 11014
5484 10413
5484 6674
5484 2450
5484 6903
5484 9879
5485 7781
5485 9399
5485 8616
5485 11200
5485 1503
5485 8116
5485 10901
5486 4692
5486 587
5486 1208
5486 123
5486 5560
5486 3327
5486 9131
5486 7670
5486 8377
5486 6980
5486 9260
5486 4104
5486 10127
5487 1348
5487 11799
5487 6265
5487 10732
5487 5666
5487 7819
5487 3262
5487 5677
5487 217
5488 8251
5488 8407
5488 8408
5488 9260
5488 8207
5488 9100
5488 7694
5488 10234
5488 9518
5488 10639
5488 10400
5488 3658
5488 10497
5488 10637
5488 9318
5488 10823
5488 10398
5489 9508
5489 10349
5489 1833
5489 9746
5489 10303
5489 8416
5489 10310
5489 10718
5489 11614
5490 5393
5490 1624
5490 6485
5490 3373
5490 8207
5490 8510
5490 11240
5490 9947
5490 9730
5490 9444
5490 10639
5490 10637
5490 8787
5490 7017
5490 7022
5490 8293
5490 5783
5490 770
5491 2284
5491 11410
5491 11595
5491 11699
5491 11412
5491 11830
5492 2584
5492 3355
5492 2996
5492 7106
5492 10521
5492 2953
5492 5579
5493 1327
5493 4196
5493 6957
5493 6421
5493 4361
5493 1643
5493 2764
5493 3744
5493 8652
5493 11249
5494 1105
5494 3432
5494 4073
5494 4963
5494 863
5494 10188
5494 5413
5495 9100
5495 10633
5495 11290
5495 5788
5495 1825
5495 11768
5496 4693
5496 5516
5496 7679
5496 7717
5496 2296
5496 3789
5497 3515
5497 8132
5497 6363
5497 9139
5497 3164
5497 8510
5497 10234
5497 837
5497 8506
5497 4151
5497 5788
5497 1123
5497 2037
5497 11635
5498 5611
5498 5709
5498 6484
5498 7035
5498 7060
5498 8132
5498 8131
5498 8254
5498 8417
5498 8251
5498 7514
5498 9037
5498 8407
5498 8408
5498 9785
5498 3166
5498 9659
5498 9519
5498 10497
5498 6774
5498 11130
5498 10638
5498 10271
5498 11600
5499 935
5499 7280
5499 8899
5499 2353
5499 7210
5499 1268
5499 6377
5499 6049
5499 2901
5499 4411
5499 2221
5499 2528
5499 6179
5499 7321
5499 11568
5500 941
5500 8826
5500 8418
5500 6957
5500 8416
5501 2629
5501 2233
5501 2578
5501 3915
5501 3278
5502 5228
5502 7071
5502 8251
5502 8254
5502 8779
5502 9037
5502 8211
5502 896
5502 7694
5502 9852
5502 9857
5502 10638
5502 11632
5502 11741
5502 10446
5503 8181
5503 6969
5503 8418
5503 4032
5503 4459
5503 1851
5503 7512
5503 7948
5503 217
5503 401
5503 6724
5503 8842
5503 10228
5503 10949
5504 3015
5504 7819
5504 8044
5504 8755
5504 825
5505 1246
5505 4667
5505 10243
5505 1230
5505 8678
5505 4646
5505 7549
5506 4584
5506 2195
5506 3884
5506 4350
5506 4923
5506 5016
5506 1249
5506 1780
5506 7060
5506 6970
5506 8763
5506 9340
5506 11746
5507 5228
5507 5390
5507 6680
5507 6482
5507 7796
5507 8169
5507 8199
5507 8132
5507 9260
5507 3778
5507 7694
5507 8249
5507 9947
5507 8211
5507 9519
5507 10234
5507 10271
5507 5834
5508 2708
5508 1044
5508 1110
5508 9556
5508 1043
5508 10636
5508 10905
5508 8117
5509 5226
5509 5016
5509 1464
5509 5393
5509 8407
5509 9772
5509 5639
5509 11579
5509 4792
5509 10968
5509 11765
5509 11772
5509 11775
5510 3840
5510 5514
5510 9865
5510 10633
5510 10634
5510 11117
5510 10104
5511 4702
5511 4724
5511 3193
5511 1457
5511 1230
5511 5016
5511 3932
5511 1624
5511 3592
5511 6680
5511 7060
5512 541
5512 4131
5512 4485
5512 10767
5512 1939
5512 3954
5512 5814
5512 11164
5513 343
5513 3193
5513 6663
5513 7796
5513 2521
5513 3702
5513 873
5513 9900
5513 7721
5513 1364
5513 6364
5513 11232
5514 38
5514 3375
5514 3621
5514 9078
5514 11806
5514 5052
5514 6625
5514 5344
5514 10813
5514 4619
5514 5369
5514 5856
5514 6620
5514 5862
5515 942
5515 959
5515 2579
5515 2788
5515 11264
5516 1464
5516 5391
5516 5390
5516 6344
5516 6680
5516 907
5516 4671
5516 4932
5516 7060
5516 7983
5516 7796
5516 4002
5516 5147
5516 7860
5516 8779
5516 8303
5516 7585
5516 8211
5516 7694
5516 9100
5516 9947
5516 6258
5516 9444
5516 10236
5516 10288
5516 10798
5516 10169
5516 10916
5516 10918
5516 11329
5516 9735
5516 11606
5516 11399
5516 11632
5516 11439
5517 6680
5517 6488
5517 7060
5517 7864
5517 9100
5517 10201
5517 8767
5517 10976
5517 10014
5517 6258
5517 5782
5517 10798
5517 11582
5517 2609
5517 11254
5517 738
5517 123
5517 5788
5518 15
5518 1234
5518 3934
5518 1729
5518 3163
5518 2713
5518 2418
5518 3806
5518 4091
5518 7001
5518 8290
5518 6857
5519 8692
5519 10181
5519 5287
5519 6656
5519 5895
5519 8213
5519 1313
5519 2279
5519 8883
5519 6584
5519 2876
5519 6603
5519 8698
5520 4820
5520 354
5520 816
5520 896
5520 2154
5520 2155
5520 2620
5520 2782
5520 3015
5520 3077
5520 3094
5520 3096
5520 3100
5520 3375
5520 3632
5520 4404
5520 4800
5520 5399
5520 7199
5520 9685
5520 817
5520 3435
5520 6517
5520 7233
5520 2896
5520 1390
5521 9377
5521 10038
5521 10721
5521 3166
5521 3196
5522 3995
5522 3999
5522 4005
5522 7424
5522 6311
5522 10251
5522 8439
5522 4385
5522 4560
5522 8100
5522 8596
5522 5977
5522 4042
5522 2195
5522 5974
5522 7862
5523 1020
5523 3613
5523 6604
5523 7250
5523 792
5524 65
5524 483
5524 3323
5524 1624
5524 7796
5524 8103
5524 7779
5524 7864
5524 8131
5524 8385
5524 9037
5524 9260
5524 7683
5524 9100
5524 9700
5524 10169
5524 9730
5524 9856
5524 6864
5524 7365
5524 9196
5525 1231
5525 6176
5525 608
5525 6175
5525 9400
5525 772
5525 619
5525 776
5525 4116
5525 6643
5525 6649
5525 6641
5525 7262
5526 2823
5526 3519
5526 7689
5526 5583
5526 7688
5526 4481
5526 9989
5527 7951
5527 4151
5527 5579
5527 10702
5527 10387
5527 4698
5528 10039
5528 7295
5528 11327
5528 5113
5528 8438
5529 3677
5529 737
5529 3388
5529 4459
5529 2208
5529 3719
5529 4300
5529 5206
5529 5295
5529 7179
5529 4084
5529 10620
5530 6235
5530 7686
5530 9137
5530 6396
5530 10905
5530 11654
5531 4724
5531 4725
5531 4730
5531 4350
5531 5228
5531 5016
5531 3515
5531 3516
5531 5390
5531 8103
5531 7541
5531 8382
5531 585
5531 8778
5531 8408
5531 8407
5531 8409
5531 1543
5531 8249
5531 8991
5531 10633
5532 212
5532 8182
5532 8359
5532 8516
5532 8601
5532 6017
5532 4058
5533 3376
5533 4702
5533 6248
5533 5226
5533 5229
5533 1464
5533 3515
5533 6077
5533 5494
5533 1624
5533 947
5533 7060
5533 7951
5533 11544
5534 3456
5534 1457
5534 3303
5534 5226
5534 5391
5534 5395
5534 6077
5534 1624
5534 6482
5534 6680
5534 7060
5534 8779
5534 8253
5534 8131
5534 8679
5534 9100
5534 6258
5534 9280
5534 11600
5534 1459
5534 10149
5534 6444
5535 8249
5535 7683
5535 9279
5535 9659
5535 6507
5535 7629
5535 9774
5535 1642
5535 7222
5535 1880
5535 2573
5535 1721
5535 1681
5535 10271
5535 10798
5535 873
5535 9154
5535 6096
5535 9735
5535 11399
5535 6449
5535 1466
5535 1827
5535 9734
5535 11118
5536 11321
5536 8431
5536 11350
5536 8253
5536 10371
5536 11742
5537 688
5537 2495
5537 4562
5537 3927
5537 1644
5537 1643
5537 1283
5537 1633
5537 3188
5537 5823
5538 7661
5538 3844
5538 226
5538 2835
5538 8415
5538 1116
5538 11490
5539 7904
5539 3627
5539 8071
5539 1394
5539 457
5539 2644
5540 10806
5540 4532
5540 6739
5540 8808
5540 9015
5540 9745
5540 10368
5540 10626
5541 4923
5541 5016
5541 5230
5541 1464
5541 5395
5541 1624
5541 7060
5541 7541
5541 8132
5541 8254
5541 8251
5541 7514
5541 8728
5541 9733
5541 10449
5541 11131
5541 11232
5541 6438
5541 6444
5541 7927
5542 3857
5542 10638
5542 11529
5542 5086
5542 7561
5542 11515
5543 5119
5543 4199
5543 1849
5543 2894
5543 9151
5543 9758
5544 3818
5544 5865
5544 10298
5544 5978
5544 10369
5544 10418
5545 883
5545 11277
5545 11369
5545 8625
5545 9085
5545 9756
5545 11468
5546 6326
5546 489
5546 5717
5546 9691
5546 602
5547 7218
5547 2578
5547 7215
5547 5864
5547 10443
5547 7063
5547 8300
5547 2662
5547 9911
5547 10968
5547 2290
5548 8679
5548 9659
5548 9100
5548 10759
5548 9318
5548 10798
5548 5780
5548 10912
5548 10916
5548 11529
5548 11568
5548 11740
5548 11742
5549 1860
5549 1624
5549 8169
5549 8415
5549 8250
5549 8408
5549 9490
5549 3166
5549 8208
5549 9282
5549 9284
5549 10169
5549 9858
5549 6258
5549 9947
5549 9260
5549 9444
5549 7629
5549 9712
5549 10271
5549 10014
5549 10976
5549 10798
5549 2024
5549 11130
5549 6831
5549 10797
5549 3480
5549 7201
5549 4799
5549 11675
5550 6228
5550 10038
5550 11385
5550 7898
5550 1559
5550 4376
5550 10019
5550 10567
5551 5391
5551 1020
5551 6486
5551 7101
5551 7541
5551 9774
5551 10169
5551 10442
5551 2598
5551 6468
5551 10201
5551 10289
5551 11185
5551 10182
5551 1022
5551 11280
5551 11511
5551 1078
5551 1584
5551 284
5551 892
5551 11540
5551 9507
5551 11744
5551 11136
5551 11399
5551 8755
5551 11118
5551 11237
5551 11819
5552 6957
5552 6483
5552 9730
5552 5557
5552 11290
5552 11293
5552 11289
5552 11600
5552 11720
5552 398
5553 805
5553 7306
5553 777
5553 2496
5553 7876
5553 9536
5553 10370
5553 4694
5553 1047
5553 6497
5553 4033
5554 2454
5554 432
5554 3490
5554 8562
5554 5315
5554 9398
5554 790
5554 2756
5554 4912
5554 5717
5554 9057
5555 3323
5555 4350
5555 5391
5555 5395
5555 7060
5555 3658
5555 11002
5556 1624
5556 7060
5556 8254
5556 8415
5556 7684
5556 7694
5556 7544
5556 9947
5557 9498
5557 2139
5557 9269
5557 3336
5557 2961
5557 2992
5557 5267
5557 2577
5557 3987
5557 7534
5558 641
5558 643
5558 717
5558 579
5558 2198
5558 1869
5558 877
5558 5389
5558 5885
5559 10782
5559 2317
5559 9406
5559 9701
5559 11610
5559 10877
5559 10851
5559 11308
5559 11520
5559 9892
5559 8298
5559 2153
5559 4032
5559 9057
5559 8225
5560 3722
5560 756
5560 9068
5560 524
5560 3168
5560 5760
5560 10005
5561 2025
5561 3818
5561 8339
5561 1258
5561 9494
5561 11228
5561 6724
5562 3630
5562 3794
5562 7530
5562 3651
5562 11577
5562 6935
5563 226
5563 746
5563 540
5563 6239
5563 2270
5564 6484
5564 6685
5564 7796
5564 11280
5564 11282
5564 11300
5564 11399
5564 11156
5564 10738
5564 11515
5564 10092
5565 7983
5565 3091
5565 9893
5565 141
5565 1915
5565 3523
5565 825
5565 7052
5565 11254
5565 9681
5566 1858
5566 5180
5566 896
5566 1721
5566 8817
5566 10968
5567 8383
5567 9054
5567 9856
5567 5307
5567 11185
5567 10919
5567 11524
5567 11002
5568 397
5568 462
5568 5549
5568 6035
5568 3063
5568 9391
5568 9648
5568 5717
5569 8474
5569 10450
5569 10383
5569 4576
5569 4593
5569 4377
5569 8473
5569 8860
5569 6734
5569 8613
5569 8868
5569 10313
5569 3845
5569 10585
5569 6737
5569 9913
5569 4947
5569 9106
5569 10581
5570 896
5570 10012
5570 8113
5570 11244
5570 3372
5570 3921
5570 9022
5570 7787
5570 10610
5570 4115
5570 4132
5570 7483
5570 8942
5570 9206
5570 9739
5570 412
5570 6975
5570 6977
5570 7682
5570 9754
5570 10690
5570 11206
5570 10561
5570 11205
5571 9438
5571 6625
5571 11681
5571 5700
5571 3848
5571 5241
5571 4838
5571 7916
5571 6366
5572 5226
5572 5807
5572 5228
5572 8415
5572 9700
5572 9100
5573 4201
5573 4855
5573 7265
5573 7559
5573 7302
5573 7982
5573 5147
5573 8293
5574 2168
5574 3139
5574 8333
5574 6826
5574 9198
5574 382
5574 4682
5574 5858
5574 2295
5574 3453
5574 6537
5574 8476
5574 8372
5574 1578
5574 8822
5574 3620
5574 7793
5574 9521
5574 11668
5575 1188
5575 4258
5575 1041
5575 4375
5575 129
5575 8836
5575 4988
5575 3261
5576 1580
5576 5363
5576 3375
5576 3616
5576 3951
5576 806
5576 2217
5576 4182
5576 6185
5576 8677
5577 1621
5577 2619
5577 2766
5577 6873
5577 6957
5577 9186
5577 9597
5578 4311
5578 10100
5578 8776
5578 3403
5578 3336
5578 5976
5578 9508
5578 3845
5578 7862
5578 11557
5578 6734
5579 2129
5579 3494
5579 6880
5579 5764
5579 6874
5579 4382
5580 5978
5580 3764
5580 3415
5580 5223
5580 11049
5580 6712
5580 2121
5580 155
5581 6106
5581 7017
5581 7020
5581 9968
5581 3613
5582 8254
5582 8382
5582 8385
5582 896
5582 9037
5582 9260
5582 8763
5582 1543
5582 9659
5582 6258
5582 9857
5582 10236
5582 9733
5582 10271
5582 5304
5582 11185
5582 11002
5582 11522
5582 11401
5582 11490
5582 11254
5582 11702
5582 11399
5582 11782
5582 11819
5582 9734
5582 11118
5583 3599
5583 7246
5583 2286
5583 6626
5583 264
5583 2377
5583 3375
5584 2394
5584 10114
5584 10115
5584 10995
5584 5123
5584 11307
5584 11487
5584 297
5584 11788
5585 792
5585 1134
5585 4465
5585 3251
5585 4282
5585 6441
5585 8736
5586 7443
5586 892
5586 6738
5586 478
5586 3003
5586 9723
5587 194
5587 2146
5587 2154
5587 8601
5587 2158
5587 190
5588 8645
5588 9785
5588 2140
5588 3711
5588 4459
5588 9030
5588 9031
5588 10366
5589 2432
5589 3161
5589 5671
5589 7270
5589 3310
5589 2757
5589 6717
5590 4033
5590 8765
5590 1572
5590 1050
5590 2018
5590 5538
5590 9039
5590 1268
5591 8415
5591 8254
5591 8779
5591 7683
5591 7684
5591 9637
5591 8510
5591 9947
5591 10169
5591 9712
5591 7369
5591 6258
5591 11819
5591 11777
5592 20
5592 10368
5592 6957
5592 7176
5592 10418
5592 3660
5592 9746
5593 5062
5593 8277
5593 10505
5593 909
5593 2759
5593 3590
5593 6239
5593 7981
5593 4006
5593 4042
5593 4976
5593 5178
5594 2984
5594 2950
5594 2961
5594 2991
5594 2948
5594 2828
5595 4091
5595 2204
5595 4765
5595 7717
5595 6683
5595 3735
5596 4898
5596 4897
5596 3102
5596 3104
5596 5897
5596 4748
5596 9054
5596 8762
5596 10286
5596 5797
5597 4933
5597 4923
5597 5226
5597 5229
5597 1464
5597 1847
5597 3515
5597 3516
5597 1624
5597 7101
5597 8131
5597 8449
5597 7071
5597 8415
5597 3164
5597 7585
5597 2946
5597 8728
5597 9260
5597 4095
5597 8208
5597 8249
5597 7694
5597 7683
5597 9700
5597 10169
5597 9773
5597 9776
5597 5291
5597 10236
5597 10759
5597 10976
5597 11098
5597 11300
5597 10446
5598 22
5598 825
5598 3291
5598 3922
5598 4353
5598 5930
5598 9901
5598 11807
5598 5594
5598 2682
5598 4879
5598 5958
5598 896
5598 5489
5598 5955
5598 8708
5598 9109
5598 5948
5598 2675
5598 7354
5598 10403
5598 8826
5598 5597
5598 5470
5598 5947
5598 8120
5599 3724
5599 7234
5599 9564
5599 10207
5599 3613
5599 5196
5599 1870
5599 11471
5600 9573
5600 6649
5600 412
5600 3553
5600 3639
5600 5290
5600 5590
5600 10763
5600 11312
5600 7907
5601 672
5601 4237
5601 3364
5601 6382
5601 6625
5601 3613
5601 4426
5601 5811
5602 1624
5602 6482
5602 6488
5602 7060
5602 8169
5602 7860
5602 3164
5602 7514
5602 9260
5602 7585
5602 8728
5602 7683
5602 7973
5602 11029
5602 11606
5602 1825
5602 11768
5603 1624
5603 6482
5603 6363
5603 9733
5603 10287
5603 10774
5603 10760
5603 10917
5603 11029
5603 11539
5603 5788
5603 6446
5604 1681
5604 9385
5604 720
5604 5885
5604 6058
5604 8144
5604 9486
5604 11341
5604 2300
5604 8175
5604 202
5604 6799
5604 11340
5604 11342
5604 7790
5604 7639
5604 8031
5605 6500
5605 9150
5605 376
5605 2764
5605 6603
5605 6968
5606 6992
5606 10289
5606 10381
5606 7168
5606 6628
5606 4854
5606 6239
5606 6621
5606 7164
5606 8051
5606 8755
5606 9109
5606 9508
5606 10254
5606 10492
5606 10626
5606 10753
5606 11365
5607 1749
5607 3771
5607 3057
5607 4977
5607 7195
5607 5613
5607 3048
5607 9534
5607 11189
5608 531
5608 804
5608 1295
5608 1636
5608 3721
5608 5167
5608 2648
5608 1180
5608 2265
5608 8417
5608 3589
5608 9730
5608 10326
5609 6239
5609 8051
5609 9481
5609 1425
5609 3017
5609 5976
5610 293
5610 463
5610 343
5610 125
5610 524
5610 3649
5610 4897
5610 4898
5610 3646
5610 7754
5611 8417
5611 8382
5611 8407
5611 10169
5611 9947
5611 10371
5611 11098
5611 11293
5611 11286
5611 11568
5611 11819
5611 11399
5611 11775
5611 11440
5612 3513
5612 1321
5612 2388
5612 3111
5612 3270
5612 7261
5612 9057
5613 5917
5613 8605
5613 4091
5613 4474
5613 1871
5613 8126
5613 1906
5613 4674
5613 2464
5613 4604
5613 5056
5613 3462
5613 4599
5613 6857
5613 2516
5613 3058
5613 7639
5613 4719
5613 3894
5613 5118
5613 4194
5613 9278
5613 3326
5613 5215
5613 6809
5613 5659
5613 1761
5613 8129
5613 6485
5613 6480
5613 8550
5613 2328
5613 7418
5613 1692
5613 2661
5613 8567
5613 6102
5613 1548
5614 1233
5614 6064
5614 10449
5614 804
5614 11341
5614 10754
5615 2739
5615 1833
5615 1277
5615 6677
5615 2028
5616 7442
5616 10976
5616 3658
5616 10149
5616 11515
5617 7060
5617 7779
5617 10384
5617 10774
5617 10626
5617 10289
5617 10287
5617 9448
5617 11485
5617 7281
5617 11399
5617 11568
5617 11156
5618 176
5618 6867
5618 6868
5618 6869
5618 6870
5618 6879
5618 11205
5619 1098
5619 8294
5619 892
5619 9109
5619 6607
5619 217
5619 7321
5620 226
5620 3702
5620 2447
5620 7801
5620 5211
5620 6546
5620 4359
5620 69
5620 2471
5621 3864
5621 8415
5621 8251
5621 8603
5621 9037
5621 7585
5621 9260
5621 10371
5621 9319
5621 5107
5621 11284
5621 11289
5621 11583
5621 11439
5621 11701
5622 10236
5622 5834
5622 10969
5622 11568
5622 11613
5622 11606
5622 10626
5622 11765
5622 11768
5622 11816
5623 10377
5623 10833
5623 4587
5623 10071
5623 452
5624 8440
5624 10626
5624 892
5624 7988
5624 10314
5624 11360
5625 3398
5625 3589
5625 4730
5625 3100
5625 4647
5625 6403
5625 8449
5625 8250
5625 8599
5625 6258
5625 5834
5625 6438
5625 11399
5626 3932
5626 5228
5626 8384
5626 8449
5626 8251
5626 8779
5626 8189
5626 6258
5626 9690
5626 10798
5626 11131
5626 9318
5626 5834
5626 11232
5626 11528
5626 11531
5626 10913
5626 11255
5626 11522
5626 11529
5626 11530
5626 11329
5626 11582
5626 11550
5626 11481
5626 2609
5626 11581
5626 738
5626 9196
5626 11254
5626 11515
5627 805
5627 5976
5627 5978
5627 8189
5627 9745
5627 7862
5627 10626
5627 10499
5627 10968
5627 1301
5627 5147
5627 11568
5628 4014
5628 6363
5628 8449
5628 8253
5628 8382
5628 8207
5628 9100
5628 9283
5628 9947
5628 10759
5628 10774
5628 5783
5628 7017
5628 5782
5628 6730
5628 5781
5628 11196
5628 7721
5628 5834
5628 11232
5628 6096
5628 10811
5629 8003
5629 4630
5629 4033
5629 5402
5629 7064
5629 5538
5630 877
5630 3351
5630 6448
5630 6957
5630 1978
5630 2507
5630 4262
5630 4459
5630 7443
5630 9744
5630 2608
5630 8529
5630 4958
5630 9490
5630 10634
5630 5516
5630 6751
5630 7154
5630 1624
5630 5717
5631 869
5631 7616
5631 11647
5631 7617
5631 11424
5632 9700
5632 9776
5632 6258
5632 437
5632 11521
5633 9678
5633 10631
5633 1997
5633 122
5633 5159
5633 10892
5633 11121
5634 1860
5634 1896
5634 8391
5634 10262
5634 11144
5634 4981
5635 4232
5635 2192
5635 7981
5635 2789
5635 3029
5635 9109
5635 8876
5635 7677
5635 9513
5635 2146
5635 11399
5635 217
5635 7208
5636 257
5636 822
5636 2355
5636 2448
5636 7060
5636 9775
5636 10169
5636 7721
5636 9243
5636 11232
5636 5635
5636 9612
5637 337
5637 3166
5637 6826
5637 3584
5637 5867
5637 11165
5638 3790
5638 7597
5638 5916
5638 6440
5638 735
5638 1729
5638 1822
5638 9685
5638 104
5638 1160
5638 1406
5638 2231
5639 8417
5639 8778
5639 9037
5639 3164
5639 8249
5639 9340
5639 8211
5639 9730
5639 9947
5639 9854
5639 10236
5639 11632
5639 11702
5639 11828
5640 1624
5640 7060
5640 7552
5640 8169
5640 8382
5640 8449
5640 7514
5640 3164
5640 9260
5640 9490
5640 5834
5640 7551
5640 11566
5641 7060
5641 6363
5641 8254
5641 8383
5641 7036
5641 8253
5641 8778
5641 896
5641 7585
5641 8573
5641 9010
5641 7694
5641 8207
5641 9659
5641 6258
5641 10169
5641 9604
5641 9947
5641 9603
5641 9774
5641 10236
5641 10760
5641 9733
5641 10238
5641 10014
5641 10201
5641 5304
5641 11185
5641 10798
5641 5834
5641 10567
5641 7918
5641 6096
5641 11602
5641 11580
5641 11600
5641 2823
5641 11270
5641 11515
5641 11136
5641 11770
5641 9734
5641 11765
5642 1457
5642 5391
5642 6482
5642 6484
5642 7552
5642 8384
5642 8573
5642 9100
5642 10271
5643 892
5643 10102
5643 523
5643 8325
5643 9954
5643 11646
5643 10966
5643 4855
5643 6738
5643 6739
5644 3375
5644 10167
5644 1624
5644 3380
5644 10874
5644 10146
5644 6389
5644 4023
5644 11560
5644 6831
5644 7415
5645 4971
5645 7337
5645 8192
5645 8450
5645 7109
5646 8207
5646 10798
5646 11299
5646 7094
5646 11602
5646 11601
5646 11439
5646 11701
5647 2404
5647 7331
5647 5693
5647 6034
5647 3493
5647 2085
5647 7321
5648 3204
5648 5717
5648 2757
5648 10272
5648 5627
5648 11671
5649 4659
5649 5711
5649 11061
5649 10930
5649 8826
5650 2634
5650 5512
5650 2635
5650 2637
5650 1506
5651 8253
5651 4809
5651 9730
5651 9854
5651 6258
5652 9109
5652 9971
5652 7516
5652 4382
5652 6364
5652 10849
5652 8335
5653 1462
5653 6826
5653 6827
5653 6927
5653 10221
5653 3280
5653 10843
5654 7036
5654 9260
5654 9700
5654 11287
5654 9906
5655 3595
5655 2102
5655 5837
5655 4919
5655 2473
5655 4782
5655 8070
5655 3236
5656 4319
5656 7202
5656 8917
5656 1261
5656 7700
5656 2280
5656 7836
5656 2438
5656 5295
5656 9692
5656 9834
5656 5189
5656 5812
5656 1963
5656 3239
5657 3465
5657 1457
5657 5016
5657 1464
5657 1825
5658 4546
5658 5935
5658 3686
5658 5644
5658 4484
5659 1581
5659 1601
5659 1114
5659 813
5659 7244
5659 8411
5660 3465
5660 3932
5660 1947
5660 3472
5660 6774
5660 11579
5660 11580
5660 1366
5660 6957
5660 8843
5661 302
5661 1252
5661 1130
5661 4008
5661 6851
5661 4035
5661 3161
5661 8382
5661 11687
5661 3943
5661 5774
5661 7321
5661 5034
5661 7982
5661 7277
5661 7945
5661 9347
5661 3176
5661 9222
5661 9223
5661 6928
5661 5715
5661 1400
5661 3739
5661 10954
5662 8763
5662 8208
5662 8473
5662 7684
5662 3348
5662 3351
5662 7913
5662 9282
5662 9947
5662 7629
5662 9712
5662 10236
5662 10995
5662 10798
5662 11232
5662 10832
5662 11148
5662 11550
5662 6096
5662 6957
5662 11490
5662 3328
5662 820
5662 830
5662 11601
5662 651
5662 992
5662 994
5662 4032
5662 4404
5662 6257
5662 10811
5662 6102
5662 11439
5662 7494
5662 2470
5662 6443
5662 631
5662 1827
5662 11701
5663 6482
5663 7060
5663 8449
5663 8385
5663 8603
5663 8763
5663 11185
5663 11285
5663 10305
5663 10306
5663 11749
5664 2939
5664 3454
5664 5681
5664 3017
5664 5162
5665 1843
5665 6404
5665 320
5665 5705
5665 2151
5665 6318
5665 62
5665 9054
5665 282
5665 3687
5665 7125
5665 460
5665 1760
5665 747
5665 9961
5666 9499
5666 10168
5666 5457
5666 8535
5666 9465
5666 417
5666 362
5667 676
5667 3992
5667 1624
5667 1078
5667 10289
5667 10288
5667 3658
5667 5396
5667 11485
5667 11816
5668 820
5668 10255
5668 5076
5668 7270
5668 9724
5669 6650
5669 10887
5669 1062
5669 1348
5669 5427
5669 5457
5669 5658
5669 10132
5669 11418
5669 11569
5669 7248
5669 3160
5669 3336
5669 5993
5669 7154
5669 8069
5669 8857
5669 10831
5670 530
5670 4584
5670 3193
5670 3456
5670 4255
5670 4933
5670 4923
5670 1457
5670 1249
5670 5391
5670 876
5670 1624
5670 6363
5670 9785
5670 7101
5670 9033
5670 8407
5670 9490
5670 9109
5670 11613
5671 4398
5671 5976
5671 7824
5671 3553
5671 3999
5672 8049
5672 4667
5672 5856
5672 6389
5672 3109
5672 6051
5673 8779
5673 9260
5673 8728
5673 9785
5673 9730
5673 6258
5673 10618
5673 8293
5673 8787
5674 8333
5674 6433
5674 7247
5674 9195
5674 1073
5674 3412
5674 3519
5675 6343
5675 7060
5675 8132
5675 8415
5675 7514
5675 8407
5675 8409
5675 9855
5675 11439
5676 8417
5676 8254
5676 9033
5676 9260
5676 10201
5676 9243
5676 11485
5676 11606
5677 8467
5677 3368
5677 9889
5677 10262
5677 4426
5677 5869
5678 4757
5678 4758
5678 8518
5678 38
5678 6824
5678 5947
5678 7389
5679 8886
5679 5573
5679 8822
5679 7709
5679 7708
5680 805
5680 8684
5680 5644
5680 7750
5680 142
5680 2894
5681 5057
5681 9109
5681 5445
5681 7061
5681 11516
5682 7474
5682 8102
5682 6989
5682 9037
5682 9260
5682 6987
5682 8763
5682 9340
5682 8211
5682 3166
5682 7694
5682 9100
5682 9730
5682 9857
5682 10774
5682 10201
5682 10618
5682 10798
5682 2012
5682 11399
5683 288
5683 372
5683 2319
5683 8210
5683 1005
5683 6653
5683 7712
5683 9444
5683 11055
5684 2297
5684 3884
5684 4350
5684 4218
5684 4923
5684 5226
5684 1230
5684 7060
5684 8449
5684 9285
5684 5781
5684 11098
5684 11736
5685 308
5685 831
5685 2520
5685 6532
5685 3959
5686 3092
5686 4078
5686 1641
5686 5417
5686 6573
5686 6443
5686 3011
5686 9727
5686 4855
5686 3694
5687 11351
5687 6963
5687 5271
5687 4230
5687 7631
5687 912
5687 4409
5687 7726
5687 6239
5687 11803
5688 3459
5688 5365
5688 7928
5688 412
5688 6245
5688 2759
5688 9150
5688 10985
5689 7985
5689 7163
5689 7862
5689 11524
5689 9153
5689 9547
5689 11320
5689 11391
5689 405
5689 8757
5689 5777
5689 7549
5689 4660
5689 4646
5690 4035
5690 2092
5690 2093
5690 2194
5690 873
5690 3193
5690 4350
5690 4255
5690 4260
5690 3932
5690 8779
5690 3164
5690 8736
5690 9279
5690 9283
5690 11744
5690 1221
5690 1825
5690 11399
5690 10520
5690 10446
5691 5869
5691 10299
5691 1462
5691 9109
5691 11742
5692 9518
5692 2844
5692 603
5692 5834
5692 6912
5692 7765
5692 11232
5692 9154
5692 3262
5692 7551
5692 5716
5692 622
5692 11565
5692 11515
5692 11741
5692 1827
5692 11518
5692 10520
5692 11832
5692 11835
5693 3058
5693 3536
5693 5896
5693 7346
5693 1020
5694 3887
5694 1944
5694 3912
5694 5124
5694 1121
5694 2510
5694 2657
5694 3702
5694 4212
5694 4320
5695 1849
5695 1332
5695 2364
5695 2399
5695 6007
5695 6014
5695 11169
5695 6285
5696 3584
5696 3562
5696 2544
5696 3541
5696 10192
5696 5879
5697 4191
5697 952
5697 1624
5697 8132
5697 8254
5697 8677
5697 1543
5697 9490
5697 9100
5697 9253
5697 9603
5697 6774
5697 10976
5697 11185
5697 10798
5697 11002
5697 7551
5697 6444
5697 11774
5698 3457
5698 3456
5698 1457
5698 5229
5698 5230
5698 8415
5698 8207
5698 9260
5698 7101
5698 9730
5699 5038
5699 3454
5699 9243
5699 625
5699 774
5699 8616
5699 8629
5699 3111
5699 3322
5699 3360
5699 4426
5699 4464
5699 5837
5699 5870
5699 6070
5699 6497
5699 8864
5699 10228
5700 792
5700 672
5700 11568
5700 721
5700 3890
5700 11393
5700 2067
5700 2068
5700 2069
5700 7964
5700 10950
5701 9109
5701 3689
5701 4042
5701 9101
5701 7781
5702 5566
5702 6838
5702 1056
5702 629
5702 6321
5703 3202
5703 8532
5703 825
5703 6899
5703 7871
5703 8973
5703 9073
5703 2164
5703 2684
5704 4793
5704 3093
5704 4026
5704 4210
5704 4467
5704 5379
5704 8176
5704 6019
5704 9508
5704 5431
5704 9632
5704 5293
5704 268
5705 352
5705 7713
5705 2668
5705 10647
5705 11472
5705 7751
5705 22
5706 4242
5706 8736
5706 10755
5706 1079
5706 8862
5706 720
5706 1054
5706 2281
5706 3111
5706 6407
5706 9125
5706 10724
5706 5420
5706 9615
5706 5865
5706 8256
5707 204
5707 4388
5707 4933
5707 2511
5707 8086
5707 8046
5707 1645
5707 11766
5708 812
5708 7232
5708 721
5708 3539
5708 2464
5708 4356
5708 4357
5708 9693
5708 704
5708 3216
5708 3368
5709 5512
5709 5513
5709 4796
5709 9506
5709 10704
5710 7060
5710 7101
5710 7541
5710 1822
5710 8383
5710 8449
5710 2894
5710 8253
5710 8763
5710 7585
5710 9260
5710 6258
5710 9281
5710 9730
5710 9947
5710 9444
5710 9733
5710 10014
5710 10288
5710 9243
5710 8319
5710 10169
5710 11490
5710 6446
5710 11774
5710 11777
5711 6610
5711 3079
5711 4151
5711 10171
5711 11676
5712 4797
5712 4904
5712 3832
5712 7856
5712 7458
5712 11103
5712 4409
5712 5185
5712 7692
5712 10339
5712 10342
5713 859
5713 592
5713 5297
5713 7764
5713 909
5713 4955
5713 4996
5713 8816
5713 4509
5713 6790
5713 7717
5713 6083
5713 9929
5713 7262
5713 9508
5713 10804
5714 4686
5714 6187
5714 5701
5714 6188
5714 5655
5714 6190
5714 2227
5714 8934
5715 7541
5715 7796
5715 8169
5715 9054
5715 8599
5715 8763
5715 9947
5715 9855
5715 10169
5715 9772
5715 9775
5715 10760
5715 10633
5715 5780
5715 6364
5715 9612
5715 6096
5715 11632
5715 10446
5715 11822
5715 11832
5716 4694
5716 1880
5716 2040
5716 5716
5716 9533
5716 7100
5716 3677
5716 8885
5716 972
5716 10551
5717 8251
5717 2956
5717 8763
5717 8669
5717 2534
5717 7442
5717 10271
5717 9612
5717 11579
5717 6438
5717 10446
5718 4104
5718 4268
5718 4293
5718 1046
5718 7471
5718 8863
5718 5122
5718 2781
5718 5351
5719 4855
5719 6127
5719 6983
5719 7988
5719 4936
5719 4947
5720 4854
5720 429
5720 7570
5720 7988
5720 10236
5720 5147
5720 7824
5720 5976
5720 9507
5720 10250
5720 3036
5720 10014
5720 5304
5720 11132
5720 11130
5720 5834
5720 11269
5720 6410
5720 10738
5720 6364
5720 11232
5720 10968
5720 8463
5720 11485
5720 11486
5720 11521
5720 9949
5720 9735
5720 8153
5720 11606
5720 11613
5720 6239
5720 11515
5720 11739
5721 5977
5721 176
5721 2781
5721 3589
5721 5227
5721 1378
5721 7988
5721 2907
5722 94
5722 1230
5722 6957
5722 7154
5722 5432
5722 7569
5722 6214
5723 5774
5723 8311
5723 1757
5723 5881
5723 5768
5723 5882
5724 11543
5724 11484
5724 11487
5724 11490
5724 11567
5724 9734
5724 11118
5724 11828
5725 6445
5725 6531
5725 1118
5725 4156
5725 4032
5725 8274
5725 11164
5726 111
5726 6685
5726 540
5726 1233
5726 8470
5726 982
5726 3142
5726 8211
5726 11151
5727 3925
5727 9782
5727 6677
5727 9590
5727 6931
5728 3503
5728 8603
5728 2373
5728 9100
5728 9659
5728 9947
5728 5782
5728 10798
5728 5834
5728 11232
5729 6108
5729 6931
5729 4069
5729 6039
5729 6057
5729 9745
5730 9730
5730 9855
5730 4643
5730 11564
5730 11496
5730 11775
5730 6616
5730 11016
5730 11821
5731 4008
5731 7354
5731 4948
5731 103
5731 9492
5731 11138
5732 8302
5732 5883
5732 8566
5732 8272
5732 9351
5732 9593
5733 1860
5733 6077
5733 6484
5733 8254
5733 8745
5733 8208
5733 7694
5733 9773
5733 8743
5733 5834
5733 6189
5733 6096
5733 2942
5733 9735
5733 11511
5733 2573
5733 5788
5733 4280
5733 11518
5733 11767
5733 11832
5734 8254
5734 9855
5734 9700
5734 6258
5734 10760
5734 10014
5734 10798
5734 11098
5734 11528
5734 11529
5734 11524
5734 11484
5734 11606
5734 5933
5734 11698
5734 11736
5734 11739
5734 11741
5734 11740
5734 10092
5735 1249
5735 5395
5735 5399
5735 6017
5735 1077
5735 9490
5735 10902
5735 7721
5735 8663
5735 7082
5735 6449
5735 6438
5735 6446
5735 11439
5735 6693
5736 410
5736 5016
5736 3861
5736 4188
5736 6077
5736 896
5736 5011
5736 7060
5736 6571
5736 7541
5736 8169
5736 5012
5736 5013
5736 3024
5736 8254
5736 2663
5736 9854
5736 9700
5736 6679
5736 6774
5736 6731
5736 10182
5737 3269
5737 2133
5737 4724
5737 6248
5737 2731
5737 5393
5737 3166
5737 6687
5737 8952
5737 8495
5737 6258
5737 5976
5737 9636
5737 6445
5737 9734
5737 11136
5737 11118
5738 2529
5738 2644
5738 11028
5738 5671
5738 3500
5738 3817
5738 8231
5738 11587
5738 3847
5738 8669
5738 10360
5739 1849
5739 5418
5739 9398
5739 10945
5739 6188
5739 6826
5739 11661
5740 892
5740 3999
5740 7975
5740 9508
5740 4386
5740 10965
5740 8225
5740 8487
5741 6523
5741 8324
5741 8456
5741 3849
5741 11652
5741 11717
5742 6363
5742 8778
5742 6438
5742 6443
5742 11518
5743 8634
5743 3029
5743 6620
5743 10569
5743 3441
5743 8010
5744 1103
5744 4250
5744 4426
5744 1269
5744 8110
5744 7255
5744 7781
5744 9430
5744 7056
5744 10473
5744 179
5744 4280
5744 5462
5744 9432
5744 11333
5745 3579
5745 6237
5745 8288
5745 10852
5745 11260
5745 1624
5745 3392
5745 9162
5745 11385
5745 11755
5746 3756
5746 6559
5746 2085
5746 8112
5746 3670
5746 2841
5746 1192
5746 11698
5746 4281
5746 6821
5746 9699
5746 10262
5746 6838
5746 7709
5746 10368
5746 11361
5747 2113
5747 4805
5747 4127
5747 1529
5747 5500
5747 4549
5747 1392
5747 10976
5747 2311
5748 7049
5748 4532
5748 433
5748 5977
5748 9745
5748 9100
5748 3261
5748 10287
5748 5783
5748 9690
5748 10798
5748 7017
5748 10260
5748 10209
5748 10254
5748 11264
5748 11232
5748 11613
5748 11606
5748 7365
5748 10626
5748 11709
5748 6446
5748 11518
5748 11439
5749 2963
5749 1624
5749 938
5749 9446
5749 11601
5749 11635
5749 9669
5749 11798
5750 8169
5750 7796
5750 8131
5750 8383
5750 8779
5750 8763
5750 9705
5750 9283
5750 10169
5750 9854
5750 9603
5750 5291
5750 9518
5750 10234
5750 9444
5750 10236
5750 9318
5750 11130
5750 11194
5750 10247
5750 11530
5750 11544
5750 11329
5750 11744
5750 9669
5751 639
5751 718
5751 7541
5751 7514
5751 8679
5751 8763
5751 9100
5751 10201
5752 4725
5752 6343
5752 8169
5752 8199
5752 8415
5752 8102
5752 9054
5752 8602
5752 9490
5752 4459
5752 6258
5752 9603
5752 7684
5752 9776
5752 5834
5752 11185
5752 6438
5753 720
5753 2
5753 2447
5753 2484
5753 8929
5753 2214
5753 2216
5754 8412
5754 2414
5754 7906
5754 7443
5754 10790
5754 11462
5754 9384
5755 112
5755 7077
5755 9507
5755 10895
5755 9109
5756 9175
5756 3534
5756 9519
5756 5834
5756 487
5757 7060
5757 8131
5757 8251
5757 3164
5757 8763
5757 9947
5757 9444
5757 9519
5757 10637
5757 10759
5757 10760
5757 11448
5757 11483
5757 11490
5757 11832
5758 9251
5758 6258
5758 9947
5758 9444
5758 10201
5758 10497
5758 5782
5758 10798
5758 7435
5758 11768
5758 11735
5759 3397
5759 3589
5759 7191
5759 5069
5759 8415
5759 440
5759 7084
5759 8510
5759 9947
5759 6258
5759 9852
5759 9519
5759 10114
5759 10639
5759 6410
5759 11530
5759 11528
5759 10446
5760 8361
5760 4915
5760 8990
5760 5635
5760 11383
5761 5010
5761 5184
5761 6155
5761 10909
5761 2212
5762 3877
5762 8415
5762 9067
5762 7585
5762 9490
5762 9700
5762 9659
5762 10638
5762 9690
5762 7551
5762 10262
5762 10811
5762 11136
5763 8931
5763 2146
5763 2204
5763 1481
5763 7500
5763 1880
5763 4262
5763 7613
5763 162
5763 3898
5764 6363
5764 7171
5764 9183
5764 10955
5764 11002
5764 4372
5765 4793
5765 1348
5765 3737
5765 5107
5765 3326
5765 4794
5765 4166
5765 5106
5765 5935
5765 1266
5765 10273
5765 8136
5766 6914
5766 8861
5766 5780
5766 892
5766 3422
5766 3428
5767 1931
5767 2809
5767 9002
5767 10016
5767 1371
5767 6050
5767 7624
5767 365
5768 9114
5768 8068
5768 9101
5768 9548
5768 10727
5768 11569
5769 1167
5769 1168
5769 7560
5769 280
5769 3483
5769 1870
5769 2701
5770 8
5770 9151
5770 9380
5770 8418
5770 11652
5771 7514
5771 9033
5771 9183
5771 8763
5771 7585
5771 9859
5771 10169
5771 9604
5771 10236
5771 10497
5771 8767
5771 10760
5771 7369
5771 3658
5771 10798
5771 10014
5771 6730
5771 9690
5771 11098
5771 11521
5771 11539
5772 530
5772 587
5772 4702
5772 2013
5772 3063
5772 4350
5772 4923
5772 2375
5772 1457
5772 3087
5772 874
5772 2366
5772 5393
5772 5611
5772 6689
5772 5502
5772 8131
5772 8132
5772 4694
5772 7155
5772 8603
5772 3909
5772 10633
5772 10449
5772 9747
5772 10811
5772 8840
5773 4923
5773 1457
5773 5226
5773 5230
5773 5016
5773 5395
5773 5393
5773 1624
5773 8131
5773 8132
5773 8449
5773 7514
5773 8253
5773 1543
5773 10114
5773 9733
5773 10371
5773 10633
5773 11117
5773 11185
5773 11483
5773 11522
5773 11524
5773 7918
5773 9735
5773 2903
5773 2573
5773 6445
5773 11701
5773 11136
5773 883
5773 11767
5774 10690
5774 1839
5774 1845
5774 11377
5774 1915
5774 11568
5775 3956
5775 4899
5775 5182
5775 9940
5775 8338
5775 249
5776 2085
5776 9785
5776 7349
5776 5533
5776 10955
5776 4157
5776 9938
5777 10760
5777 10287
5777 10774
5777 10182
5777 10823
5777 6258
5777 9319
5777 1588
5777 5834
5777 11290
5777 11292
5777 11098
5777 11196
5777 11297
5777 11002
5777 11232
5777 11299
5777 11255
5777 5635
5777 11578
5777 5788
5777 9877
5777 11497
5777 11720
5777 11702
5777 1483
5778 9508
5778 1729
5778 10542
5778 10626
5778 7025
5778 235
5778 4023
5778 6787
5778 3994
5778 4854
5778 6738
5778 9880
5778 9956
5778 6998
5779 6648
5779 10775
5779 2894
5779 3336
5779 9131
5780 6159
5780 2953
5780 2991
5780 9629
5780 7841
5781 11446
5781 6683
5781 7345
5781 10368
5781 10418
5781 10718
5781 11573
5781 11574
5782 10262
5782 9788
5782 10603
5782 10604
5782 10631
5782 10996
5782 9843
5782 10046
5783 10202
5783 226
5783 412
5783 10775
5783 9510
5783 7449
5784 1624
5784 7060
5784 8250
5784 9067
5784 9260
5784 7585
5784 9733
5784 10289
5784 11074
5784 11485
5784 11486
5784 11399
5784 11487
5784 11606
5784 11156
5784 11663
5784 11782
5784 10321
5785 9983
5785 8181
5785 2555
5785 8168
5785 10104
5786 5228
5786 1624
5786 8728
5786 1432
5786 7585
5786 1431
5786 9852
5786 9100
5786 8551
5787 3398
5787 3506
5787 4350
5787 5391
5787 8385
5787 9174
5787 9857
5787 10639
5787 10633
5787 11544
5787 11484
5787 11487
5787 4104
5787 10968
5787 11816
5788 792
5788 2488
5788 1296
5788 1625
5788 831
5788 1624
5788 4938
5788 3433
5788 3628
5788 8145
5788 10962
5789 5977
5789 892
5789 7570
5789 6581
5789 7746
5789 9507
5789 9109
5789 5147
5789 4532
5789 5178
5789 5976
5789 5978
5790 3029
5790 8765
5790 9208
5790 3358
5790 10088
5790 3662
5790 10162
5790 8587
5791 3930
5791 3686
5791 4192
5791 8417
5791 8415
5791 2520
5791 8763
5791 9490
5791 9284
5792 5178
5792 10368
5792 10367
5792 10753
5792 11181
5792 1591
5792 8342
5792 10610
5792 2323
5792 9588
5792 9818
5793 6239
5793 3879
5793 8924
5793 8776
5793 10929
5793 7129
5793 7862
5793 10368
5793 2841
5793 892
5793 11383
5794 6721
5794 3493
5794 8235
5794 9109
5794 6240
5794 498
5794 9112
5794 9121
5794 9753
5794 9961
5794 2017
5795 3288
5795 8551
5795 4797
5795 8614
5795 10975
5796 8415
5796 434
5796 3277
5796 3616
5796 11657
5796 11828
5796 11832
5797 886
5797 8169
5797 8778
5797 8679
5797 2855
5797 949
5798 9724
5798 5907
5798 5908
5798 6239
5798 381
5798 3831
5798 3834
5798 7516
5799 8728
5799 9260
5799 8208
5799 10234
5799 9444
5799 6438
5800 5865
5800 4230
5800 2579
5800 9483
5800 4406
5800 3750
5800 7443
5800 5028
5800 187
5800 5583
5800 11085
5800 9210
5800 4486
5800 5243
5800 10166
5800 313
5801 1953
5801 2290
5801 7310
5801 10074
5801 7732
5802 5321
5802 3093
5802 9507
5802 6239
5802 11399
5802 7585
5802 9508
5803 5777
5803 2828
5803 2192
5803 1020
5803 1500
5803 10261
5803 2625
5803 7315
5803 10782
5803 1823
5803 3728
5803 11093
5803 9932
5803 10259
5803 10324
5803 10553
5803 11309
5803 9949
5803 10751
5803 69
5803 6638
5803 365
5803 1632
5803 3422
5803 2018
5803 417
5803 7158
5803 8795
5803 11191
5803 11520
5803 11710
5804 1306
5804 5978
5804 9507
5804 10487
5804 2902
5804 6189
5804 3262
5804 10178
5804 4837
5804 7099
5804 10367
5804 9829
5804 10587
5805 1491
5805 2371
5805 4915
5805 1552
5805 4572
5805 7376
5805 4588
5805 6340
5806 1624
5806 7796
5806 7101
5806 8415
5806 8417
5806 8778
5806 896
5806 7514
5806 9037
5806 9490
5806 8679
5806 8208
5806 10169
5806 11544
5806 11632
5806 11688
5807 9132
5807 544
5807 8157
5807 10289
5807 3214
5808 4476
5808 3765
5808 4982
5808 6078
5808 6406
5808 11566
5808 3845
5809 9156
5809 2660
5809 7059
5809 3999
5809 3602
5809 5109
5809 5976
5809 6516
5809 8800
5809 9508
5809 11481
5809 8416
5809 6090
5809 9378
5810 4565
5810 5418
5810 7146
5810 9130
5810 2781
5810 174
5810 6342
5810 6464
5810 7671
5810 11172
5811 2986
5811 6029
5811 6030
5811 1055
5811 9209
5811 9828
5812 8957
5812 10371
5812 8471
5812 5466
5812 3339
5813 4389
5813 10416
5813 1446
5813 8711
5813 9316
5814 10653
5814 689
5814 8055
5814 5001
5814 8551
5814 9249
5814 3509
5814 10446
5814 5048
5815 7514
5815 9260
5815 8211
5815 8208
5815 8407
5815 8207
5815 9100
5815 9947
5815 7629
5815 10169
5815 10288
5815 11002
5815 11399
5815 11613
5816 7354
5816 10492
5816 6739
5816 8806
5816 5803
5816 7892
5817 4280
5817 8105
5817 8112
5817 7248
5817 4184
5818 7617
5818 8131
5818 7514
5818 7694
5818 8208
5818 8211
5818 5256
5818 11610
5818 11580
5818 8795
5818 7569
5818 3136
5818 11776
5818 9266
5819 11320
5819 1
5819 5231
5819 1243
5819 1645
5819 3046
5819 5218
5819 561
5820 4923
5820 1457
5820 5226
5820 5229
5820 5395
5820 6488
5820 8253
5820 8250
5820 8415
5820 7683
5820 5834
5820 11185
5820 11399
5820 10321
5821 5677
5821 6907
5821 557
5821 11224
5821 7896
5822 11606
5822 11582
5822 5565
5822 11736
5822 4280
5822 11744
5822 11664
5822 11515
5822 11742
5822 5788
5822 6446
5822 11739
5822 11740
5822 11741
5822 11769
5822 11399
5822 11777
5822 11536
5822 11774
5822 770
5822 9734
5822 10520
5822 11816
5822 11771
5822 11776
5822 11778
5822 11811
5822 11812
5823 5456
5823 7876
5823 3840
5823 4595
5823 9471
5823 8925
5824 8499
5824 11093
5824 9232
5824 2705
5824 6144
5824 1781
5825 6150
5825 5848
5825 1258
5825 9093
5825 4352
5825 11367
5825 9850
5825 3590
5825 3828
5825 8517
5825 6113
5825 4415
5826 5665
5826 5670
5826 5679
5826 5680
5826 5684
5826 6423
5826 6671
5826 6870
5826 6873
5826 7151
5826 7337
5826 7837
5826 8293
5826 9268
5826 9760
5826 11356
5826 665
5826 10378
5826 2962
5826 1450
5826 4877
5826 5351
5826 7178
5826 7533
5826 8944
5826 9680
5826 9823
5826 885
5826 1339
5826 2035
5826 4883
5826 6516
5826 6571
5826 7537
5826 11155
5826 11244
5827 1478
5827 5439
5827 6276
5827 118
5827 2344
5827 1642
5827 10851
5828 5290
5828 4325
5828 3664
5828 1258
5828 2048
5828 4415
5828 5294
5829 2239
5829 365
5829 4825
5829 3375
5829 4174
5829 6074
5830 9151
5830 198
5830 4825
5830 8842
5830 10626
5831 9435
5831 11810
5831 98
5831 9301
5831 7955
5832 8886
5832 3362
5832 3669
5832 6381
5832 3236
5832 2518
5832 4271
5833 1771
5833 4874
5833 5573
5833 7140
5833 4151
5834 180
5834 5228
5834 8254
5834 8449
5834 9010
5834 9011
5835 9665
5835 5740
5835 7428
5835 6291
5835 10208
5835 9949
5836 6737
5836 6738
5836 10744
5836 3463
5836 8874
5836 5666
5837 2447
5837 4499
5837 244
5837 13
5837 8943
5837 9488
5838 10418
5838 8777
5838 9197
5838 1049
5838 8410
5838 8411
5838 9913
5839 1867
5839 1312
5839 7182
5839 274
5839 1028
5839 9344
5840 1308
5840 7354
5840 4619
5840 7441
5840 9997
5840 10368
5840 10418
5841 6488
5841 6645
5841 4777
5841 6363
5841 4419
5841 8383
5841 8250
5841 8251
5841 6656
5841 1543
5841 9282
5841 9856
5841 9858
5841 10234
5841 9519
5841 7369
5841 7442
5841 6751
5841 11288
5841 11287
5841 4032
5841 6096
5841 10580
5842 712
5842 4079
5842 5516
5842 4023
5842 6682
5842 6836
5842 7415
5842 7846
5842 8325
5843 7481
5843 9508
5843 10418
5843 5744
5843 10850
5844 5929
5844 7738
5844 5053
5844 3243
5844 5047
5844 7876
5844 8348
5844 9616
5844 3007
5845 4625
5845 1636
5845 4101
5845 2309
5845 2453
5845 4192
5845 5417
5845 5300
5845 6087
5845 7544
5845 8373
5845 2058
5845 7362
5845 9759
5845 1523
5845 9987
5845 1252
5845 10368
5845 3319
5846 4122
5846 4745
5846 7219
5846 5779
5846 7934
5846 4185
5846 6315
5846 7644
5846 7321
5846 4282
5846 9028
5846 9031
5846 9032
5846 1119
5846 191
5846 1687
5846 4748
5846 9601
5846 6826
5846 1549
5846 8044
5846 10080
5846 4818
5846 4055
5846 10230
5846 4
5846 3200
5846 4124
5846 4073
5846 9329
5846 11611
5846 4597
5846 9518
5846 9904
5846 2067
5846 5463
5846 10692
5846 3701
5847 605
5847 55
5847 1471
5847 7095
5847 6340
5847 10101
5848 892
5848 8105
5848 8488
5848 8282
5848 10835
5849 7954
5849 2098
5849 3815
5849 9558
5849 2911
5850 280
5850 1693
5850 1701
5850 8132
5850 8382
5850 8449
5850 8778
5850 8779
5850 8409
5850 8728
5850 7694
5850 5307
5850 10236
5850 10760
5850 3658
5850 9243
5850 8681
5850 11528
5850 11777
5851 889
5851 3369
5851 798
5851 843
5851 1241
5851 1629
5851 2100
5851 2102
5851 2204
5851 4123
5851 5326
5851 6328
5851 6969
5851 7304
5851 9424
5851 9473
5851 3947
5851 5193
5852 5644
5852 5439
5852 6240
5852 3632
5852 5516
5852 3883
5852 5442
5852 6751
5852 1851
5853 5054
5853 3023
5853 10442
5853 9973
5853 9024
5854 4933
5854 5229
5854 3515
5854 6017
5854 1624
5854 8250
5854 9490
5854 8728
5854 9852
5854 11185
5854 6096
5854 11481
5855 1339
5855 4330
5855 1178
5855 11035
5855 8701
5855 1361
5855 513
5855 11653
5855 3625
5855 4437
5856 2934
5856 7486
5856 9147
5856 792
5856 2829
5856 5432
5856 5891
5856 6255
5856 9444
5857 2872
5857 7064
5857 1591
5857 6781
5857 4492
5857 1578
5857 5978
5857 9466
5857 9488
5857 5135
5857 10500
5857 597
5857 8785
5857 10861
5857 10418
5857 10368
5857 7907
5857 6653
5857 10369
5857 3229
5857 3230
5857 3239
5858 5837
5858 3368
5858 3403
5858 7203
5858 8077
5858 11834
5859 8211
5859 9100
5859 9775
5859 9773
5859 9733
5859 10236
5859 6774
5859 10955
5859 5834
5859 10169
5859 11291
5859 6364
5859 11788
5859 6438
5859 11501
5860 3456
5860 1457
5860 1464
5860 6077
5860 6483
5860 8102
5860 4457
5860 8763
5860 9657
5860 7683
5860 9659
5860 8510
5860 9700
5860 9775
5860 10371
5860 2781
5860 11290
5860 11002
5860 11280
5860 11647
5861 3094
5861 7359
5861 5290
5861 931
5861 7020
5861 5515
5862 5230
5862 1624
5862 7779
5862 7035
5862 7860
5862 8251
5862 11516
5863 883
5863 976
5863 1016
5863 1159
5863 4202
5863 3831
5863 7304
5863 9322
5863 5146
5863 4250
5863 6657
5863 6435
5863 7733
5864 6603
5864 11103
5864 4229
5864 7435
5864 8122
5864 9089
5864 9314
5864 10404
5865 1902
5865 3351
5865 1650
5865 5259
5865 1714
5866 2856
5866 10662
5866 6831
5866 3375
5866 7557
5866 7892
5866 11183
5866 3155
5866 3815
5866 9615
5866 11648
5867 6401
5867 7910
5867 365
5867 6036
5867 8487
5867 7045
5867 7792
5867 7248
5868 6007
5868 1059
5868 1263
5868 1692
5868 6378
5868 2014
5868 512
5868 4938
5868 6633
5868 2023
5869 4215
5869 5665
5869 7728
5869 6229
5869 7737
5869 9402
5869 6669
5869 9186
5870 4035
5870 4532
5870 5023
5870 5024
5870 4010
5870 6738
5870 6734
5870 3030
5870 5279
5870 6739
5870 7988
5870 3999
5870 6851
5870 4040
5870 3996
5870 6001
5870 3207
5870 6646
5870 9158
5870 892
5870 10964
5870 10965
5870 11068
5870 2785
5871 4259
5871 8935
5871 3514
5871 5317
5871 7248
5871 5598
5871 2130
5871 287
5871 5350
5871 5595
5872 7684
5872 10955
5872 7442
5872 8477
5872 10034
5872 3901
5872 11399
5873 5228
5873 5390
5873 1624
5873 6485
5873 7060
5873 7541
5873 8132
5873 8131
5873 8254
5873 8382
5873 8415
5873 8385
5873 8778
5873 9067
5873 9037
5873 2557
5873 1543
5873 9011
5873 7683
5873 8510
5873 6258
5873 9947
5873 9922
5873 10169
5873 7629
5873 9519
5873 9774
5873 9733
5873 10976
5873 10638
5873 11185
5873 11118
5873 11822
5874 5034
5874 2345
5874 1059
5874 4367
5874 3485
5874 3486
5874 1022
5874 6365
5874 572
5874 2408
5874 3851
5874 3889
5875 8417
5875 8604
5875 1543
5875 8189
5875 9785
5875 9100
5875 9659
5875 9772
5875 10760
5875 11283
5875 11558
5876 4150
5876 1710
5876 592
5876 9503
5876 2491
5876 10307
5876 8685
5876 11794
5876 11187
5876 11715
5877 3973
5877 5448
5877 934
5877 11268
5877 9225
5877 11614
5878 2949
5878 2982
5878 2984
5878 7598
5878 8044
5878 6666
5878 11439
5879 5168
5879 4645
5879 8341
5879 10900
5879 296
5880 1682
5880 6944
5880 7907
5880 2762
5880 6778
5880 203
5880 2633
5880 2764
5880 3487
5880 5141
5880 9506
5881 4091
5881 10366
5881 11391
5881 4073
5881 5351
5881 8625
5881 9573
5882 3149
5882 5742
5882 669
5882 10227
5882 7283
5882 9211
5883 5481
5883 3348
5883 8904
5883 1150
5883 7417
5884 5474
5884 10418
5884 5145
5884 10430
5884 11276
5884 11698
5884 10702
5884 6924
5885 1147
5885 4516
5885 1156
5885 1622
5885 5913
5885 2647
5885 11345
5886 2578
5886 1385
5886 5092
5886 1624
5886 2154
5886 6222
5886 3212
5886 7071
5886 7146
5886 5096
5886 8666
5886 3658
5886 6927
5886 7893
5886 11777
5886 11773
5887 8417
5887 7683
5887 10169
5887 10902
5887 11773
5888 1984
5888 2274
5888 3887
5888 8877
5888 205
5888 3588
5888 4550
5889 8778
5889 8779
5889 8679
5889 9034
5889 9705
5889 8510
5889 6258
5889 9947
5889 11568
5889 11767
5889 11768
5890 11333
5890 7574
5890 8773
5890 1421
5890 1823
5890 2602
5890 2822
5891 7060
5891 8169
5891 3164
5891 9037
5891 9011
5891 8207
5891 7684
5891 9659
5891 6258
5891 7758
5891 9855
5891 9856
5891 8961
5891 10234
5891 9519
5891 9700
5891 10117
5891 10271
5891 8787
5891 10798
5891 9747
5891 10915
5891 11544
5891 7918
5891 11558
5891 11270
5891 11819
5891 2270
5891 9669
5891 11816
5892 651
5892 2763
5892 3125
5892 3355
5892 3613
5892 3987
5892 5933
5892 6022
5892 8898
5892 9814
5892 10151
5892 11264
5892 338
5892 2888
5892 3336
5892 10000
5892 7172
5893 3465
5893 3721
5893 3464
5893 4724
5893 4725
5893 4923
5893 1457
5893 6077
5893 3164
5893 10014
5893 11496
5893 11765
5893 11767
5893 11822
5893 3474
5893 11835
5894 1084
5894 10804
5894 8361
5894 10773
5894 11660
5895 9507
5895 3120
5895 6239
5895 11237
5895 4035
5895 9508
5896 6659
5896 2458
5896 58
5896 9306
5896 3235
5896 3261
5896 10604
5896 10605
5896 10595
5896 6762
5897 8241
5897 7289
5897 295
5897 8843
5897 9150
5897 2213
5897 10385
5897 6051
5898 1211
5898 821
5898 1864
5898 1001
5898 3207
5898 35
5898 1297
5899 10369
5899 888
5899 11389
5899 676
5899 9552
5900 5977
5900 2896
5900 7354
5900 6850
5900 9080
5901 4813
5901 5183
5901 4811
5901 3454
5901 5434
5901 5435
5901 6102
5902 1258
5902 7248
5902 7321
5902 2399
5902 10682
5902 10542
5902 8395
5902 176
5903 156
5903 2312
5903 5671
5903 7529
5903 9652
5903 5948
5903 3067
5903 6693
5903 2577
5903 6826
5903 11506
5904 2317
5904 7265
5904 8055
5904 9138
5904 2247
5905 8253
5905 8415
5905 8207
5905 3166
5905 3865
5905 3868
5905 6576
5905 10852
5905 11587
5906 4724
5906 5725
5906 1624
5906 8417
5906 8415
5906 9037
5906 1017
5906 4035
5906 9730
5906 11359
5906 9863
5906 1261
5906 10016
5906 1348
5906 8391
5906 10215
5906 1827
5906 5582
5906 11129
5907 373
5907 859
5907 6365
5907 2014
5907 4375
5907 8886
5907 8888
5907 11026
5908 3465
5908 4347
5908 2139
5908 5016
5908 4825
5908 4134
5908 6483
5908 4387
5908 4122
5908 896
5908 7683
5908 2578
5908 11185
5908 6768
5908 11029
5908 11030
5908 11568
5908 11401
5908 5788
5908 11766
5908 11785
5909 5411
5909 11074
5909 3453
5909 9294
5909 5783
5909 5780
5909 9154
5909 11568
5909 6096
5909 11701
5909 11785
5909 11778
5910 5146
5910 8883
5910 11591
5910 10370
5910 3826
5910 1013
5910 3321
5910 9114
5910 11034
5910 5570
5910 7639
5910 10377
5910 8684
5910 11572
5911 84
5911 100
5911 1201
5911 1233
5911 5586
5911 6997
5911 7623
5911 10669
5911 11406
5912 5891
5912 9846
5912 2954
5912 11623
5912 145
5912 4900
5912 6218
5912 6367
5912 9049
5912 2905
5912 598
5912 7764
5913 6738
5913 7824
5913 7988
5913 8356
5913 10403
5913 3691
5914 7105
5914 2200
5914 2059
5914 5003
5914 4851
5914 6386
5915 1835
5915 2147
5915 1624
5915 769
5915 1096
5916 4593
5916 4549
5916 9908
5916 8871
5916 8070
5916 8859
5917 7101
5917 7541
5917 7071
5917 8409
5917 9037
5917 8207
5917 9659
5917 9705
5917 7684
5917 10169
5917 9858
5917 7629
5917 9444
5917 11185
5917 6774
5917 11529
5917 11565
5918 548
5918 1069
5918 2939
5918 4379
5918 11105
5918 5241
5918 2024
5919 1457
5919 3592
5919 8169
5919 8408
5919 8407
5919 9773
5919 10287
5919 6258
5919 11399
5919 11630
5919 10092
5920 256
5920 276
5920 277
5920 1870
5920 275
5920 1073
5920 1078
5920 1099
5920 10145
5920 11569
5920 1021
5921 5390
5921 1624
5921 6482
5921 7060
5921 7541
5921 8131
5921 6258
5921 11474
5921 8006
5922 1729
5922 1844
5922 2258
5922 2259
5922 4302
5922 4770
5922 3406
5922 808
5922 1625
5922 3403
5922 4375
5922 1934
5922 5043
5922 4434
5923 6035
5923 10227
5923 5881
5923 6145
5923 7445
5923 4582
5923 221
5923 2189
5924 7779
5924 1481
5924 7035
5924 8169
5924 8778
5924 4654
5924 8415
5924 9037
5924 8407
5924 8409
5924 1543
5924 8207
5924 8211
5924 8208
5924 10169
5924 9730
5924 7683
5924 9774
5924 6258
5924 9444
5924 10823
5924 7369
5924 10201
5924 10236
5924 10618
5924 5834
5924 10449
5924 10798
5924 11098
5924 11185
5924 11030
5924 11378
5924 11448
5924 11523
5924 6096
5924 3810
5925 1583
5925 5504
5925 8789
5925 1471
5925 353
5925 176
5925 4197
5925 5863
5925 6726
5925 8942
5925 4409
5925 4763
5926 5101
5926 3166
5926 6957
5926 1720
5926 2204
5927 9974
5927 1960
5927 4456
5927 1500
5927 10368
5927 5976
5927 10367
5927 1643
5927 1640
5927 5006
5927 7064
5928 7402
5928 10369
5928 7569
5928 11613
5928 2554
5928 10287
5928 10418
5928 4872
5928 11069
5928 1636
5929 2320
5929 2374
5929 4612
5929 7052
5929 2512
5929 4516
5930 8253
5930 8382
5930 8407
5930 9037
5930 8728
5930 8763
5930 9490
5930 9659
5930 9775
5930 9700
5930 6258
5930 7629
5930 9603
5930 5291
5930 10760
5930 9318
5930 11130
5930 7017
5930 10182
5930 10797
5930 11301
5930 11280
5930 10918
5930 2905
5930 4104
5930 11640
5930 7279
5930 11647
5930 10092
5930 11136
5931 1150
5931 7562
5931 7609
5931 8374
5931 1601
5931 495
5931 1471
5931 4104
5932 792
5932 4790
5932 9850
5932 10372
5932 8596
5932 10748
5932 7361
5932 4805
5932 10040
5932 10257
5932 5368
5932 2576
5932 4074
5932 5487
5932 892
5932 9955
5933 1624
5933 1471
5933 6696
5933 7507
5933 3553
5933 4625
5933 7616
5933 8199
5933 8449
5933 8415
5933 8251
5933 789
5933 896
5933 9037
5933 1481
5933 5335
5933 7696
5933 1483
5933 8599
5933 8208
5933 79
5933 7314
5933 9922
5933 9700
5933 9772
5933 10371
5933 505
5933 10236
5933 5834
5933 11093
5933 11094
5933 11583
5933 11486
5933 11606
5933 11766
5933 11772
5934 882
5934 2917
5934 4706
5934 9122
5934 8411
5934 3711
5934 10271
5934 7551
5934 585
5934 7953
5934 875
5934 6432
5934 10209
5934 7006
5934 10362
5934 11398
5935 2053
5935 3922
5935 112
5935 3296
5935 8044
5935 2383
5935 8064
5935 7265
5935 11192
5935 6665
5935 11757
5935 2305
5936 4028
5936 4447
5936 1379
5936 4868
5936 10544
5936 10608
5936 9064
5937 505
5937 4699
5937 2984
5937 4678
5937 3139
5937 4163
5937 7214
5937 6218
5937 1481
5937 9150
5937 10221
5938 5825
5938 3716
5938 4855
5938 5130
5938 7813
5939 5129
5939 4569
5939 10467
5939 1583
5939 6549
5940 8131
5940 8449
5940 7514
5940 8409
5940 8407
5940 9260
5940 7683
5940 8207
5940 8211
5940 7694
5940 9700
5940 9853
5940 9730
5940 6258
5940 10843
5940 3015
5940 9748
5940 4280
5940 10446
5940 11816
5941 3015
5941 8773
5941 805
5941 306
5941 1916
5941 3467
5941 3613
5941 7622
5941 8829
5941 8852
5941 7819
5942 739
5942 6269
5942 7386
5942 11600
5942 11601
5942 11650
5942 738
5942 9196
5942 11375
5942 1852
5942 10615
5942 10616
5942 5788
5942 11740
5942 11741
5942 10520
5942 11762
5942 11769
5942 11771
5942 11774
5942 11777
5942 11811
5942 11778
5942 11785
5943 896
5943 8334
5943 8872
5943 11180
5943 3743
5944 8539
5944 9151
5944 601
5944 608
5944 3233
5944 4864
5944 1177
5944 1624
5945 1711
5945 1778
5945 3660
5945 4035
5945 4151
5945 4293
5945 6739
5945 8989
5945 6439
5946 3702
5946 2516
5946 7178
5946 7646
5946 3561
5946 3557
5946 2512
5946 3552
5946 9346
5946 9778
5946 2509
5946 8128
5946 8126
5946 1926
5946 3916
5946 7473
5946 10659
5946 386
5946 3556
5947 2205
5947 6540
5947 4360
5947 4361
5947 10289
5948 4482
5948 7569
5948 3078
5948 8941
5948 7305
5948 8263
5949 2447
5949 5389
5949 5759
5949 10298
5949 5368
5949 6724
5949 9150
5949 3611
5949 7598
5949 8898
5949 4945
5949 10366
5949 254
5949 8416
5949 39
5950 130
5950 9243
5950 11098
5950 10798
5950 11185
5950 6106
5950 11516
5951 1966
5951 1889
5951 1073
5951 374
5951 954
5951 4182
5951 10809
5952 2968
5952 2519
5952 4159
5952 1980
5952 7937
5952 3351
5953 1188
5953 5391
5953 5393
5953 6486
5953 6484
5953 6488
5953 7101
5953 8131
5953 8415
5953 576
5953 5567
5953 5992
5953 8407
5953 8408
5953 9659
5953 6258
5953 9773
5953 9772
5953 11530
5953 11601
5953 4540
5953 8832
5953 10704
5953 3241
5953 5788
5953 6449
5954 4933
5954 1457
5954 1624
5954 7060
5954 8169
5954 8415
5954 8778
5954 3164
5954 7514
5954 7683
5954 8510
5954 9947
5954 6258
5954 7694
5954 9700
5954 9773
5954 10276
5954 9518
5954 10236
5954 10497
5954 10238
5954 10823
5954 9318
5954 10976
5954 10798
5954 11130
5954 11132
5954 5834
5954 11287
5954 11303
5954 11031
5954 11497
5954 11791
5955 8189
5955 8612
5955 11399
5955 9669
5955 10446
5956 8105
5956 1273
5956 8486
5956 6076
5956 10862
5956 10971
5956 7569
5956 6692
5957 3349
5957 8849
5957 2520
5957 6543
5957 8931
5957 11016
5957 2513
5958 7514
5958 8763
5958 10234
5958 10798
5958 11490
5958 8195
5958 11782
5959 10294
5959 2579
5959 7561
5959 11743
5959 10290
5960 2434
5960 2363
5960 10236
5960 10371
5960 3658
5960 10014
5960 5834
5960 10006
5960 10797
5960 8681
5960 11635
5960 11776
5960 11136
5961 235
5961 9914
5961 8051
5961 212
5961 4850
5961 664
5961 5483
5961 10088
5961 5041
5961 823
5961 2762
5961 1434
5961 5834
5961 1860
5961 9560
5961 10571
5961 4335
5961 5599
5961 10539
5961 7417
5961 6734
5961 6737
5961 11273
5961 11087
5961 11717
5961 3141
5961 9766
5962 9445
5962 892
5962 9913
5962 10369
5962 4104
5962 10368
5963 7060
5963 8679
5963 9033
5963 9037
5963 8728
5963 4086
5963 9852
5963 7694
5963 8249
5963 7659
5963 7018
5963 8293
5963 11031
5963 11686
5964 4694
5964 574
5964 1055
5964 1477
5964 8323
5964 633
5964 4182
5965 4923
5965 1464
5965 4035
5965 3515
5965 3516
5965 5229
5965 5395
5965 6017
5965 6018
5965 3276
5965 6608
5965 4044
5965 1624
5965 6482
5965 6363
5965 8417
5965 8679
5965 2257
5965 8763
5965 7683
5965 9281
5965 5976
5965 9853
5965 9773
5965 9772
5965 10236
5965 10238
5965 10288
5965 5834
5965 6114
5965 11484
5965 5729
5965 11518
5965 11773
5966 1123
5966 7492
5966 9556
5966 4908
5966 9800
5967 1348
5967 2298
5967 3100
5967 4768
5967 1624
5967 5120
5967 8616
5968 4648
5968 3884
5968 3457
5968 1457
5968 5229
5968 5016
5968 1249
5968 5230
5968 5852
5968 3464
5968 10542
5968 3960
5968 6077
5968 6488
5968 12
5968 7242
5968 3164
5968 8603
5968 2626
5968 3256
5968 1971
5968 2600
5968 826
5968 10234
5968 1500
5968 10289
5968 11232
5968 11606
5968 10520
5969 2437
5969 4278
5969 2374
5969 2445
5969 6724
5969 4220
5969 10790
5970 2183
5970 5595
5970 2906
5970 2913
5970 9235
5971 4933
5971 4923
5971 7541
5971 1325
5971 6363
5971 8102
5971 3503
5971 1827
5971 11440
5971 11822
5972 6142
5972 4212
5972 6140
5972 8978
5972 10036
5972 1916
5972 8642
5972 5547
5972 6486
5972 6488
5972 6666
5972 9799
5973 64
5973 3347
5973 5389
5973 9290
5973 6636
5973 8608
5974 6841
5974 4522
5974 6987
5974 6603
5974 6989
5974 4188
5974 8334
5974 3242
5975 5628
5975 2891
5975 2899
5975 4035
5975 4478
5975 8724
5975 5777
5975 1369
5975 5976
5975 7354
5975 5516
5975 4192
5975 6326
5975 7824
5975 892
5975 6239
5975 5114
5975 3710
5975 10287
5975 9760
5975 8811
5975 10261
5975 11234
5975 2437
5975 2606
5975 1463
5975 4477
5975 10655
5975 9607
5975 2619
5975 7914
5975 128
5975 6125
5975 3690
5975 3261
5975 9792
5976 5611
5976 1624
5976 4173
5976 2374
5976 7541
5976 8449
5976 8102
5976 9067
5976 8197
5976 8763
5976 8604
5976 7684
5976 9700
5976 9859
5976 5291
5976 11232
5976 11298
5976 11558
5976 11565
5976 11567
5976 1827
5977 6222
5977 10816
5977 10488
5977 8342
5977 8837
5977 892
5977 10927
5977 7503
5978 11091
5978 3390
5978 4075
5978 5047
5978 6900
5978 10370
5978 10746
5978 7129
5978 9606
5978 9762
5979 7861
5979 7569
5979 7824
5979 9745
5979 7862
5979 5178
5979 841
5979 10313
5979 9109
5979 6996
5979 10156
5979 4880
5979 1072
5979 1092
5979 10418
5979 4035
5979 9913
5980 1904
5980 2406
5980 3879
5980 2687
5980 3875
5980 3876
5980 3877
5980 3878
5980 3880
5980 1696
5980 4707
5980 6344
5980 7035
5980 8599
5980 8728
5980 10633
5980 11029
5980 10793
5980 7551
5980 11399
5980 7918
5980 11270
5980 10626
5980 11564
5980 11565
5981 3323
5981 8131
5981 8253
5981 8408
5981 8409
5981 8407
5981 7585
5981 7683
5981 7694
5981 9947
5981 6258
5981 9444
5981 10201
5981 11568
5981 10647
5981 11742
5982 8189
5982 8763
5982 8429
5982 10113
5982 9733
5982 6774
5982 7721
5982 11298
5982 5676
5982 1364
5982 3096
5982 5811
5982 10439
5982 10936
5982 10619
5982 423
5982 6051
5982 8334
5982 8721
5982 10168
5982 3139
5982 3230
5982 3236
5982 5812
5982 11136
5982 998
5982 3232
5982 3233
5982 3235
5982 6547
5982 11439
5982 10265
5983 3951
5983 6746
5983 6084
5983 11524
5983 7551
5984 4051
5984 4390
5984 5230
5984 5226
5984 10626
5985 9507
5985 10779
5985 11235
5985 806
5985 11698
5986 1643
5986 3746
5986 3747
5986 6727
5986 7917
5986 3743
5986 10755
5986 398
5986 3080
5987 1079
5987 3787
5987 6931
5987 8016
5987 800
5987 812
5987 273
5987 131
5987 7348
5987 10470
5987 7559
5987 271
5987 11040
5988 8417
5988 8382
5988 9033
5988 1543
5988 9700
5988 9603
5988 6444
5988 10446
5989 8778
5989 7602
5989 9037
5989 9490
5989 9785
5989 9283
5989 9853
5989 9604
5990 8449
5990 9922
5990 11294
5990 11295
5990 5521
5990 11484
5991 226
5991 1999
5991 4012
5991 4045
5991 4976
5991 6457
5991 4720
5991 5907
5991 9506
5991 7062
5991 9109
5991 8356
5991 10823
5992 8207
5992 8208
5992 8211
5992 9100
5992 6258
5992 9947
5992 9730
5992 9444
5992 10236
5992 837
5992 2828
5993 1188
5993 792
5993 1486
5993 935
5993 1154
5993 3456
5993 3746
5993 7256
5993 5034
5993 11687
5993 11232
5993 11524
5993 7551
5993 6096
5994 11412
5994 1027
5994 1910
5994 10393
5994 11608
5995 142
5995 1870
5995 2228
5995 2447
5995 2535
5995 3096
5995 3278
5995 5678
5995 5933
5995 7468
5995 9680
5995 9953
5995 11187
5996 347
5996 3242
5996 6637
5996 8397
5996 8675
5996 9106
5997 10368
5997 3536
5997 10418
5997 6838
5997 10020
5997 11161
5997 2215
5997 5668
5997 11028
5997 9242
5997 77
5998 6437
5998 7001
5998 10747
5998 1185
5998 2576
5998 3240
5998 3355
5998 1698
5998 9144
5998 5457
5998 11411
5998 3233
5998 5818
5998 10403
5998 10852
5998 6739
5998 7116
5998 7988
5998 5978
5998 1084
5998 1166
5998 4694
5998 6879
5998 7396
5998 9558
5998 9957
5998 10265
5998 10626
5998 5388
5998 8675
5998 8851
5998 9811
5998 598
5998 3034
5998 11117
5998 8503
5998 10210
5999 4466
5999 5404
5999 3348
5999 7926
5999 8032
5999 8033
5999 4724
5999 11398
6000 371
6000 392
6000 8417
6000 8779
6000 8602
6000 9037
6000 896
6000 8407
6000 9010
6000 9785
6000 8510
6000 9947
6000 6258
6000 9444
6000 10014
6000 10567
6000 11632
6000 11742
6000 11775
6001 3830
6001 1022
6001 1047
6001 2014
6001 7764
6001 7765
6002 3556
6002 2470
6002 3285
6002 4297
6002 5815
6002 1366
6002 1526
6002 1362
6002 2095
6002 166
6002 3058
6002 9224
6002 10957
6002 5214
6002 180
6002 10171
6002 5949
6002 5579
6002 7265
6002 9013
6002 1395
6003 800
6003 7800
6003 10807
6003 4865
6003 8949
6004 6201
6004 2277
6004 7984
6004 9506
6004 9109
6005 10182
6005 5304
6005 10823
6005 6603
6005 2453
6005 11264
6005 10919
6005 8681
6005 11568
6005 6096
6005 10811
6005 1481
6005 1860
6005 6578
6005 8210
6005 1653
6005 5294
6005 11739
6005 11515
6005 3236
6005 10520
6005 11518
6005 6446
6005 11701
6005 6996
6005 8989
6005 11440
6005 11835
6005 11778
6005 11785
6006 5228
6006 6485
6006 8382
6006 8779
6006 7694
6006 7569
6006 9947
6006 11524
6006 6444
6006 6445
6006 11828
6007 6799
6007 7902
6007 10170
6007 993
6007 6371
6007 1252
6007 2555
6007 8798
6007 8799
6007 9385
6007 6377
6007 6853
6007 7971
6007 3879
6007 7458
6007 8009
6007 3225
6007 748
6007 3234
6007 10699
6007 2029
6007 2030
6007 6078
6007 10391
6008 7119
6008 471
6008 3628
6008 7268
6008 9360
6009 16
6009 1691
6009 2310
6009 3774
6009 9550
6009 9740
6010 4502
6010 4665
6010 1013
6010 2154
6010 6133
6010 1125
6010 5765
6010 2387
6010 4653
6010 1561
6010 2286
6010 3000
6010 7115
6010 4458
6010 6824
6010 916
6010 5764
6010 9408
6010 6758
6010 9309
6011 6055
6011 1500
6011 6247
6011 6135
6011 7128
6011 4825
6011 7162
6011 8146
6011 4643
6012 8385
6012 9034
6012 8763
6012 7694
6012 5291
6012 10234
6012 10955
6012 11232
6012 11287
6012 11601
6012 11772
6013 6188
6013 391
6013 335
6013 11336
6013 4217
6013 7362
6013 4586
6014 3376
6014 3398
6014 3589
6014 4730
6014 4350
6014 4923
6014 5016
6014 3515
6014 4008
6014 6485
6014 7060
6014 8169
6014 8449
6014 7514
6014 9067
6014 8408
6014 9100
6014 6258
6014 9947
6014 9444
6014 10201
6014 10637
6014 10798
6014 11185
6014 7721
6014 11132
6014 5834
6014 11232
6014 10917
6014 10918
6015 7035
6015 7616
6015 8417
6015 8603
6015 9037
6015 1543
6015 7694
6015 9858
6015 6258
6015 10976
6015 10238
6015 10823
6015 10618
6015 11399
6015 11739
6015 11440
6015 11816
6016 3465
6016 3466
6016 4702
6016 5390
6016 5393
6016 7541
6016 8131
6016 8132
6016 9034
6016 9775
6016 10169
6016 9852
6016 9776
6016 10759
6016 8787
6016 11131
6016 5781
6017 2474
6017 7691
6017 9556
6017 205
6017 2388
6017 5538
6017 6307
6018 1454
6018 821
6018 1020
6018 5432
6018 7577
6018 4583
6018 1301
6019 3589
6019 4702
6019 5390
6019 6680
6019 8254
6019 10287
6019 10288
6020 3193
6020 4350
6020 5229
6020 5230
6020 5228
6020 8169
6020 11606
6021 8417
6021 8254
6021 8382
6021 8407
6021 8679
6021 9037
6021 9947
6021 5307
6021 11270
6021 11601
6021 11540
6021 11741
6021 11766
6021 11821
6022 677
6022 4238
6022 4090
6022 5457
6022 7886
6022 9891
6022 8298
6022 8349
6023 1209
6023 1223
6023 2392
6023 2456
6023 4035
6023 5418
6023 1001
6023 4459
6023 112
6023 1701
6023 792
6023 7365
6023 521
6023 10156
6024 4103
6024 3465
6024 3466
6024 3398
6024 3376
6024 3517
6024 3721
6024 4724
6024 1712
6024 3515
6024 6344
6024 8169
6024 8763
6024 1543
6024 7694
6024 5307
6024 9774
6024 6258
6024 2176
6025 342
6025 4209
6025 2542
6025 6914
6025 2096
6026 4933
6026 4923
6026 5016
6026 5391
6026 1624
6026 7541
6026 7860
6026 9852
6027 5883
6027 9308
6027 10254
6027 10403
6027 10492
6027 809
6027 811
6027 4854
6027 8560
6027 8741
6027 8808
6027 6738
6028 6567
6028 8573
6028 3279
6028 896
6028 9109
6028 11075
6028 5432
6028 6417
6028 6454
6028 9512
6029 8638
6029 3613
6029 6172
6029 4647
6029 5010
6029 8215
6029 3063
6029 6862
6029 7705
6029 8391
6029 9741
6029 10032
6029 11608
6030 7743
6030 9290
6030 1683
6030 9089
6030 8662
6030 7645
6031 11602
6031 6731
6031 7647
6031 7022
6031 7150
6031 10639
6031 9760
6031 10306
6031 2014
6031 5646
6031 11740
6031 4280
6031 11496
6031 6873
6031 8459
6031 8263
6031 6880
6031 5730
6031 6884
6031 11742
6031 6449
6031 11701
6031 6443
6031 10014
6031 10647
6031 11749
6031 8714
6031 11675
6031 10711
6031 11536
6031 11778
6031 11811
6032 7245
6032 5677
6032 4206
6032 10754
6032 9913
6032 7728
6032 10367
6032 10368
6032 10702
6032 5691
6032 8316
6032 10730
6032 3402
6032 11547
6033 1467
6033 4794
6033 876
6033 1449
6033 5050
6033 5208
6033 6547
6033 4266
6034 2841
6034 5555
6034 7658
6034 3901
6034 6102
6034 1639
6035 5992
6035 9813
6035 10544
6035 9898
6035 10838
6036 7937
6036 7573
6036 780
6036 11377
6036 4232
6037 5978
6037 6119
6037 3030
6037 531
6037 710
6037 4783
6037 3429
6037 9562
6037 5110
6037 5895
6037 6188
6037 5649
6037 8416
6037 1249
6037 6187
6038 505
6038 4995
6038 4663
6038 10533
6038 4156
6039 4729
6039 4702
6039 4730
6039 4350
6039 1464
6039 1230
6039 1249
6039 3516
6039 6258
6039 9947
6039 9730
6039 9444
6039 10201
6039 11098
6040 732
6040 2447
6040 2815
6040 4035
6040 7168
6040 9745
6040 5470
6040 9767
6040 10368
6041 10483
6041 2447
6041 3302
6041 11694
6041 1745
6041 6494
6041 8122
6041 11336
6041 10523
6041 10584
6042 11254
6042 11156
6042 10626
6042 10647
6042 10777
6042 11684
6042 892
6042 7354
6042 9508
6042 10483
6042 8650
6042 10344
6042 7044
6042 7845
6042 9734
6043 2226
6043 2948
6043 2956
6043 5429
6043 2394
6043 3237
6044 1338
6044 9037
6044 9730
6044 9947
6044 10288
6044 10289
6044 11485
6044 11399
6044 11613
6044 11156
6044 11744
6044 11782
6044 770
6044 9799
6044 10092
6045 3456
6045 4923
6045 5226
6045 5228
6045 5016
6045 5393
6045 1624
6045 2910
6045 6349
6045 7101
6045 7779
6045 7541
6045 8253
6045 8510
6046 4855
6046 1762
6046 217
6046 10986
6046 11171
6047 10262
6047 8787
6047 8392
6047 11481
6047 6444
6047 4997
6047 11439
6047 6445
6047 3501
6047 4098
6047 11714
6047 11568
6048 9691
6048 7661
6048 6531
6048 6923
6048 2069
6048 8747
6048 2489
6048 9809
6048 6530
6048 2041
6048 2276
6048 407
6048 5237
6048 1513
6048 4446
6048 9580
6049 4795
6049 4604
6049 4461
6049 4793
6049 1548
6049 4794
6049 1413
6050 5869
6050 4042
6050 7569
6050 2585
6050 1466
6050 823
6050 11824
6050 6957
6050 11749
6051 3532
6051 10566
6051 4250
6051 2940
6051 253
6051 3622
6051 212
6051 320
6051 5480
6051 6136
6051 6752
6051 4426
6051 4293
6051 5827
6051 2984
6051 2083
6051 6276
6051 5700
6051 6129
6051 2957
6051 9613
6051 9728
6052 3269
6052 4367
6052 3161
6052 8946
6052 4032
6053 5178
6053 4492
6053 4042
6053 1860
6053 1015
6053 7129
6053 9727
6054 4039
6054 4042
6054 6712
6054 7980
6054 9109
6054 4426
6055 1636
6055 5655
6055 2828
6055 3126
6055 6115
6055 7297
6055 8844
6056 8591
6056 5371
6056 6931
6056 10243
6056 9366
6056 10848
6056 7519
6056 5440
6057 6485
6057 1891
6057 7541
6057 6363
6057 8449
6057 8385
6057 7514
6057 8598
6057 9260
6057 8763
6057 9490
6057 10236
6057 11399
6057 11485
6057 6096
6057 11663
6057 11788
6057 11675
6057 11610
6058 4896
6058 6645
6058 1391
6058 7237
6058 4234
6058 6643
6058 4116
6058 1394
6058 5415
6058 3164
6058 4431
6058 4623
6058 8730
6058 9996
6058 3693
6058 321
6058 3228
6058 3348
6058 8398
6058 10463
6058 5427
6058 10926
6059 10236
6059 5834
6059 11232
6059 9747
6059 10918
6059 10919
6060 6915
6060 9573
6060 11227
6060 4519
6060 2738
6060 5270
6061 1457
6061 1464
6061 5012
6061 5013
6061 5011
6061 9947
6061 7283
6061 9430
6061 11496
6062 3885
6062 3111
6062 2484
6062 6004
6062 133
6063 1020
6063 4073
6063 3118
6063 4120
6063 4748
6064 1079
6064 1646
6064 2280
6064 5727
6064 6007
6064 1114
6065 4702
6065 6248
6065 4730
6065 3193
6065 3884
6065 1457
6065 5229
6065 5230
6065 5226
6065 1464
6065 3932
6065 5395
6065 5393
6065 6738
6065 8755
6066 6608
6066 3711
6066 10371
6066 10958
6066 11720
6066 11769
6067 1635
6067 1984
6067 6208
6067 7076
6067 8683
6067 11146
6068 6258
6068 6862
6068 3514
6068 4962
6068 7683
6068 8391
6068 4339
6068 4844
6068 4042
6068 4337
6068 5977
6068 7862
6068 9507
6068 9954
6068 11156
6068 3368
6069 4013
6069 6003
6069 4385
6069 6737
6069 7446
6069 10368
6069 892
6069 9913
6069 6927
6069 6826
6069 7824
6069 8931
6069 10314
6069 2156
6069 3213
6069 10754
6069 10742
6069 11016
6069 11802
6070 1624
6070 6485
6070 7101
6070 7779
6070 7541
6070 9054
6070 9037
6070 8189
6070 8207
6070 8510
6070 9730
6070 10236
6070 5834
6070 11254
6071 6363
6071 3164
6071 8407
6071 8603
6071 8679
6071 8763
6071 8211
6071 8207
6071 10371
6071 5307
6071 10452
6071 212
6071 9733
6071 11288
6071 11579
6071 11497
6071 3207
6072 10268
6072 6109
6072 9301
6072 2542
6072 2555
6072 4763
6073 1442
6073 1188
6073 1674
6073 1803
6073 2923
6073 3063
6073 4702
6073 2578
6073 3506
6073 2421
6073 4129
6073 2036
6073 1191
6073 3456
6073 3457
6073 1796
6073 1646
6073 341
6073 3102
6073 585
6073 4305
6073 4615
6074 1373
6074 7802
6074 5132
6074 4162
6074 3673
6074 9294
6074 8475
6074 3704
6074 6958
6074 257
6074 7894
6074 2734
6075 5688
6075 4222
6075 4930
6075 10468
6075 4577
6075 1378
6075 260
6075 4023
6075 4075
6075 3260
6075 5310
6075 9300
6076 9457
6076 8863
6076 8891
6076 6497
6076 3987
6077 4923
6077 1457
6077 1464
6077 8199
6077 10236
6077 11196
6077 9154
6077 11544
6077 9735
6077 10711
6077 1825
6077 9734
6077 11835
6078 5439
6078 6724
6078 8504
6078 8996
6078 7365
6078 3184
6079 10129
6079 3050
6079 10514
6079 3593
6079 9366
6079 3223
6080 5658
6080 10225
6080 10418
6080 3969
6080 10368
6081 8415
6081 6162
6081 7823
6081 7435
6081 5608
6081 7136
6081 2024
6081 6104
6081 1285
6081 4069
6081 8862
6081 10271
6081 9
6081 10091
6081 7366
6081 1063
6081 8750
6081 6966
6081 9557
6081 3167
6081 9196
6081 10615
6081 953
6081 11550
6081 4032
6082 1650
6082 7552
6082 1632
6082 3074
6082 4813
6082 6541
6082 7551
6082 2520
6082 6542
6082 7125
6083 3356
6083 5681
6083 5689
6083 7362
6083 9485
6083 5427
6083 8268
6083 7677
6084 11416
6084 5657
6084 10738
6084 9430
6084 1938
6084 5458
6084 10716
6084 4102
6084 9365
6085 3323
6085 4658
6085 3776
6085 1457
6085 5229
6085 5395
6085 1624
6085 6680
6085 7060
6085 8199
6085 8253
6085 8254
6085 8382
6085 8677
6085 8763
6085 9490
6085 9281
6085 9659
6085 6258
6085 9603
6085 10798
6085 6449
6086 4218
6086 8796
6086 6404
6086 6674
6086 8855
6086 9042
6087 704
6087 721
6087 852
6087 705
6087 726
6087 2805
6087 729
6087 1728
6087 7984
6087 8931
6087 5058
6087 9040
6087 6145
6087 5730
6088 9855
6088 9100
6088 10289
6088 11329
6088 11539
6088 11543
6088 11487
6088 11254
6088 11690
6088 11540
6088 11567
6088 11664
6088 11782
6088 5788
6089 9775
6089 7694
6089 9773
6089 9947
6089 9444
6089 9690
6089 10271
6089 5782
6089 10798
6089 5834
6089 10915
6089 11232
6089 10247
6089 10911
6089 10917
6089 11378
6089 11379
6089 10912
6089 10914
6089 10916
6089 11255
6089 10918
6089 11530
6089 5635
6089 11568
6089 11439
6089 5788
6089 11536
6089 11771
6090 952
6090 5228
6090 6344
6090 1624
6090 7060
6090 8131
6090 8132
6090 7036
6090 9034
6090 9033
6090 8728
6090 6168
6091 598
6091 8410
6091 8716
6091 9534
6091 2295
6091 11142
6091 8403
6091 10377
6091 11418
6091 2734
6091 4503
6091 8116
6091 9949
6091 10021
6091 11246
6091 2009
6091 9593
6091 10773
6091 8399
6091 6957
6091 11569
6091 5990
6091 9649
6091 9786
6091 10390
6091 11511
6092 4287
6092 5390
6092 8169
6092 7036
6092 1943
6092 9859
6092 10618
6092 10798
6092 11016
6092 11742
6093 3323
6093 5016
6093 5391
6093 11232
6093 11378
6093 11379
6093 11255
6093 11329
6093 11539
6093 11582
6093 11041
6093 11550
6093 7365
6093 739
6093 11581
6093 7386
6093 6269
6093 741
6093 6864
6093 11375
6093 2573
6093 10615
6093 11735
6093 11709
6093 10616
6093 5788
6093 11686
6094 7683
6094 9691
6094 9519
6094 9733
6094 10618
6094 6730
6094 11292
6095 1136
6095 3866
6095 4795
6095 5579
6095 6530
6096 1860
6096 7065
6096 9918
6096 3792
6096 6693
6096 8394
6096 1592
6096 1421
6096 3987
6097 918
6097 3018
6097 3686
6097 4922
6097 2759
6097 1053
6097 1186
6097 6320
6097 8386
6098 8132
6098 8199
6098 8763
6098 9773
6098 9774
6098 10288
6098 9747
6098 4819
6099 2502
6099 889
6099 2515
6099 2204
6099 990
6099 2191
6100 8251
6100 8603
6100 10774
6100 9318
6100 9154
6100 11768
6100 11770
6100 11771
6100 11776
6100 11767
6101 6190
6101 3686
6101 8252
6101 3752
6101 572
6102 8147
6102 5149
6102 7953
6102 1125
6102 5838
6102 6857
6102 6744
6102 3743
6102 5389
6102 1632
6102 2018
6102 3492
6102 4225
6102 5837
6102 6293
6102 9770
6103 8254
6103 8679
6103 9705
6103 9855
6103 10638
6103 11439
6104 2282
6104 3013
6104 5363
6104 1700
6104 2687
6104 6674
6105 4399
6105 4686
6105 1752
6105 8662
6105 10004
6105 2183
6105 3351
6105 4709
6105 4728
6105 5883
6106 6484
6106 8189
6106 6258
6106 46
6106 7694
6107 1374
6107 1352
6107 3438
6107 3407
6107 1359
6107 1369
6107 6405
6107 7472
6108 4359
6108 187
6108 2525
6108 5132
6108 1860
6108 257
6108 8529
6109 762
6109 3358
6109 3375
6109 9712
6109 3658
6109 5635
6109 9315
6109 11602
6109 11618
6110 5823
6110 10349
6110 11568
6110 8325
6110 9109
6110 10844
6110 11343
6111 2001
6111 4035
6111 4037
6111 1999
6111 4041
6111 2256
6111 8301
6111 5062
6111 9253
6111 10774
6111 10798
6111 10969
6111 5834
6111 10169
6111 11606
6111 11399
6112 7108
6112 7872
6112 8411
6112 9645
6112 130
6113 6282
6113 9947
6113 6258
6113 11232
6113 11576
6113 7435
6113 11632
6113 11735
6113 11780
6113 11136
6114 525
6114 9748
6114 1968
6114 11555
6114 11568
6115 4725
6115 653
6115 3589
6115 6191
6115 7136
6116 5363
6116 10789
6116 10874
6116 11323
6116 11538
6117 8325
6117 11399
6117 3802
6117 10422
6117 7206
6117 7862
6118 2024
6118 1624
6118 6484
6118 8254
6118 4095
6118 1233
6118 1234
6118 9037
6118 7036
6118 9260
6118 8249
6118 8510
6118 11098
6118 11185
6118 10798
6118 825
6118 10626
6118 11515
6118 11772
6119 1636
6119 8250
6119 3164
6119 7694
6119 6258
6119 9853
6119 5307
6119 10271
6119 6729
6119 10014
6119 10326
6119 8681
6119 9154
6119 11399
6119 11194
6119 2573
6119 11602
6119 11600
6120 4164
6120 2157
6120 6759
6120 4876
6120 672
6120 2310
6120 2815
6121 7569
6121 8348
6121 11223
6121 11434
6121 11506
6122 10994
6122 61
6122 6147
6122 416
6122 507
6122 1125
6122 2321
6122 2791
6122 5528
6122 7641
6122 10049
6122 10050
6122 10590
6122 5287
6122 896
6122 2299
6122 2872
6122 3775
6122 3832
6122 5573
6122 9102
6122 502
6122 2770
6122 5083
6122 10791
6122 1132
6122 2771
6123 8417
6123 8253
6123 8102
6123 981
6123 8778
6123 8779
6123 1208
6123 4116
6123 3164
6123 121
6123 7406
6123 493
6123 1559
6123 1946
6123 3307
6123 10278
6123 6258
6123 6774
6123 10759
6123 10014
6123 5834
6123 11282
6123 11280
6123 6364
6123 11568
6123 11511
6123 6445
6123 11821
6124 5881
6124 9089
6124 11046
6124 9351
6124 5234
6124 5136
6125 8415
6125 3164
6125 8598
6125 9010
6125 9260
6125 7694
6125 9659
6125 10371
6125 9776
6125 9444
6125 9947
6125 10236
6125 10637
6125 10201
6125 10760
6125 6258
6125 10238
6125 5834
6125 11185
6125 7721
6125 10798
6125 837
6125 11232
6125 10600
6125 4104
6125 2573
6125 11600
6125 11601
6126 8679
6126 8407
6126 7443
6126 5976
6126 8510
6126 10289
6126 11486
6126 11399
6126 11484
6126 9745
6126 11768
6126 11518
6127 5395
6127 1624
6127 8510
6127 10014
6127 11540
6128 1436
6128 10542
6128 9010
6128 4881
6128 4025
6128 2770
6128 9181
6128 7423
6128 7684
6128 6404
6128 718
6128 6511
6128 5804
6128 7316
6128 1876
6128 2849
6128 5834
6128 1910
6128 3639
6128 2829
6128 2362
6128 7540
6128 1825
6128 6445
6128 11765
6128 11767
6129 7824
6129 4035
6129 8896
6129 412
6129 1453
6129 6367
6129 6031
6129 892
6129 6436
6130 5229
6130 5230
6130 3515
6130 3516
6130 5807
6130 5709
6130 6486
6130 7060
6130 7541
6130 8407
6130 10236
6130 6258
6131 3465
6131 3589
6131 3456
6131 1457
6131 5016
6131 7060
6131 8169
6131 8131
6131 8254
6131 9054
6131 3164
6131 8599
6131 7694
6131 9700
6131 9947
6131 11606
6131 10626
6131 11399
6131 9799
6132 4138
6132 2088
6132 11465
6132 6239
6132 10966
6133 6333
6133 194
6133 11312
6133 2048
6133 11424
6134 6617
6134 1860
6134 1119
6134 7023
6134 11797
6134 10510
6135 6363
6135 9100
6135 9774
6135 6710
6135 5834
6135 3951
6135 8842
6135 2545
6136 10236
6136 10639
6136 10201
6136 10497
6136 10618
6136 10823
6136 10238
6136 10976
6136 9318
6136 5783
6136 6258
6136 8293
6136 8787
6136 9319
6136 10798
6136 11130
6136 11131
6136 11132
6136 9690
6136 9109
6136 6730
6136 5834
6136 11232
6136 11329
6136 11581
6136 11576
6136 6270
6136 6864
6136 11578
6136 738
6136 739
6136 741
6136 6269
6136 7386
6136 9196
6136 11399
6136 3899
6136 11735
6136 10446
6137 4735
6137 6059
6137 1482
6137 3832
6137 3687
6137 4899
6138 728
6138 729
6138 1632
6138 1650
6138 1653
6138 2286
6138 2349
6138 4325
6139 8763
6139 9010
6139 9584
6139 10236
6139 10201
6139 10014
6139 5783
6139 11132
6139 11135
6139 11523
6140 6018
6140 10236
6140 9318
6140 10976
6140 11232
6141 4554
6141 3010
6141 7056
6141 9150
6141 7862
6141 9109
6141 6713
6141 7813
6141 8419
6141 9507
6141 1415
6141 2708
6141 2636
6141 8063
6141 6035
6141 9336
6142 4923
6142 5016
6142 1464
6142 7796
6142 3503
6142 8763
6142 10779
6143 3883
6143 4650
6143 1347
6143 1306
6143 2997
6143 5679
6143 8637
6143 10262
6143 11117
6143 2955
6143 2996
6143 10169
6143 7918
6143 6438
6143 6449
6143 10478
6144 9109
6144 11052
6144 4516
6144 4560
6144 10686
6144 7824
6145 6842
6145 8330
6145 7860
6145 11137
6145 5824
6145 7083
6146 9479
6146 10200
6146 9963
6146 287
6146 2971
6147 5709
6147 6018
6147 7796
6147 8254
6147 10798
6148 6739
6148 6279
6148 7321
6148 8755
6148 10500
6149 7060
6149 7585
6149 10633
6149 11540
6149 11736
6149 11772
6149 6445
6149 11740
6149 11767
6149 11771
6149 11741
6149 11739
6149 11776
6150 4109
6150 7060
6150 9745
6150 7354
6150 10626
6150 8623
6150 4381
6150 10289
6151 4473
6151 4035
6151 5062
6151 6000
6151 4283
6151 4042
6151 10314
6151 6239
6151 892
6151 9953
6151 7981
6152 7441
6152 10492
6152 9507
6152 10634
6152 9957
6152 5978
6152 11316
6152 11761
6152 10375
6153 4981
6153 1860
6153 6454
6153 7570
6153 9953
6153 11637
6154 1132
6154 3178
6154 7064
6154 3368
6154 7561
6154 2130
6154 9836
6154 7949
6154 7063
6154 9149
6155 969
6155 5904
6155 814
6155 7945
6155 4425
6155 5573
6155 3568
6155 8570
6156 2894
6156 155
6156 1759
6156 8003
6156 10883
6157 9137
6157 9117
6157 9148
6157 8783
6157 3015
6158 376
6158 3999
6158 5178
6158 5976
6158 9109
6159 6767
6159 3211
6159 476
6159 3680
6159 5655
6159 5431
6159 5454
6159 11146
6160 1903
6160 981
6160 2852
6160 5697
6160 5622
6160 11569
6160 11604
6161 507
6161 4032
6161 1014
6161 2326
6161 1556
6161 1177
6161 6138
6161 7872
6161 3513
6161 10534
6161 809
6161 4783
6161 2327
6161 2331
6162 3592
6162 8169
6162 8254
6162 8449
6162 8407
6162 5307
6162 10287
6162 10774
6162 5834
6162 11580
6162 11632
6162 11439
6162 11772
6162 11774
6162 11765
6162 11832
6162 11797
6163 7060
6163 6363
6163 7552
6163 8778
6163 8763
6163 1543
6163 9037
6163 9340
6163 6258
6163 5291
6163 5307
6163 10798
6163 825
6163 11194
6163 9612
6164 8510
6164 8199
6164 9318
6164 10976
6164 7018
6164 6258
6164 6731
6164 5780
6164 8293
6164 5783
6164 7017
6164 5834
6164 837
6164 11002
6164 8681
6164 8299
6164 11472
6164 11474
6164 11568
6164 6096
6164 10307
6164 11749
6165 1396
6165 1732
6165 4104
6165 3092
6165 1834
6165 3791
6165 2026
6165 6149
6165 7046
6165 3325
6165 9393
6165 10371
6165 2014
6166 5752
6166 7887
6166 8845
6166 2781
6166 10590
6167 7201
6167 4095
6167 6237
6167 9932
6167 7285
6167 7922
6167 9913
6167 10754
6167 1236
6167 11262
6168 4268
6168 2496
6168 7818
6168 8214
6168 4552
6169 3397
6169 4107
6169 2855
6169 5390
6169 5393
6169 5395
6169 1624
6169 8169
6169 7541
6169 8199
6170 2166
6170 3579
6170 6072
6170 6724
6170 8214
6170 8736
6170 10999
6170 11629
6170 7528
6170 8288
6170 10768
6170 10949
6170 11536
6171 4405
6171 4752
6171 4915
6171 5480
6171 6102
6171 6751
6171 6752
6171 6912
6171 7877
6171 1840
6171 6750
6171 2311
6171 9981
6171 9207
6171 4032
6171 3356
6171 7677
6171 9209
6171 11621
6172 4730
6172 3506
6172 5611
6172 7052
6172 8132
6173 3613
6173 5387
6173 9246
6173 10755
6173 2087
6173 2276
6173 9537
6173 4412
6173 8284
6173 3496
6174 7699
6174 7822
6174 2595
6174 1803
6174 4238
6174 4864
6174 4340
6174 6903
6175 3193
6175 9340
6175 7721
6175 5834
6175 11232
6176 4280
6176 2374
6176 1573
6176 1602
6176 4281
6176 6006
6176 1579
6176 4300
6176 6009
6176 5067
6176 10838
6176 1601
6176 8376
6176 4431
6177 3465
6177 3376
6177 4702
6177 1624
6177 5806
6178 7165
6178 9838
6178 9745
6178 4084
6178 4301
6178 1074
6178 4032
6178 6751
6178 11084
6178 11779
6179 8250
6179 9037
6179 9772
6179 5834
6179 9154
6179 4104
6179 11766
6180 6863
6180 5318
6180 5661
6180 5933
6180 6209
6180 8516
6180 10448
6180 10852
6180 8861
6180 9490
6181 6483
6181 7541
6181 7796
6181 8254
6181 3164
6181 8598
6181 9490
6182 4408
6182 805
6182 4768
6182 7873
6182 118
6182 4805
6182 6811
6183 9551
6183 5184
6183 9741
6183 8641
6183 6695
6184 1944
6184 7035
6184 8132
6184 8385
6184 8598
6184 8510
6185 7698
6185 4440
6185 11264
6185 9064
6185 505
6185 2882
6185 7396
6185 7764
6186 2374
6186 5917
6186 3589
6186 8126
6186 11070
6186 9168
6186 5746
6186 8298
6186 8133
6187 6583
6187 1268
6187 7265
6187 10412
6187 10679
6187 4890
6187 4942
6187 8746
6187 1247
6188 2049
6188 2233
6188 3751
6188 6904
6188 4389
6188 7063
6188 9158
6188 710
6188 972
6188 2996
6188 4722
6188 5675
6188 6138
6188 6771
6188 8266
6188 10037
6188 974
6188 980
6188 993
6188 4183
6188 5671
6189 1698
6189 9739
6189 3808
6189 11568
6189 11207
6189 11205
6189 4626
6190 3063
6190 3064
6190 3506
6190 4730
6190 4933
6190 5229
6190 1249
6190 3592
6190 1624
6190 6363
6190 8383
6190 9067
6190 8208
6190 9011
6190 5788
6191 1916
6191 10555
6191 1258
6191 2448
6191 3232
6191 4762
6191 187
6192 2309
6192 3613
6192 5219
6192 7057
6192 5606
6192 8989
6192 10090
6192 6051
6193 2122
6193 1543
6193 6325
6193 1712
6193 6364
6193 11481
6193 11264
6193 11254
6193 11270
6193 11540
6193 11702
6193 11515
6193 11439
6193 6444
6193 11518
6194 1464
6194 5391
6194 6485
6194 6326
6194 7541
6194 6641
6194 6645
6194 6651
6194 8131
6194 3200
6194 6512
6194 5895
6194 6601
6194 8449
6194 8254
6194 3666
6194 4689
6194 4325
6194 8779
6194 9064
6194 1742
6194 9010
6194 9011
6194 9603
6194 9604
6194 11280
6195 219
6195 1479
6195 6612
6195 2112
6195 1055
6195 1103
6195 1051
6195 5688
6195 7727
6195 11707
6195 8854
6195 2279
6196 2936
6196 4426
6196 4547
6196 5865
6196 9649
6197 1692
6197 2687
6197 5046
6197 5412
6197 6497
6197 8298
6197 460
6197 1408
6197 3278
6197 5413
6197 7295
6197 9999
6198 4933
6198 4923
6198 5016
6198 5395
6198 2121
6198 1624
6198 7060
6198 6697
6198 7796
6198 7616
6198 1860
6198 257
6198 822
6198 5698
6198 445
6198 8224
6198 8778
6198 8779
6198 8407
6198 8408
6198 9037
6198 9785
6198 7694
6198 9284
6198 9659
6198 9858
6198 9855
6198 9444
6198 6679
6198 10995
6198 5051
6198 10798
6198 9735
6199 7743
6199 1208
6199 5350
6199 6774
6199 8967
6199 11391
6199 913
6199 4098
6199 7610
6199 9792
6199 9693
6199 10559
6199 1850
6199 2923
6199 4747
6199 6442
6199 6512
6199 6516
6199 8942
6199 7603
6199 8416
6199 6729
6199 7741
6199 10805
6199 11814
6199 3089
6199 6875
6199 6884
6199 6874
6199 6876
6199 1228
6199 3555
6199 6872
6200 9943
6200 215
6200 5658
6200 10656
6200 1361
6200 2882
6200 2999
6200 5092
6200 5747
6200 5854
6200 9151
6200 11428
6200 9238
6200 543
6200 1261
6200 4763
6201 6472
6201 7781
6201 2301
6201 5022
6201 6444
6202 5976
6202 605
6202 6713
6202 11100
6202 5627
6202 5774
6202 5948
6202 7421
6203 1078
6203 1575
6203 4534
6203 6136
6203 6190
6203 7914
6203 9158
6203 5865
6203 3336
6203 4183
6203 83
6203 2984
6204 3193
6204 1457
6204 5016
6204 3516
6204 3592
6204 7541
6204 7796
6204 8778
6204 9490
6204 8208
6204 6774
6204 10326
6204 7721
6204 11558
6205 6629
6205 6628
6205 3029
6205 1177
6205 2257
6206 9125
6206 6786
6206 6814
6206 7268
6206 9109
6206 9508
6206 7903
6206 211
6206 4098
6206 5670
6206 11146
6207 7983
6207 9824
6207 9723
6207 9839
6207 9794
6207 10992
6207 8804
6207 10753
6207 7987
6207 9766
6208 1533
6208 1023
6208 7514
6208 8679
6208 9037
6208 8763
6208 9340
6208 7684
6208 10234
6208 7770
6208 7867
6208 9444
6208 7369
6208 10271
6208 7022
6208 11098
6208 11002
6208 11196
6208 11232
6208 6364
6208 6096
6208 1924
6208 10589
6208 11601
6208 1020
6208 2573
6208 11702
6208 7363
6208 9252
6208 11515
6208 11788
6209 672
6209 4344
6209 5016
6209 5393
6209 5390
6209 6077
6209 6680
6209 1624
6209 6486
6209 7060
6209 8189
6209 9011
6209 8510
6209 9855
6209 9100
6209 6258
6209 9947
6209 9730
6209 3541
6209 11782
6209 10321
6210 6467
6210 10906
6210 11714
6210 6512
6210 1684
6210 592
6210 3551
6210 7241
6210 8276
6210 896
6210 3368
6210 3541
6210 9037
6210 9364
6210 9378
6210 9692
6210 11179
6210 11195
6210 7564
6210 9756
6210 3556
6210 1381
6211 4297
6211 3652
6211 1098
6211 5462
6211 5885
6211 7485
6211 9151
6212 7777
6212 10319
6212 10435
6212 6435
6212 9546
6213 6404
6213 9077
6213 11519
6213 3467
6213 6340
6213 1860
6213 1137
6213 4098
6213 7279
6213 8472
6213 10079
6213 10080
6213 481
6213 1845
6213 4460
6213 6570
6213 4763
6213 7728
6213 1312
6213 9935
6213 11331
6213 83
6213 8984
6213 9024
6213 5439
6213 7974
6213 960
6213 8239
6213 8298
6213 10639
6213 11104
6214 6344
6214 3063
6214 8131
6214 8132
6214 8254
6214 9033
6214 8211
6214 3166
6214 8207
6214 9280
6214 9859
6214 1464
6214 7694
6214 5516
6214 6258
6214 9857
6214 9947
6214 10236
6214 843
6214 10633
6214 11117
6214 10798
6214 6443
6215 1837
6215 2952
6215 8755
6215 4278
6215 10754
6215 11084
6216 3456
6216 7694
6216 6258
6216 9947
6216 9100
6216 9444
6216 10201
6216 11074
6216 10618
6216 10798
6216 5782
6216 5834
6216 11196
6216 11232
6216 11329
6216 6864
6216 11375
6216 738
6216 739
6216 741
6216 7386
6216 9196
6216 11650
6216 6269
6216 11254
6216 7562
6216 11735
6216 10616
6216 11709
6216 770
6216 11686
6217 1230
6217 4319
6217 4596
6217 6814
6217 5890
6217 217
6217 5682
6217 10519
6217 9639
6218 10522
6218 892
6218 8487
6218 10251
6218 11613
6218 4386
6219 4464
6219 1957
6219 7458
6219 1310
6219 5655
6219 5667
6219 5669
6219 2436
6220 4532
6220 9109
6220 9445
6220 11382
6220 892
6221 512
6221 1593
6221 4899
6221 7458
6221 4032
6221 6724
6221 5837
6221 7700
6221 3005
6221 10353
6221 2579
6221 6627
6221 7703
6221 9294
6221 3000
6222 1474
6222 1845
6222 2208
6222 35
6222 2579
6222 2207
6222 1554
6222 2811
6222 4294
6222 1557
6222 2206
6222 2660
6222 4626
6222 1348
6222 6190
6222 3347
6222 4019
6222 6240
6222 9715
6222 6072
6222 6754
6222 2020
6222 3987
6222 2217
6222 11416
6223 642
6223 1299
6223 88
6223 697
6223 4305
6223 4249
6223 219
6223 79
6223 2028
6223 1783
6223 2286
6223 3111
6223 2281
6223 4847
6223 4117
6223 1575
6223 442
6223 2278
6223 4990
6223 1055
6223 392
6223 820
6224 8728
6224 8407
6224 9011
6224 8207
6224 8208
6224 7683
6224 8510
6224 9659
6224 10169
6224 9947
6224 9730
6224 6258
6224 9772
6224 10236
6224 10618
6224 5782
6224 10902
6224 10182
6224 5834
6224 11196
6224 10798
6224 11185
6224 11232
6224 11281
6224 11378
6224 10917
6224 11497
6224 11741
6224 10520
6224 11788
6224 11739
6224 11769
6224 11773
6224 770
6224 10968
6224 11821
6225 613
6225 8263
6225 3485
6225 8606
6225 8605
6225 8735
6226 9110
6226 3350
6226 2221
6226 912
6226 6444
6226 7954
6226 7644
6226 1474
6226 3541
6226 2595
6226 5369
6226 7447
6226 1921
6226 6571
6226 6995
6226 4574
6227 8409
6227 10169
6227 10278
6227 7330
6227 7324
6227 7321
6227 9749
6227 11702
6227 11564
6227 11566
6227 11567
6227 11439
6227 11836
6228 9150
6228 2124
6228 4542
6228 3432
6228 3626
6228 4834
6228 3616
6229 6846
6229 1098
6229 7519
6229 3467
6229 8214
6230 8603
6230 9037
6230 7585
6230 8510
6230 9730
6231 4305
6231 4459
6231 4795
6231 5109
6231 4656
6231 1624
6231 4660
6231 8132
6231 8679
6231 8208
6231 7684
6231 7694
6231 9773
6231 7721
6231 9154
6231 11194
6231 11399
6231 10446
6231 11816
6232 9521
6232 6052
6232 6927
6232 8596
6232 11361
6233 2991
6233 2992
6233 2946
6233 2956
6233 2994
6233 2947
6233 11388
6234 5823
6234 5129
6234 9616
6234 1412
6234 6348
6235 1159
6235 3589
6235 3351
6235 5393
6235 8103
6235 8449
6235 8602
6235 3521
6236 9606
6236 1084
6236 7273
6236 2207
6236 5770
6236 5865
6237 6001
6237 9109
6237 8736
6237 10969
6237 11568
6237 11765
6237 11775
6238 1150
6238 1442
6238 1423
6238 1600
6238 1599
6238 2724
6239 5009
6239 1684
6239 7361
6239 1493
6239 6377
6240 3608
6240 6851
6240 6627
6240 11106
6240 10267
6240 10269
6241 2390
6241 8736
6241 2205
6241 2408
6241 9402
6242 3164
6242 1471
6242 5896
6242 4293
6242 1001
6242 6957
6242 7694
6242 4606
6242 9700
6242 9100
6242 6258
6242 9947
6242 9444
6242 8293
6242 8787
6242 9319
6242 7017
6242 9690
6242 5782
6242 10798
6242 5834
6242 11292
6242 6364
6242 11566
6243 945
6243 2595
6243 5047
6243 10852
6243 8874
6244 7779
6244 7060
6244 6258
6244 9947
6244 9730
6244 9444
6244 10236
6244 10201
6244 8767
6244 9446
6244 10759
6244 10774
6244 9318
6244 10823
6244 10238
6244 10976
6244 3658
6244 7022
6244 11130
6244 5304
6244 8293
6244 10798
6244 9690
6244 7017
6244 5834
6244 11098
6244 6364
6244 11528
6244 11529
6244 11194
6244 11526
6244 11255
6244 11399
6244 10520
6244 11740
6244 11741
6244 11536
6245 6613
6245 6771
6245 10175
6245 10899
6245 6165
6246 6240
6246 11416
6246 5418
6246 118
6246 3028
6247 1294
6247 1288
6247 322
6247 985
6247 229
6247 10504
6247 3658
6247 287
6247 3346
6247 1151
6247 318
6247 3589
6247 4724
6247 4725
6247 2784
6247 1457
6247 5393
6247 3932
6247 1527
6247 7126
6247 6859
6247 8415
6247 4379
6247 9859
6247 9037
6247 8103
6247 11568
6247 187
6248 9054
6248 9067
6248 8408
6248 738
6248 11735
6249 1984
6249 3801
6249 2024
6249 2965
6249 5009
6249 5526
6249 4032
6249 3661
6249 3028
6250 1268
6250 3690
6250 4832
6250 7032
6250 8558
6250 9718
6251 6068
6251 9508
6251 11360
6251 1012
6251 1742
6251 6601
6251 11447
6251 997
6251 6808
6251 8365
6251 10418
6252 3110
6252 773
6252 1507
6252 631
6252 1076
6252 619
6252 820
6252 1055
6253 7983
6253 7559
6253 892
6253 7862
6253 9591
6253 6738
6254 5976
6254 5978
6254 7862
6254 4492
6254 6712
6254 5977
6254 5974
6254 4035
6254 6693
6255 2014
6255 3593
6255 6772
6255 623
6255 2404
6255 5543
6255 7331
6255 2267
6255 2415
6255 5313
6255 7031
6255 1655
6255 5311
6255 7321
6255 7658
6255 7660
6255 2337
6255 2825
6255 8137
6255 9227
6256 8511
6256 1780
6256 10715
6256 2740
6256 3262
6256 6729
6256 660
6256 8204
6256 8610
6256 4353
6256 6826
6256 7612
6256 4343
6256 1956
6256 149
6257 7796
6257 8417
6257 8449
6257 8382
6257 3164
6257 8408
6257 9260
6257 8728
6257 1543
6257 7585
6257 9856
6257 5291
6257 5307
6257 10234
6257 4265
6257 10995
6257 10271
6257 10618
6257 10976
6257 10326
6257 10902
6257 10182
6257 11583
6257 11041
6257 11828
6257 11821
6258 3389
6258 2640
6258 4186
6258 1979
6258 3080
6258 5185
6258 6296
6258 5518
6259 4598
6259 5277
6259 7150
6259 5980
6259 9387
6260 8417
6260 8407
6260 8409
6260 9033
6260 9260
6260 8728
6260 9490
6260 6258
6260 9775
6260 5291
6260 5307
6260 10234
6260 10618
6260 10823
6260 11185
6260 11098
6260 11765
6260 11767
6261 3376
6261 3589
6261 4724
6261 6248
6261 4730
6261 4923
6261 8728
6261 1543
6261 8189
6261 11135
6261 11635
6262 4847
6262 9516
6262 9998
6262 316
6262 5022
6262 5470
6263 4587
6263 7014
6263 8993
6263 3976
6263 5980
6264 1408
6264 585
6264 1406
6264 6084
6264 3173
6264 3444
6264 1240
6264 9701
6264 657
6264 421
6264 11219
6264 9474
6264 10813
6264 992
6265 3494
6265 6734
6265 629
6265 4095
6265 8411
6265 365
6265 571
6265 3196
6265 9017
6265 9019
6266 1258
6266 1083
6266 4794
6266 8051
6266 6734
6267 7060
6267 7541
6267 6363
6267 8417
6267 7514
6267 10995
6267 11539
6268 4227
6268 2692
6268 4646
6268 1870
6268 9020
6268 7439
6268 4913
6269 6140
6269 4687
6269 6651
6269 4709
6269 5821
6269 5438
6269 6143
6270 8417
6270 9033
6270 9034
6270 8015
6270 1610
6270 9260
6270 8572
6270 3166
6270 9922
6270 9100
6270 7694
6270 9947
6270 10234
6270 9444
6270 10271
6270 10823
6270 5834
6270 6730
6270 11780
6270 11771
6270 770
6271 164
6271 566
6271 791
6271 821
6271 830
6271 981
6271 1011
6271 1312
6271 2289
6271 3327
6271 3413
6271 4023
6271 7569
6271 8625
6271 9850
6271 6995
6271 10652
6271 10384
6272 6482
6272 9733
6272 10289
6272 11606
6272 11773
6272 11771
6273 7467
6273 1475
6273 3167
6273 6674
6273 11343
6273 2031
6274 9315
6274 6725
6274 2374
6274 8918
6274 10146
6274 8633
6274 11542
6275 541
6275 11241
6275 2671
6275 565
6275 8150
6276 8385
6276 8573
6276 10169
6276 9856
6276 10371
6277 1366
6277 2939
6277 7050
6277 2025
6277 1399
6278 1828
6278 4806
6278 792
6278 4900
6278 3945
6278 3421
6279 8417
6279 8778
6279 9700
6279 6258
6279 10182
6279 6449
6280 3752
6280 6342
6280 6810
6280 7575
6280 8012
6280 8666
6280 5044
6280 11259
6280 2166
6280 3630
6280 6205
6280 9908
6280 10413
6280 11569
6281 6483
6281 8254
6281 1748
6281 8763
6281 8491
6281 6258
6281 11002
6281 11529
6281 11602
6281 11497
6281 10520
6282 4042
6282 7487
6282 7824
6282 892
6282 10492
6282 7023
6283 3323
6283 3884
6283 3456
6283 1464
6283 5016
6283 6343
6283 1700
6283 1624
6283 7552
6283 8415
6283 8385
6283 8779
6283 6445
6284 2708
6284 792
6284 2698
6284 401
6284 288
6285 5390
6285 6680
6285 6485
6285 7541
6285 8169
6285 8199
6285 8409
6285 8679
6285 9182
6285 8197
6285 1543
6285 8736
6285 8208
6285 7683
6285 9280
6285 9730
6285 6258
6285 10014
6285 9747
6285 7551
6285 6096
6285 11270
6285 11632
6285 11782
6285 11399
6285 6445
6286 4098
6286 10217
6286 11088
6286 8945
6286 1845
6286 3242
6286 4426
6286 7803
6286 7916
6286 10412
6286 10439
6287 1348
6287 4730
6287 3776
6287 2400
6287 6484
6287 6482
6287 6488
6287 1430
6287 5772
6287 1850
6287 7694
6287 7005
6287 11074
6287 168
6287 11232
6287 10520
6287 6795
6287 6449
6288 1268
6288 3835
6288 7409
6288 8090
6288 1311
6288 3401
6289 6694
6289 7227
6289 5706
6289 6138
6289 5770
6289 7561
6289 9835
6290 7161
6290 4142
6290 5537
6290 5539
6290 5066
6291 4791
6291 2745
6291 2677
6291 1459
6291 2892
6291 5873
6291 6469
6291 8544
6291 8545
6291 8546
6291 2680
6291 7621
6292 512
6292 5181
6292 1099
6292 8769
6292 1327
6292 7764
6292 1375
6292 8431
6292 9508
6292 10795
6292 9410
6293 6030
6293 2756
6293 8415
6293 8382
6293 8603
6293 130
6293 3164
6293 7694
6293 10169
6293 6258
6293 9700
6294 162
6294 1055
6294 795
6294 3431
6294 5588
6295 8167
6295 3646
6295 6171
6295 8270
6295 10592
6295 3645
6296 7831
6296 6520
6296 10454
6296 10456
6296 3907
6296 10542
6297 9763
6297 892
6297 5061
6297 5063
6297 6686
6297 7984
6297 9407
6297 7892
6297 10401
6298 4666
6298 3456
6298 7584
6298 5406
6298 6686
6298 7585
6298 6374
6298 7619
6298 3872
6298 6824
6298 7193
6298 10525
6299 5819
6299 2017
6299 3539
6299 8562
6299 7791
6299 10544
6300 3613
6300 9996
6300 1321
6300 1584
6300 1860
6300 924
6301 1296
6301 4387
6301 2861
6301 5228
6301 5480
6301 8449
6301 8382
6301 8779
6301 8408
6301 9037
6301 8407
6301 8409
6301 8763
6301 8728
6301 9340
6301 8249
6301 7694
6301 5435
6301 9518
6301 9774
6301 9733
6301 10760
6301 7369
6301 6731
6301 5780
6301 5782
6301 10798
6301 11030
6301 11194
6301 11567
6302 10368
6302 4335
6302 10838
6302 10035
6302 10369
6303 715
6303 9947
6303 9733
6303 2023
6303 10823
6303 11196
6303 6096
6303 2573
6303 11635
6303 11701
6303 11439
6304 3382
6304 4212
6304 6364
6304 8895
6304 8625
6305 4117
6305 9577
6305 918
6305 8900
6305 5865
6305 8861
6305 4459
6305 5517
6306 9087
6306 2965
6306 9294
6306 1935
6306 2941
6306 912
6306 5654
6306 2994
6306 9453
6307 3514
6307 7753
6307 8207
6307 9444
6307 7694
6307 9730
6307 6258
6307 9712
6307 10639
6307 10798
6307 2399
6307 2468
6307 9735
6307 1916
6307 7366
6307 7365
6307 5217
6307 11565
6307 11516
6307 11735
6307 3167
6307 6446
6308 1194
6308 2374
6308 931
6308 943
6308 1335
6308 2313
6308 792
6308 773
6308 791
6308 7453
6309 3193
6309 6483
6309 7060
6309 8417
6309 8778
6309 9010
6309 8207
6309 8510
6309 7694
6309 6258
6309 9730
6309 9444
6309 7369
6309 10236
6309 10201
6309 10798
6309 5834
6310 668
6310 9393
6310 11109
6310 11495
6310 7781
6310 10000
6310 11075
6310 10838
6311 3507
6311 6396
6311 8189
6311 4389
6311 6405
6311 2017
6311 6417
6311 8463
6311 10482
6311 2030
6311 4023
6311 7040
6311 1578
6311 10641
6311 3669
6311 10943
6311 5819
6312 5228
6312 3776
6312 6077
6312 9100
6312 7442
6312 5834
6312 4280
6313 2393
6313 2425
6313 1887
6313 4836
6313 10046
6314 4126
6314 8430
6314 6187
6314 6977
6314 1984
6314 4632
6314 6982
6314 2010
6314 8795
6315 5016
6315 1464
6315 3515
6315 4904
6315 11028
6316 6858
6316 7815
6316 6023
6316 3058
6316 6382
6316 6693
6316 6166
6316 4343
6317 7060
6317 8132
6317 8763
6317 8207
6317 9700
6317 9855
6317 9444
6317 11286
6317 11524
6317 11525
6317 11568
6317 11536
6318 477
6318 2768
6318 3488
6318 3715
6318 5444
6318 6289
6319 8415
6319 9037
6319 8679
6319 10759
6319 10637
6319 3658
6319 11135
6319 11736
6319 11741
6320 39
6320 2024
6320 6087
6320 9089
6320 8135
6320 8612
6320 811
6321 4213
6321 749
6321 11075
6321 117
6321 10283
6322 1231
6322 2105
6322 4111
6322 584
6322 6680
6322 8131
6322 8250
6322 8778
6322 8779
6322 1543
6323 1860
6323 8384
6323 7552
6323 8449
6323 9037
6323 8207
6323 9100
6324 806
6324 8177
6324 2044
6324 9509
6324 8151
6324 10569
6324 7013
6324 616
6324 11160
6325 2839
6325 881
6325 1064
6325 1106
6325 5823
6325 8720
6326 6302
6326 7988
6326 9508
6326 10663
6326 9860
6327 4223
6327 1271
6327 5934
6327 7491
6327 1038
6327 11625
6327 6826
6327 10642
6328 1624
6328 3651
6328 1826
6328 2576
6328 11577
6328 8896
6329 1454
6329 5810
6329 1261
6329 7298
6329 4574
6329 10692
6329 3677
6329 334
6329 812
6330 9691
6330 10995
6330 9733
6330 10798
6330 11185
6330 11316
6330 11297
6330 11606
6330 2573
6330 11399
6330 11780
6330 11749
6330 11744
6330 11788
6330 6444
6330 9734
6330 11118
6330 11822
6330 11715
6331 6485
6331 8346
6331 9064
6331 9067
6331 8602
6331 9183
6331 9010
6331 8211
6331 9705
6331 219
6331 7684
6331 4033
6331 9100
6331 9730
6331 10391
6331 10392
6331 9243
6331 10798
6331 5834
6331 7015
6331 8288
6331 10794
6331 10797
6331 8735
6331 10945
6331 6096
6331 5738
6331 9311
6331 11497
6332 4255
6332 5226
6332 5230
6332 5391
6332 5395
6332 6018
6332 3999
6332 4035
6332 3991
6332 1624
6333 10271
6333 10798
6333 9690
6333 5304
6333 7721
6333 11098
6333 11196
6333 11029
6333 11030
6333 11031
6333 10918
6333 10912
6333 10911
6333 10913
6333 10914
6333 10917
6333 10915
6333 11255
6333 11529
6333 11530
6333 5635
6333 11526
6333 11527
6333 11399
6333 11528
6333 11521
6333 11522
6333 11524
6333 11531
6333 11543
6333 11835
6334 792
6334 4265
6334 1045
6334 1669
6334 3492
6334 5114
6334 5418
6334 5677
6334 5742
6334 5764
6334 6431
6334 1477
6334 5120
6334 7548
6334 8893
6334 8901
6335 4908
6335 7510
6335 7974
6335 9860
6335 11447
6336 8250
6336 8382
6336 10236
6336 5834
6336 11580
6337 5229
6337 5391
6337 1624
6337 7060
6337 7552
6337 8417
6337 8250
6337 896
6337 8208
6337 10774
6338 4262
6338 4734
6338 1321
6338 8823
6338 9158
6338 1113
6338 10327
6338 10905
6338 8490
6338 9753
6338 3613
6338 8088
6338 11569
6338 2447
6339 7624
6339 2763
6339 764
6339 2888
6339 6603
6339 5076
6339 9989
6340 6927
6340 9150
6340 7383
6340 6613
6340 8931
6341 805
6341 1064
6341 2427
6341 2939
6341 2996
6341 5436
6341 7571
6341 8069
6341 4997
6341 8876
6341 7362
6341 1603
6341 2018
6341 2470
6341 2984
6341 3403
6341 5814
6341 6191
6342 4347
6342 5011
6342 5012
6342 5013
6342 8385
6343 590
6343 593
6343 896
6343 1198
6343 1380
6343 1383
6343 3349
6343 4724
6343 6125
6343 6824
6343 11220
6343 3375
6343 1860
6343 11569
6343 1219
6343 820
6343 9733
6343 8795
6343 1483
6343 7677
6343 11610
6344 5363
6344 6678
6344 8415
6344 8417
6344 8382
6344 5439
6344 6114
6344 7694
6344 6258
6344 9855
6344 10169
6344 9444
6344 287
6344 10236
6344 9260
6344 4095
6344 10798
6345 3323
6345 4933
6345 6017
6345 8254
6345 9037
6345 10115
6345 10774
6345 7022
6345 1471
6345 11399
6345 11524
6345 5194
6345 3368
6346 3589
6346 8449
6346 9033
6346 9037
6346 896
6346 5291
6346 8767
6346 10618
6346 10449
6346 11524
6346 10794
6346 11481
6347 8417
6347 8250
6347 9037
6347 8409
6347 9260
6347 7684
6347 7694
6347 10144
6347 10169
6347 6258
6347 9856
6347 9773
6347 9730
6347 9776
6347 10236
6347 6731
6347 9319
6347 9318
6347 10449
6347 11131
6347 10798
6347 9154
6347 11766
6348 226
6348 2692
6348 3213
6348 6466
6348 7361
6349 5872
6349 1625
6349 9508
6349 4250
6349 7726
6349 8736
6349 2759
6349 9050
6349 1475
6349 2595
6349 4619
6349 1680
6349 6995
6349 11016
6350 4197
6350 1299
6350 883
6350 1312
6350 1457
6350 5226
6350 1464
6350 5229
6350 5230
6350 5395
6350 8209
6350 5819
6350 1895
6350 10760
6350 2739
6350 11550
6350 1316
6350 7557
6350 1125
6351 6535
6351 4935
6351 9980
6351 11742
6351 5420
6352 7514
6352 9033
6352 8763
6352 8249
6352 9284
6352 9659
6352 7694
6352 11074
6352 11098
6352 10912
6352 11448
6352 11523
6352 10914
6352 7551
6352 9612
6352 11601
6352 5788
6352 11254
6352 11835
6353 4912
6353 6674
6353 2374
6353 2554
6353 5859
6353 7137
6353 9032
6353 6145
6354 7585
6354 9705
6354 8207
6354 8208
6354 8211
6354 9282
6354 6745
6354 9859
6354 9508
6354 10169
6354 4035
6354 7301
6354 9507
6354 9100
6354 9691
6354 3994
6354 4532
6354 5178
6354 7049
6354 6258
6354 9947
6354 9730
6354 9444
6354 5977
6354 10201
6354 10633
6354 11185
6354 5781
6354 11584
6354 11553
6354 11613
6354 11568
6355 9290
6355 9583
6355 5406
6355 1888
6355 2739
6355 585
6355 3559
6355 2703
6355 9279
6355 9283
6355 6258
6355 584
6355 9947
6355 10371
6355 6679
6355 9406
6355 5408
6355 9111
6355 7595
6355 7627
6355 1208
6355 4279
6355 3952
6355 5417
6355 1011
6355 10760
6355 10326
6355 6738
6355 10798
6355 11185
6355 836
6355 10403
6355 767
6355 11232
6355 11316
6355 6364
6355 8808
6355 9956
6355 7570
6355 2573
6355 11511
6355 11739
6355 11568
6355 11770
6355 11775
6356 1697
6356 1692
6356 1845
6356 4337
6356 4294
6356 1518
6356 905
6356 4432
6356 10738
6357 2297
6357 5823
6357 6258
6357 6674
6357 6676
6357 7995
6357 2204
6358 531
6358 8955
6358 4638
6358 6146
6358 4291
6359 7326
6359 7331
6359 893
6359 7321
6359 9189
6359 10872
6359 5516
6359 9886
6359 1863
6359 6597
6359 8456
6359 6863
6360 4255
6360 5229
6360 6018
6360 6484
6360 7060
6360 7860
6360 8603
6360 11484
6360 11606
6360 11156
6361 1814
6361 2206
6361 8842
6361 11500
6361 5200
6361 2453
6361 7203
6361 7433
6361 11502
6362 1173
6362 10340
6362 10342
6362 1378
6362 467
6362 5834
6362 6884
6362 11518
6362 4031
6363 3166
6363 10572
6363 2198
6363 10633
6363 9889
6363 1957
6364 2980
6364 6826
6364 7383
6364 9150
6364 2749
6365 1086
6365 3864
6365 4393
6365 6388
6365 1071
6365 6441
6366 3613
6366 5017
6366 6239
6366 7898
6366 7984
6366 8112
6366 8755
6366 10678
6366 10797
6367 4649
6367 4660
6367 4667
6367 4618
6367 4102
6368 1625
6368 6454
6368 4761
6368 4513
6368 2815
6368 6314
6368 1231
6369 3333
6369 19
6369 3395
6369 3236
6369 1851
6369 9935
6370 4218
6370 8615
6370 2543
6370 2989
6370 6188
6370 4179
6370 3000
6371 2836
6371 5106
6371 7813
6371 10623
6371 1020
6371 9507
6371 6578
6371 8625
6371 11277
6371 11386
6371 6031
6371 9231
6371 6033
6371 7417
6371 11567
6372 3375
6372 3619
6372 2430
6372 4222
6372 7135
6372 6701
6372 572
6372 4380
6372 5224
6372 6162
6372 7868
6372 5268
6372 5993
6373 3166
6373 938
6373 8014
6373 6172
6373 9162
6373 4782
6373 1860
6373 5442
6373 7234
6373 10962
6373 2204
6373 8734
6373 5184
6374 7639
6374 8675
6374 9135
6374 10832
6374 2436
6374 2472
6375 607
6375 5667
6375 4945
6375 5650
6375 3232
6375 142
6375 7677
6375 11625
6375 8264
6375 5677
6375 7676
6376 8214
6376 505
6376 1851
6376 3222
6376 3758
6376 4911
6376 6284
6376 11333
6376 10157
6376 11060
6376 9144
6376 11204
6377 253
6377 2170
6377 3448
6377 4308
6377 7303
6377 10195
6378 5100
6378 3609
6378 10907
6378 5147
6378 3603
6378 3737
6378 1969
6379 7071
6379 9260
6379 3501
6379 9733
6379 9735
6379 227
6379 11600
6379 11439
6379 11118
6380 2626
6380 9436
6380 873
6380 6096
6380 10076
6380 10324
6380 10391
6380 10392
6380 6433
6380 8352
6380 9966
6380 10262
6380 69
6380 281
6380 1252
6380 9826
6380 8372
6380 10170
6380 10823
6380 10732
6380 6054
6380 6517
6380 7759
6380 89
6380 8600
6381 1692
6381 1635
6381 4259
6381 2895
6381 2914
6381 6169
6381 1634
6381 5242
6381 1596
6382 1169
6382 5417
6382 8931
6382 6613
6382 6646
6382 7064
6382 7362
6383 1464
6383 5016
6383 7864
6383 8449
6383 8102
6383 3503
6383 10793
6383 10794
6383 7551
6384 1786
6384 6697
6384 10838
6384 9070
6384 7587
6384 4821
6384 8611
6384 1896
6384 4238
6384 4426
6385 5229
6385 5228
6385 5230
6385 3592
6385 1624
6385 9490
6385 10271
6385 10798
6385 6096
6385 11544
6385 2573
6385 10446
6386 3516
6386 5011
6386 5012
6386 5013
6386 5393
6386 7541
6386 8169
6386 8384
6386 8510
6387 5422
6387 1022
6387 3656
6387 3851
6387 4940
6387 10244
6387 9438
6387 9294
6387 11187
6387 2959
6387 1952
6387 8269
6387 10590
6388 6488
6388 7060
6388 8131
6388 8779
6388 6258
6388 10760
6389 3323
6389 5016
6389 7060
6389 2491
6389 7616
6389 8384
6389 8779
6389 8407
6389 8409
6389 8728
6389 850
6389 3166
6389 9856
6389 9774
6389 835
6389 5834
6389 3658
6389 6096
6389 11540
6389 4280
6389 6446
6389 11820
6390 2373
6390 6751
6390 878
6390 3951
6390 4218
6391 1007
6391 1860
6391 9325
6391 5958
6391 10803
6392 1860
6392 4978
6392 4982
6392 6392
6392 1866
6393 8415
6393 8417
6393 7514
6393 9011
6393 9490
6393 8189
6393 8211
6393 8207
6393 8208
6393 7694
6393 6258
6393 9947
6393 9730
6393 5307
6393 10371
6393 9519
6393 10400
6393 10236
6393 10995
6393 10326
6393 10823
6393 10182
6393 11185
6393 11524
6393 9612
6393 1825
6393 11521
6393 11401
6393 11496
6394 8417
6394 8778
6394 8728
6394 9730
6394 9947
6394 5106
6394 10014
6394 10600
6394 11524
6394 11516
6395 6924
6395 9482
6395 5178
6395 9507
6395 8487
6396 10639
6396 9733
6396 8767
6396 6125
6396 4635
6396 9446
6396 3368
6396 10414
6396 11055
6396 5304
6396 10798
6396 11185
6396 7018
6396 9319
6396 11130
6396 5782
6396 6730
6396 836
6396 10247
6396 11483
6396 11329
6396 11576
6396 4104
6396 2573
6396 11600
6396 11601
6397 5228
6397 6077
6397 1624
6397 3402
6397 7796
6397 8131
6397 8250
6397 8677
6397 9659
6397 9490
6397 8736
6397 9603
6397 10234
6397 9776
6397 11074
6397 10798
6397 8681
6397 8842
6397 11832
6397 11798
6398 2385
6398 5391
6398 1624
6398 7060
6398 8417
6398 3164
6398 8409
6398 9034
6398 9033
6398 8407
6398 8763
6398 8208
6398 8249
6398 7694
6398 9700
6398 9854
6398 10371
6398 10236
6398 10955
6398 10182
6398 9154
6398 11490
6398 10520
6398 11822
6398 11816
6399 478
6399 1112
6399 2637
6399 5602
6399 8873
6399 1098
6399 464
6400 6240
6400 363
6400 3036
6400 10484
6400 10486
6401 3398
6401 3589
6401 3517
6401 5229
6401 5226
6401 7864
6401 8510
6401 10271
6402 2177
6402 6862
6402 2209
6402 6935
6402 7256
6402 7321
6402 7813
6402 9665
6402 11424
6403 6724
6403 10353
6403 4330
6403 6802
6403 9485
6403 7234
6403 1039
6403 9935
6404 1457
6404 5016
6404 5391
6404 250
6404 7541
6404 8132
6404 11497
6404 10520
6404 11772
6405 1422
6405 2390
6405 4592
6405 4762
6405 5410
6405 5737
6405 6489
6406 48
6406 1443
6406 1762
6406 4409
6406 1180
6406 4032
6406 3791
6406 11118
6407 1129
6407 2025
6407 4238
6407 7408
6407 2826
6407 10301
6408 7129
6408 7317
6408 8487
6408 9955
6408 10312
6408 10369
6408 11084
6409 5953
6409 6499
6409 7173
6409 4492
6409 5677
6409 49
6409 3899
6409 9062
6409 1600
6409 4932
6409 9398
6409 5353
6409 412
6409 1833
6409 3432
6409 9390
6409 11377
6409 330
6409 597
6409 11193
6409 11696
6410 8837
6410 2788
6410 5361
6410 5759
6410 2782
6410 5183
6411 2520
6411 386
6411 6177
6411 6304
6411 6568
6411 6769
6411 2238
6411 5097
6411 6815
6411 654
6412 9120
6412 9822
6412 6555
6412 6560
6412 9123
6412 2931
6412 6563
6412 8492
6412 2725
6413 1360
6413 5406
6413 6428
6413 1531
6413 3526
6413 7860
6413 2603
6413 9735
6413 10633
6413 2050
6413 3438
6413 7270
6413 2204
6413 9399
6413 11076
6413 3120
6413 6290
6413 3909
6413 3785
6413 10115
6413 11218
6413 802
6413 6258
6413 6879
6413 7613
6413 8391
6413 10114
6413 11682
6413 1258
6413 4151
6413 7050
6413 2902
6413 6647
6413 10626
6413 11399
6413 3166
6413 10973
6413 11581
6414 5288
6414 1064
6414 613
6414 5885
6414 6799
6414 6625
6414 194
6414 2146
6415 6344
6415 3063
6415 6343
6415 7796
6415 6363
6415 8131
6415 6784
6415 9037
6415 9785
6415 9286
6415 9947
6415 5788
6416 3150
6416 3433
6416 10845
6416 6693
6416 7690
6417 8210
6417 8675
6417 9508
6417 417
6417 9706
6418 10913
6418 11307
6418 11308
6418 10918
6418 10912
6418 10914
6418 10915
6418 10919
6418 10793
6418 10797
6418 11539
6418 11543
6418 11582
6418 11329
6418 11481
6418 11576
6418 11581
6418 2573
6418 11600
6418 11601
6418 10626
6418 11742
6418 11778
6418 11785
6418 11811
6418 11812
6419 3635
6419 9434
6419 1721
6419 11399
6419 9387
6419 8755
6419 10418
6420 690
6420 2785
6420 4621
6420 9002
6420 9143
6421 7485
6421 5767
6421 7482
6421 2764
6421 6818
6421 9815
6421 3536
6421 5196
6421 11421
6421 7234
6421 3260
6421 5207
6421 759
6421 8127
6421 9149
6421 3613
6421 4248
6421 5430
6421 9104
6421 10089
6421 10406
6421 4378
6421 6653
6422 1681
6422 1264
6422 6130
6422 1843
6422 10089
6422 2478
6422 2300
6422 3023
6423 1976
6423 2288
6423 6497
6423 6751
6423 7572
6423 7079
6423 7417
6424 10103
6424 2890
6424 3985
6424 6720
6424 9506
6424 9719
6425 11196
6425 11098
6425 11232
6425 6410
6425 10169
6425 11029
6425 11030
6425 11031
6425 11378
6425 11379
6425 11002
6425 11255
6425 11524
6425 11527
6425 11399
6425 11521
6425 11523
6425 11529
6425 11530
6425 11531
6425 5635
6425 11194
6425 11522
6425 11526
6425 11528
6425 11329
6425 11481
6425 11576
6425 11582
6425 11543
6425 11581
6425 11578
6425 2609
6425 4104
6425 5788
6425 11254
6425 10626
6425 11740
6425 11741
6425 11439
6425 11675
6426 1860
6426 315
6426 5096
6426 2815
6426 10849
6427 5228
6427 5230
6427 6482
6427 7101
6427 8169
6427 6363
6427 7060
6427 9730
6427 6258
6427 949
6428 8807
6428 7745
6428 3286
6428 3036
6428 8484
6428 8808
6429 5834
6429 10798
6429 4827
6429 11098
6429 11196
6429 11395
6429 5626
6429 8983
6429 8358
6429 2167
6429 11232
6429 8286
6429 8963
6429 7483
6429 2357
6429 8676
6429 9089
6429 8296
6429 2671
6429 1932
6429 6495
6429 8088
6429 11613
6429 11270
6429 4104
6429 10168
6429 11540
6429 10132
6429 11744
6429 5776
6429 7471
6429 11675
6429 11079
6429 10362
6429 2260
6430 6081
6430 5769
6430 7758
6430 592
6430 877
6430 3638
6430 1628
6431 8371
6431 10261
6431 3396
6431 5851
6431 11641
6431 1344
6432 4724
6432 3063
6432 4730
6432 3506
6432 1624
6432 7154
6432 9340
6432 10146
6432 11539
6433 8449
6433 9922
6433 938
6433 9604
6433 5307
6433 10326
6433 5781
6434 4014
6434 1258
6434 277
6434 8911
6434 1353
6435 936
6435 2578
6435 3193
6435 3354
6435 5016
6435 5125
6435 7060
6435 1340
6435 5882
6435 4279
6435 9857
6435 9518
6435 10417
6435 4825
6435 5888
6435 6096
6436 6417
6436 6412
6436 6414
6436 9471
6436 6413
6437 10626
6437 9508
6437 10730
6437 3999
6437 11613
6438 10288
6438 10289
6438 10774
6438 10287
6438 10955
6438 10238
6438 10976
6438 9318
6438 7017
6438 10798
6438 7022
6438 5783
6438 8787
6438 7018
6438 8293
6438 5834
6438 6730
6438 7721
6438 4986
6438 10169
6438 11528
6438 11255
6438 11399
6438 11529
6438 11530
6438 11531
6438 11522
6438 11543
6438 11041
6438 11501
6439 3398
6439 3589
6439 3456
6439 3457
6439 5226
6439 5393
6439 6486
6439 6488
6439 7060
6439 7616
6439 8199
6439 8254
6439 6363
6439 8385
6439 8779
6439 9037
6439 9260
6439 9663
6439 6258
6439 11523
6439 11529
6439 2573
6439 11600
6440 4018
6440 4020
6440 4577
6440 5813
6440 7117
6441 6343
6441 1624
6441 8199
6441 7304
6441 8189
6441 9664
6441 9282
6441 9775
6441 9774
6441 6679
6441 8787
6441 7018
6441 10976
6441 7022
6441 10823
6441 5783
6441 6730
6441 11439
6442 5016
6442 6343
6442 1624
6442 7541
6442 8169
6442 9490
6442 8763
6442 9100
6442 6258
6442 9690
6442 11640
6442 11511
6442 11600
6442 10626
6442 11782
6443 94
6443 763
6443 2211
6443 3957
6443 5709
6443 7101
6443 8415
6443 9179
6444 7528
6444 1317
6444 1650
6444 1655
6444 1656
6444 130
6444 10246
6444 1918
6444 488
6444 490
6444 3620
6444 5219
6444 3987
6444 6637
6444 165
6444 9345
6444 5716
6444 8099
6444 8288
6444 9025
6445 4106
6445 4340
6445 4991
6445 2689
6445 5919
6445 6026
6445 8783
6445 8738
6445 10023
6445 6025
6445 7593
6445 2362
6445 4686
6445 3592
6445 5822
6445 533
6445 460
6445 3399
6446 4613
6446 6189
6446 6231
6446 181
6446 8191
6446 4576
6446 4593
6447 5048
6447 7043
6447 10250
6447 10626
6447 7761
6447 10866
6448 6680
6448 6484
6448 6483
6448 7060
6448 7796
6448 7316
6448 8254
6448 8449
6448 896
6448 9034
6448 8598
6448 9490
6448 9705
6448 9922
6448 6258
6448 10371
6448 9776
6448 10798
6448 7721
6448 10626
6448 11540
6449 3506
6449 3998
6449 4002
6449 4042
6449 1457
6449 1464
6449 5012
6449 5013
6449 5011
6449 5228
6449 5393
6449 6343
6449 7060
6449 7514
6449 9772
6449 10969
6449 6258
6450 540
6450 2815
6450 10418
6450 167
6450 10287
6450 7049
6450 10156
6450 11568
6451 4488
6451 307
6451 1103
6451 1923
6451 1189
6451 1563
6451 3346
6451 3348
6451 4109
6451 4483
6451 5737
6451 8965
6452 4670
6452 11428
6452 1208
6452 6546
6452 1137
6453 6601
6453 8417
6453 8254
6453 8382
6453 8779
6453 8677
6453 8679
6453 8763
6453 9423
6453 8728
6453 8189
6453 7684
6453 7683
6453 4336
6453 9859
6453 9853
6453 9775
6453 9855
6453 9773
6453 3983
6453 10955
6453 9747
6453 11579
6453 11558
6453 2520
6453 9734
6453 11501
6454 3127
6454 5294
6454 7321
6454 8638
6454 4377
6454 587
6455 2364
6455 958
6455 4028
6455 2299
6455 6495
6455 411
6455 5413
6456 3883
6456 4659
6456 3096
6456 3174
6456 7413
6456 3336
6457 883
6457 6482
6457 6486
6457 11564
6457 11720
6457 5788
6457 11516
6458 11756
6458 4151
6458 9508
6458 10626
6458 11207
6458 3428
6458 4953
6458 3973
6458 1201
6458 3058
6458 883
6458 2625
6458 10171
6459 7830
6459 9109
6459 7225
6459 1624
6459 11536
6460 6977
6460 2447
6460 8606
6460 6631
6460 6291
6460 11662
6460 6633
6461 10009
6461 10583
6461 2958
6461 4032
6461 7613
6461 11355
6462 4122
6462 4150
6462 7016
6462 7795
6462 8296
6462 10923
6463 1047
6463 7299
6463 298
6463 1634
6463 1327
6463 7764
6464 3492
6464 4980
6464 11018
6464 5459
6464 7798
6465 1636
6465 8417
6465 9037
6465 8407
6465 9260
6465 10236
6465 10117
6465 10114
6465 10759
6465 10823
6465 7721
6465 11196
6465 11002
6465 11774
6465 11773
6465 11828
6466 181
6466 3551
6466 597
6466 5965
6466 7790
6466 11190
6466 896
6466 5826
6466 5911
6466 5924
6466 7349
6466 8097
6466 459
6466 4541
6466 8863
6466 9939
6466 2642
6466 3758
6466 1211
6466 2225
6466 10419
6466 225
6466 8472
6466 401
6466 7092
6466 872
6466 2236
6467 6486
6467 6488
6467 7060
6467 7796
6467 7514
6467 9859
6467 10995
6467 6774
6467 10014
6467 6731
6467 11098
6467 11448
6467 11543
6467 11736
6467 10446
6468 7096
6468 9727
6468 6239
6468 7984
6468 8051
6469 9632
6469 6115
6469 7901
6469 6389
6469 572
6469 7416
6469 8473
6470 5837
6470 226
6470 4127
6470 6497
6470 1649
6470 1632
6470 10202
6470 3105
6470 2781
6470 8044
6470 1845
6470 5501
6470 8857
6470 2279
6470 5420
6470 5879
6471 1545
6471 8900
6471 9109
6471 7211
6471 10371
6471 11313
6471 453
6472 9174
6472 1531
6472 9037
6472 1543
6472 1139
6472 3639
6472 9700
6472 9856
6472 9858
6472 9922
6472 3919
6472 1964
6472 6258
6472 9947
6472 1564
6472 10234
6472 1395
6472 10618
6472 5782
6472 10798
6472 11002
6472 4104
6472 11439
6472 11632
6472 1825
6472 1827
6473 3012
6473 1457
6473 5393
6473 8207
6473 9100
6473 6258
6473 9730
6473 9922
6473 11255
6474 4690
6474 3987
6474 142
6474 4242
6474 5267
6475 4619
6475 2915
6475 4794
6475 3493
6475 876
6475 6572
6475 629
6475 10498
6475 11018
6475 5856
6475 5862
6475 9030
6475 7701
6475 118
6475 8842
6475 11000
6476 995
6476 1169
6476 7211
6476 8770
6476 10776
6477 10369
6477 5136
6477 7010
6477 5724
6477 7002
6477 10163
6477 8411
6477 10704
6478 69
6478 3376
6478 3589
6478 4702
6478 3193
6478 9700
6478 9947
6478 10976
6478 6258
6478 11298
6479 3754
6479 790
6479 5051
6479 835
6479 6799
6480 3938
6480 2379
6480 2335
6480 11141
6480 6751
6481 2671
6481 3605
6481 886
6481 4964
6481 5579
6481 7852
6481 5516
6481 10634
6481 5227
6481 11541
6482 2951
6482 2984
6482 9109
6482 217
6482 2261
6483 6271
6483 5288
6483 6748
6483 7289
6483 385
6484 3296
6484 5595
6484 2321
6484 1142
6484 6172
6484 252
6484 9617
6484 6445
6484 2500
6485 8779
6485 896
6485 9037
6485 1943
6485 6258
6485 10798
6485 9154
6485 6364
6485 11578
6485 56
6485 9059
6486 4189
6486 7152
6486 217
6486 5902
6486 306
6486 1076
6486 4752
6486 8837
6486 10089
6486 10769
6487 8169
6487 8131
6487 8254
6487 8250
6487 3000
6487 7094
6487 8189
6487 5573
6487 10798
6487 10903
6487 11701
6488 5147
6488 892
6488 10312
6488 9109
6488 11360
6488 10368
6488 3613
6488 10367
6488 10610
6488 10626
6488 10715
6488 11447
6489 4794
6489 275
6489 1759
6489 4413
6489 5531
6489 9411
6489 5049
6489 10020
6489 4939
6490 4923
6490 5226
6490 1464
6490 5391
6490 5228
6490 5393
6490 1624
6490 8131
6490 7796
6490 8253
6490 8382
6490 9033
6490 9260
6490 9490
6490 8207
6490 3368
6490 8208
6490 6258
6490 7694
6490 9858
6490 9856
6490 10169
6490 7629
6490 5307
6490 10271
6490 5291
6490 7693
6490 10014
6490 9243
6490 10798
6490 11185
6490 5834
6490 10913
6490 10919
6490 6096
6490 11490
6490 10811
6490 4280
6490 11780
6490 11515
6490 11136
6490 11819
6490 10446
6490 11832
6490 11835
6491 9490
6491 8572
6491 8208
6491 7694
6491 9922
6491 9775
6491 9730
6491 9857
6491 9604
6491 9856
6491 5307
6491 5291
6491 9444
6491 10236
6491 10639
6491 9733
6491 10760
6491 10633
6491 10238
6491 10271
6491 5304
6491 6729
6491 10798
6491 9319
6491 5834
6491 11185
6491 5781
6491 11098
6491 11307
6491 11523
6491 11525
6491 11521
6491 11528
6491 11526
6491 11600
6491 9735
6491 11582
6491 11579
6491 11490
6491 11664
6491 6438
6491 6445
6491 6449
6491 9734
6492 3624
6492 4870
6492 7104
6492 7781
6492 4205
6492 5717
6492 6704
6492 7926
6492 9383
6492 3613
6492 8160
6493 1905
6493 2354
6493 2420
6493 5507
6493 3358
6493 6799
6493 3336
6493 2345
6493 9109
6494 50
6494 83
6494 3589
6494 3064
6494 3506
6494 7779
6494 8449
6494 8677
6494 9772
6494 11579
6495 892
6495 9955
6495 6454
6495 6712
6495 11792
6496 5938
6496 10272
6496 2301
6496 3224
6496 5716
6497 9913
6497 2085
6497 4560
6497 5217
6497 10251
6497 6007
6497 6187
6498 5977
6498 4036
6498 7988
6498 10287
6498 10313
6498 4041
6499 7585
6499 9785
6499 8249
6499 7694
6499 9859
6499 9282
6499 9659
6499 9922
6499 9775
6499 6258
6499 7629
6499 10236
6499 10774
6499 3658
6499 10288
6499 10287
6499 7017
6499 10798
6499 5834
6499 6444
6500 8724
6500 3987
6500 7234
6500 6831
6500 8825
6500 3375
6501 8169
6501 3164
6501 9260
6501 8573
6501 8207
6501 9700
6501 10236
6501 8189
6501 4660
6501 6373
6501 5834
6501 11232
6501 8133
6502 6344
6502 6343
6502 1624
6502 7779
6502 7541
6502 7552
6502 8383
6502 3503
6502 8415
6502 9037
6502 8208
6502 8510
6502 9947
6502 7683
6502 9922
6502 9855
6502 9856
6502 9730
6502 9319
6502 8293
6502 5783
6502 5834
6502 7017
6502 8787
6502 11002
6502 11558
6502 11736
6502 10446
6503 4042
6503 7974
6503 8112
6503 234
6503 7723
6504 1624
6504 7541
6504 6363
6504 8132
6504 8385
6504 8778
6504 9033
6504 1543
6504 9852
6504 10798
6504 5304
6504 11550
6504 7417
6504 5788
6505 5679
6505 9307
6505 6206
6505 6207
6505 4545
6505 9645
6506 5069
6506 7101
6506 6563
6506 7035
6506 8382
6506 8207
6506 7684
6506 9659
6506 9100
6506 9700
6506 9855
6506 5340
6506 7629
6506 6258
6506 9730
6506 4325
6506 6330
6506 6792
6506 9378
6506 960
6506 935
6506 4982
6506 9444
6506 10236
6506 10760
6506 5333
6506 10798
6506 10169
6506 10794
6506 11490
6506 11518
6506 6444
6507 3459
6507 4032
6507 6751
6507 11373
6507 6096
6508 2
6508 8902
6508 9573
6508 1481
6508 4218
6509 1825
6509 2576
6509 2384
6509 1034
6509 2110
6510 1053
6510 613
6510 10130
6510 3243
6510 7277
6510 4238
6510 9151
6511 5226
6511 1464
6511 5016
6511 5391
6511 5105
6511 1624
6511 8131
6511 8254
6511 8449
6511 8250
6511 8251
6511 8679
6511 3164
6511 8197
6511 9037
6511 9340
6511 8208
6511 7684
6511 6860
6511 10144
6511 7629
6511 9444
6511 9519
6511 8787
6511 11131
6511 11135
6511 10917
6511 5224
6511 11578
6511 2789
6511 10446
6512 6483
6512 6485
6512 8208
6512 11074
6512 5781
6512 5834
6512 11286
6512 10793
6512 11307
6512 11308
6512 11270
6512 11540
6512 11515
6512 11780
6512 11772
6513 4996
6513 3577
6513 3997
6513 3421
6513 6312
6513 5655
6513 5211
6513 2821
6513 7265
6513 7600
6513 10979
6514 2293
6514 6493
6514 10130
6514 10739
6514 4360
6514 8331
6515 7060
6515 3750
6515 8132
6515 8417
6515 8382
6515 9011
6515 8409
6515 10169
6515 9947
6515 10995
6515 8747
6515 6258
6515 11567
6515 2873
6515 2590
6515 4091
6515 9157
6515 2068
6515 7692
6515 11675
6516 6452
6516 7186
6516 8442
6516 3405
6516 3438
6516 6451
6516 7439
6517 2753
6517 2996
6517 130
6517 10191
6517 8659
6518 4252
6518 3149
6518 2374
6518 3391
6518 9106
6519 2461
6519 3021
6519 8460
6519 357
6519 3031
6519 5318
6519 7352
6519 2575
6519 187
6519 730
6519 7510
6519 8842
6519 3839
6520 7298
6520 1320
6520 6222
6520 5935
6520 3112
6520 2281
6520 8473
6520 6799
6520 8902
6520 4451
6521 3250
6521 8493
6521 9687
6521 7781
6521 8616
6521 4991
6521 8497
6521 7203
6521 8959
6521 4218
6521 1258
6521 5120
6521 8952
6521 6685
6521 6689
6521 10017
6521 6326
6521 10023
6521 4542
6521 8738
6521 5153
6521 698
6521 8506
6521 8607
6521 531
6521 5399
6521 4317
6521 10128
6521 10843
6521 7061
6521 4765
6521 8688
6521 10046
6521 7502
6521 9377
6521 1230
6521 3950
6521 10604
6521 4204
6522 3492
6522 4052
6522 7916
6522 353
6522 9792
6522 4893
6523 3465
6523 1457
6523 5016
6523 6600
6523 771
6523 8409
6523 9340
6523 9785
6523 9100
6523 5307
6523 10823
6523 10289
6523 2815
6524 3078
6524 3742
6524 5410
6524 5470
6524 7231
6524 8466
6524 2090
6524 2636
6524 2645
6524 2654
6524 2698
6524 3730
6524 5087
6524 5090
6524 5512
6524 5513
6524 5750
6524 5751
6524 11020
6524 355
6524 1908
6524 4601
6524 5543
6524 8136
6524 8310
6524 2160
6524 2756
6524 3475
6524 7632
6524 7907
6524 9365
6525 1164
6525 3730
6525 2083
6525 5071
6525 5108
6525 2550
6525 6031
6525 6652
6525 6798
6525 8927
6525 4619
6525 11123
6525 605
6525 6966
6525 1511
6525 3245
6525 11175
6525 8793
6525 572
6525 681
6525 6656
6525 9810
6525 9976
6525 9977
6525 11250
6525 260
6525 3065
6526 4571
6526 4301
6526 6282
6526 617
6526 822
6526 3454
6526 1624
6526 6488
6526 1299
6526 6379
6527 7514
6527 9154
6527 11448
6527 11300
6527 11523
6527 11521
6527 11791
6527 11828
6528 3193
6528 6282
6528 6484
6528 9037
6528 1543
6528 9518
6528 10902
6528 11002
6528 4280
6528 11768
6529 1624
6529 6157
6529 2432
6529 9700
6529 10169
6529 6507
6529 6258
6529 9947
6529 9774
6529 9444
6529 10976
6529 7022
6529 5780
6529 7018
6529 6730
6529 5834
6529 11002
6529 741
6529 10092
6529 11518
6530 2344
6530 4032
6530 1258
6530 2386
6530 4288
6530 1510
6530 1517
6530 7430
6530 7431
6530 7370
6530 2017
6530 11362
6530 2032
6530 9175
6530 7931
6531 7088
6531 2102
6531 769
6531 1188
6531 4020
6531 4016
6531 2267
6531 8962
6531 7958
6531 809
6531 1797
6531 4921
6531 3950
6531 5935
6531 1808
6532 8415
6532 3164
6532 8409
6532 9260
6532 8208
6532 9490
6532 7694
6532 8207
6532 9705
6532 10968
6533 5004
6533 5184
6533 6172
6533 8641
6533 3675
6533 7321
6533 10312
6533 10369
6534 8417
6534 8382
6534 7514
6534 226
6534 540
6534 9700
6534 6673
6534 3658
6534 6740
6534 8328
6534 3957
6534 10735
6535 7931
6535 872
6535 8705
6535 10002
6535 7239
6535 11274
6536 6187
6536 6693
6536 9894
6536 142
6536 10949
6536 10146
6537 2358
6537 4405
6537 4969
6537 8705
6537 8345
6537 4752
6537 535
6538 1578
6538 1579
6538 2815
6538 6343
6538 9947
6538 911
6538 6592
6538 5080
6538 5931
6538 6059
6538 9530
6538 4116
6538 4955
6538 11316
6538 412
6538 9099
6538 429
6538 9138
6538 741
6538 2770
6538 11254
6538 11439
6538 770
6539 7987
6539 2985
6539 3603
6539 2536
6539 5126
6539 8184
6540 1624
6540 7779
6540 8132
6540 8131
6540 7552
6540 7036
6540 8779
6540 1543
6540 9100
6540 9659
6540 9772
6540 10234
6540 10271
6540 6258
6540 10014
6541 323
6541 2627
6541 2650
6541 7203
6541 3063
6541 7457
6541 5515
6541 5452
6541 3621
6541 9788
6542 93
6542 592
6542 8418
6542 1381
6542 24
6542 25
6542 10646
6542 3470
6542 7732
6542 9248
6543 8415
6543 9037
6543 8407
6543 8408
6543 9100
6543 10169
6543 9854
6543 9855
6543 9518
6543 8292
6543 8293
6543 7020
6543 7021
6543 6731
6543 5781
6543 7111
6543 11302
6543 11291
6543 11601
6543 11600
6543 11564
6543 11565
6543 11566
6543 11567
6543 11771
6543 11768
6543 11769
6543 11773
6544 130
6544 5777
6544 5074
6544 1624
6544 7415
6544 188
6544 7203
6544 800
6544 7201
6544 8677
6544 5554
6544 5885
6544 557
6545 6678
6545 8133
6545 9071
6545 3306
6545 8371
6545 2162
6545 3361
6546 3063
6546 2024
6546 3590
6546 3987
6546 6033
6547 5013
6547 2660
6547 7551
6547 9016
6547 7016
6547 11187
6548 6039
6548 6699
6548 9590
6548 9731
6548 6058
6548 3987
6549 5226
6549 7296
6549 6363
6549 8254
6549 8382
6549 8679
6549 9340
6549 8208
6549 9286
6549 8189
6549 9017
6549 9772
6549 3658
6549 8681
6549 11511
6549 9345
6549 11466
6550 4218
6550 529
6550 10852
6550 6693
6550 5470
6550 9888
6550 36
6551 3250
6551 5832
6551 7270
6551 7781
6551 9699
6552 4814
6552 418
6552 7723
6552 3556
6552 7813
6553 4933
6553 4923
6553 5229
6553 5391
6553 5393
6553 6344
6553 1624
6553 8449
6553 7552
6553 9659
6553 7694
6553 10169
6553 9772
6553 6258
6553 9318
6553 10976
6553 10449
6553 11098
6553 5834
6553 11232
6553 9154
6553 11254
6553 5788
6554 1839
6554 1074
6554 7667
6554 6646
6554 5963
6554 2840
6554 3347
6554 4597
6554 6597
6554 7262
6554 6188
6554 8919
6554 4881
6554 5964
6554 11102
6555 5395
6555 5228
6555 1624
6555 6486
6555 8199
6555 8602
6555 8409
6555 9490
6555 9664
6555 9011
6555 8208
6555 7683
6555 8510
6555 9100
6555 9856
6555 9947
6555 10637
6555 10639
6555 6258
6555 10497
6555 10618
6555 10976
6555 10823
6555 10798
6555 8787
6555 9319
6555 11293
6555 11135
6555 11399
6555 11156
6556 2326
6556 8654
6556 1378
6556 2781
6556 2876
6556 5760
6556 6489
6556 8139
6556 10283
6556 305
6556 4674
6556 659
6556 1304
6556 10956
6556 3953
6557 3391
6557 7792
6557 8739
6557 10050
6557 8710
6557 4327
6557 6986
6557 11179
6557 4858
6558 4582
6558 4042
6558 5583
6558 9109
6558 8812
6559 4294
6559 1503
6559 1020
6559 8628
6559 3435
6559 8093
6559 6182
6559 8754
6560 4050
6560 2018
6560 7824
6560 6970
6560 10606
6561 8604
6561 896
6561 8408
6561 9037
6561 9282
6561 9700
6561 9773
6561 9100
6561 10202
6561 10234
6561 6258
6561 5834
6561 6885
6561 6864
6561 11375
6561 6826
6561 4280
6561 770
6561 11118
6562 5226
6562 8677
6562 8249
6562 8093
6562 10276
6562 6774
6562 11702
6562 11516
6562 1825
6562 6438
6562 11828
6563 9444
6563 10236
6563 10639
6563 10637
6563 10497
6563 10201
6563 10759
6563 9318
6563 10823
6563 5780
6563 10271
6563 10798
6563 9690
6563 11130
6563 11131
6563 11132
6563 5834
6563 11098
6563 11196
6563 11232
6563 8681
6563 10600
6563 10911
6563 10912
6563 10913
6563 10917
6563 10919
6563 11307
6563 11308
6563 11483
6563 11329
6563 11543
6563 11582
6564 1481
6564 1494
6564 7622
6564 3539
6564 7587
6564 1957
6564 4949
6565 3558
6565 5800
6565 4131
6565 597
6565 4813
6565 133
6565 2578
6565 5293
6565 8789
6565 4112
6565 1690
6565 8678
6565 672
6565 6376
6565 7790
6565 8675
6565 8610
6565 5369
6565 187
6565 2257
6566 4098
6566 118
6566 3166
6566 6906
6566 1780
6566 2175
6566 2165
6566 9150
6566 11181
6566 802
6566 10216
6566 7383
6567 9851
6567 8929
6567 4185
6567 9302
6567 6799
6567 8858
6567 8896
6567 7877
6568 6258
6568 5783
6568 8787
6568 7017
6568 6731
6568 11565
6569 5229
6569 3999
6569 4035
6569 9506
6569 7860
6569 3164
6569 9659
6569 10236
6569 5834
6569 11232
6569 11399
6569 2271
6569 6020
6570 4730
6570 3193
6570 3457
6570 5228
6570 6482
6570 6486
6570 7060
6570 9179
6570 7683
6570 7694
6570 9772
6570 11098
6570 11635
6570 1825
6571 8449
6571 8208
6571 6258
6571 9730
6571 11736
6572 6186
6572 2294
6572 6057
6572 3096
6572 5439
6572 4985
6572 10127
6572 5442
6572 5852
6572 6107
6572 9166
6572 5046
6572 11323
6572 10386
6573 3063
6573 7796
6573 8199
6573 8132
6573 8417
6573 7514
6573 9067
6573 9011
6573 1983
6573 9450
6573 9603
6573 9521
6573 11439
6573 7471
6573 11701
6573 11777
6574 3342
6574 8971
6574 3620
6574 2791
6574 3073
6574 5872
6574 5964
6574 7904
6574 8107
6574 10393
6574 5913
6574 3018
6575 3184
6575 1860
6575 9021
6575 6138
6575 11000
6575 7813
6575 9701
6575 1071
6575 7645
6575 7764
6576 7408
6576 8582
6576 11459
6576 8154
6576 8410
6576 3058
6577 8006
6577 6624
6577 4177
6577 4507
6577 7646
6577 8991
6577 5903
6577 3079
6577 4237
6577 4620
6577 5470
6577 11597
6577 8323
6578 2447
6578 3063
6578 792
6578 8605
6578 3568
6579 9183
6579 9922
6579 7694
6579 9853
6579 7683
6579 9947
6579 9730
6579 9444
6579 10236
6579 10201
6579 10238
6579 10976
6579 3658
6579 10823
6579 10798
6579 7018
6579 9690
6579 10618
6579 5780
6579 7022
6579 10271
6579 5783
6579 7017
6579 8293
6579 10567
6579 11098
6579 11002
6579 10247
6579 11029
6579 11030
6579 11031
6579 6864
6579 6270
6579 11688
6579 11663
6579 11664
6579 11690
6580 9064
6580 3164
6580 8207
6580 6258
6580 9854
6580 11579
6580 11580
6580 11709
6580 11515
6581 4879
6581 549
6581 8804
6581 11447
6581 6359
6581 4416
6581 3538
6581 4858
6581 5627
6581 10581
6581 9514
6582 1257
6582 4431
6582 4400
6582 3352
6582 3457
6582 4923
6582 1457
6582 1230
6582 3516
6582 5013
6582 5011
6582 5012
6582 5611
6582 4035
6582 1624
6582 8189
6582 9490
6582 11399
6583 10313
6583 10968
6583 7026
6583 10626
6583 6239
6583 2552
6584 2941
6584 4416
6584 1688
6584 3514
6584 504
6585 3242
6585 9106
6585 11346
6585 347
6585 9235
6586 1624
6586 7060
6586 8132
6586 8449
6586 7514
6586 9067
6586 9603
6586 5291
6586 9519
6586 5834
6586 10449
6586 10182
6586 11490
6587 4426
6587 2051
6587 2053
6587 2048
6587 4113
6588 8904
6588 7781
6588 11200
6588 173
6588 11104
6588 11226
6589 6825
6589 9180
6589 2770
6589 5537
6589 7520
6590 4349
6590 5976
6590 7992
6590 10601
6590 2276
6590 10441
6590 11656
6590 3035
6590 4920
6590 6328
6591 3164
6591 7514
6591 896
6591 8407
6591 8763
6591 9340
6591 9775
6591 9922
6591 5291
6591 10236
6591 10760
6591 5783
6591 11185
6591 10289
6591 11550
6591 6096
6591 11487
6591 11516
6591 11782
6591 10092
6592 1714
6592 1547
6592 4145
6592 5309
6592 9980
6592 7325
6592 1914
6592 5607
6592 7330
6592 7332
6592 9182
6592 5399
6592 10610
6592 6649
6592 9701
6592 5564
6592 1042
6592 1240
6593 7624
6593 9583
6593 6098
6593 597
6593 2819
6593 5631
6593 10542
6593 9763
6593 10357
6593 6775
6593 3716
6593 11167
6593 1677
6594 979
6594 9206
6594 806
6594 7017
6594 3166
6594 3415
6594 6445
6594 7783
6594 2014
6594 7248
6595 271
6595 505
6595 521
6595 7781
6595 7914
6595 9885
6595 3377
6595 3909
6595 4035
6595 6826
6595 7354
6595 8616
6595 9762
6595 4382
6595 4853
6596 3462
6596 9889
6596 1801
6596 1177
6596 3613
6597 3999
6597 7974
6597 9957
6597 10501
6597 10932
6597 10368
6598 3673
6598 4977
6598 3786
6598 4138
6598 10407
6598 6699
6598 4981
6599 975
6599 1773
6599 9167
6599 9202
6599 11476
6600 5732
6600 7233
6600 4948
6600 8456
6600 6080
6600 2872
6601 4212
6601 2204
6601 338
6601 392
6601 4203
6601 3592
6601 1624
6601 6483
6601 7552
6601 8169
6601 8132
6601 8383
6601 8408
6601 9037
6601 3164
6601 8679
6601 3628
6601 7683
6601 9700
6601 9100
6601 10201
6601 10976
6601 9690
6601 10618
6601 5834
6601 11290
6601 6364
6601 9490
6601 10520
6601 11686
6602 2815
6602 6422
6602 5104
6602 2343
6602 4872
6603 6402
6603 8131
6603 8415
6603 6258
6603 9947
6603 11399
6603 11485
6603 11254
6603 11490
6604 548
6604 1166
6604 4280
6604 5549
6604 7333
6604 10473
6604 217
6605 8417
6605 3164
6605 9659
6605 9854
6605 10234
6605 9318
6606 2586
6606 5339
6606 6116
6606 5904
6606 6526
6606 4142
6606 4188
6606 10105
6606 6785
6606 10357
6606 9678
6606 1550
6606 2060
6606 4817
6606 9895
6607 3193
6607 1464
6607 6680
6607 7060
6607 7616
6607 8208
6607 10169
6607 9947
6607 6258
6607 9444
6607 10497
6607 10637
6607 10955
6607 11074
6607 10201
6607 11232
6607 11771
6608 1144
6608 3383
6608 6957
6608 998
6608 1506
6608 1860
6608 1988
6608 4669
6608 5847
6608 7417
6608 8974
6609 10369
6609 1208
6609 5435
6609 5847
6609 10525
6609 5427
6610 776
6610 1844
6610 2267
6610 4993
6610 2326
6610 5201
6610 618
6610 4017
6610 4238
6610 8213
6610 3375
6610 2464
6610 3063
6610 8076
6611 1818
6611 3355
6611 4140
6611 7078
6611 7577
6612 1580
6612 1602
6612 11781
6612 6897
6612 7892
6612 10411
6613 5229
6613 6483
6613 9037
6613 9033
6613 8763
6613 9736
6613 11767
6613 11770
6614 2256
6614 3036
6614 4666
6614 4664
6614 2001
6614 4004
6614 4047
6614 6824
6614 8679
6615 4350
6615 5395
6615 3303
6615 8131
6615 877
6615 9340
6615 10169
6615 10371
6615 9388
6616 2586
6616 81
6616 9060
6616 1084
6616 187
6617 83
6617 3884
6617 4260
6617 4923
6617 3516
6617 5016
6617 4416
6618 2191
6618 2756
6618 6836
6618 7767
6618 9588
6618 7113
6619 6784
6619 154
6619 5045
6619 5822
6619 5823
6620 4295
6620 3063
6620 4702
6620 3457
6620 5230
6620 5016
6620 3932
6620 5709
6620 6017
6620 6344
6620 6667
6620 1624
6620 7779
6620 7441
6620 8207
6620 8736
6620 9011
6620 9109
6620 836
6620 11485
6620 11606
6620 11770
6621 1852
6621 5583
6621 2268
6621 6130
6621 7869
6622 8253
6622 8778
6622 896
6622 5109
6622 4084
6622 8572
6622 8763
6622 9519
6622 10234
6622 10115
6622 10113
6622 7022
6622 10955
6622 8293
6622 8787
6622 10798
6622 11524
6622 11529
6622 11583
6622 11601
6622 11600
6622 11518
6622 6449
6622 6443
6622 1825
6622 10446
6623 1077
6623 1357
6623 4113
6623 1262
6623 2157
6623 1578
6623 6351
6624 6734
6624 2014
6624 8391
6624 1813
6624 812
6624 1393
6624 10949
6624 232
6624 2438
6624 2470
6624 5353
6624 11654
6624 2372
6624 2436
6624 6881
6624 9745
6625 5016
6625 8415
6625 8383
6625 7036
6625 8385
6625 8778
6625 6729
6625 11543
6625 11544
6625 11583
6625 11702
6626 1087
6626 629
6626 777
6626 3101
6626 6321
6626 10634
6626 3739
6626 11113
6627 8207
6627 9922
6627 8510
6627 8142
6627 9700
6627 9947
6627 7628
6627 9251
6627 9855
6627 9255
6627 10276
6627 7629
6627 6258
6627 9730
6627 9518
6627 9444
6627 10236
6627 10759
6627 9318
6627 10823
6627 9690
6627 11132
6627 11185
6627 9319
6627 11098
6627 11287
6627 7918
6627 6446
6627 11518
6627 11828
6628 2298
6628 878
6628 3269
6628 1763
6628 2895
6628 2033
6628 2142
6628 2373
6628 1268
6628 1271
6628 1528
6628 2055
6628 3884
6628 4241
6628 5312
6628 5094
6628 6258
6628 11497
6629 8383
6629 8778
6629 8599
6629 8728
6629 7684
6629 7182
6629 9519
6629 10919
6629 10794
6630 9586
6630 8385
6630 7514
6630 8408
6630 8728
6630 7585
6630 3166
6630 9690
6630 11185
6630 11522
6631 7248
6631 7255
6631 9886
6631 8243
6631 9379
6631 7489
6631 2270
6632 9410
6632 2562
6632 2563
6632 2564
6632 10262
6633 3000
6633 5679
6633 1194
6633 5516
6633 9150
6633 6138
6634 7910
6634 7613
6634 5376
6634 4384
6634 9516
6634 8394
6634 11069
6635 7976
6635 859
6635 5738
6635 3880
6635 8181
6635 400
6635 2647
6635 9795
6635 11128
6635 6184
6636 1509
6636 3363
6636 6240
6636 7119
6636 6830
6636 6693
6636 7496
6637 5226
6637 7060
6637 7541
6637 7616
6637 8449
6637 8415
6637 8132
6637 7585
6637 9067
6637 6258
6637 11496
6637 11440
6638 2365
6638 2366
6638 2522
6638 2431
6638 2510
6638 2520
6638 2509
6639 3991
6639 3145
6639 3992
6639 4007
6639 3999
6639 3995
6639 9744
6640 3457
6640 3884
6640 5230
6640 5016
6640 5011
6640 5012
6640 5013
6640 11419
6641 219
6641 6781
6641 5430
6641 5464
6641 7145
6641 4965
6641 8214
6642 3658
6642 3541
6642 413
6642 510
6642 3210
6642 3000
6642 2073
6642 11232
6642 6620
6642 11270
6642 9646
6642 11774
6643 8103
6643 8449
6643 3503
6643 8604
6643 7694
6643 9444
6643 10798
6643 11527
6643 11497
6643 11736
6643 11767
6644 5228
6644 7060
6644 8169
6644 8131
6644 6363
6644 8449
6644 7071
6644 8408
6644 9037
6644 7585
6644 9785
6644 7683
6644 11289
6644 9154
6644 8411
6644 11333
6645 3465
6645 5781
6645 1688
6645 3677
6645 3593
6645 2056
6645 1549
6645 7231
6645 1430
6645 1555
6645 2286
6645 3546
6645 7569
6645 4967
6645 5350
6645 8672
6645 5786
6645 672
6645 7298
6645 1392
6645 2318
6645 210
6645 4847
6645 2572
6645 7937
6645 6729
6645 8887
6645 2206
6645 2771
6645 4264
6645 4716
6645 5754
6645 228
6645 3415
6645 857
6646 1624
6646 1458
6646 6363
6646 5155
6646 8023
6646 9947
6646 612
6646 615
6646 10402
6646 5783
6646 11002
6646 11035
6647 2238
6647 1502
6647 4194
6647 9726
6647 10469
6647 4042
6647 10806
6648 9690
6648 2205
6648 217
6648 10797
6648 8842
6648 836
6648 10169
6648 10247
6648 11029
6648 11031
6648 11030
6648 11002
6648 11521
6648 11522
6648 11530
6648 11255
6648 11528
6648 11529
6648 5635
6648 11041
6648 11581
6648 11582
6648 11540
6648 11497
6648 11254
6648 5837
6648 8896
6648 9734
6649 4098
6649 7024
6649 5617
6649 10912
6649 238
6649 11729
6649 1920
6649 5716
6649 173
6649 7785
6649 11092
6649 9823
6649 2182
6649 714
6649 3422
6649 10464
6649 7052
6649 9593
6649 2464
6649 5307
6649 11648
6649 545
6649 10503
6650 7354
6650 3111
6650 2687
6650 10795
6650 2281
6650 5547
6651 1245
6651 3397
6651 3589
6651 4724
6651 4725
6651 4702
6651 3506
6651 3193
6651 3323
6651 4255
6651 4933
6651 1464
6651 5228
6651 6018
6651 1624
6651 7684
6651 9700
6651 9776
6651 10236
6651 5780
6651 10182
6651 11074
6651 5781
6651 7721
6651 11582
6651 8299
6651 10647
6651 10711
6651 11798
6652 8869
6652 8881
6652 4580
6652 5432
6652 8867
6652 9151
6652 1076
6653 2120
6653 1482
6653 2020
6653 1819
6653 23
6653 4843
6654 256
6654 2
6654 502
6654 2869
6654 1120
6654 3042
6654 5578
6654 8818
6654 9547
6654 10081
6655 3164
6655 9603
6655 448
6655 10919
6655 11283
6655 11529
6655 9799
6656 5228
6656 7779
6656 8103
6656 8131
6656 8449
6656 7514
6656 8207
6656 9947
6656 10798
6657 262
6657 5462
6657 6049
6657 9802
6657 10008
6658 10883
6658 8309
6658 6826
6658 9418
6658 9492
6658 362
6658 569
6658 8345
6658 11016
6659 7190
6659 4151
6659 7188
6659 6599
6659 5232
6660 6824
6660 998
6660 6845
6660 8367
6660 3663
6661 10610
6661 5964
6661 10849
6661 492
6661 7907
6661 10422
6661 10702
6661 6870
6662 4051
6662 8291
6662 4527
6662 401
6662 5978
6662 3753
6662 7049
6662 1084
6662 3491
6662 9956
6662 3032
6662 3043
6662 9176
6662 7988
6662 6878
6663 1057
6663 5765
6663 10167
6663 2023
6663 10803
6663 8318
6664 5999
6664 7560
6664 7573
6664 9736
6664 3633
6664 7290
6664 11037
6664 2795
6664 9913
6665 1464
6665 3515
6665 3516
6665 7796
6665 3164
6665 8409
6665 9340
6665 6258
6665 9775
6665 9700
6665 9100
6665 11486
6665 11485
6665 11270
6665 10092
6666 9114
6666 8636
6666 8639
6666 4189
6666 1268
6666 6783
6667 8415
6667 8382
6667 8779
6667 3164
6667 9859
6667 10169
6667 9856
6667 9857
6667 5291
6667 9733
6667 11185
6667 11775
6668 9037
6668 8572
6668 8573
6668 8249
6668 9922
6668 9855
6668 6258
6668 10234
6668 10236
6668 5308
6668 10201
6668 885
6668 7888
6668 4698
6668 5112
6668 10639
6668 10637
6668 9519
6668 10229
6668 10326
6668 10014
6668 9318
6668 4747
6668 5294
6668 5304
6668 10271
6668 11098
6668 11254
6668 6443
6669 3375
6669 1578
6669 1601
6669 3423
6669 3485
6669 10127
6669 9745
6669 3551
6669 4553
6669 6928
6669 3230
6669 10418
6669 388
6670 7442
6670 5903
6670 10760
6670 10288
6670 8681
6670 11531
6670 5917
6670 10634
6670 11156
6670 11632
6670 10811
6670 10626
6670 11744
6670 11782
6670 1827
6670 11399
6670 1825
6670 11258
6671 7694
6671 7683
6671 8510
6671 9922
6671 9947
6671 6258
6671 9730
6671 9100
6671 9109
6671 9444
6671 9700
6671 9733
6671 10201
6671 10287
6671 10618
6671 10798
6671 5834
6671 10289
6671 11232
6671 10247
6671 11378
6671 11379
6671 2609
6671 6096
6671 11606
6671 9547
6671 11156
6671 11399
6671 10626
6671 11744
6671 6445
6671 10092
6672 7049
6672 7165
6672 4249
6672 4532
6672 6994
6672 9026
6672 3161
6672 10801
6672 1477
6672 5138
6672 6106
6672 6508
6672 6710
6672 6724
6672 7416
6672 8283
6672 10110
6672 10547
6672 10962
6672 572
6672 11698
6673 7659
6673 11131
6673 11281
6673 10794
6673 8681
6673 11255
6673 11550
6673 3690
6673 9168
6673 11254
6673 11164
6673 11564
6673 11566
6673 1827
6673 6443
6673 11772
6673 1825
6673 10446
6673 11836
6674 8028
6674 9645
6674 3795
6674 5933
6674 7872
6674 9114
6674 11434
6675 6863
6675 11200
6675 11023
6675 10368
6675 11005
6675 4756
6675 9746
6676 3589
6676 8132
6676 8251
6676 10014
6676 11399
6677 1675
6677 3141
6677 687
6677 125
6677 2085
6677 9893
6677 792
6678 5814
6678 7277
6678 7676
6678 7729
6678 11625
6678 11715
6679 802
6679 1563
6679 3457
6679 3776
6679 4260
6679 2204
6679 3515
6679 3592
6679 8417
6679 8510
6679 7349
6680 7453
6680 5438
6680 830
6680 7666
6680 1126
6680 8397
6680 8586
6680 8147
6680 7531
6680 3245
6681 1726
6681 1700
6681 4028
6681 1327
6681 1821
6681 4353
6681 7911
6681 9745
6681 10754
6682 5226
6682 2447
6682 9100
6682 11002
6682 11667
6683 9236
6683 2169
6683 2573
6683 10765
6683 7154
6684 9333
6684 4273
6684 7764
6684 8772
6684 5217
6684 6100
6685 1849
6685 872
6685 3881
6685 2447
6685 6939
6685 7773
6685 4218
6685 7880
6685 1481
6685 10660
6685 10245
6685 6331
6685 7250
6686 145
6686 3248
6686 4584
6686 11416
6686 7668
6687 943
6687 2839
6687 7295
6687 1849
6687 10227
6687 8258
6687 6824
6688 5781
6688 11232
6688 10169
6688 10247
6688 11031
6688 11030
6688 11029
6688 11378
6688 11379
6688 10918
6688 10911
6688 10914
6688 10916
6688 10912
6688 10917
6688 10915
6688 11529
6688 11530
6688 2555
6688 6096
6688 2609
6688 4104
6688 11578
6688 11254
6688 11497
6688 9574
6688 11720
6688 11777
6688 6950
6689 6027
6689 273
6689 613
6689 3930
6689 6675
6689 10625
6689 5823
6690 1896
6690 912
6690 843
6690 5611
6690 6088
6690 8254
6690 8382
6690 7796
6690 8132
6690 9100
6690 10774
6690 10969
6690 11002
6690 11232
6690 11744
6690 11735
6691 3347
6691 7561
6691 6781
6691 4117
6691 4426
6691 5399
6691 7837
6691 11063
6692 1981
6692 2073
6692 4465
6692 1624
6692 4500
6692 6363
6692 8131
6692 7071
6692 8415
6692 8449
6692 7036
6692 8382
6692 8778
6692 9037
6692 8407
6692 9490
6692 1543
6692 9010
6692 9853
6692 9852
6692 9856
6692 9857
6692 9519
6692 9444
6692 10117
6692 8767
6692 9733
6692 10271
6692 10798
6692 10326
6692 10449
6692 11185
6692 11098
6692 5781
6692 11307
6692 11523
6692 5635
6692 2573
6692 11490
6692 11564
6692 6446
6692 9734
6692 11819
6692 9669
6693 7697
6693 812
6693 10754
6693 7051
6693 11219
6693 3777
6694 4653
6694 4153
6694 4590
6694 5346
6694 1110
6694 5243
6694 9210
6695 6121
6695 6431
6695 5200
6695 392
6695 3681
6695 1965
6696 2055
6696 2320
6696 2785
6696 510
6696 1686
6697 8779
6697 8207
6697 7684
6697 5304
6697 11448
6697 11194
6697 11539
6697 11579
6697 11739
6698 3456
6698 4923
6698 5229
6698 5230
6698 5391
6698 5709
6698 1624
6698 6486
6698 7060
6698 8169
6698 7541
6698 8132
6698 7071
6698 8251
6698 8254
6698 8385
6698 8598
6698 8599
6698 8208
6698 9700
6698 6258
6698 10182
6698 7683
6698 8510
6698 11002
6698 11606
6698 11819
6698 9669
6698 10092
6698 11816
6699 3457
6699 5230
6699 8211
6699 7683
6699 7694
6699 11766
6700 3884
6700 1457
6700 1230
6700 5709
6700 6486
6700 7060
6700 8199
6700 7552
6700 8189
6700 9282
6700 9700
6700 10903
6700 11285
6700 11293
6700 5788
6701 2088
6701 7349
6701 4482
6701 5305
6701 9510
6701 919
6701 8151
6701 6787
6701 4532
6702 8388
6702 3140
6702 6194
6702 6694
6702 9109
6702 6190
6702 142
6702 5865
6703 3064
6703 3589
6703 4724
6703 4730
6703 3456
6703 3457
6703 4923
6703 5226
6703 5230
6703 5016
6703 3515
6703 8169
6703 6363
6703 7552
6703 8449
6703 8382
6703 9037
6703 8211
6703 7683
6703 9947
6703 10169
6703 10117
6703 10014
6703 10326
6703 11232
6703 11740
6703 11788
6703 11772
6703 10968
6703 11831
6704 5127
6704 632
6704 6625
6704 540
6704 9013
6704 3382
6704 7643
6705 3164
6705 8763
6705 9700
6705 9854
6705 9604
6705 10955
6705 6730
6705 11283
6705 11300
6705 11521
6705 11602
6705 6596
6705 3778
6706 4235
6706 6363
6706 7514
6706 11542
6706 11184
6707 4677
6707 7596
6707 6459
6707 6542
6707 977
6707 1825
6707 7218
6707 7251
6707 2192
6707 2301
6707 7126
6707 2923
6707 5359
6707 8606
6707 5019
6707 2403
6707 7249
6707 4932
6707 9154
6707 10342
6707 7879
6707 8922
6707 7250
6707 8871
6707 896
6707 9241
6707 10241
6707 5550
6707 7328
6707 11333
6707 11206
6707 1315
6707 2285
6707 3551
6707 4996
6707 5339
6707 7248
6707 9002
6707 9212
6707 9990
6707 10591
6707 11537
6707 11680
6708 3909
6708 7627
6708 4488
6708 8977
6708 3304
6708 6935
6709 561
6709 2231
6709 8136
6709 9625
6709 572
6710 798
6710 799
6710 1995
6710 5161
6710 522
6710 4000
6710 5975
6710 4024
6710 6151
6710 6581
6710 9507
6710 8755
6711 7514
6711 8763
6711 9490
6711 7629
6711 10798
6711 5834
6711 11232
6711 11135
6712 5680
6712 2953
6712 2991
6712 6206
6712 2647
6712 5368
6713 2373
6713 2782
6713 9735
6713 9109
6713 10535
6714 8051
6714 10594
6714 10287
6714 892
6714 7824
6714 11128
6714 3236
6714 3521
6714 9701
6714 11399
6714 6552
6714 873
6714 11741
6714 2891
6714 11715
6714 11833
6715 616
6715 9963
6715 7764
6715 9474
6715 8784
6715 1403
6715 7234
6715 6957
6716 6912
6716 2747
6716 5555
6716 6786
6716 6873
6716 6875
6716 6877
6716 10176
6716 10849
6717 736
6717 821
6717 7078
6717 2311
6717 5010
6717 6258
6717 6916
6717 7572
6717 8736
6717 10240
6717 9333
6717 9630
6717 11061
6717 1676
6717 1872
6717 3836
6717 6259
6717 8391
6717 8418
6717 9694
6717 1259
6717 6957
6717 4335
6717 2674
6717 6879
6717 6049
6718 2939
6718 8077
6718 4255
6718 1098
6718 7572
6718 2948
6718 2951
6718 2961
6718 4238
6718 5675
6718 8736
6718 8516
6718 3987
6718 2394
6718 8190
6718 2134
6719 4702
6719 4724
6719 4730
6719 3776
6719 1464
6719 5395
6719 7541
6719 8189
6719 6774
6719 11774
6720 1210
6720 1818
6720 1020
6720 4963
6720 7226
6720 6619
6720 9827
6720 594
6720 1860
6720 2635
6720 6957
6720 5402
6720 9131
6721 4862
6721 6488
6721 5235
6721 8169
6721 8415
6721 8417
6721 8251
6721 3164
6721 3985
6721 8207
6721 9011
6721 8208
6721 6258
6721 9947
6721 11288
6721 248
6721 8234
6721 2099
6721 322
6721 6443
6722 1503
6722 4334
6722 6826
6722 7259
6722 1988
6722 2906
6722 9244
6722 889
6722 4121
6722 4150
6722 3120
6722 7191
6722 8381
6722 8203
6722 1394
6722 4633
6722 8376
6722 9022
6722 9206
6723 3539
6723 7781
6723 8616
6723 2888
6723 11569
6723 6308
6723 11536
6723 10852
6723 9966
6723 6724
6723 2146
6723 8430
6724 8220
6724 10718
6724 7164
6724 2014
6724 8123
6724 7056
6724 9109
6725 5228
6725 1624
6725 7779
6725 7541
6725 8131
6725 8417
6725 8415
6725 9033
6725 6774
6725 5782
6725 10976
6725 11185
6725 5781
6725 11002
6725 5788
6726 1111
6726 1398
6726 10533
6726 2737
6726 3481
6726 1046
6726 505
6726 750
6726 7563
6726 7736
6726 11338
6726 745
6726 1405
6726 1417
6726 659
6727 2160
6727 3563
6727 5416
6727 7557
6727 2158
6727 2159
6727 3613
6727 6610
6727 9150
6727 5166
6728 5016
6728 8384
6728 9100
6728 10798
6728 5780
6728 11816
6729 2520
6729 2503
6729 873
6729 877
6729 3351
6729 6044
6729 9037
6729 792
6729 8082
6729 3096
6729 9160
6729 8957
6730 5228
6730 5391
6730 1624
6730 7796
6730 8131
6730 8415
6730 8253
6730 7514
6730 9664
6730 7694
6730 10169
6730 9775
6730 9773
6730 9947
6730 10236
6730 10995
6730 10271
6730 10639
6730 10759
6730 10014
6730 10798
6730 5783
6730 10238
6730 5834
6730 9747
6730 10793
6730 11579
6730 11775
6731 6239
6731 11084
6731 9507
6731 2150
6731 4389
6732 5494
6732 5454
6732 9725
6732 10035
6732 1777
6732 6838
6733 5401
6733 2051
6733 4276
6733 5039
6733 6014
6733 5369
6733 10810
6733 6406
6734 1624
6734 3164
6734 7115
6734 8706
6734 8473
6734 9026
6734 9243
6734 11797
6735 10655
6735 284
6735 6355
6735 43
6735 5323
6735 6887
6735 11361
6735 221
6735 222
6735 380
6735 10544
6735 9980
6736 9557
6736 653
6736 4505
6736 8863
6736 10511
6736 9448
6736 10754
6736 9447
6737 8251
6737 8250
6737 8253
6737 8382
6737 6774
6737 9243
6737 10976
6737 10793
6737 10794
6738 4702
6738 4724
6738 1348
6738 3193
6738 3456
6738 3457
6738 5226
6738 1457
6738 5016
6738 5395
6738 6680
6738 8199
6738 914
6738 4690
6738 8132
6738 3503
6738 6258
6738 9444
6738 10798
6738 7334
6738 71
6739 1098
6739 7973
6739 8837
6739 613
6739 8325
6739 5122
6740 3753
6740 3671
6740 7056
6740 2662
6740 9143
6740 7683
6740 8207
6740 3096
6740 1193
6740 8510
6740 7680
6740 9700
6740 7694
6740 9775
6740 9854
6740 9773
6740 6258
6740 9712
6740 9947
6740 3058
6740 9774
6740 9444
6740 10371
6740 10113
6740 4098
6740 7442
6740 10798
6740 9243
6740 5834
6740 1851
6740 4718
6740 3715
6740 11474
6740 5635
6740 11578
6740 3184
6740 11601
6740 4280
6740 11501
6740 3474
6741 8170
6741 6577
6741 7611
6741 10782
6741 306
6741 8795
6741 5400
6741 3166
6741 1534
6742 877
6742 873
6742 3653
6742 5723
6742 6479
6742 4330
6742 4625
6742 3284
6742 6524
6742 8847
6742 9823
6742 11034
6742 5470
6742 6782
6742 10015
6742 9131
6743 6309
6743 5773
6743 7200
6743 10805
6743 8360
6744 1258
6744 1500
6744 8840
6744 10942
6744 9644
6745 3310
6745 1368
6745 3624
6745 1343
6745 1347
6745 1360
6745 10221
6745 1344
6745 1389
6746 821
6746 823
6746 1860
6746 3914
6746 9926
6746 2209
6746 6957
6746 2695
6746 9905
6746 10473
6747 320
6747 2460
6747 912
6747 3456
6747 1464
6747 5230
6747 5011
6747 5012
6747 5013
6747 6282
6747 1624
6747 7158
6747 7541
6747 8169
6747 6056
6747 5312
6747 8036
6747 8409
6747 9037
6747 8763
6747 9490
6747 8779
6747 9700
6747 6258
6747 9746
6747 9730
6747 3164
6747 8510
6747 9100
6747 9444
6747 9712
6747 10774
6747 11528
6747 11487
6747 11558
6747 11782
6747 11744
6747 1825
6748 8769
6748 8770
6748 3432
6748 2687
6748 11568
6748 7234
6748 7444
6748 9736
6748 10795
6749 4909
6749 5339
6749 8630
6749 3484
6749 5831
6750 2659
6750 1058
6750 5181
6750 2894
6750 3613
6751 5249
6751 9429
6751 4064
6751 7810
6751 9431
6751 9428
6751 692
6751 9427
6751 7255
6751 1711
6752 3613
6752 3392
6752 6677
6752 7114
6752 2509
6752 5504
6752 10770
6752 11112
6753 3376
6753 3589
6753 4702
6753 3506
6753 3456
6753 5391
6753 3063
6753 4959
6753 2050
6753 1258
6753 2051
6753 9010
6753 9282
6753 9284
6753 5573
6753 7569
6753 10236
6753 3981
6753 583
6753 11122
6753 5834
6753 806
6753 809
6753 11270
6753 10465
6753 11780
6753 2362
6753 11501
6754 1119
6754 1989
6754 6266
6754 2073
6754 3130
6754 3251
6755 412
6755 2337
6755 669
6755 27
6755 1419
6755 9790
6755 4571
6755 26
6755 512
6755 6477
6756 9749
6756 5612
6756 8930
6756 9058
6756 2578
6756 8092
6756 8164
6757 1973
6757 6767
6757 1860
6757 9753
6757 1866
6757 1348
6757 11035
6758 2286
6758 1896
6758 5953
6758 1258
6758 3666
6758 986
6758 4332
6758 3896
6758 2894
6758 592
6758 8371
6758 10167
6758 883
6758 11795
6758 1015
6758 975
6758 11249
6759 10336
6759 9609
6759 3539
6759 5370
6759 6626
6759 6857
6759 11681
6759 511
6759 2791
6759 8866
6759 9728
6759 262
6759 8386
6760 7060
6760 8131
6760 7514
6760 8763
6760 9584
6761 1259
6761 3243
6761 6433
6761 512
6761 5427
6761 7234
6761 2759
6761 795
6762 613
6762 133
6762 1321
6762 1221
6762 7207
6762 7143
6762 6039
6762 2102
6762 9540
6763 5876
6763 8344
6763 1056
6763 4157
6763 4238
6763 6042
6763 7154
6763 9469
6764 5171
6764 7442
6764 602
6764 3383
6764 7897
6765 2432
6765 7060
6765 8417
6765 8251
6765 6258
6765 9947
6765 10014
6765 3658
6765 11074
6765 11523
6765 11522
6765 8553
6765 11515
6765 11399
6766 1912
6766 5573
6766 8605
6766 8606
6766 6017
6766 8639
6767 1283
6767 3925
6767 3926
6767 3927
6767 5378
6767 8417
6767 9034
6767 11772
6768 7982
6768 6469
6768 9509
6768 4880
6768 10528
6768 883
6768 11396
6768 2447
6768 10542
6768 8428
6768 10240
6768 11589
6768 4032
6768 6751
6769 5016
6769 6488
6769 7060
6769 6069
6769 8253
6769 10371
6769 10823
6769 11290
6769 11298
6769 11285
6769 11286
6769 9109
6769 4112
6769 11782
6769 7059
6769 11816
6769 11836
6770 7694
6770 9730
6770 9857
6770 9733
6770 10639
6770 10115
6770 10637
6770 10955
6770 10823
6770 11185
6770 11098
6770 10326
6770 11232
6770 10247
6770 11525
6770 11308
6770 11287
6770 825
6770 6364
6770 11527
6770 11530
6770 7918
6770 11487
6770 11606
6770 11558
6770 11736
6770 11744
6770 11740
6770 9734
6770 770
6770 1827
6770 11675
6770 11118
6770 11399
6770 10092
6770 10446
6770 10968
6771 3770
6771 2327
6771 6077
6771 4686
6771 5833
6771 3592
6771 1624
6771 8598
6771 10902
6772 5393
6772 2254
6772 820
6772 1624
6772 257
6772 6334
6772 9064
6772 8189
6772 7684
6772 6096
6772 11600
6772 11816
6773 3015
6773 1578
6773 6873
6773 3613
6773 5587
6773 10179
6773 2301
6774 5259
6774 3985
6774 2325
6774 4233
6774 892
6775 1457
6775 5016
6775 1464
6775 5391
6775 7541
6775 8253
6775 8385
6775 10774
6776 10057
6776 1144
6776 10318
6776 509
6776 703
6776 2496
6776 2835
6776 3037
6776 4969
6776 9088
6776 10441
6776 10994
6776 10806
6776 11116
6777 6151
6777 3164
6777 6711
6777 9100
6777 11303
6777 5977
6777 10626
6777 11606
6777 11399
6777 11782
6777 6446
6777 10092
6777 10520
6777 11816
6778 9153
6778 5136
6778 6755
6778 7897
6778 9928
6778 10823
6778 10230
6778 8964
6778 11665
6779 1624
6779 5400
6779 5404
6779 6482
6779 6488
6779 7101
6779 8132
6779 6363
6779 8417
6779 8415
6779 8254
6779 8253
6779 8382
6779 8679
6779 9033
6779 8763
6779 8728
6779 8208
6779 9444
6779 6774
6779 11481
6779 9735
6780 8489
6780 9114
6780 8127
6780 10370
6780 3775
6780 9294
6781 8857
6781 4947
6781 2660
6781 8490
6781 2116
6781 4562
6782 3466
6782 3376
6782 6343
6782 1624
6782 8132
6782 6363
6782 9054
6782 8208
6782 7684
6782 5291
6782 9774
6782 11736
6783 10094
6783 6222
6783 7257
6783 11546
6783 11177
6783 10654
6784 2135
6784 6555
6784 10046
6784 10595
6784 10596
6784 10996
6784 6565
6784 10603
6784 572
6784 1873
6784 6559
6784 8479
6784 10565
6784 11187
6785 6937
6785 2225
6785 8594
6785 10591
6785 11813
6786 8244
6786 9126
6786 10463
6786 9883
6786 4022
6787 2740
6787 1432
6787 9290
6787 9748
6787 4378
6787 7573
6787 9683
6787 11764
6787 3096
6787 9521
6787 10569
6787 6646
6788 8131
6788 8132
6788 8415
6788 8449
6788 3164
6788 7585
6788 9011
6788 9490
6788 7684
6788 5307
6788 6258
6788 9100
6788 10760
6788 7369
6788 6774
6788 6731
6788 10955
6788 7721
6788 11286
6788 6096
6788 11580
6788 11270
6788 11497
6788 11791
6788 10092
6789 9067
6789 2048
6789 2050
6789 3485
6789 3909
6789 4450
6789 7892
6789 9065
6789 3072
6790 3621
6790 6676
6790 6678
6790 9663
6790 2767
6790 1124
6790 444
6790 8625
6790 11325
6790 11326
6790 10038
6790 10567
6790 11010
6791 2329
6791 6193
6791 2579
6791 2325
6791 10983
6792 6324
6792 5935
6792 9861
6792 9546
6792 10349
6793 5230
6793 5977
6793 219
6793 9746
6793 9974
6793 4633
6793 9518
6793 10626
6793 10114
6793 9733
6793 10730
6793 6774
6793 10289
6793 10729
6793 6184
6793 11232
6793 11487
6793 11606
6793 11156
6793 11518
6793 11768
6793 10321
6793 11635
6793 11819
6793 11439
6794 3501
6794 5621
6794 5364
6794 9629
6794 9632
6795 3806
6795 142
6795 3155
6795 572
6795 5369
6795 6106
6795 8437
6796 6664
6796 10745
6796 10100
6796 10885
6796 8325
6796 9508
6796 11698
6796 11568
6797 2815
6797 8778
6797 9037
6797 3164
6797 8728
6797 9319
6797 9799
6798 10700
6798 8487
6798 4035
6798 4042
6798 5445
6798 6002
6798 6311
6799 6983
6799 9955
6799 9957
6799 11485
6799 5978
6799 7987
6800 9037
6800 9857
6800 9603
6800 6258
6800 5307
6800 9774
6800 10116
6800 10236
6800 9294
6800 7164
6800 10098
6800 8755
6800 9690
6800 8596
6800 9319
6800 10289
6800 7707
6800 11484
6800 11578
6800 5788
6800 11399
6800 11546
6800 11720
6800 11782
6800 11768
6800 9799
6800 4309
6801 9665
6801 6791
6801 4938
6801 9029
6801 52
6801 6528
6801 1109
6801 857
6802 1056
6802 1224
6802 1896
6802 2025
6802 3187
6802 3453
6802 8089
6803 8632
6803 6445
6803 9675
6803 10510
6803 11110
6804 8415
6804 3164
6804 9037
6804 8208
6804 8728
6804 9853
6804 9700
6804 9856
6804 9733
6804 7369
6804 11290
6804 7373
6804 10520
6804 9799
6805 5709
6805 6077
6805 1624
6805 7101
6805 8132
6805 8131
6805 9174
6805 8407
6805 9858
6805 9100
6805 6258
6805 10236
6805 10774
6806 6145
6806 6138
6806 4700
6806 1689
6806 6857
6807 7085
6807 2955
6807 2970
6807 8912
6807 2958
6807 2948
6807 3356
6807 7676
6807 11625
6807 5659
6807 5669
6808 585
6808 3415
6808 11742
6808 5788
6808 11741
6808 11739
6808 11740
6808 10711
6809 4997
6809 1048
6809 866
6809 505
6809 1694
6809 6199
6809 3099
6809 2432
6809 3101
6809 6211
6810 2272
6810 1849
6810 3780
6810 7234
6810 8504
6810 1066
6811 2346
6811 7234
6811 1849
6811 8566
6811 1501
6811 8541
6812 5245
6812 3093
6812 1046
6812 1069
6812 6693
6812 7057
6812 3987
6813 212
6813 5933
6813 795
6813 2979
6813 3942
6814 2922
6814 5749
6814 3514
6814 612
6814 10227
6814 6071
6814 9549
6814 468
6814 5364
6814 4426
6814 6724
6814 2048
6814 8819
6814 1124
6814 10223
6814 4250
6814 5788
6814 572
6815 8604
6815 3503
6815 8599
6815 8197
6815 8598
6815 8728
6815 9260
6815 7585
6815 9659
6815 9700
6815 7684
6815 9773
6815 10774
6815 7694
6815 3501
6815 10449
6815 10793
6815 11613
6815 11156
6815 11566
6815 11399
6815 11744
6815 10321
6815 7551
6815 11816
6815 3058
6816 123
6816 160
6816 216
6816 5383
6816 2335
6817 2408
6817 1639
6817 6625
6817 10370
6817 10893
6817 10609
6817 151
6818 8253
6818 8779
6818 8207
6818 9705
6818 9100
6818 6258
6818 9852
6818 9857
6818 9444
6818 6774
6818 6731
6818 7022
6818 10798
6818 11196
6818 10918
6818 11483
6818 10916
6818 11543
6818 11329
6818 11736
6818 11664
6818 11772
6819 270
6819 6957
6819 6223
6819 7073
6819 4125
6819 2478
6819 9639
6820 3278
6820 5666
6820 5662
6820 5438
6820 4977
6821 7022
6821 5655
6821 8818
6821 11818
6821 1721
6821 11390
6821 11742
6821 11018
6822 1505
6822 1533
6822 226
6822 2449
6822 2486
6822 1909
6822 1910
6822 8131
6822 3166
6822 7694
6822 10114
6822 10117
6822 5834
6822 11601
6822 11568
6823 2073
6823 5287
6823 4619
6823 203
6823 5788
6824 292
6824 291
6824 8943
6824 9564
6824 8826
6825 6403
6825 6703
6825 8417
6825 8382
6825 8415
6825 7514
6825 9037
6825 8763
6825 1432
6825 9260
6825 6258
6825 7694
6825 9254
6825 9857
6825 9733
6825 10014
6825 11185
6825 11098
6825 11196
6825 10169
6825 11135
6825 836
6825 11448
6825 11539
6825 11481
6825 11640
6825 5788
6825 10811
6825 11765
6825 11698
6825 11816
6826 3953
6826 6607
6826 3000
6826 511
6826 4179
6826 6188
6826 7064
6826 8077
6826 8078
6826 11085
6827 6736
6827 4855
6827 8218
6827 876
6827 5977
6827 7354
6828 1098
6828 6133
6828 4379
6828 6102
6828 6605
6828 8849
6828 1860
6828 3447
6828 8868
6828 1073
6828 1865
6829 7765
6829 10370
6829 2509
6829 7509
6829 11406
6830 8567
6830 1061
6830 4239
6830 8832
6830 8863
6830 8891
6830 8894
6830 3658
6830 6627
6830 4771
6830 11567
6831 3376
6831 3589
6831 4702
6831 3516
6831 5391
6831 8131
6831 8132
6831 7514
6831 8602
6832 7668
6832 168
6832 170
6832 1860
6832 1845
6832 9189
6832 4849
6832 9779
6832 5933
6832 1998
6832 10169
6832 2599
6832 1248
6832 169
6832 10297
6832 5385
6832 11087
6832 11086
6832 11151
6832 11507
6832 2819
6832 8675
6832 11739
6832 2596
6832 434
6832 6512
6832 8851
6832 10370
6832 11007
6832 6808
6832 1446
6832 2698
6833 6200
6833 6190
6833 6610
6833 6613
6833 11702
6833 11439
6833 11774
6833 11776
6834 8679
6834 8409
6834 7585
6834 8407
6834 8408
6834 7683
6834 7694
6834 9947
6834 6258
6834 9700
6834 9730
6834 9856
6834 8208
6834 9037
6834 9490
6834 9100
6834 896
6834 3164
6834 9444
6834 10234
6834 9733
6834 10236
6834 10201
6834 10326
6834 9318
6834 10182
6834 11074
6834 10618
6834 10976
6834 5783
6834 9319
6834 9690
6834 10798
6834 11130
6834 11131
6834 11132
6834 7017
6834 5834
6834 6730
6834 6410
6834 10600
6834 11232
6834 11135
6834 11379
6835 1072
6835 5395
6835 1481
6835 1582
6835 3096
6835 8131
6835 8449
6835 821
6835 9280
6835 9100
6835 944
6835 6326
6835 10259
6835 6443
6835 6444
6835 11791
6835 11675
6836 7584
6836 8729
6836 8135
6836 8726
6836 8728
6837 4469
6837 4585
6837 9061
6837 7937
6837 8616
6837 8410
6837 9593
6837 11400
6838 4929
6838 4951
6838 5581
6838 4555
6838 412
6838 1722
6838 5706
6838 10258
6839 1014
6839 7273
6839 4822
6839 2867
6839 2024
6840 6508
6840 9556
6840 11824
6840 459
6840 2106
6840 8900
6840 8456
6841 3193
6841 3884
6841 5226
6841 1464
6841 5016
6841 6680
6841 1624
6841 8572
6841 9340
6841 9067
6841 9286
6841 7629
6841 9776
6841 10288
6841 10798
6841 9747
6841 11485
6841 11486
6841 11613
6841 6984
6841 11484
6841 11487
6841 10626
6841 11399
6841 10321
6842 2378
6842 3063
6842 1880
6842 3677
6842 5494
6842 3804
6842 3805
6842 6262
6842 1350
6842 1363
6842 1373
6842 3492
6842 1163
6842 7551
6842 3263
6842 5820
6842 792
6842 3262
6842 4633
6842 5615
6842 5860
6842 4024
6842 4218
6842 3832
6842 7816
6842 7032
6842 3229
6842 9178
6842 9593
6842 11112
6843 5103
6843 8682
6843 5402
6843 9568
6843 11161
6843 11398
6843 6009
6843 8861
6843 5
6843 909
6843 1258
6843 2162
6843 4698
6844 464
6844 2872
6844 11085
6844 11264
6844 11789
6845 2899
6845 9150
6845 639
6845 5219
6845 9490
6845 613
6845 2759
6845 7773
6845 11213
6845 809
6845 2520
6845 11368
6845 1767
6845 8238
6846 3589
6846 3063
6846 4730
6846 5978
6846 5976
6846 3658
6846 6731
6846 598
6847 3400
6847 7170
6847 7308
6847 5441
6847 6207
6847 7803
6847 9987
6847 128
6847 7006
6847 6125
6847 3432
6847 4023
6847 9151
6848 2158
6848 9370
6848 11691
6848 2155
6848 2160
6849 8169
6849 9037
6849 9033
6849 6258
6849 9776
6850 553
6850 554
6850 555
6850 619
6850 968
6851 5613
6851 6453
6851 7561
6851 3449
6851 3288
6851 5865
6851 7639
6852 5226
6852 6363
6852 8384
6852 8131
6852 8779
6852 9037
6852 8778
6852 8407
6852 8408
6852 8409
6852 9857
6852 9518
6852 10271
6852 10638
6852 5781
6852 11515
6852 11819
6852 11439
6853 5583
6853 5865
6853 4862
6853 7688
6853 1957
6853 6514
6853 3615
6854 797
6854 219
6854 5676
6854 6388
6854 6488
6854 6638
6854 6717
6854 7717
6854 7753
6854 1819
6854 5294
6854 4053
6855 448
6855 2891
6855 2274
6855 859
6855 887
6855 11350
6855 5013
6856 8777
6856 6419
6856 130
6856 10286
6856 4733
6857 4330
6857 2578
6857 8365
6857 5787
6857 6824
6857 1122
6857 9383
6857 3106
6857 5874
6857 5876
6857 5879
6857 6225
6857 4156
6858 7354
6858 9725
6858 9744
6858 9974
6858 10302
6858 10368
6858 10958
6858 7813
6858 10075
6858 10730
6859 6739
6859 6994
6859 7410
6859 7890
6859 8809
6859 9956
6860 1062
6860 4187
6860 3365
6860 969
6860 3265
6861 1270
6861 7557
6861 9745
6861 9353
6861 11220
6862 5016
6862 5391
6862 6077
6862 6343
6862 4586
6862 1624
6862 4284
6862 7101
6862 8415
6862 8449
6862 8131
6862 7552
6862 8417
6862 7617
6862 9010
6862 8208
6862 9283
6862 9284
6862 9730
6862 10371
6862 10289
6862 5834
6862 11487
6862 11399
6862 11156
6862 770
6862 6449
6863 4554
6863 5696
6863 7819
6863 5698
6863 5700
6864 1084
6864 1734
6864 3390
6864 5720
6864 6620
6864 6625
6864 8397
6864 334
6864 2014
6864 2759
6864 3987
6864 5432
6864 7894
6864 8675
6864 9676
6864 3368
6864 11219
6865 4350
6865 3516
6865 8169
6865 6363
6865 7552
6865 7071
6866 7617
6866 9858
6866 10760
6866 3658
6866 9243
6866 5834
6866 7721
6866 8681
6866 9612
6866 11579
6867 859
6867 1695
6867 1870
6867 5121
6867 6707
6867 6709
6868 6433
6868 227
6868 2936
6868 9506
6868 7914
6868 8931
6868 2284
6868 6190
6869 4005
6869 2843
6869 2855
6869 5393
6869 6347
6869 6017
6869 4976
6869 1624
6869 8169
6869 8254
6869 8385
6869 8189
6869 9922
6869 4085
6869 10289
6869 4042
6869 11399
6869 11485
6869 11484
6869 6096
6869 11558
6869 11515
6869 1827
6869 11439
6869 11675
6870 820
6870 6248
6870 4255
6870 5016
6870 5228
6870 6018
6871 1188
6871 3063
6871 6680
6871 4572
6871 2272
6871 3658
6871 604
6871 2373
6871 6147
6871 477
6871 11720
6871 6443
6871 11791
6872 5781
6872 1904
6872 2316
6872 4601
6872 5823
6872 6674
6872 7524
6872 8515
6872 8616
6872 4071
6872 928
6872 1228
6872 3621
6872 9378
6872 10480
6872 11204
6872 5300
6873 3397
6873 3466
6873 3376
6873 4724
6873 4725
6873 5391
6873 6444
6874 796
6874 3261
6874 4405
6874 8582
6874 9240
6874 9350
6875 1240
6875 4140
6875 7033
6875 3692
6875 6733
6875 10556
6875 11405
6876 5390
6876 6077
6876 1624
6876 6488
6876 6483
6876 7617
6876 8132
6876 9490
6876 7694
6876 9853
6876 10287
6876 5834
6876 11788
6877 5228
6877 3515
6877 7541
6877 7864
6877 8510
6877 11566
6877 5788
6878 1663
6878 1979
6878 2199
6878 4032
6878 4157
6878 4770
6878 9540
6879 1844
6879 9209
6879 6807
6879 436
6879 4826
6879 5136
6879 7033
6879 7998
6879 8692
6879 8373
6879 3692
6879 9799
6879 6649
6879 7643
6880 10236
6880 10371
6880 10759
6880 10760
6880 10238
6880 10955
6880 9318
6880 5834
6880 8681
6880 11582
6880 6096
6880 11600
6880 5788
6880 10237
6880 11742
6880 11766
6880 11773
6880 5496
6881 11661
6881 9387
6881 10492
6881 10806
6881 7483
6881 3368
6882 1264
6882 4916
6882 3479
6882 5009
6882 7578
6883 4253
6883 2948
6883 2984
6883 173
6883 7928
6883 6937
6883 7485
6883 723
6883 726
6883 705
6883 6198
6883 10393
6883 11275
6883 7482
6883 5459
6884 820
6884 6901
6884 10031
6884 6404
6884 9828
6884 10329
6885 7046
6885 9575
6885 8412
6885 8690
6885 1057
6885 3454
6885 8616
6885 10551
6885 3356
6885 3336
6885 4837
6886 8763
6886 9785
6886 9507
6886 9705
6886 8510
6886 10236
6886 10760
6886 7369
6886 11185
6886 11399
6886 11601
6886 11496
6886 11739
6886 11740
6886 11118
6887 1984
6887 2604
6887 6102
6887 9010
6887 8235
6887 2125
6887 4462
6887 8207
6887 8208
6887 7683
6887 9700
6887 7694
6887 6258
6887 10236
6887 10903
6887 10182
6887 10798
6887 11496
6887 11701
6888 687
6888 4772
6888 7859
6888 2613
6888 3000
6889 5163
6889 512
6889 6738
6889 7107
6889 5675
6889 10893
6889 11577
6890 8189
6890 7984
6890 8804
6890 6736
6890 9507
6891 5228
6891 9490
6891 10794
6891 9154
6891 10793
6891 8972
6891 11567
6892 3493
6892 856
6892 2085
6892 3513
6892 5217
6892 11018
6892 1738
6893 6396
6893 301
6893 3613
6893 5044
6893 11568
6893 668
6893 2845
6894 5229
6894 5016
6894 6488
6894 8677
6894 7755
6894 9037
6894 10449
6894 11280
6894 7945
6895 2427
6895 5504
6895 3831
6895 4499
6895 5707
6896 4969
6896 6190
6896 2942
6896 7723
6896 2956
6896 8264
6897 1578
6897 4893
6897 6189
6897 8304
6897 7633
6898 1161
6898 10072
6898 10503
6898 210
6898 8094
6898 11795
6898 2531
6899 1957
6899 5840
6899 6822
6899 3975
6899 3980
6899 1418
6900 1748
6900 5519
6900 4325
6900 6325
6900 10531
6900 11041
6901 4702
6901 3776
6901 4730
6901 4933
6901 5226
6901 5229
6901 5230
6901 5395
6901 6077
6901 1624
6901 7060
6901 6188
6901 8132
6901 2709
6901 8778
6901 8779
6901 8251
6901 8254
6901 7571
6901 8169
6901 7628
6901 9100
6901 6258
6901 10236
6901 10201
6901 537
6901 995
6901 11254
6901 9915
6901 5507
6901 11336
6901 6446
6901 8063
6901 11735
6901 11740
6901 720
6901 11686
6902 9121
6902 11204
6902 3236
6902 5870
6902 8842
6902 2464
6902 4380
6902 4901
6902 3240
6902 9507
6902 7026
6903 7907
6903 118
6903 365
6903 9333
6903 10741
6903 10622
6904 6678
6904 9508
6904 2855
6904 5717
6904 6781
6904 7306
6904 11026
6904 807
6904 7019
6904 7216
6904 8551
6905 1132
6905 3153
6905 4035
6905 4429
6905 7677
6905 4941
6905 2137
6905 9448
6905 8318
6905 11377
6905 11568
6905 2687
6906 3164
6906 8208
6906 1192
6906 6258
6906 10639
6906 5152
6906 11791
6906 11776
6906 11822
6907 4858
6907 6005
6907 2812
6907 7405
6907 8120
6907 9546
6908 6751
6908 6499
6908 7168
6908 1142
6908 7570
6909 1899
6909 1900
6909 5047
6909 10019
6909 10568
6909 10666
6909 3621
6909 1449
6909 11337
6910 5230
6910 3515
6910 7101
6910 7796
6910 8417
6910 8778
6910 8408
6910 9260
6910 8572
6910 8208
6910 7683
6910 9100
6910 9775
6910 7694
6910 6258
6910 9947
6911 4602
6911 5087
6911 1335
6911 6762
6911 4953
6911 1121
6911 2164
6911 10337
6911 2136
6911 7880
6911 7405
6911 9886
6911 10994
6911 3551
6911 6718
6911 1475
6911 5241
6911 6530
6911 1616
6911 10066
6911 5238
6912 8384
6912 8604
6912 9712
6912 11074
6912 11294
6912 4104
6912 4583
6912 9092
6912 11600
6913 1325
6913 1330
6913 1310
6913 6247
6913 805
6914 4273
6914 2030
6914 7142
6914 7617
6914 11520
6915 880
6915 3175
6915 871
6915 4997
6915 6627
6916 1605
6916 1576
6916 6607
6916 9311
6916 4977
6917 935
6917 5720
6917 8417
6917 8415
6917 8102
6917 7525
6917 3681
6917 5167
6917 8763
6917 7683
6917 9858
6917 9604
6917 7629
6917 5215
6917 11185
6917 7551
6917 10395
6917 11539
6917 6096
6917 10396
6918 7129
6918 7354
6918 9445
6918 4532
6918 10626
6919 2397
6919 5346
6919 5233
6919 7020
6919 6290
6919 9366
6920 2579
6920 7796
6920 5668
6920 11129
6920 5926
6921 143
6921 9109
6921 3508
6921 9957
6921 11145
6921 11695
6922 4151
6922 7361
6922 9571
6922 6889
6922 9925
6922 10318
6923 321
6923 9490
6923 9148
6923 7629
6923 9603
6923 9733
6923 10798
6923 11074
6923 9612
6923 6096
6923 11568
6924 4718
6924 76
6924 2834
6924 7916
6924 4521
6925 6102
6925 3073
6925 8024
6925 3311
6925 320
6925 1194
6925 11563
6925 9209
6926 82
6926 505
6926 734
6926 2595
6926 4594
6926 5315
6926 7677
6926 10838
6926 3356
6926 1743
6926 836
6927 9125
6927 9587
6927 369
6927 187
6927 6240
6927 1622
6927 3417
6927 10628
6928 1125
6928 6724
6928 7897
6928 6879
6928 8849
6928 2062
6928 3066
6929 5390
6929 5837
6929 1624
6929 6486
6929 7060
6929 7796
6929 8131
6929 8132
6929 8415
6929 3071
6929 8408
6929 1337
6930 2132
6930 5384
6930 77
6930 5826
6930 3369
6930 6356
6930 7322
6930 195
6930 8944
6930 8685
6930 201
6930 6654
6930 3424
6930 97
6930 9487
6930 462
6930 6405
6931 1821
6931 808
6931 6966
6931 3128
6931 1575
6931 809
6931 1270
6931 2062
6931 7510
6931 1734
6931 9223
6932 7629
6932 6258
6932 9947
6932 10271
6932 10618
6932 10902
6933 2648
6933 1624
6933 3405
6933 7796
6933 8208
6933 9490
6933 8207
6933 10169
6933 9700
6933 7721
6933 11613
6933 7984
6933 5977
6933 9507
6933 9109
6933 11399
6933 10092
6934 1565
6934 1860
6934 2053
6934 1703
6934 2946
6934 8246
6934 495
6934 42
6935 5391
6935 3192
6935 822
6935 3142
6935 1624
6935 3592
6935 7035
6935 6363
6935 8417
6935 8382
6935 8779
6935 7514
6935 8598
6935 3164
6935 1731
6935 10367
6935 9444
6935 1681
6935 7380
6935 9684
6935 9806
6935 10082
6935 10271
6935 10287
6935 10798
6935 4040
6935 10718
6935 3481
6935 9540
6935 5736
6935 11638
6936 1860
6936 10755
6936 1020
6936 3614
6936 10740
6936 2759
6937 1697
6937 6497
6937 6799
6937 7234
6937 4033
6937 6786
6937 7193
6937 8842
6937 6048
6937 8865
6937 5568
6937 3927
6937 1484
6937 11609
6937 2230
6937 6625
6938 3465
6938 3589
6938 3193
6938 1457
6938 4923
6938 5395
6938 8131
6938 8449
6938 7101
6938 7585
6938 7683
6938 7684
6938 9856
6938 6774
6938 11292
6938 6364
6938 11529
6938 11041
6938 11782
6939 4182
6939 804
6939 5441
6939 5443
6939 2052
6939 5977
6939 8254
6939 8417
6939 8382
6939 9064
6939 896
6939 8249
6939 9286
6939 9603
6939 5307
6939 10995
6939 10638
6939 11484
6939 11513
6939 11611
6939 11568
6939 11518
6940 338
6940 3833
6940 7123
6940 994
6940 3613
6940 4293
6940 741
6940 3015
6940 130
6941 9030
6941 1115
6941 2154
6941 11208
6941 2146
6941 3080
6941 5317
6941 10337
6941 1605
6941 8551
6941 10318
6941 9247
6941 10119
6941 6177
6942 3954
6942 1301
6942 8912
6942 176
6942 2704
6943 4276
6943 6497
6943 7491
6943 2282
6943 9474
6943 10004
6943 4151
6943 11662
6943 7941
6943 5137
6943 6649
6943 1742
6943 7509
6943 8196
6943 7157
6944 7153
6944 386
6944 2116
6944 3278
6944 4763
6944 921
6944 8594
6944 345
6944 3229
6944 4945
6944 3363
6944 5338
6944 2698
6944 8895
6944 10908
6944 4939
6944 1378
6944 9980
6944 7898
6944 6856
6944 10568
6944 6910
6944 1177
6945 4628
6945 1055
6945 3832
6945 5457
6945 9558
6945 8849
6945 9294
6946 540
6946 412
6946 554
6946 838
6946 555
6946 7552
6946 6258
6946 9100
6946 9947
6946 5166
6946 11675
6946 1906
6947 4389
6947 7796
6947 8382
6947 8779
6947 8211
6947 9855
6947 9603
6947 5307
6947 10633
6947 6774
6947 11117
6947 10449
6947 11185
6947 825
6947 11524
6947 11041
6947 11528
6947 11558
6947 1827
6947 10446
6948 8931
6948 5788
6948 8213
6948 868
6948 4969
6948 402
6948 7265
6948 7879
6948 9311
6948 2977
6949 10576
6949 1369
6949 4061
6949 11197
6949 11198
6949 2850
6949 3430
6949 9988
6950 1629
6950 2374
6950 6966
6950 9056
6950 1579
6950 1602
6950 1578
6950 6600
6951 9051
6951 3355
6951 884
6951 4128
6951 2894
6951 511
6951 10655
6951 1252
6952 2658
6952 1495
6952 5602
6952 1893
6952 3390
6952 1943
6952 1261
6952 672
6952 895
6952 10869
6952 7475
6952 1327
6952 11462
6953 7683
6953 9773
6953 9517
6953 9538
6953 9712
6953 9774
6953 1351
6953 7721
6953 8159
6953 187
6953 11768
6953 10968
6954 1182
6954 5289
6954 5648
6954 8011
6954 1503
6955 4809
6955 5865
6955 6651
6955 742
6955 3000
6955 5840
6955 6096
6955 6204
6955 7120
6955 7896
6955 10262
6956 10760
6956 3613
6956 10658
6956 3482
6956 8007
6956 8391
6956 5865
6956 9532
6956 64
6956 1569
6956 7052
6956 10446
6956 1827
6957 6386
6957 1134
6957 6490
6957 7353
6957 9299
6957 1157
6958 9448
6958 10367
6958 11374
6958 3689
6958 5425
6959 4712
6959 4098
6959 6385
6959 9453
6959 2031
6960 479
6960 8449
6960 8251
6960 8382
6960 8763
6960 9183
6960 7694
6960 659
6960 10169
6960 306
6960 10236
6960 11185
6960 11483
6960 11255
6960 11524
6960 11526
6960 4104
6960 10073
6960 10106
6960 11156
6960 6737
6960 9508
6960 4280
6960 11739
6960 11399
6960 10321
6960 11819
6960 10968
6960 11822
6961 423
6961 4782
6961 5162
6961 8334
6961 10852
6961 912
6961 10806
6961 11168
6961 3930
6961 6693
6961 5608
6961 10215
6961 11613
6961 3987
6961 10729
6961 10503
6961 7129
6961 11507
6961 883
6961 2062
6961 7136
6961 11249
6961 11383
6962 3589
6962 4702
6962 3063
6962 3515
6962 711
6962 7864
6962 9947
6962 3808
6962 11377
6962 825
6962 11568
6962 11752
6962 11675
6962 10107
6963 1297
6963 3375
6963 4426
6963 3833
6963 3686
6963 8132
6963 10104
6963 2166
6963 8721
6963 1296
6963 507
6963 511
6963 5658
6963 4543
6964 8449
6964 8250
6964 8385
6964 6873
6964 1543
6964 8763
6964 8211
6964 7694
6964 9700
6964 9947
6964 9773
6964 10234
6964 5512
6964 5513
6964 10236
6964 10760
6964 10238
6964 9318
6964 10798
6964 9747
6964 10169
6964 11530
6964 11531
6964 4104
6964 6096
6964 11558
6964 11481
6964 11567
6964 11632
6964 5788
6964 11439
6964 1827
6964 11766
6964 2931
6964 11675
6964 6869
6965 67
6965 507
6965 4093
6965 4250
6965 4353
6965 10655
6966 3613
6966 8489
6966 7376
6966 4293
6966 3234
6966 6592
6967 4974
6967 8032
6967 1917
6967 1923
6967 9055
6967 9056
6967 10355
6967 1252
6968 1259
6968 2951
6968 2953
6968 9171
6968 10298
6969 2986
6969 1259
6969 1069
6969 4651
6969 1074
6970 1637
6970 6017
6970 3825
6970 6484
6970 4713
6970 7060
6970 5034
6970 8417
6970 9700
6970 10600
6970 8334
6971 4345
6971 10194
6971 3368
6971 1633
6971 10544
6971 1020
6971 6764
6971 11065
6971 2156
6971 7270
6971 5997
6971 3501
6971 1941
6971 3744
6971 3746
6971 3748
6971 4025
6971 5380
6971 7657
6971 9392
6971 6765
6972 3456
6972 1624
6972 6486
6972 7541
6972 9947
6972 9260
6972 5834
6972 11296
6972 11399
6973 1943
6973 6167
6973 9136
6973 6234
6973 158
6974 1464
6974 7860
6974 9174
6974 9033
6974 9659
6974 9700
6974 10169
6974 8510
6974 9947
6974 7694
6974 6258
6974 5834
6974 11300
6974 11740
6975 1479
6975 5933
6975 6625
6975 8955
6975 10368
6975 8616
6975 9048
6975 9745
6976 4855
6976 5976
6976 4390
6976 9324
6976 217
6977 10798
6977 5629
6977 9294
6977 7976
6977 7974
6977 4553
6977 9723
6977 9955
6977 5834
6977 7125
6977 1202
6977 6145
6977 9626
6977 10453
6977 7959
6977 11232
6977 11526
6977 11528
6977 11531
6977 11522
6977 11524
6977 11527
6977 7141
6977 11041
6977 11539
6977 11543
6977 11582
6977 11550
6977 11544
6977 6443
6977 11122
6977 9558
6978 4188
6978 2939
6978 7154
6978 1110
6978 4540
6979 3506
6979 3193
6979 4350
6979 4923
6979 5226
6979 5229
6979 5230
6979 5395
6979 5611
6979 1624
6979 6483
6979 7541
6979 8449
6979 8382
6979 8779
6979 3164
6979 9064
6979 9037
6979 9034
6979 9100
6979 9730
6979 9947
6979 6258
6979 9444
6979 10201
6979 10798
6979 11232
6979 7551
6979 11486
6979 7365
6979 7435
6979 5976
6979 11156
6979 11782
6979 11399
6979 11735
6979 11439
6980 8849
6980 718
6980 9109
6980 10368
6980 10626
6981 461
6981 1973
6981 5226
6981 1464
6981 621
6981 6017
6981 7102
6981 9037
6981 9730
6981 1876
6981 3058
6981 5231
6981 9501
6981 10271
6981 5781
6981 11497
6981 11540
6981 11741
6981 10968
6981 11822
6982 3883
6982 1849
6982 649
6982 3670
6982 4965
6982 10510
6982 1010
6983 655
6983 1604
6983 1842
6983 550
6983 1246
6983 5950
6983 5871
6983 7009
6983 1680
6983 5857
6983 11279
6984 7537
6984 3613
6984 4162
6984 5655
6984 5673
6984 5675
6985 7779
6985 896
6985 3164
6985 8407
6985 8728
6985 9584
6985 8408
6985 8409
6985 8510
6985 9853
6985 7683
6985 7369
6985 6364
6985 11736
6985 4280
6985 11771
6985 11791
6985 10446
6986 1624
6986 5622
6986 11481
6986 11583
6986 512
6987 8415
6987 8385
6987 132
6987 7514
6987 9037
6987 8763
6987 9730
6987 10798
6987 10567
6987 11511
6987 6365
6987 6126
6988 2118
6988 3951
6988 2347
6988 5342
6988 4294
6988 1482
6989 671
6989 3961
6989 2491
6989 9674
6989 1898
6989 10078
6989 2388
6990 3402
6990 3739
6990 3734
6990 76
6990 3699
6990 3263
6990 9533
6990 5717
6990 1682
6990 10626
6990 4328
6990 2809
6990 3291
6990 4523
6990 1875
6990 2867
6991 4083
6991 2284
6991 10604
6991 11264
6991 512
6992 1202
6992 8140
6992 9116
6992 6046
6992 6099
6993 4006
6993 4035
6993 5464
6993 7148
6993 3092
6993 11228
6993 10216
6993 623
6993 11638
6993 2776
6994 7511
6994 10852
6994 11536
6994 7485
6994 9816
6995 3456
6995 3884
6995 4923
6995 5391
6995 1624
6995 8384
6995 8778
6995 9730
6995 212
6995 11788
6995 11816
6996 2475
6996 631
6996 3850
6996 10682
6996 10784
6997 3465
6997 3589
6997 3063
6997 6248
6997 4702
6997 4725
6997 4730
6997 5229
6997 1624
6997 8417
6997 8603
6997 9923
6997 9700
6997 7694
6997 9100
6997 9444
6997 10236
6997 10976
6997 9243
6997 10798
6997 9747
6997 11772
6998 9829
6998 8437
6998 857
6998 1629
6998 2408
6998 3792
6998 6114
6998 9051
6998 10944
6998 572
6998 8418
6998 8948
6998 10110
6999 1860
6999 3109
6999 1073
6999 4238
6999 1957
6999 5047
6999 2284
6999 4437
6999 8437
7000 613
7000 5395
7000 6363
7000 8132
7000 7552
7000 10798
7000 7918
7000 11401
7000 11797
7000 11798
7001 806
7001 1357
7001 5839
7001 2649
7001 7658
7001 875
7001 9027
7001 9507
7001 7211
7001 592
7001 365
7001 429
7001 8934
7002 3630
7002 4606
7002 6395
7002 1491
7002 2057
7002 6030
7002 7517
7002 534
7002 10545
7003 6343
7003 7101
7003 7779
7003 7060
7003 8253
7003 7860
7003 896
7003 9490
7003 5293
7003 9859
7003 2411
7003 4318
7004 7629
7004 9604
7004 9857
7004 6258
7004 9519
7004 9776
7004 10236
7004 9446
7004 7442
7004 10201
7004 5781
7004 9700
7004 9733
7004 10995
7004 5834
7004 10798
7004 11030
7004 11029
7004 11232
7004 10912
7004 10913
7004 11135
7004 9612
7004 11550
7004 11522
7004 7918
7004 2609
7004 11601
7004 11720
7004 5788
7004 1827
7004 11440
7005 1849
7005 2284
7005 1668
7005 4209
7005 4400
7005 1443
7005 3161
7005 2050
7005 2052
7005 2362
7005 3392
7005 4238
7005 4541
7005 3063
7005 793
7005 1335
7006 540
7006 9539
7006 4091
7006 7056
7006 2104
7007 3208
7007 5146
7007 5666
7007 8371
7007 5649
7007 5659
7007 4170
7008 5579
7008 825
7008 11264
7008 10262
7008 6902
7008 9577
7009 4426
7009 9975
7009 2953
7009 5188
7009 7154
7009 11224
7009 4752
7009 8705
7010 2447
7010 3275
7010 3456
7010 3457
7010 4933
7010 3127
7010 637
7010 6680
7010 7617
7010 7796
7010 3161
7010 7035
7010 7514
7010 9037
7010 598
7010 10371
7010 6410
7010 770
7010 11118
7010 7248
7011 3376
7011 3589
7011 4725
7011 4730
7011 3884
7011 1457
7011 5226
7011 1464
7011 7060
7011 8510
7011 9637
7011 9700
7011 11002
7011 10739
7011 10777
7011 11472
7011 11568
7011 11484
7011 11270
7012 8210
7012 10324
7012 379
7012 5429
7012 11224
7012 11825
7013 10005
7013 892
7013 8439
7013 10835
7013 9887
7013 4560
7014 1896
7014 11333
7014 10440
7014 9534
7014 376
7015 3998
7015 4039
7015 7441
7015 3999
7015 6003
7016 4771
7016 6724
7016 8433
7016 9210
7016 7340
7016 614
7016 3243
7016 3336
7016 4938
7016 5691
7016 7726
7016 8446
7016 9444
7016 9448
7016 10112
7016 10569
7016 10107
7017 4103
7017 3589
7017 4702
7017 3516
7017 3376
7017 8510
7017 7060
7017 11613
7018 6188
7018 6189
7018 6190
7018 6213
7018 11265
7018 11453
7018 11478
7019 7624
7019 4325
7019 6085
7019 11493
7019 11494
7020 4609
7020 10838
7020 4091
7020 4063
7020 10713
7021 2099
7021 1165
7021 557
7021 21
7021 978
7021 9616
7021 1047
7022 2061
7022 4293
7022 6569
7022 3582
7022 3583
7023 4490
7023 8325
7023 9507
7023 10512
7023 3535
7023 10736
7023 11456
7023 10471
7024 63
7024 8557
7024 3166
7024 7265
7024 5004
7024 9760
7025 5660
7025 4330
7025 7413
7025 5888
7025 7462
7025 584
7025 6610
7025 6715
7026 1067
7026 8771
7026 8894
7026 3876
7026 9844
7026 3877
7027 289
7027 112
7027 1479
7027 3823
7027 2747
7027 4164
7027 1348
7027 5182
7027 2946
7028 1226
7028 904
7028 4125
7028 1703
7028 8385
7028 9733
7028 11518
7028 11774
7028 11769
7029 3009
7029 5978
7029 8112
7029 9490
7029 8237
7029 8051
7029 11633
7029 6890
7030 8624
7030 11125
7030 10852
7030 7781
7030 7063
7030 7561
7031 3217
7031 3398
7031 3465
7031 3466
7031 3589
7031 4725
7031 4730
7031 3164
7031 3166
7031 7721
7032 11334
7032 9229
7032 2622
7032 10846
7032 7763
7032 8842
7032 8091
7032 1120
7032 9547
7033 2046
7033 1827
7033 3166
7033 2254
7033 1441
7033 1408
7033 2464
7033 7201
7033 6274
7033 8835
7033 9865
7033 8009
7033 10854
7034 5230
7034 6344
7034 1624
7034 6363
7034 9037
7034 9100
7034 10169
7034 10969
7035 3419
7035 6069
7035 4191
7035 6593
7035 11264
7035 2855
7036 4121
7036 5395
7036 1624
7036 8169
7036 8254
7036 8383
7036 9179
7036 7146
7036 9260
7036 5380
7036 8208
7036 7694
7036 9922
7036 9947
7036 9100
7036 6258
7036 9444
7036 10995
7036 6443
7037 3175
7037 5439
7037 9448
7037 10672
7037 7551
7038 9557
7038 7393
7038 4052
7038 6567
7038 11121
7039 4702
7039 4730
7039 3193
7039 2855
7039 4923
7039 1457
7039 5226
7039 5229
7039 5395
7039 10626
7040 7287
7040 10061
7040 7436
7040 9454
7040 7437
7041 8407
7041 8763
7041 9659
7041 9922
7041 10169
7041 7694
7041 9604
7041 3958
7041 1983
7041 10976
7041 10798
7041 9690
7041 11132
7041 11131
7041 11130
7041 5834
7041 10913
7042 6299
7042 7068
7042 3409
7042 572
7042 468
7042 3375
7043 6467
7043 3336
7043 6693
7043 6239
7043 8533
7043 10073
7043 10297
7043 11494
7043 11493
7043 10851
7044 4694
7044 3007
7044 2310
7044 3205
7044 1506
7044 4939
7044 3450
7044 261
7044 4126
7045 3376
7045 3721
7045 4702
7045 4725
7045 3193
7045 4350
7045 4923
7045 5016
7045 3516
7045 7779
7045 8254
7045 10914
7045 10919
7046 4262
7046 2616
7046 5374
7046 7990
7046 4071
7046 7547
7047 4900
7047 2122
7047 1479
7047 1489
7047 1551
7047 4301
7047 1078
7047 1100
7047 2397
7047 1056
7047 1726
7047 6528
7047 402
7047 2687
7047 3589
7047 2855
7047 6258
7047 9730
7047 9100
7047 6167
7047 10876
7047 6170
7047 1543
7047 11098
7047 909
7048 4725
7048 6248
7048 1482
7048 4723
7048 6363
7048 1020
7048 11002
7049 4125
7049 4035
7049 4048
7049 4386
7049 7355
7049 4146
7049 6972
7049 8487
7049 9542
7050 4518
7050 1456
7050 3902
7050 7172
7050 267
7050 9130
7050 3595
7051 1457
7051 5016
7051 5390
7051 6363
7051 8384
7051 8250
7051 8385
7051 8778
7051 8728
7051 9518
7051 11583
7052 1636
7052 4453
7052 2687
7052 11347
7052 9507
7053 7440
7053 8067
7053 9305
7053 10791
7053 11349
7053 4729
7053 5369
7053 9297
7053 9334
7053 10425
7053 10893
7053 412
7053 8849
7053 1092
7053 2466
7053 6643
7053 11103
7053 1421
7054 142
7054 1235
7054 1361
7054 9521
7054 6468
7054 672
7054 11227
7055 6774
7055 10326
7055 11098
7055 1537
7055 6410
7055 11399
7055 6364
7055 11448
7055 11702
7055 11632
7055 11739
7055 11769
7055 11777
7055 11686
7056 4923
7056 1457
7056 5230
7056 5229
7056 1464
7056 5016
7056 5709
7056 7101
7056 8131
7056 8384
7056 8417
7056 8415
7056 8407
7056 8408
7056 8679
7056 8208
7056 9700
7056 6258
7056 9857
7056 10798
7056 11287
7056 11295
7056 11766
7056 11770
7057 10011
7057 1284
7057 2696
7057 3685
7057 3927
7057 5378
7057 8594
7058 7824
7058 3243
7058 7876
7058 8397
7058 5041
7058 5025
7058 4970
7058 2554
7059 4516
7059 6188
7059 2953
7059 2985
7059 8637
7059 4091
7059 3632
7059 6424
7059 6353
7059 9310
7059 4837
7059 1046
7059 1054
7059 1082
7059 3454
7059 5369
7059 5425
7059 9106
7059 11187
7059 5885
7059 7915
7059 8456
7059 11346
7060 10351
7060 7830
7060 11293
7060 7551
7060 996
7060 6656
7060 2408
7060 572
7060 770
7060 6007
7060 10568
7060 10569
7060 6014
7060 11326
7060 11364
7060 11674
7060 11832
7060 11400
7061 635
7061 6025
7061 5479
7061 3433
7061 9367
7061 6640
7061 7031
7061 9077
7061 11256
7061 11720
7061 11118
7061 4112
7061 11822
7061 11832
7061 11536
7062 11117
7062 7017
7062 9319
7062 11132
7062 9747
7062 11098
7062 11196
7062 11030
7062 11031
7062 10911
7062 10912
7062 10913
7062 11307
7062 10797
7062 10916
7062 10917
7062 10918
7062 11483
7062 5635
7062 11255
7062 11522
7062 11527
7062 11528
7062 11529
7062 11530
7062 11531
7062 11329
7062 11558
7062 11375
7062 11650
7062 11254
7062 11399
7062 739
7062 11497
7062 11664
7062 11767
7062 11819
7062 11769
7062 11774
7063 8417
7063 7036
7063 5045
7063 10234
7063 11185
7063 11487
7064 6635
7064 10420
7064 3658
7064 5530
7064 5764
7064 4032
7064 11399
7064 11588
7064 284
7064 9839
7065 7060
7065 7541
7065 7796
7065 8132
7065 8417
7065 8680
7065 9340
7065 9853
7065 9947
7065 9854
7065 10449
7065 11292
7065 6096
7065 11765
7066 5395
7066 3833
7066 1624
7066 8169
7066 8384
7066 8253
7066 8408
7066 8407
7066 9037
7066 9490
7066 9340
7066 7534
7066 3658
7066 6626
7066 2373
7066 5508
7066 11002
7066 11528
7066 11529
7066 11526
7066 11579
7066 10472
7067 3516
7067 5391
7067 2405
7067 7585
7067 2440
7068 3592
7068 8103
7068 8199
7068 8408
7068 8207
7068 8211
7068 7694
7068 6258
7068 9730
7068 9444
7068 10639
7068 10201
7068 9690
7068 10798
7068 11232
7068 11528
7068 11531
7068 11255
7068 4280
7069 5391
7069 9037
7069 9712
7069 6258
7069 7018
7069 11550
7069 4280
7070 5976
7070 7824
7070 6239
7070 892
7070 8596
7070 8715
7070 8325
7070 9508
7070 10764
7070 6032
7070 387
7070 4310
7070 4327
7070 8105
7070 9830
7070 10559
7070 11237
7070 11802
7071 1885
7071 8991
7071 7319
7071 4032
7071 8842
7072 1464
7072 5016
7072 1624
7072 8169
7072 8254
7072 8407
7072 10234
7072 10995
7072 10760
7072 11185
7072 11816
7073 4814
7073 7544
7073 2319
7073 3605
7073 8078
7073 1979
7073 4066
7073 5554
7073 895
7074 4623
7074 4625
7074 4624
7074 9017
7074 992
7074 4485
7074 4703
7074 401
7074 9349
7075 11194
7075 11521
7075 11568
7075 11329
7075 11539
7075 10647
7075 11543
7075 11550
7075 11481
7075 836
7075 9419
7075 2822
7075 2248
7075 6410
7076 2855
7076 4923
7076 1457
7076 3932
7076 6344
7076 8103
7076 8417
7076 8449
7076 7694
7076 9283
7076 9254
7076 9712
7076 11288
7076 9154
7076 4899
7076 11720
7076 11775
7076 11769
7077 1230
7077 1231
7077 2036
7077 1825
7077 936
7077 3106
7077 3118
7077 5494
7077 597
7077 2540
7077 4136
7077 1033
7077 1184
7077 9182
7077 736
7077 3107
7077 9462
7077 10661
7077 8443
7078 7451
7078 9064
7078 9010
7078 9011
7078 9700
7078 7721
7078 11632
7079 8909
7079 8881
7079 8897
7079 5047
7079 8906
7080 8407
7080 3658
7080 10969
7080 10793
7080 1825
7080 11788
7081 1785
7081 1728
7081 9296
7081 604
7081 9608
7081 4238
7082 4088
7082 2972
7082 9879
7082 1841
7082 2969
7082 2977
7082 9209
7083 4384
7083 7898
7083 859
7083 10144
7083 4032
7083 8252
7083 10639
7084 5815
7084 4887
7084 6145
7084 6504
7084 5865
7085 4108
7085 3398
7085 3376
7085 3589
7085 4724
7085 6248
7085 4702
7085 3506
7085 4730
7085 4558
7085 3457
7085 1457
7085 5229
7085 1464
7085 5399
7085 6344
7085 1624
7085 7060
7085 8132
7085 7541
7085 8199
7085 7514
7085 8573
7085 9285
7085 9853
7085 6258
7085 9733
7085 11290
7085 11550
7085 2573
7085 11490
7086 3876
7086 1692
7086 3840
7086 4621
7086 1508
7086 1519
7086 3504
7086 1061
7086 1258
7086 4091
7086 4605
7086 7157
7086 7477
7086 5865
7086 7569
7086 1071
7086 2657
7086 4508
7086 3988
7086 6626
7086 872
7086 4028
7086 8894
7086 3500
7086 8832
7086 8863
7086 3495
7086 8841
7086 5696
7086 9477
7086 5413
7086 4437
7086 3310
7086 10198
7086 7671
7086 9350
7086 2309
7087 3934
7087 6800
7087 11040
7087 4372
7087 5118
7087 8833
7087 1151
7087 4512
7087 4922
7087 8895
7087 2387
7087 769
7087 3311
7087 4771
7087 5242
7087 3225
7087 7939
7087 8909
7087 8027
7087 1586
7087 6856
7087 2437
7087 3236
7087 4448
7087 9951
7087 768
7087 5243
7087 2278
7087 2279
7087 2418
7088 1974
7088 5810
7088 212
7088 9150
7088 8823
7089 4898
7089 4416
7089 4426
7089 5752
7089 10590
7089 5470
7089 6916
7090 8131
7090 8132
7090 9034
7090 8602
7090 9490
7090 8779
7090 9037
7090 9100
7091 5409
7091 3210
7091 4495
7091 7060
7091 7035
7091 8382
7091 9067
7091 8207
7091 9947
7091 10169
7091 9444
7091 10798
7091 5788
7091 11566
7091 11773
7092 4776
7092 1025
7092 4618
7092 1624
7092 7796
7092 7541
7092 8132
7092 7864
7092 8449
7092 7036
7092 8254
7092 8253
7092 8415
7092 8763
7092 9705
7092 9785
7092 9859
7092 7694
7092 6258
7092 9730
7092 10234
7092 10567
7092 6096
7092 11640
7092 1361
7092 11702
7092 11791
7093 8779
7093 9037
7093 8679
7093 9855
7093 9733
7093 10774
7093 10289
7093 11525
7093 11606
7093 11602
7093 11782
7094 6732
7094 9444
7094 6813
7094 10626
7094 10289
7094 2497
7094 10361
7094 10749
7094 10976
7094 10823
7094 10618
7094 6730
7094 8856
7094 9751
7094 11427
7094 4285
7094 10112
7094 11701
7095 9054
7095 9064
7095 9037
7095 8197
7095 8763
7095 8208
7095 8249
7095 7694
7095 9659
7095 6258
7095 9700
7095 9519
7096 3456
7096 5016
7096 5229
7096 8763
7096 9340
7096 10798
7096 10955
7097 49
7097 7452
7097 9067
7097 1059
7097 8824
7097 9195
7097 9243
7097 11196
7097 11288
7097 8865
7097 11349
7097 4128
7097 4586
7097 2573
7097 1054
7097 5425
7097 6051
7097 158
7097 9106
7097 11091
7098 3376
7098 3589
7098 4702
7098 4725
7098 4724
7098 4730
7098 5229
7098 5230
7098 6077
7098 7060
7098 9730
7099 8334
7099 2406
7099 9398
7099 5217
7099 5922
7100 57
7100 1415
7100 8584
7100 118
7100 187
7100 5454
7100 6739
7100 6860
7100 7145
7100 9337
7100 10367
7100 418
7100 5729
7101 8251
7101 7036
7101 8778
7101 8779
7101 9037
7101 8409
7101 1543
7101 8763
7101 7684
7101 9700
7101 10955
7101 11788
7101 11819
7102 1624
7102 1475
7102 4847
7102 7238
7102 7240
7102 7244
7102 7060
7102 4225
7102 8473
7102 8474
7102 8736
7102 9183
7102 11565
7102 11566
7102 11567
7102 2023
7102 1694
7102 1697
7102 7919
7102 5152
7102 4571
7102 11791
7102 9669
7102 11822
7102 11797
7102 11832
7103 1624
7103 7060
7103 8417
7103 8385
7103 8602
7103 9064
7103 8407
7103 9037
7103 9947
7103 9858
7103 7442
7103 10014
7103 10567
7103 11736
7103 11675
7104 6407
7104 373
7104 7185
7104 8288
7104 8348
7105 3063
7105 5410
7105 7417
7105 8067
7105 4790
7105 5991
7105 10962
7105 7857
7105 7858
7106 3579
7106 3794
7106 4238
7106 5162
7106 7800
7106 8731
7106 7185
7107 9340
7107 10236
7107 2573
7107 5788
7107 11635
7107 7275
7108 1046
7108 1074
7108 1103
7108 1107
7108 2285
7108 4307
7108 1781
7108 4684
7109 2448
7109 2085
7109 5047
7109 5959
7109 1568
7109 7551
7109 203
7109 5003
7109 9275
7109 6751
7110 4807
7110 659
7110 2698
7110 3069
7110 3826
7110 5742
7110 10871
7110 5625
7111 9706
7111 7234
7111 6239
7111 9507
7111 10383
7111 9508
7111 10368
7111 9448
7111 511
7111 8786
7111 8826
7111 399
7111 10168
7111 9109
7111 3599
7111 5525
7111 1581
7111 1591
7111 4700
7112 1348
7112 2250
7112 2964
7112 8869
7112 8981
7112 3186
7112 3214
7112 8272
7113 226
7113 1972
7113 4899
7113 3074
7113 4285
7113 2246
7113 2973
7113 822
7113 2972
7113 4263
7113 3015
7114 5976
7114 7570
7114 3030
7114 8775
7114 8371
7115 2377
7115 1639
7115 3988
7115 7541
7115 821
7115 6957
7115 7796
7115 6363
7115 7860
7115 8382
7115 8385
7115 8408
7115 9037
7115 8197
7115 9183
7115 9260
7116 4385
7116 5976
7116 10106
7116 10313
7116 2083
7116 1323
7116 4398
7116 11802
7117 1062
7117 2758
7117 5945
7117 6225
7117 6478
7117 9209
7117 3237
7117 10151
7118 1446
7118 8353
7118 6604
7118 4091
7118 3375
7118 7234
7119 7295
7119 9109
7119 3939
7119 3223
7119 3228
7119 3236
7119 3241
7119 3441
7119 5649
7119 5677
7119 5812
7119 5818
7119 7581
7119 9352
7119 9353
7119 10607
7119 10922
7120 4933
7120 5226
7120 5230
7120 5229
7120 5391
7120 6077
7120 7541
7120 8415
7120 8778
7120 9033
7120 8407
7120 8408
7120 8449
7120 8763
7120 7585
7120 8679
7120 1543
7120 7683
7120 10115
7120 10117
7120 11544
7121 8417
7121 9183
7121 9705
7121 9100
7121 9700
7121 9853
7121 10169
7121 9947
7121 9776
7121 10182
7121 11568
7121 11440
7122 5226
7122 5230
7122 8131
7122 8132
7122 8254
7122 1001
7122 8415
7122 5801
7122 6125
7122 6188
7122 3164
7122 9100
7122 6187
7122 10201
7122 4213
7122 4755
7122 7627
7122 105
7122 1235
7122 2745
7122 3856
7122 3887
7122 4238
7122 4982
7122 5300
7122 10531
7123 1256
7123 814
7123 4702
7123 3506
7123 4730
7123 3323
7123 4923
7123 5016
7123 1464
7123 3515
7123 5229
7123 3932
7123 5393
7123 5611
7123 8169
7123 8382
7123 8778
7123 8779
7123 9037
7123 9260
7123 5834
7123 7918
7124 3191
7124 207
7124 10096
7124 10848
7124 4900
7124 11049
7124 145
7124 1451
7124 2647
7124 3403
7124 5285
7124 5368
7124 7053
7124 10801
7125 5835
7125 8935
7125 8662
7125 2205
7125 9451
7125 9133
7125 5806
7126 4923
7126 5391
7126 8510
7126 2778
7126 7864
7127 1457
7127 5016
7127 5391
7127 5393
7127 6077
7127 7541
7127 8779
7127 1543
7127 9947
7127 9733
7127 10449
7127 11185
7127 11002
7127 11041
7127 6096
7127 11270
7127 11702
7127 11768
7128 5460
7128 7426
7128 8682
7128 8795
7128 9424
7129 11333
7129 531
7129 3705
7129 8316
7129 720
7129 4565
7129 6367
7129 7911
7129 7917
7130 2496
7130 1281
7130 91
7130 365
7130 3375
7130 3930
7130 6674
7130 7794
7130 11263
7131 4532
7131 892
7131 8796
7131 9949
7131 6444
7132 9902
7132 11606
7132 11766
7132 11771
7132 11774
7133 1439
7133 4912
7133 6077
7133 272
7133 3813
7133 5875
7133 7293
7133 6133
7133 3000
7134 10739
7134 11472
7134 11474
7134 5300
7134 5946
7134 11568
7134 4104
7134 11132
7134 3884
7134 11580
7135 1877
7135 3957
7135 95
7135 3578
7135 6224
7135 6344
7135 4296
7135 4293
7135 6135
7135 8449
7135 6247
7135 9712
7135 7369
7135 10976
7135 8392
7135 11496
7135 11501
7135 11439
7136 171
7136 825
7136 9342
7136 166
7136 167
7136 172
7136 9260
7136 9872
7136 1239
7136 2183
7136 1233
7136 8632
7136 11038
7136 4104
7136 3946
7136 7540
7136 6978
7136 1234
7136 5262
7136 5184
7137 2479
7137 6342
7137 512
7137 11120
7137 11212
7137 11175
7137 4692
7137 9327
7137 2583
7138 4248
7138 1851
7138 6188
7138 9019
7138 11376
7138 11535
7139 8417
7139 7071
7139 9034
7139 8763
7139 9260
7139 7628
7139 11568
7140 1507
7140 3207
7140 3999
7140 8664
7140 9508
7140 9445
7140 9507
7140 3514
7140 892
7141 3639
7141 4694
7141 1228
7141 4878
7141 5958
7141 5932
7141 6317
7141 5960
7141 8289
7141 8757
7141 8373
7141 9621
7141 2512
7141 5770
7141 4138
7141 4151
7141 7534
7141 8858
7141 7442
7141 10759
7141 2319
7141 6601
7141 5954
7141 9038
7141 9153
7141 8677
7141 7799
7141 9692
7141 11799
7142 2743
7142 1261
7142 2770
7142 4891
7142 5068
7142 5658
7142 5964
7142 5092
7142 3637
7142 3778
7142 4814
7142 7474
7142 1233
7142 8583
7142 7553
7142 5126
7142 8088
7142 8763
7142 405
7142 412
7142 2181
7142 6467
7142 8965
7142 10399
7142 10400
7142 2561
7142 9903
7143 8253
7143 8779
7143 6774
7143 11288
7143 11777
