0 12016
0 19359
0 25299
0 24380
0 24403
1 12577
1 22640
1 21733
1 16005
1 20192
1 24808
2 12071
2 12856
2 18967
2 20908
2 23302
2 25954
2 19393
2 15484
2 12368
2 23210
2 13221
2 27383
2 23583
2 26934
2 14025
2 13230
3 23765
3 24120
3 19469
3 17485
3 17712
3 19446
3 19470
3 20184
3 22123
3 14929
3 21073
3 18206
3 23401
3 19363
3 19041
3 21523
3 19504
3 25632
3 26044
3 25727
3 16190
3 28066
3 15302
3 20891
3 25049
3 22867
3 25778
3 25783
3 19722
3 27056
3 24812
3 25301
3 23318
3 16329
3 26019
3 27055
4 18255
4 20994
4 25986
4 15221
4 21469
4 20834
4 17333
4 25405
4 27361
4 25486
4 15749
4 24573
4 24354
4 16892
4 13653
4 19615
4 20812
4 19039
4 20676
4 14887
4 23655
4 23485
4 27563
5 24666
5 24183
5 18909
5 23550
5 27910
6 11944
6 18648
6 22501
6 23812
6 24895
6 27041
7 15495
7 13292
7 16569
7 17357
7 21660
7 22189
7 25760
7 14966
7 26705
8 19367
8 14946
8 26052
8 21336
8 23296
8 21928
8 12693
8 12775
8 23627
8 25845
8 26065
9 23017
9 14880
9 23988
9 19736
9 12026
9 18329
9 20762
9 25417
9 19692
9 19717
9 21329
9 22629
9 14138
9 20411
9 26609
9 27256
10 13221
10 21668
10 22784
10 19634
10 23628
10 21248
10 17528
10 22504
10 25961
10 24576
10 22492
10 26958
10 26633
10 27172
10 27525
10 27836
10 28011
10 28012
11 14698
11 12233
11 14825
11 16033
11 17290
11 14223
11 21469
11 22368
11 15549
11 20534
11 16277
11 21869
11 22243
11 13809
11 14426
12 22006
12 24275
12 15915
12 19879
12 20811
12 21522
12 23814
12 19418
12 20626
12 26825
12 25731
12 16638
13 17583
13 21296
13 21953
13 20305
13 24590
13 25602
13 25266
13 21579
13 23264
13 25111
13 26996
13 27463
14 14122
14 12430
14 16863
14 15713
14 13584
14 16172
14 12215
14 13933
14 19902
15 12835
15 12444
15 19216
15 22517
15 22783
15 24666
15 25652
15 13810
15 26224
15 26128
15 26094
15 25076
15 24802
15 25294
15 27415
15 27525
15 27861
16 14990
16 19880
16 16698
16 11866
16 13376
16 16754
17 23531
17 24433
17 25568
17 24184
17 23800
17 23845
17 26103
17 25941
17 23292
17 25294
17 27005
17 27447
17 25595
17 23397
17 27376
17 27495
17 27370
17 23212
17 27902
17 27861
17 27734
18 22637
18 17521
18 23219
18 23751
18 24584
18 22000
18 25526
18 25528
18 18220
18 23613
18 26902
18 27201
18 27339
18 27560
18 27015
19 16067
19 12722
19 20135
19 14389
19 19108
19 23725
19 12201
19 21039
20 13252
20 18210
20 15188
20 13557
20 14218
21 21433
21 27330
21 26762
21 21806
21 22804
21 23783
21 25333
21 27086
21 27161
21 25486
22 13306
22 26662
22 15769
22 16147
22 16303
22 18236
22 18755
22 18849
22 20259
22 16576
23 13837
23 13552
23 12059
23 20758
23 22120
24 12139
24 13580
24 19715
24 12107
24 16383
24 21084
24 12752
24 13144
24 14397
24 17309
24 18258
24 19983
24 19721
24 12671
24 26778
24 19723
25 12407
25 20094
25 25770
25 18618
25 19733
25 22284
25 19415
25 23609
25 14603
25 15463
25 14223
25 19408
25 22226
25 11882
25 13023
25 19140
25 20639
25 20945
25 27382
25 19852
25 14543
26 15491
26 25549
26 26078
26 24956
26 18559
26 26164
26 26345
26 19959
26 24086
26 26995
26 26694
26 27857
26 28084
26 27920
27 17340
27 18650
27 15947
27 16245
27 18905
27 20473
27 13385
27 17737
27 20236
27 17008
27 22783
27 14512
27 21653
27 17911
27 20222
27 15666
27 16481
27 13104
27 12042
27 13553
27 12615
27 21479
27 16639
27 25828
27 24383
27 20771
27 21837
27 18163
27 24838
27 19470
27 24344
27 14685
28 13049
28 21321
28 18868
28 13284
28 27177
28 20307
28 24278
29 24274
29 26818
29 26820
29 27063
29 27836
29 28012
30 16842
30 21658
30 12211
30 21898
30 24144
30 16114
31 24666
31 24944
31 25021
31 24956
31 16965
31 27286
31 25941
31 25405
31 27609
31 27813
32 12145
32 14880
32 15721
32 21697
32 23248
32 26463
33 16758
33 20266
33 15980
33 22813
33 21397
33 25944
33 13198
33 13676
33 22946
33 24205
34 15186
34 22570
34 21828
34 16277
34 13049
34 23186
34 21982
34 14377
34 21332
34 25134
34 25135
34 24385
34 21813
34 25337
34 26172
34 27161
34 27310
34 26342
34 26430
35 12048
35 17745
35 20570
35 16274
35 19328
36 12135
36 12430
36 18762
36 14232
36 19139
36 26042
36 27017
36 26134
37 16709
37 13557
37 22170
37 16672
37 22277
37 27107
37 27217
37 13029
38 12567
38 21785
38 22141
38 24310
38 19672
38 20201
38 21812
38 22388
38 23894
38 21861
38 17659
38 18979
39 25617
39 18276
39 20771
39 18278
39 11923
39 27332
39 27525
39 16649
39 21625
39 27315
39 25956
39 21141
39 22974
39 25863
39 12509
39 15939
39 21022
39 25587
39 14401
40 27628
40 27759
40 27177
40 27986
40 27799
40 27845
40 27312
40 13038
41 25048
41 25492
41 25405
41 25368
41 24640
41 27847
41 27920
42 17724
42 12777
42 13214
42 14532
42 24902
42 26532
42 27351
42 20793
42 19246
43 25714
43 15885
43 16804
43 22708
43 23019
43 23250
43 25531
43 20638
43 20936
43 22396
43 15793
43 19739
43 15229
43 27287
44 17001
44 16622
44 18612
44 20508
44 19368
44 18517
44 19363
44 23674
44 21268
44 22563
44 19746
44 13556
44 16155
44 26268
44 26772
45 19765
45 16559
45 22223
45 22284
45 15643
46 13488
46 16123
46 19045
46 13012
46 19930
46 19179
46 13126
46 19371
46 20554
46 25318
46 18266
46 18476
46 26620
47 13989
47 18343
47 16184
47 16798
47 19222
47 12584
47 21832
48 18151
48 25132
48 13064
48 16595
48 20938
48 25194
49 25388
49 27350
49 25296
49 22523
49 21998
50 13479
50 16923
50 20889
50 11901
50 14764
50 23602
50 23603
50 25292
51 12741
51 18131
51 19281
51 11905
51 11914
51 13013
51 14816
51 15888
51 20043
51 20533
51 22457
51 21932
51 11920
51 11921
51 20722
51 21996
51 23256
51 23618
51 24586
51 12045
51 12326
51 20320
51 18636
51 23989
51 20292
51 26172
51 24494
51 26167
51 26170
51 26345
51 26535
51 26839
51 26412
51 27184
51 24032
51 22068
51 14506
51 27370
51 26084
51 27708
51 27539
51 27506
51 27677
51 24509
51 28092
52 13139
52 14670
52 17414
52 24917
52 16776
52 25433
53 27024
53 21549
53 21206
53 14396
53 22253
53 12780
53 17451
53 14969
53 17348
53 14054
53 13781
53 13702
53 27510
53 24275
53 21074
53 12693
54 24666
54 24516
54 24947
54 26165
54 26260
55 15165
55 15461
55 20578
55 20594
55 18358
55 19560
55 23731
55 13345
55 22911
55 21397
55 24831
55 20938
55 17144
55 25296
56 24643
56 25283
56 26172
56 17261
56 26317
56 26530
56 24540
56 26644
56 26277
56 25058
56 14649
56 25987
56 25762
56 26797
56 20792
56 24687
56 27442
56 27867
56 27938
56 27416
56 27861
56 12348
56 28090
56 27156
57 22858
57 26234
57 19560
57 25301
57 20124
57 24628
57 22600
57 23158
58 12563
58 17047
58 17939
58 16381
58 21778
58 13426
58 12663
58 24458
58 19852
58 26524
58 27588
59 19136
59 25138
59 15186
59 25419
59 16311
59 13352
59 18530
59 23540
59 25683
59 18707
59 21998
59 16948
59 11905
59 19516
59 23017
59 15372
59 18608
59 18830
59 16457
60 25331
60 21319
60 14145
60 24371
60 27558
61 24990
61 16991
61 27201
61 20800
61 26242
61 21797
61 24583
61 27826
61 25863
61 13011
61 27609
61 13481
61 16294
62 21775
62 16066
62 16297
62 16512
62 19338
62 23385
62 26305
62 25555
62 12633
62 26349
62 14538
62 15411
62 16424
62 21492
62 25775
62 13048
62 20247
62 17626
63 12348
63 17132
63 16758
63 18416
63 15271
63 19824
63 25713
63 12832
63 27046
63 12642
63 23420
64 14083
64 17107
64 24564
64 14223
64 20923
64 15665
64 25476
64 24603
64 16006
64 15769
64 25965
64 17880
64 12243
64 26075
64 26562
65 23218
65 23692
65 25652
65 15649
65 26105
65 27528
65 27202
66 21600
66 18753
66 22287
66 23168
66 25516
66 14878
66 25568
66 26808
66 27369
66 27891
67 14194
67 12139
67 22516
67 20686
67 19224
67 22781
67 20924
67 22397
67 15777
67 24628
68 20213
68 26131
68 26493
68 25957
68 27977
69 12693
69 13365
69 14197
69 25071
69 18381
69 12141
69 15665
69 23929
69 27069
69 26428
69 26664
69 26702
69 15263
69 15898
69 18776
69 23083
69 23625
69 25899
69 26663
69 12672
69 17257
69 19076
69 21555
70 12153
70 14244
70 12452
70 18007
70 13049
70 22006
70 25365
70 13820
70 25859
70 19426
70 18615
70 14253
70 18189
70 26710
70 26029
70 26441
71 12760
71 12153
71 12550
71 13746
71 13745
71 17743
71 12545
72 22108
72 16911
72 18619
72 17586
72 23416
72 24307
73 14603
73 18562
73 20504
73 12348
73 13319
73 15863
73 14711
73 21627
73 25301
73 19048
74 12300
74 12405
74 16957
74 13415
74 15750
74 17632
74 20900
74 17710
75 17257
75 20806
75 22374
75 17728
75 28087
75 25137
76 22504
76 26172
76 18277
76 26691
76 26002
76 26533
76 26795
76 27057
76 25757
76 27416
76 27844
76 27876
76 27991
76 27660
77 14233
77 15593
77 18299
77 24596
77 25531
77 12146
77 14327
77 14775
77 15302
77 15645
77 17807
77 20397
77 21579
77 22100
77 23585
77 19381
77 19353
77 14774
77 23130
77 24754
78 14465
78 15765
78 13398
78 15832
78 21634
78 22795
78 27713
78 12170
79 14656
79 17092
79 19031
79 18613
79 14171
79 16940
79 22101
79 14327
79 13131
79 21362
79 22684
79 13187
79 22415
79 23680
79 21558
79 12603
79 15429
79 17190
79 13976
79 22397
79 26645
80 13662
80 14603
80 21668
80 23683
80 23906
80 24944
80 25441
80 25651
80 25519
80 24490
80 26095
80 24022
80 26912
80 25267
80 27495
80 26798
80 27780
81 14221
81 13101
81 24008
81 26206
81 26184
81 27804
82 20031
82 20032
82 12878
82 24124
82 22297
83 12558
83 14368
83 12540
83 15359
83 12366
83 17200
83 13035
83 15533
83 14696
83 12484
83 16914
84 11912
84 15052
84 25664
84 25801
84 16640
84 27279
85 27440
85 24433
85 24506
85 26743
85 24318
85 27314
85 23160
85 25405
85 27441
85 18033
85 20772
85 16770
85 27724
85 27991
85 22884
85 13867
85 27960
85 23037
85 19367
85 27966
86 18430
86 20005
86 13078
86 13989
86 24266
86 24666
86 23549
86 26783
87 25330
87 11890
87 13171
87 18265
87 21635
87 22603
87 26043
87 24465
87 23987
87 13737
87 26485
87 25043
87 20470
87 26598
87 15406
87 16887
87 23615
87 23193
87 21964
87 17247
87 12141
87 12175
87 17894
87 18997
87 24784
87 18911
87 26207
87 16959
87 22659
87 27649
87 13235
87 13895
87 14389
87 15802
87 23806
87 27516
87 12695
87 21786
88 16538
88 14328
88 17451
88 15329
88 18657
88 23435
88 17999
88 17539
88 21667
88 14361
88 20754
88 21370
89 16455
89 19875
89 21530
89 20890
89 23411
89 25076
89 26348
89 23935
89 24841
89 11923
89 27041
89 14517
89 22545
89 27724
89 27513
89 27859
89 26919
89 28014
90 21894
90 24448
90 20608
90 27528
90 27906
91 14871
91 15223
91 12388
91 14178
91 18519
91 17469
91 19031
91 19011
91 12905
91 18065
91 20058
91 14368
91 19216
91 21804
91 24589
91 21000
91 24606
91 22002
91 25652
91 16955
91 26106
91 23642
91 22298
91 15376
91 15651
91 21531
91 26017
91 27228
91 27310
91 27280
91 27542
91 27641
91 12790
91 20005
91 26757
92 12769
92 22688
92 20754
92 24161
92 24969
92 25568
92 25270
92 26163
92 21228
93 14403
93 20361
93 14426
93 24706
93 14533
94 12431
94 19003
94 21864
94 25492
94 25501
94 16636
94 26172
94 25672
94 24662
94 27229
94 22474
94 21518
94 26937
94 27513
94 27204
94 28022
94 27899
95 16419
95 26486
95 27081
95 25986
95 25392
95 27434
95 27321
95 14549
95 26928
95 27221
95 12031
95 27416
95 27941
95 27991
95 27966
95 27998
95 21654
95 27646
95 27660
95 27951
95 24509
95 27608
96 19276
96 21552
96 22597
96 24375
96 12722
96 16661
96 19257
96 22858
96 24095
96 13271
97 22469
97 21801
97 22468
97 13976
97 14051
97 14605
97 21099
97 22454
97 26607
97 20229
97 27354
97 27074
98 12974
98 14232
98 18878
98 19069
98 19979
98 13196
98 24956
98 25557
98 25128
98 22458
99 16789
99 16756
99 17054
99 15093
99 21176
99 18467
99 14059
99 16690
99 18344
99 18675
99 19157
99 22438
99 23851
99 16379
99 21801
99 23748
99 12763
99 24004
100 19561
100 21042
100 22650
100 23627
100 13260
100 23963
100 23964
100 27328
100 15093
100 18121
100 21579
100 25590
100 26583
100 15094
101 12207
101 15177
101 15511
101 15905
101 22559
101 24118
101 19979
102 20076
102 21458
102 15729
102 15497
102 17423
103 13565
103 24639
103 22657
103 24666
103 24808
103 24425
103 14178
103 25394
103 26645
103 23710
103 24755
103 28026
104 11890
104 19969
104 19415
104 16729
104 25420
104 17358
104 22139
104 22783
104 21801
104 23005
104 24730
105 12563
105 16877
105 15208
105 25076
105 25557
105 25558
105 27358
105 26454
105 22651
106 17423
106 17906
106 16863
106 18335
106 13049
107 15087
107 17155
107 23046
107 16970
107 15300
107 22311
107 14712
107 17451
107 13032
107 22974
107 25519
107 26991
107 21542
107 22862
107 16066
107 23318
107 23898
108 12719
108 12366
108 21141
108 17197
108 22694
108 26632
108 19560
109 12362
109 14375
109 18589
109 17792
109 22400
109 12676
109 12851
109 23641
109 17003
109 20306
109 12974
109 15801
109 13011
109 12206
109 12509
109 12672
109 12207
109 12208
109 24902
109 24004
110 22611
110 24034
110 12068
110 22585
110 14298
110 17629
110 13306
110 22311
110 21834
110 22016
110 11901
110 22826
110 17826
110 18725
110 14773
110 21343
110 16076
110 26616
110 14132
110 20763
110 13185
110 14837
110 16306
110 16403
110 17395
110 25161
110 13353
110 23819
110 26672
110 22974
110 20415
110 13269
110 17101
111 18641
111 21964
111 23336
111 23069
111 24808
112 12582
112 15804
112 15982
112 22579
112 24478
112 24527
113 14889
113 15495
113 13702
113 15573
113 12944
113 13704
113 18171
114 12814
114 16701
114 19028
114 16030
114 16274
114 21242
114 18345
114 12975
114 21665
114 25337
114 25111
114 27061
114 22846
114 23550
114 24252
115 17504
115 14614
115 14452
115 12278
115 25168
115 14843
115 19903
115 14024
115 16513
115 24687
115 12198
115 24256
115 26473
116 23985
116 22400
116 18777
116 22174
116 27044
116 27850
116 13749
116 25683
117 25680
117 25876
117 12801
117 15645
117 16395
117 19894
117 21223
117 22696
117 24978
117 26759
117 27294
117 15465
117 20588
117 12540
117 20932
118 21479
118 18954
118 13984
118 15744
118 16881
118 13306
118 22609
119 21380
119 25232
119 14644
119 19171
119 18743
119 21818
119 25687
119 26824
119 12272
119 14349
119 27565
120 14783
120 21487
120 15466
120 24977
120 21481
121 20349
121 25805
121 25452
121 24954
121 21684
122 20238
122 25223
122 25492
122 13131
122 15504
122 17451
122 18797
123 16641
123 22688
123 22248
123 22430
123 16440
123 20282
123 19084
123 22363
123 24753
123 21274
124 14905
124 14619
124 13761
124 14121
124 13083
124 14323
124 12118
124 12121
124 12122
124 12124
124 12115
124 12120
124 12539
124 21694
124 15984
124 21492
124 16380
124 15316
124 26328
124 13573
124 15236
124 13113
124 21089
125 20494
125 25808
125 19759
125 21039
125 24527
126 11910
126 15707
126 18197
126 12364
126 12130
126 13100
126 18657
126 20021
126 18207
126 15755
126 18316
126 13934
126 23615
126 24203
126 26062
126 25000
126 13553
126 21623
126 14639
126 19669
127 22881
127 26038
127 25801
127 20399
127 21595
127 22185
127 26590
127 25832
127 25110
127 13594
127 25043
128 19762
128 14106
128 20927
128 18556
128 24459
129 12671
129 22782
129 22353
129 11957
129 20819
129 19902
129 24451
129 22939
129 23466
129 26277
129 13609
129 17612
129 27440
129 27112
129 27499
129 16107
129 25902
129 26072
129 21103
129 16376
129 27685
129 18276
129 12366
129 27552
129 27905
129 27820
129 27915
129 13078
129 27938
129 23318
129 27864
129 27722
129 27677
129 23378
129 23334
129 28029
129 19482
130 20431
130 20432
130 22518
130 23149
130 19902
130 22939
130 23294
130 25389
130 26498
130 25471
130 26395
130 26450
130 25987
130 27582
130 27836
130 28016
131 12204
131 11869
131 16875
131 19978
131 20394
131 21964
131 22704
131 12160
131 14837
131 16419
131 16830
131 20800
131 21409
131 22663
131 26262
131 26948
131 14091
131 15052
131 16666
131 17885
131 18314
131 18383
131 19673
131 19702
131 20519
131 20907
131 23809
131 25654
131 16403
131 26760
131 14250
131 16844
131 25122
131 26995
132 20937
132 22691
132 21006
132 17750
132 23478
132 24179
132 24666
132 24577
132 19028
132 26078
132 14623
132 18276
132 25943
132 19875
132 22412
132 11923
132 24662
132 27210
132 26996
132 24032
132 27560
132 27283
132 27541
132 27833
132 11922
132 26499
132 21503
132 27762
132 18857
132 27722
132 27406
132 26757
132 28039
133 13607
133 15822
133 24969
133 25635
133 27154
134 21916
134 17309
134 19893
134 20247
134 22462
134 15185
134 15700
134 15938
135 12405
135 15279
135 13203
135 13246
135 12834
135 15443
135 14813
135 14878
136 19415
136 19884
136 19231
136 19645
136 26845
137 11847
137 12662
137 12429
137 14137
137 12366
137 18812
137 22098
137 17039
137 15334
137 11999
137 12229
137 18735
137 18045
137 25828
137 16327
137 21444
137 26488
137 26920
138 18583
138 17498
138 25937
138 18422
138 13197
138 13273
138 14888
138 18092
138 14779
139 14137
139 19305
139 17474
139 15872
139 14905
139 27785
139 20863
139 20864
139 24205
139 13306
140 22688
140 19026
140 24739
140 17528
140 25076
140 26895
140 26260
140 25544
140 24045
140 27867
140 27995
140 12181
140 27406
140 13351
140 25985
140 27608
140 27992
140 28093
140 15384
141 19385
141 19464
141 22374
141 16110
141 17826
141 19639
141 20862
141 21700
141 23309
141 23310
141 24989
141 25040
141 15785
141 22654
142 12823
142 14327
142 14757
142 15441
142 17550
142 19928
142 15484
142 14478
142 25879
142 15274
142 25392
142 21536
143 12215
143 22965
143 23564
143 17479
143 21838
143 25298
143 24254
143 24356
143 18436
143 24048
143 19390
143 20411
143 11877
143 12282
143 13738
143 14241
143 14876
143 15329
143 20066
143 20237
143 24108
143 16439
144 12919
144 18300
144 19211
144 13976
144 20909
144 26517
144 13324
144 17328
144 25644
144 13138
144 13232
144 16255
144 19339
144 19502
144 23048
144 27821
144 13895
144 15279
144 27533
145 13765
145 12709
145 17743
145 14587
145 21762
145 18224
146 24666
146 26810
146 24277
146 25076
146 27182
146 27982
146 27416
147 16636
147 18849
147 19718
147 22790
147 25752
147 16030
147 21834
147 22046
147 22822
147 25644
147 12974
147 21196
147 16275
147 18894
147 23996
147 26366
148 24979
148 22917
148 21696
148 16452
148 23558
148 24580
149 15221
149 18810
149 15393
149 13784
149 21728
149 22783
149 13580
149 17845
149 23720
149 23913
149 19208
149 12903
149 26540
150 12303
150 13313
150 12153
150 14753
150 22919
151 14820
151 12679
151 14683
151 11851
151 13762
151 13466
151 19635
151 18882
151 13939
151 23563
152 12255
152 12998
152 13661
152 13306
152 16548
152 25237
152 11905
152 23941
152 14518
152 24004
152 12016
152 21518
152 16452
152 18709
153 14253
153 21769
153 19435
153 18527
153 12378
153 17615
153 15708
153 12229
153 24246
153 12600
153 16038
153 16573
153 24013
153 18588
153 21957
153 20342
153 12672
153 20904
153 12430
153 23563
154 22617
154 22773
154 23638
154 25362
154 26120
154 13389
154 15270
154 21795
154 21871
154 22019
154 21523
154 22023
154 22858
154 24119
154 22406
154 24929
154 17480
154 19482
154 22615
154 23278
154 24523
154 25333
154 27145
154 22936
154 27849
154 22420
154 25734
154 21481
154 16381
154 20112
154 21290
154 23754
154 24924
154 26893
154 27646
155 14259
155 25477
155 25793
155 20564
155 27773
156 12004
156 15653
156 17259
156 17236
156 19832
156 21603
156 18890
156 24564
156 17654
156 21298
156 26454
156 12424
156 23558
156 25742
156 25224
157 21088
157 21567
157 24870
157 24964
157 20777
158 16330
158 23693
158 12524
158 13763
158 22191
158 22888
158 23765
158 25352
158 21593
158 14933
159 13810
159 12093
159 17615
159 17403
159 20052
159 26375
159 22892
160 13021
160 13636
160 24759
160 25296
160 26726
161 12987
161 17472
161 12776
161 22473
161 13436
161 13437
161 13631
161 24780
161 25845
162 15908
162 15363
162 12241
162 14497
162 15091
162 24326
162 16727
162 24666
162 26172
162 18909
162 25294
162 25987
162 27283
162 20661
163 20505
163 19613
163 11957
163 24481
163 19920
163 12367
163 13556
163 14637
164 12110
164 13366
164 12634
164 18054
164 14190
164 14195
164 14197
164 13698
164 15922
164 21747
164 20098
164 24527
164 25513
164 25561
164 12172
164 16356
164 19339
164 25852
164 25736
164 13613
164 17942
164 16409
165 17240
165 22264
165 23030
165 21778
165 12121
165 17336
165 21639
165 12139
165 20053
165 22111
165 15577
165 23299
165 24004
166 12432
166 13566
166 14050
166 14476
166 18039
166 14582
166 23803
166 13482
166 24211
167 21523
167 23046
167 15600
167 16235
167 20498
167 24600
167 27011
167 18924
168 16524
168 15276
168 20026
168 23662
168 18797
168 12944
168 13958
168 16131
169 13365
169 15945
169 13049
169 13064
169 14200
169 16429
169 17386
169 20100
169 21584
169 23624
169 14834
169 17509
169 25845
170 13306
170 18920
170 12348
170 12258
170 16113
170 17391
170 21764
170 27372
170 19072
170 17337
170 27949
171 11947
171 12328
171 18201
171 12518
171 13989
171 22134
172 26830
172 12145
172 23449
172 19290
172 23297
173 20602
173 21782
173 21954
173 11954
173 12974
174 12662
174 23906
174 26055
174 21894
174 21881
174 27525
174 27283
174 27737
174 27614
174 27978
174 26748
174 20031
174 27813
175 19979
175 19664
175 25743
175 23355
175 24460
175 21894
175 26094
175 21878
175 22298
175 26810
175 17739
175 24928
175 27269
175 25420
175 27332
175 23313
175 20901
175 27176
175 27729
175 13721
175 20552
175 22231
175 23576
175 24754
175 26208
175 27369
175 27764
175 27834
175 24940
175 12226
175 13738
175 17386
175 26379
175 26990
175 27770
175 28006
175 21469
176 20916
176 25821
176 23230
176 26692
176 20844
176 24580
177 21896
177 14382
177 26947
177 22368
177 26731
177 26124
178 13526
178 16996
178 25753
178 12201
178 12348
178 15801
178 16033
178 18800
179 12105
179 26055
179 11923
179 17479
179 27886
180 19307
180 25827
180 19774
180 21260
180 22381
180 13131
180 13474
180 21453
180 15371
180 21548
180 20134
180 24471
180 16836
181 12122
181 18519
181 13011
181 17205
181 16022
182 18241
182 11905
182 25521
182 25652
182 22994
182 24386
182 22412
182 26203
182 25294
182 27981
182 25585
182 27592
183 21141
183 23906
183 24589
183 24584
183 23939
183 24536
183 24574
183 25863
183 27474
183 27956
183 28004
184 27611
184 27803
184 27479
184 24800
184 27760
184 27828
184 27884
184 27921
184 27874
184 27699
184 27889
184 27099
184 27742
184 27832
184 27965
184 27300
184 28042
184 28050
184 28053
184 28057
184 28059
184 27815
184 28048
184 28049
184 28051
184 20771
184 27973
184 28080
184 27702
184 28035
184 28088
185 15260
185 16629
185 16768
185 20032
185 18684
185 17994
186 23845
186 22673
186 26069
186 22784
186 25654
186 22891
186 26534
186 26180
186 24658
186 21508
186 24388
186 17263
186 21569
186 27776
187 12572
187 24994
187 25477
187 26388
187 16411
187 24607
187 17039
187 19249
188 13793
188 26243
188 22283
188 24371
188 25835
189 22562
189 23478
189 27198
189 27609
189 27724
190 11949
190 15317
190 16600
190 22193
190 16005
190 19470
191 21153
191 17309
191 21583
191 18652
191 24902
191 17121
191 22491
191 22016
192 13263
192 13867
192 12840
192 16055
192 13879
192 19542
192 22880
192 12428
192 25734
192 13262
192 26714
192 24598
193 12625
193 12540
193 13776
193 18901
193 19130
193 25412
193 11918
193 17281
193 19190
194 22037
194 14837
194 12536
194 26177
194 26378
194 16548
195 13923
195 12388
195 12497
195 13802
195 14001
195 14782
195 14293
195 15805
195 13131
195 12677
195 13878
195 15722
195 14985
195 16851
195 12439
195 12709
195 11953
195 17615
195 12430
195 17143
195 12505
195 16939
195 16681
195 14513
195 22439
195 17738
195 18980
195 16638
195 18304
195 22408
195 22528
196 14150
196 15541
196 20873
196 15652
196 16227
196 15349
196 15650
196 15785
196 17311
196 18116
196 17342
196 16774
196 21326
196 21516
196 12583
196 23270
196 22619
196 19518
196 16147
196 27462
196 23291
196 19868
196 23575
196 21028
196 26634
196 17718
196 24522
196 15365
196 26909
196 19973
196 21411
197 13726
197 14683
197 25517
197 17293
197 17493
198 25513
198 14000
198 25763
198 20094
198 21791
198 17869
198 25489
198 12085
199 24116
199 12030
199 18861
199 25652
199 25285
199 24643
199 15649
199 26224
199 23642
199 26077
199 16419
199 20330
199 22412
199 23613
199 15875
199 27118
199 27523
199 13882
199 26318
199 27560
199 27495
199 27474
199 27581
199 16112
199 25603
199 26040
199 25653
199 26652
199 26757
199 25347
199 28023
199 19978
200 13602
200 12505
200 17046
200 18258
200 12480
200 12512
200 21175
200 14471
200 16983
200 12280
200 21585
200 18108
200 24169
200 13926
200 13442
200 15413
200 19404
200 26995
200 23639
200 16238
200 27045
200 19353
201 16682
201 19847
201 16213
201 17605
201 11926
201 13514
201 17326
201 19505
201 22887
201 13286
201 27917
202 15185
202 15055
202 25294
202 26512
202 27528
202 26604
202 27559
202 15347
202 27808
202 27632
202 27802
202 26652
202 12763
202 27506
202 21131
202 27156
203 18013
203 19014
203 20950
203 18311
203 15418
203 13094
203 18900
203 26370
203 12141
203 17451
203 25492
204 12367
204 12721
204 14010
204 17486
204 15973
204 19011
204 18310
204 14890
204 18501
204 18066
204 18175
204 22249
204 21239
204 16380
204 25944
204 26349
204 26643
204 20885
204 27830
204 21154
204 19036
204 24133
204 19855
204 25834
204 19799
204 25110
204 24049
204 12583
205 14704
205 17562
205 23959
205 22755
205 19573
205 18761
205 12031
206 12558
206 13408
206 13712
206 16456
206 17046
206 21004
206 22029
206 21006
206 18817
206 24841
206 11923
206 27285
206 27911
206 28090
207 16867
207 18544
207 21026
207 18708
207 15772
207 24993
207 13654
207 26019
207 17486
207 18734
207 25491
207 25634
207 24836
207 21375
207 26921
208 21952
208 19108
208 25516
208 16419
208 27283
208 27808
208 28037
209 18955
209 21763
209 12693
209 19065
209 22328
210 13969
210 13657
210 17443
210 13908
210 20937
210 23680
210 24666
210 26078
210 18276
210 18278
210 17315
210 27542
210 26685
210 15861
211 20835
211 23296
211 19695
211 16576
211 16353
211 12454
211 12662
211 26750
212 13021
212 14202
212 24666
212 14846
212 14091
212 23540
212 13757
213 14859
213 22874
213 26137
213 25706
213 14470
213 22139
213 24618
213 16309
214 22674
214 23515
214 25110
214 23909
214 24372
214 24433
214 20771
214 26450
214 26930
214 27170
214 26771
214 27079
214 27200
214 27609
214 14506
214 27369
214 27641
214 27791
214 25147
214 15402
214 26308
214 27899
215 23606
215 22165
215 18843
215 13330
215 27447
215 21441
215 26677
216 20323
216 15302
216 22670
216 23909
216 24589
216 19934
216 24606
216 24577
216 25021
216 15934
216 22412
216 23264
216 18909
216 26902
216 27079
216 13360
216 27161
216 15911
216 26937
216 26694
216 27315
216 18060
216 27847
216 27859
216 26757
216 28004
216 28039
217 12867
217 18545
217 13288
217 16277
217 16198
218 13672
218 25521
218 26055
218 26069
218 25337
218 24386
218 25076
218 25111
218 11923
218 27229
218 27320
218 27440
218 26671
218 25957
218 14506
218 27938
218 27982
218 27717
218 27139
218 27991
218 28037
218 27618
218 27550
218 27920
218 27644
219 22925
219 25846
219 20880
219 21753
219 22024
219 21529
219 27629
220 22952
220 23906
220 25521
220 23264
220 26412
220 27415
220 27737
220 27764
220 27416
220 27715
220 27983
220 27945
220 27660
220 28091
221 15551
221 15553
221 25158
221 24945
221 24480
221 22297
221 25559
221 11923
221 25733
221 23658
221 24696
222 14996
222 13702
222 17064
222 13670
222 14175
222 18055
222 14382
222 16274
222 21281
222 13566
222 19612
222 20944
222 23993
223 15967
223 17682
223 20455
223 15279
223 15934
223 17256
223 13180
223 20092
223 12439
223 16990
223 14542
223 26467
224 23906
224 24435
224 24643
224 18817
224 25076
224 26930
225 16028
225 23254
225 23555
225 23606
225 27115
226 15766
226 14178
226 24205
226 25486
226 21956
227 16346
227 17328
227 17348
227 18735
227 25362
227 13069
227 20754
227 23271
227 14327
227 17900
227 19484
227 20912
227 22858
227 24705
228 17551
228 13653
228 20505
228 13021
228 15706
228 13260
228 23572
228 11935
228 22490
228 12160
228 17974
229 16745
229 23238
229 24067
229 13759
229 21754
229 19505
229 24743
229 14603
229 21390
229 20138
229 20461
229 17631
229 26789
229 21618
229 26454
229 14418
229 13940
229 19469
229 21170
229 16514
229 26906
229 19504
229 27220
230 21943
230 23053
230 14331
230 24598
230 22292
230 25843
230 24583
230 16362
230 20772
230 27654
230 25866
230 23027
231 24626
231 18282
231 21613
231 26843
231 19061
231 19999
231 27082
231 27105
231 14468
231 23265
231 12141
231 18029
231 14287
232 17121
232 19074
232 22345
232 12201
232 25556
232 13202
232 17725
232 17479
232 23565
233 11839
233 22851
233 21836
233 18194
233 19031
233 25823
234 18950
234 20663
234 13663
234 18203
234 12539
234 18002
234 20060
234 19757
234 12844
234 14437
234 20267
234 24537
234 23555
234 24608
234 21550
234 19553
234 26224
234 22298
234 22297
234 25557
234 20122
234 20848
234 25471
234 26818
234 27332
234 25653
234 27861
234 22833
234 27987
235 14200
235 14026
235 13478
235 17963
235 14886
236 14473
236 18433
236 14211
236 23296
236 17042
237 24169
237 24666
237 25110
237 25557
237 26418
237 27210
237 27206
237 25740
237 27283
237 27541
237 27542
237 12693
237 16455
237 26757
237 27906
237 28075
237 14234
238 14440
238 13716
238 13052
238 16814
238 21413
238 22302
238 15766
238 17335
238 11847
238 12268
238 25048
238 19918
238 24643
238 25943
238 26629
238 15535
238 13675
239 23117
239 23410
239 23515
239 24195
239 24666
239 24169
239 24185
239 21248
239 22002
239 18276
239 26317
239 19651
239 18278
239 27302
239 26005
239 27224
239 20601
239 27571
239 27466
239 27200
239 27379
239 27819
239 25837
239 27983
239 28012
239 28025
240 12832
240 16660
240 18800
240 20360
240 19626
240 21835
240 21593
240 23333
240 17479
240 24999
240 25595
240 14864
240 23086
241 14756
241 11844
241 26400
241 15342
241 20792
241 27836
241 27460
241 28091
242 18528
242 17008
242 13319
242 14517
242 22724
242 11873
242 15726
242 20313
242 12202
242 15922
242 12082
242 18608
242 19603
242 13126
242 21537
242 15165
242 20497
242 22815
243 20889
243 20772
243 16455
243 14209
243 22006
243 20610
243 26984
243 26246
244 14146
244 13622
244 12184
244 14718
244 18890
244 19811
245 12431
245 12381
245 12118
245 12385
245 12428
245 15755
245 18625
245 19526
245 22570
245 17970
245 23893
245 24435
245 25779
245 20601
245 27121
245 26274
245 20901
245 14506
245 27581
245 26783
245 27902
245 27981
245 26757
246 23566
246 22377
246 20607
246 22475
246 22805
247 24814
247 25601
247 24474
247 26165
247 26168
247 26958
247 27057
247 27969
248 13422
248 16424
248 16506
248 13536
248 13650
248 19221
248 20465
248 18860
248 28087
249 14868
249 25058
249 26462
249 14885
249 17790
249 24903
250 21575
250 21600
250 20890
250 18212
250 18861
250 26317
250 27415
250 26565
251 18625
251 21575
251 27017
251 26960
251 25844
251 27997
252 22366
252 22985
252 11919
252 21173
252 23932
252 16808
252 21520
252 22779
252 23615
253 19702
253 20864
253 15446
253 17619
253 25469
254 16817
254 17156
254 20754
254 12054
254 20677
254 24669
254 14498
254 22501
254 23748
254 26339
254 20363
254 11923
254 11972
254 25738
254 27198
254 17790
255 12139
255 13105
255 15933
255 18410
255 19289
255 22987
255 26412
255 22930
255 23691
255 25607
255 26278
255 25744
255 27462
255 18045
256 14957
256 22158
256 21943
256 12000
256 12281
256 15926
256 24738
257 18783
257 18807
257 12693
257 21428
257 23781
257 15052
257 21953
257 12348
257 18800
257 11893
258 16595
258 17335
258 13776
258 16917
258 22785
258 17930
258 18527
258 22578
258 27115
258 24276
259 17193
259 18606
259 17880
259 21687
259 21896
259 21386
259 20831
259 24893
260 13945
260 14354
260 16261
260 16822
260 17342
260 17846
260 18042
260 19820
260 20199
260 23516
261 23680
261 18645
261 25652
261 23770
261 26606
261 27804
261 25109
261 27989
261 28005
261 28045
262 25124
262 13337
262 22499
262 12016
262 26038
262 26390
262 15437
263 21937
263 13793
263 23072
263 17563
263 27302
263 13266
263 14985
263 17335
263 12916
263 27737
263 21299
264 15966
264 23474
264 14345
264 15464
264 17794
264 16256
264 14048
264 15171
264 15492
264 23732
264 19615
264 20485
264 22678
264 23505
264 13653
264 22025
264 18602
264 21289
264 21525
264 13360
264 21331
264 12891
264 20006
264 16107
264 22978
264 15472
264 22497
264 20925
264 12583
264 17336
264 17510
264 17992
264 21857
264 23366
264 24043
264 24838
264 12851
264 20772
265 24213
265 26394
265 26760
265 27071
265 27302
265 27415
265 27152
265 27715
265 27617
265 28012
266 20059
266 22688
266 24195
266 15775
266 25568
266 13306
266 13499
266 22739
266 11923
266 26945
266 12240
266 18754
266 19415
266 27641
266 26783
266 27867
266 17184
267 22688
267 24666
267 27737
267 25267
267 27283
268 20896
268 18220
268 22784
268 23190
268 11923
268 27270
268 26529
268 27191
269 13804
269 20016
269 24606
269 18817
269 25976
270 16519
270 17035
270 25589
270 23384
270 24478
271 15585
271 13859
271 15666
271 14193
271 12280
271 24958
271 12974
271 14775
271 11929
271 13474
271 16536
271 18519
271 17140
271 13230
272 13927
272 16350
272 21481
272 15524
272 15665
272 21943
272 20685
272 12201
272 17927
272 25511
272 17479
272 27151
272 21408
272 26077
272 26454
272 27423
273 24427
273 23459
273 25652
273 24643
273 26056
273 25076
273 24300
273 25712
273 26261
273 26645
273 26804
273 26352
273 11923
273 25405
273 27182
273 27286
273 24754
273 27764
273 26766
273 28022
273 27885
273 27920
273 28068
274 15462
274 13793
274 12201
274 19176
274 24875
275 24623
275 26352
275 27283
275 27715
275 27960
275 26685
276 18449
276 15422
276 17672
276 21443
276 24146
276 17982
276 21240
276 18787
276 14059
276 13793
276 13385
276 16000
276 21731
276 22299
276 16357
276 26653
276 12151
276 23285
276 20912
276 17743
276 22278
276 26089
276 26574
276 19760
276 27516
276 23484
276 27227
277 13344
277 12794
277 19702
277 17451
277 13878
277 15911
277 13366
277 16409
277 16565
277 15864
277 25157
277 27852
277 23204
277 16234
277 13600
277 21046
277 25121
277 25525
277 23913
277 13671
277 26192
277 18084
277 14172
277 15000
277 20009
277 25908
277 22230
277 27103
277 15984
277 23077
277 14518
277 14596
277 16559
277 16650
277 22151
277 17329
277 17842
278 13653
278 16688
278 23284
278 24598
278 13007
278 19767
278 22333
278 24351
278 24924
279 23566
279 22504
279 26077
279 22858
279 25628
279 20887
279 26266
280 21573
280 11882
280 12151
280 12201
280 16436
281 13262
281 13790
281 16502
281 18842
281 19269
281 21141
282 20431
282 21219
282 25150
282 13049
282 11934
282 24999
283 11890
283 13151
283 12766
283 12111
283 12447
283 12763
283 12223
283 12031
283 14683
283 12693
283 12905
283 12302
283 12540
283 17309
283 17986
283 13649
283 19131
283 14223
283 14412
283 22175
283 23099
283 14469
284 18457
284 13378
284 22920
284 22562
284 21683
284 25036
284 26031
284 19237
284 26623
284 23642
284 23264
284 11923
284 26740
284 27057
284 27358
284 27819
284 27539
285 23680
285 22937
285 23469
285 24372
285 26000
285 21248
285 26498
285 26691
285 11923
285 26643
285 26894
285 26016
285 27088
285 27229
285 14860
285 27163
285 27705
285 23814
286 15212
286 13211
286 15438
286 16481
286 16603
286 17093
286 17335
287 20719
287 11847
287 12095
287 12022
287 12153
287 12405
287 13606
287 13930
287 13700
287 11881
287 12549
287 13745
287 12056
287 15124
287 11964
287 12139
287 12545
287 15692
287 15696
287 12551
287 12096
287 15694
287 15853
287 13656
287 14651
287 14652
287 18648
287 15649
287 26347
287 26691
287 18909
287 11923
287 25866
287 17915
287 26930
287 27416
287 27660
287 28091
287 28018
287 28040
288 22516
288 18861
288 25270
288 26492
288 24910
288 26894
288 18695
288 27437
288 27440
288 23353
288 27036
288 27370
288 27938
288 26757
288 28091
289 16701
289 20316
289 19148
289 21206
289 15776
289 23997
289 13923
289 22367
289 23615
289 20219
289 26344
289 26545
289 25426
289 27526
289 22394
289 21917
289 27361
289 27770
289 27715
289 27689
289 28023
289 27608
290 20592
290 23215
290 25407
290 25192
290 17309
290 13221
291 15858
291 15984
291 22693
291 22781
291 23052
291 12615
291 13557
291 23289
291 27274
291 17257
292 12526
292 16802
292 17010
292 20797
292 24095
292 12779
292 13063
292 15316
292 15646
292 17505
292 25112
292 26558
292 16700
292 18474
292 19139
292 24511
293 19170
293 17683
293 12095
293 13862
293 16849
293 23024
293 19576
293 15374
293 15793
293 24060
293 18600
293 15399
293 24570
293 21232
293 14184
293 13138
293 14505
293 16965
293 22388
293 15943
293 13116
293 18574
293 13049
293 13295
293 13235
293 18817
293 12753
293 16416
293 25751
293 18325
293 27324
293 14308
293 15048
293 15840
293 16409
293 16754
293 15105
293 15203
294 12049
294 21519
294 21937
294 24670
294 24250
294 24669
294 25158
294 24945
294 21228
294 15861
295 21814
295 13629
295 16665
295 16183
295 17973
295 14597
295 17249
295 24130
295 18307
295 21639
296 15616
296 14235
296 19001
296 24060
296 22139
296 20368
296 17963
296 19560
297 23746
297 16758
297 21384
297 21571
297 26810
297 27188
297 14389
298 12342
298 12850
298 12936
298 26239
298 26172
298 24884
298 18909
298 26930
298 27498
298 27200
298 27855
298 25913
298 20785
298 27715
299 15978
299 18730
299 18734
299 22650
299 15753
299 17698
299 19643
299 20807
299 15047
300 22063
300 23989
300 25516
300 24956
300 25528
300 25076
300 25754
300 26760
300 25558
300 27715
300 27885
301 15954
301 23161
301 20471
301 15622
301 17373
301 19018
301 22632
301 15221
301 19513
301 12538
301 14052
301 12011
302 12072
302 21230
302 26344
302 22027
302 27228
302 27249
302 27724
302 27876
302 27895
302 27506
303 25568
303 26343
303 22348
303 26645
303 11923
303 26643
303 27205
303 27367
303 27881
303 21181
303 28091
304 13929
304 15333
304 17907
304 19390
304 23413
304 17357
304 15934
304 18084
304 13675
304 18424
304 20609
304 14729
304 12082
304 20943
304 11859
304 25028
305 13982
305 17523
305 16995
305 22826
305 24902
305 26782
305 13642
305 18764
305 26388
305 22630
306 19653
306 18099
306 22256
306 18507
306 22705
306 25342
306 21828
306 15984
306 19289
306 26917
307 23845
307 19933
307 21938
307 21549
307 21612
307 14912
307 26477
307 26631
307 22369
307 26334
307 27210
307 14899
307 27401
307 27182
307 27859
307 27911
308 13979
308 14732
308 18128
308 19139
308 22038
308 20195
308 15070
308 23364
308 23753
308 14563
309 15914
309 24477
309 16226
309 26327
309 25206
309 27020
309 21957
310 17329
310 23695
310 13917
310 17193
310 21321
310 12030
310 12173
310 16738
310 23413
310 13985
310 18835
310 23782
310 12999
310 16041
310 16861
310 19176
310 18335
310 17536
310 20179
310 27651
310 24669
310 27223
311 15531
311 20411
311 12600
311 21886
311 11991
311 13527
312 16136
312 17612
312 20106
312 24614
312 18168
312 26560
312 23770
313 15177
313 12207
313 13457
313 20007
313 15645
313 19256
313 20530
313 14543
314 12481
314 14941
314 15201
314 13474
314 20346
314 18805
314 24185
314 16181
314 16419
314 26317
314 23635
314 24623
314 20608
314 13735
314 15688
314 19253
314 22959
314 17929
314 13878
314 17911
314 20052
314 25194
314 25316
314 25588
315 13883
315 15215
315 16304
315 13985
315 26890
316 12985
316 17861
316 12673
316 12846
316 16823
316 13878
316 25754
316 12198
316 15221
316 26751
317 12832
317 23150
317 13479
317 25803
317 17536
317 23503
318 12295
318 12056
318 14880
318 19787
318 13298
318 18775
318 20216
318 22061
318 22340
318 16665
318 19902
318 15024
318 13717
318 24225
318 14931
318 26321
319 14423
319 12726
319 12469
319 16127
319 13348
319 12892
319 17185
319 12681
319 16271
319 12799
319 14167
319 17963
319 17039
319 14235
319 17073
320 25416
320 25476
320 12348
320 12974
320 13878
320 17511
320 18616
320 20849
320 17921
320 27123
320 27598
321 18429
321 13635
321 21153
321 23193
321 17028
321 25296
321 26458
322 13175
322 24620
322 12973
322 14587
322 14980
322 23627
323 18113
323 17794
323 21441
323 17288
323 22830
324 13733
324 14184
324 18987
324 12399
324 13776
324 22975
325 25135
325 25134
325 18973
325 13276
325 21914
326 18014
326 18128
326 20207
326 13594
326 20957
326 15507
326 14032
326 12674
326 20721
326 15813
326 13123
326 11940
326 27880
326 26556
326 18879
326 24770
326 23630
326 12679
326 23933
326 21740
326 25814
326 20794
326 14935
326 22533
326 24395
326 26055
326 15185
326 16281
326 24895
326 25871
326 21019
326 19555
326 13826
326 20763
326 21154
326 25683
326 26765
326 15891
326 25020
326 21021
326 27908
327 26346
327 26568
327 25575
327 26203
327 26561
327 11923
327 27302
327 26688
327 14549
327 27283
327 27804
327 24026
328 21175
328 13265
328 24778
328 27004
328 19112
328 25701
329 24091
329 19930
329 20240
329 12036
329 19475
330 16197
330 22482
330 14884
330 25214
330 26786
330 26968
331 26492
331 17870
331 23735
331 23468
331 23883
331 21957
331 22428
332 13498
332 16226
332 15986
332 17225
332 13983
333 12984
333 16962
333 20127
333 15490
333 16243
333 24536
333 24545
333 23287
333 27004
333 16274
333 25789
334 27075
334 27109
334 27168
334 27263
334 12190
335 23218
335 14637
335 23839
335 23939
335 23838
335 23845
335 25270
335 25520
335 25521
335 25870
335 17679
335 24460
335 25076
335 25940
335 23264
335 25989
335 11923
335 26633
335 26930
335 27090
335 27229
335 25844
335 27732
335 27541
335 27630
335 27836
335 27802
335 27715
335 27406
335 28013
335 27963
336 19043
336 22704
336 19434
336 19821
336 25828
337 20419
337 24678
337 19664
337 25715
337 20406
337 18909
337 26128
337 27163
337 27367
337 27182
337 25837
337 27618
337 27616
337 28014
337 25347
338 15006
338 14019
338 15775
338 21092
338 12141
338 12158
338 13339
338 21377
338 17292
338 19832
339 14005
339 16595
339 18738
339 19531
339 18470
339 21311
340 20094
340 22165
340 19295
340 27105
340 27310
341 14880
341 15446
341 20648
341 20374
341 22231
341 20291
341 20375
341 17430
341 25555
341 27736
341 16360
341 17865
342 23763
342 13577
342 16020
342 16088
342 19615
342 19353
342 24634
342 26403
343 23459
343 25048
343 25602
343 25712
343 27729
343 27641
343 27732
343 27819
343 27997
343 27406
343 27972
343 27969
344 13341
344 21547
344 23906
344 15585
344 26069
344 13076
344 20772
344 19186
344 26606
344 27609
344 27901
345 14199
345 20663
345 16004
345 22974
345 16065
345 13625
345 25709
345 21921
346 12169
346 14163
346 17377
346 16818
346 17451
346 12724
346 22542
346 26608
347 15778
347 16602
347 27121
347 26652
347 27990
347 27906
348 12153
348 11890
348 12493
348 14327
348 15321
348 12158
348 13013
348 13021
348 13639
348 13566
348 20754
348 23908
348 23625
348 19553
348 24666
348 23642
348 26644
348 25557
348 25837
348 28037
349 12370
349 24124
349 24185
349 25227
349 26521
349 24662
349 26333
349 25987
349 13235
349 27609
349 14506
349 27203
349 27776
350 16587
350 23768
350 15160
350 21643
350 15207
351 16702
351 22296
351 21308
351 17373
351 17483
351 16818
351 14582
351 21287
351 19002
351 12185
351 24414
351 13182
351 15624
351 19962
351 18841
351 15881
351 17995
351 12669
351 17403
351 11928
351 12348
351 17918
351 18594
351 13168
351 13400
351 26021
351 24468
351 26326
351 13309
351 16848
351 25519
351 26696
351 22704
352 13126
352 25345
352 20277
352 26969
352 24012
352 13677
352 24429
352 26876
352 27774
353 14205
353 12151
353 14776
353 12380
353 20346
353 19108
353 24166
354 18975
354 12348
354 12379
354 13131
354 17470
354 22006
355 20125
355 27025
355 18507
355 21021
355 22208
355 27024
356 14465
356 12201
356 15965
356 14223
356 13887
356 16066
357 21579
357 24527
357 12801
357 17587
357 27141
357 11896
357 23531
357 24628
358 12685
358 23815
358 24670
358 24666
358 24274
358 24643
358 25515
358 25526
358 26737
358 27201
358 26928
358 27808
358 24026
358 27836
358 27861
358 27665
359 17077
359 14837
359 19554
359 24698
359 25648
359 18588
359 18620
359 21957
359 23278
359 15470
359 15558
359 14861
359 16139
359 22116
359 22321
359 26840
360 23960
360 24668
360 24483
360 24484
360 24355
360 24002
360 23910
360 24297
360 24356
360 24748
360 26050
360 13265
360 20812
360 14132
360 11962
360 20397
360 14131
360 26791
360 12160
360 24670
360 26024
360 18760
360 13301
360 15944
360 11907
360 22826
360 26387
360 27298
360 13589
360 23591
360 25842
360 26992
360 27134
360 24754
360 21312
360 14054
360 20102
360 16582
360 15374
360 23352
360 26240
360 26888
360 20841
361 14830
361 19875
361 18522
361 17264
361 18990
361 23573
361 25846
361 26172
361 27338
361 20792
361 27855
361 27378
361 27712
362 13706
362 14689
362 15273
362 13230
362 13257
363 18201
363 19754
363 21873
363 23517
363 23117
363 23823
363 23362
363 23906
363 24658
363 22162
363 25287
363 25227
363 26897
363 27198
363 26274
363 27145
363 27495
363 25957
363 27805
363 27881
363 28015
364 22082
364 21255
364 24347
364 23046
364 20576
365 18192
365 14754
365 12145
365 12936
365 17595
365 17631
366 22664
366 24386
366 26400
366 18221
366 25712
366 26017
366 26180
366 17280
366 20792
366 27004
367 13092
367 24628
367 16865
367 21951
367 22054
367 20902
367 24627
367 15528
367 20012
367 15645
367 24978
367 22397
367 24517
367 22088
367 27723
368 19321
368 18033
368 13676
368 27479
368 18834
368 23370
368 14502
368 15934
368 26611
369 26514
369 26914
369 25987
369 26688
369 27184
369 27498
369 27309
369 27729
369 25267
369 22165
369 27857
369 26049
369 27802
369 27539
369 27665
370 27731
370 27202
370 27641
370 27791
370 26652
370 28004
370 28039
371 13115
371 14235
371 17196
371 18011
371 18545
371 19261
371 13007
371 13233
371 18647
371 19665
371 21672
371 14223
371 20197
372 13970
372 24558
372 26888
372 16753
372 23663
372 17933
372 20497
372 24767
372 16885
373 23431
373 24890
373 25102
373 21537
373 17892
373 17038
374 14026
374 15165
374 23357
374 19518
374 12598
374 28018
374 24770
375 15099
375 20937
375 22369
375 24884
375 27764
376 18645
376 25337
376 26077
376 11923
376 22297
376 25111
376 27591
376 15645
377 19417
377 12878
377 13199
377 24485
377 14541
377 22727
378 23370
378 20794
378 15937
378 25828
378 14054
378 16948
378 18238
378 21441
378 15049
378 12779
378 14190
378 13839
378 27147
378 20749
379 23566
379 22619
379 24418
379 25270
379 11923
379 25559
379 12900
379 23613
379 12085
379 15254
379 19140
379 27641
379 12229
379 27689
380 21653
380 14878
380 15221
380 19822
380 22791
380 27688
381 12851
381 19916
381 11920
381 14990
381 20993
381 21173
381 22152
381 27739
381 13013
381 14489
382 21413
382 21732
382 14189
382 15108
382 22733
382 24713
382 26859
383 25157
383 14200
383 13799
383 25688
383 25863
383 26693
383 11862
383 20100
383 14518
383 23301
384 14559
384 15497
384 12672
384 13064
384 13929
384 22825
384 20959
384 24780
385 18332
385 22742
385 18092
385 23186
385 19840
385 17586
385 24956
385 24448
385 24490
385 26645
385 18276
385 26078
385 17880
385 25110
385 18551
385 27191
385 27541
385 26661
385 27840
385 28004
385 25429
385 27911
386 22705
386 24527
386 25342
386 21985
386 16088
386 16125
386 22725
386 15221
387 19351
387 21342
387 20925
387 23636
387 20912
387 23182
387 23359
387 22946
387 12603
388 12679
388 21379
388 13850
388 15891
388 25430
388 22930
389 15785
389 19979
389 16259
389 21741
389 17856
389 15498
389 27462
389 21175
389 14924
389 18061
389 19152
389 15186
389 15922
389 12193
389 12200
389 12509
389 27728
390 14726
390 23566
390 26163
390 21041
390 24277
390 24910
390 26839
390 27691
390 27672
390 27834
390 28089
391 24435
391 26500
391 25558
391 26771
391 27729
391 27416
391 15861
391 28090
392 14389
392 14954
392 13620
392 14515
392 12983
392 19121
392 17256
392 19249
392 15751
392 21767
392 11905
392 20707
392 19903
392 23062
392 19930
392 16289
392 21721
392 18299
392 18314
392 23792
392 22617
392 19772
392 22479
392 22202
392 26891
392 24748
392 20127
393 12352
393 15235
393 15046
393 12912
393 13534
393 17083
393 13878
393 12526
393 16955
393 16996
393 14178
393 14327
393 12688
393 12572
393 14389
393 15018
393 16244
393 13733
393 21804
393 19011
393 22920
393 12872
393 23198
393 23905
394 12400
394 13028
394 13031
394 12250
394 12256
394 12998
394 14190
394 12851
394 18197
394 17384
394 15499
394 13215
394 16134
394 13878
394 25430
394 23146
394 12045
394 12143
394 20539
394 24377
394 21278
394 20151
394 26241
394 18265
395 12153
395 18242
395 18728
395 18708
395 14465
396 22636
396 23906
396 12814
396 25601
396 27552
396 27705
396 27737
396 27894
396 27899
396 27955
396 28084
397 23815
397 24213
397 22823
397 17085
397 26069
397 25076
397 26897
397 24153
397 26518
397 27527
397 27585
398 22350
398 26644
398 26991
398 27705
398 27902
398 27906
399 16865
399 18726
399 22045
399 13640
399 25704
399 12378
399 17335
399 12974
399 21553
399 22436
399 11888
399 18859
399 21595
399 24500
399 17001
399 12118
399 13051
399 14812
399 22004
399 15779
399 26662
399 27566
399 14137
399 12229
399 15897
399 11912
399 14348
399 26810
399 19072
399 19387
399 12973
399 27878
400 14683
400 26250
400 17646
400 16660
400 21815
401 11891
401 27243
401 12141
401 24709
401 13306
401 23329
401 16252
402 12558
402 11871
402 16197
402 12702
402 12942
402 13131
402 16601
402 15006
402 14155
402 13906
402 18215
402 11994
402 16112
402 14202
402 12141
402 17389
402 19177
402 19488
402 23481
403 21459
403 23845
403 25568
403 16504
403 19322
403 18290
403 15310
403 26014
403 16167
403 16524
403 25076
403 22746
403 26165
403 21108
403 25595
403 25918
403 23416
403 18961
403 26644
403 26335
403 27233
403 16104
403 25986
403 27088
403 27555
403 27636
403 25612
403 27495
403 27641
403 25957
403 27442
403 14024
403 22704
403 27833
403 17754
403 27876
404 20922
404 21988
404 22379
404 26055
404 25044
404 16032
404 25628
404 14450
404 23019
404 21082
404 18875
404 20558
404 27943
404 23419
404 26208
405 21637
405 21639
405 23822
405 26691
405 26875
405 17880
405 17983
405 20670
405 20689
405 21482
405 21638
405 24163
405 25825
405 22462
405 26065
405 27488
405 15770
405 22756
405 23101
405 24228
405 25855
405 26441
405 16292
405 19096
405 22781
405 26435
405 13396
405 18362
405 18383
405 18541
405 19315
405 19901
405 19933
405 20541
405 26082
405 12151
405 23780
405 27106
405 12641
405 16688
405 23271
405 23686
405 25604
405 26242
405 27409
406 26152
406 15373
406 19809
406 19879
406 25683
407 12687
407 17178
407 17869
407 12974
407 22779
407 21525
407 14782
408 17869
408 16962
408 18640
408 22457
408 25126
409 14440
409 17511
409 22149
409 25272
409 26052
409 19415
410 13734
410 21190
410 17727
410 18626
410 19901
410 25622
410 22787
410 13436
410 15393
411 20305
411 22826
411 26096
411 20790
411 27059
411 27731
411 27379
412 18656
412 20129
412 16729
412 24467
412 14192
412 24484
412 23941
412 19759
412 24691
412 24211
412 25125
412 12693
412 12396
412 19555
412 27660
413 12873
413 15407
413 14436
413 19176
413 19212
413 16551
413 14993
413 14228
413 24473
413 12051
413 17911
413 18548
413 23459
413 17561
413 25076
413 12145
413 23964
413 25942
413 24047
413 22050
413 25558
413 26486
413 27415
413 19653
413 26772
413 21236
413 27442
413 18544
413 21069
414 16071
414 15766
414 19327
414 13306
414 21996
414 20460
414 12176
414 20531
414 21929
414 19293
414 21154
414 15664
414 26726
414 17510
414 13116
414 22830
415 18384
415 19367
415 19216
415 24586
415 24435
415 24587
415 23983
415 24507
415 23897
415 26172
415 26170
415 24436
415 23138
415 26533
415 22348
415 26155
416 12101
416 16887
416 14904
416 27253
416 25254
416 27297
416 27662
417 11847
417 11951
417 12540
417 22529
417 19702
417 13298
417 22938
417 24074
417 19612
417 21443
417 20714
417 24510
417 20763
417 25672
417 12446
417 26172
417 23935
417 25076
417 22298
417 26534
417 23812
417 26894
417 24910
417 11923
417 27367
417 14517
417 27441
417 21892
417 26783
417 27608
418 16495
418 17621
418 22928
418 18074
418 20352
418 26891
419 16514
419 12493
419 19470
419 23293
419 12428
419 16673
419 26390
419 21996
419 26822
420 12801
420 11933
420 12628
420 17818
420 19750
420 18864
420 21285
420 22287
420 17686
420 27840
420 26757
421 22803
421 24184
421 19028
421 21894
421 26272
421 26261
421 25500
421 18236
421 20558
421 21635
421 22777
421 25485
421 26333
421 27012
421 26545
421 27280
421 27345
421 27552
421 19879
421 27804
421 26518
421 25109
421 27981
421 27859
421 27966
421 19415
421 27752
422 27672
422 27883
422 27753
422 17376
422 15045
422 27938
422 27708
422 27820
422 27902
422 19640
422 23318
422 27634
422 27710
422 27882
422 23283
422 27707
422 27881
422 26766
422 24955
422 27635
422 27991
422 27706
422 27842
422 17339
422 27934
422 27925
422 27646
422 27763
422 24795
422 26919
422 28048
422 24679
422 27089
422 27970
422 27976
422 27660
422 27792
422 27890
422 12662
422 12201
422 28071
422 27689
423 16071
423 11962
423 18965
423 16056
423 12906
423 23718
423 18325
424 17046
424 16812
424 17505
424 17420
424 12157
424 16022
424 21178
424 24899
424 21609
424 23908
424 19663
424 26748
425 24754
425 16948
425 19693
425 25573
425 27561
426 14473
426 19776
426 21996
426 18988
426 23907
426 25667
426 25796
426 20536
427 12462
427 14593
427 13378
427 17644
427 21525
427 12186
427 14145
427 19649
427 17448
427 17268
427 19285
427 22408
427 24596
427 18257
428 14465
428 19291
428 21122
428 23784
428 25122
429 16841
429 21418
429 21454
429 26298
429 15441
430 16106
430 18865
430 13734
430 13917
430 16970
430 20304
430 19635
430 18757
431 25394
431 25570
431 26272
431 13116
431 21742
431 23264
431 12152
431 26412
431 20331
432 24590
432 24739
432 26055
432 26400
432 23642
432 18909
432 11923
432 27210
432 27560
432 27731
432 13172
432 27945
433 13007
433 14533
433 15395
433 18920
433 14483
433 19814
434 15486
434 11997
434 22657
434 17528
434 22095
434 25521
434 22994
434 24947
434 28001
434 27617
434 28092
435 21600
435 23075
435 21953
435 17820
435 23170
435 19508
435 14880
435 26002
435 25943
435 27065
435 27226
435 25628
435 27202
435 27993
436 21382
436 11847
436 24606
436 24934
436 12764
436 21875
436 26303
436 26325
436 24871
436 22350
436 22297
436 22298
436 25500
436 24176
436 27228
436 27199
436 22496
436 24154
436 14517
436 25267
436 27737
436 27970
436 27459
436 27563
436 27911
437 17780
437 18627
437 22053
437 13131
437 16379
437 18962
437 22817
437 23668
437 21426
437 24428
437 11843
437 16979
437 17225
437 20648
437 21492
438 14878
438 22428
438 21557
438 12693
438 21585
439 18501
439 22380
439 17191
439 21068
439 21631
439 24482
439 13460
439 13357
439 14230
440 13131
440 25585
440 13192
440 23653
440 25028
440 25132
440 23528
440 12007
440 13479
440 18168
440 18988
440 19899
440 21169
440 21752
440 25219
440 26617
441 20138
441 21441
441 11978
441 13068
441 13615
441 16294
441 16401
441 18008
441 20360
441 21537
441 22244
441 22781
441 23894
441 25143
441 25296
441 26246
441 15053
441 16595
441 18393
441 24628
441 27566
441 12240
441 12955
441 18927
442 12782
442 18569
442 18417
442 17910
442 20819
442 20247
442 25545
442 23063
442 19543
442 22438
442 27103
442 15636
442 20078
443 18410
443 18652
443 13878
443 26244
443 12672
443 12151
443 27957
443 12999
443 25828
444 11982
444 14715
444 13203
444 20628
444 21477
444 21115
444 21079
444 19806
444 18533
444 24666
444 24739
444 21424
444 22298
444 25712
444 20645
444 27836
444 20369
444 11989
444 13630
444 27920
444 28005
445 15147
445 16383
445 19456
445 20626
445 21128
445 22973
445 23540
445 26392
445 14078
445 20733
445 16706
445 16892
445 21319
445 22676
445 19394
445 20441
446 13695
446 20935
446 22518
446 11908
446 12504
446 25521
446 25526
446 24643
446 20771
446 26808
446 26691
446 27201
446 20792
446 14607
446 25347
447 25602
447 24643
447 26055
447 12156
447 17282
447 25575
447 26621
447 22348
447 26643
447 25566
447 19390
447 26896
447 11923
447 26995
447 26996
447 27525
447 20153
447 14517
447 27200
447 27283
447 25267
447 15247
447 27902
447 27285
447 27859
447 28039
447 27948
447 15861
447 25347
447 19813
447 21069
448 13319
448 21074
448 14396
448 14511
448 15899
448 12662
448 23979
448 25933
449 14302
449 18562
449 17022
449 14559
449 13464
449 16632
449 24941
449 25415
449 12802
449 26825
449 14641
449 16597
449 17750
449 25812
449 13346
449 18383
449 22251
449 22259
449 26824
449 24829
449 24440
449 14232
449 14198
449 27073
449 27494
449 15958
449 19085
449 23042
449 23808
449 17960
449 20687
449 24478
449 24242
449 15926
449 17727
449 22616
449 23864
450 12090
450 15533
450 13019
450 14581
450 15185
450 24666
450 14623
450 26078
450 26760
450 27199
450 27543
450 27911
450 28092
451 18192
451 21629
451 27871
451 27070
451 27300
451 28059
451 27742
451 27816
451 27099
451 27396
451 27242
451 28080
451 28032
451 28002
451 28088
451 27814
451 27954
451 28048
451 28081
452 22249
452 25470
452 26721
452 12922
452 13805
452 18685
453 13899
453 12141
453 12662
453 12693
453 13064
453 14186
453 14194
453 14196
453 17479
454 15317
454 15835
454 15556
454 12033
454 11912
454 13116
454 18296
454 12336
454 12816
454 21836
454 22061
454 24417
454 14962
454 24670
454 11921
454 24669
454 24574
454 21000
454 22134
454 24577
454 14178
454 22994
454 25557
454 27161
455 20011
455 21371
455 25720
455 17794
455 24853
455 15896
455 12864
455 13272
455 13143
455 15744
455 25595
455 27690
455 15221
455 26750
455 27829
455 19615
455 27223
456 17039
456 23481
456 24708
456 26458
456 14416
456 17077
456 20094
456 21643
456 25595
456 11940
456 15091
456 21981
456 12160
456 13357
456 13113
456 20939
456 19393
456 24695
456 17794
456 24684
456 26077
456 27669
456 12139
456 17945
456 26318
456 18058
457 16261
457 22688
457 20903
457 26078
457 22994
457 26339
458 13959
458 17773
458 14551
458 24583
458 12239
459 18220
459 20784
459 13872
459 20375
459 24178
459 23412
459 24588
459 18089
459 20127
459 12111
459 25652
459 24956
459 26096
459 16848
459 25471
459 22412
459 27199
459 26901
459 17170
459 27526
459 27203
459 27902
460 14327
460 13810
460 23136
460 21683
460 26688
460 27673
460 25837
461 15182
461 15232
461 15947
461 12752
461 21532
461 23689
461 19420
461 12748
461 14766
461 15468
461 18791
461 18885
461 20977
461 22662
461 25863
461 12860
461 22459
461 24034
461 26553
461 12246
461 15511
461 18735
461 14718
462 14272
462 13217
462 12105
462 13985
462 16481
462 20016
462 17685
462 12762
462 22782
462 15495
462 23218
462 18882
462 22803
462 23533
462 21491
462 22359
462 26492
462 25155
462 23590
462 17593
462 24705
462 19958
462 25844
462 21957
463 19529
463 12178
463 23321
463 24666
463 25521
463 24643
463 26239
463 25654
463 26343
463 25943
463 25942
463 26760
463 26895
463 23613
463 27201
463 27228
463 27088
463 26743
463 26529
463 27332
463 24032
463 27351
463 27764
464 12714
464 12793
464 12721
464 16700
464 13565
464 12332
464 11893
464 21600
464 21667
464 23136
464 22952
464 23871
464 20670
464 24372
464 20041
464 17395
464 23845
464 25743
464 25515
464 19470
464 25602
464 18707
464 26522
464 25987
464 18052
465 15319
465 16014
465 17587
465 18567
465 18873
465 19351
465 22419
465 25413
465 25586
465 25587
465 27331
465 15656
465 16481
465 16895
465 18232
465 18519
465 21551
465 23980
465 24542
465 24604
465 19557
465 12974
465 15016
465 21385
465 22045
465 25135
466 21444
466 21733
466 18328
466 16066
466 19415
466 16948
466 23775
466 21610
466 16508
466 17652
466 18009
466 23802
466 12818
466 16155
466 17825
466 22255
466 20728
466 14223
466 22440
466 26445
467 12583
467 13175
467 24679
467 14223
467 18146
467 24770
467 17010
468 13866
468 18144
468 16760
468 23370
468 14518
468 21472
468 16548
468 21654
468 25078
468 26228
468 15901
468 26624
468 27597
468 27816
468 24275
469 24339
469 18444
469 12440
469 14024
469 17190
469 23522
469 24712
469 26700
469 15103
469 12913
469 14914
469 24791
469 27473
470 15500
470 14582
470 17961
470 16974
470 15178
470 15625
470 12031
470 26345
470 24819
470 11923
470 27265
470 27306
470 27675
470 27891
470 27860
471 14063
471 23009
471 17093
471 20270
471 24257
471 20648
471 16667
471 21073
471 21562
471 17545
471 17909
471 20096
471 21810
471 24730
471 19156
471 19974
471 12795
471 19002
471 15666
471 12740
471 16828
471 20099
471 23166
471 11891
472 16171
472 16303
472 19941
472 12762
472 13673
472 19295
472 17338
472 21953
472 13793
472 17071
472 21230
472 13701
472 25990
472 18966
472 21535
473 12527
473 15766
473 20384
473 22902
473 12060
473 12100
473 23654
473 13502
473 17906
473 23748
473 26318
473 24080
473 24173
473 25392
473 12974
473 14151
473 20450
473 25586
474 14188
474 14418
474 15721
474 21253
474 17510
474 16280
474 23997
474 18069
474 17039
474 17615
474 15960
474 26024
475 17451
475 18029
475 20033
475 23384
475 26550
475 14132
475 22440
475 12588
475 22610
475 27344
475 27804
476 13177
476 13347
476 14795
476 22250
476 24111
476 22847
476 19028
476 22895
477 14832
477 15091
477 20565
477 13131
477 18098
477 18153
477 20352
477 16595
477 25134
477 14543
477 21544
477 15377
478 26691
478 26644
478 26643
478 25294
478 25111
478 11923
478 26412
478 27415
478 27257
478 26996
478 27560
478 14517
478 25267
478 27729
478 27724
478 27837
478 27474
478 27285
478 25109
478 27698
478 27214
478 27719
478 19659
478 28038
478 27799
478 27845
478 27911
478 27986
478 28023
478 27712
478 28084
479 24667
479 27504
479 16263
479 25133
479 12280
479 12693
479 17750
479 21585
479 26611
479 27854
479 27884
479 17534
480 26331
480 21864
480 13863
480 25014
480 12031
480 12538
481 15143
481 12428
481 17789
481 20622
481 16901
481 21338
481 13388
481 20845
481 19289
481 21954
481 18260
481 18540
481 20298
481 15666
481 19540
481 16803
481 19767
481 21586
481 24503
481 14101
481 25301
481 21380
481 13763
481 14192
481 16490
481 21842
481 15044
482 14621
482 12944
482 12945
482 12707
482 20315
482 22952
482 24277
482 27127
483 17201
483 24120
483 19954
483 27801
483 13049
483 17911
483 16979
483 19136
483 19849
483 26520
484 17347
484 19961
484 25521
484 25568
484 25398
484 24386
484 26342
484 26743
485 18271
485 12436
485 17730
485 19615
485 19722
485 19733
485 19959
485 20875
485 24808
486 20499
486 12003
486 12050
486 19802
486 14577
486 22534
486 22660
486 14090
486 21579
486 24044
487 15198
487 13559
487 20154
487 16455
487 17180
487 24000
487 24797
487 11893
487 24595
487 18069
487 17001
487 18630
487 22296
487 25387
488 13427
488 13820
488 24409
488 13209
488 15669
488 21363
488 25492
488 25894
488 25896
488 13985
488 25382
488 27735
489 22516
489 22162
489 24536
489 23905
489 26167
489 22493
489 11923
489 21508
489 27081
489 27582
489 27729
489 27833
490 23585
490 13842
490 20153
490 23993
490 27083
490 14328
490 20122
490 17579
490 14248
490 16962
490 17335
490 12428
490 20945
490 25863
490 27687
491 11844
491 19081
491 18813
491 20463
491 14617
491 24741
492 18641
492 20937
492 23906
492 25188
492 27304
492 25748
492 25267
492 27835
493 14327
493 18220
493 13144
493 22750
493 24258
493 24572
493 24939
493 25388
493 25521
493 24184
493 25516
493 17309
493 26102
493 19786
493 27932
493 22244
493 27966
494 15493
494 22576
494 14559
494 12141
494 18861
494 19979
494 24666
494 24621
494 14190
494 14477
494 12430
494 25283
494 19671
494 25565
494 25270
494 25519
494 24494
494 25781
494 26056
494 26492
494 26644
494 23613
494 22826
494 27012
494 27161
494 27441
494 27705
494 27400
494 27202
494 27873
494 27970
494 27989
495 22071
495 25110
495 26166
495 24277
495 22348
495 27775
495 27920
496 18504
496 12664
496 20674
496 13970
496 22559
496 15493
496 24278
496 26047
496 25893
496 26874
496 12957
496 25503
496 15000
496 26821
496 16804
496 26404
497 23096
497 16104
497 21060
497 21809
497 25058
497 26860
497 25543
498 15952
498 26183
498 22616
498 12348
498 15455
498 13483
498 14024
498 13131
498 17323
498 21141
498 25297
498 25704
498 26035
499 18125
499 18010
499 26055
499 25501
499 20374
499 26277
499 25627
499 22350
499 20772
499 27573
499 27731
499 27254
499 27379
500 20965
500 20196
500 14950
500 23457
500 24863
500 15039
500 25775
500 22303
500 18894
500 13007
500 14538
500 17138
500 27251
500 13572
501 23686
501 23459
501 26339
501 17629
501 26644
501 27321
501 26924
502 22274
502 22275
502 13945
502 24889
502 15984
502 17539
502 16775
503 14210
503 14843
503 17046
503 18770
503 18908
503 19910
503 24394
503 12693
503 15918
503 12995
503 25273
503 25338
504 12010
504 18925
504 22038
504 26541
504 17257
504 16424
504 22221
505 17715
505 21551
505 22421
505 20735
505 16065
505 12574
505 21835
505 17207
505 15533
505 21067
505 21899
505 15967
505 25264
505 25402
505 15439
505 17609
505 24890
505 23368
505 24858
505 22589
505 13138
505 24761
505 24872
505 15558
505 22770
505 17342
505 22133
505 12974
505 26664
505 25833
505 27067
505 22781
505 25830
505 12191
505 26746
505 27047
505 27651
505 16735
505 16088
506 23692
506 13340
506 24666
506 21579
506 22974
506 23845
506 23533
506 24643
506 16955
506 26277
506 26056
506 20772
506 15785
506 25943
506 13033
506 26261
506 26643
506 26804
506 26606
506 19651
506 25989
506 15934
506 11923
506 27199
506 27228
506 27225
506 26274
506 26937
506 27280
506 27495
506 27202
506 26783
506 25837
506 26919
506 27925
506 27660
506 28005
506 28023
507 21683
507 25521
507 21894
507 25558
507 26519
507 26252
507 17184
508 14507
508 12130
508 12085
508 12859
508 16888
508 12959
509 15236
509 16230
509 14048
509 16949
509 12877
509 12382
509 14961
509 24480
509 26895
509 26494
509 28092
510 23714
510 13997
510 19956
510 15221
510 14880
510 25595
510 24940
510 25313
511 24316
511 18236
511 25708
511 12085
511 20763
511 13878
511 15952
511 27782
512 15642
512 24928
512 24956
512 24715
512 19034
512 26106
512 22994
512 26309
512 18044
512 26475
512 24662
512 26474
512 18276
512 27145
512 27198
512 21039
512 27376
512 27542
512 24672
512 27656
512 28075
513 17735
513 20094
513 22959
513 24074
513 25157
513 26961
514 26451
514 25238
514 27226
514 25267
514 27204
514 27672
514 27565
514 27416
514 27567
514 27939
514 27844
514 27999
514 27860
514 27660
514 28060
514 28029
514 27969
514 27937
514 28065
514 28018
514 28061
514 28082
515 15837
515 12681
515 15024
515 21489
515 16081
516 16729
516 12712
516 15463
516 15329
516 15331
516 13137
516 16505
516 24956
516 23114
516 22297
516 16419
516 19979
516 11957
516 11942
516 27560
516 27401
516 27729
516 27836
516 26813
516 27460
516 28037
517 16481
517 14169
517 16970
517 20243
517 21721
517 18734
517 23871
517 22002
517 24670
517 23983
517 24585
517 25266
517 25863
517 25526
517 25769
517 26095
517 26606
517 27121
517 27498
517 23640
517 27808
517 27707
517 28014
518 23186
518 21654
518 24316
518 22239
518 24724
518 23248
518 24370
518 25521
518 20338
518 25584
518 15649
518 26929
518 26914
518 26886
518 14549
518 27431
518 27345
518 25405
518 14506
518 27369
518 27202
518 27358
518 27770
519 14155
519 13970
519 25233
519 19177
519 21126
519 14223
519 15055
519 12666
519 19702
519 16424
519 21125
519 24956
519 13233
519 14190
519 21585
519 23627
519 23666
519 24738
520 21509
520 20937
520 22784
520 24736
520 24162
520 24152
520 25144
520 27072
520 27121
521 21175
521 17866
521 25601
521 27283
521 27361
522 18276
522 20484
522 24570
522 24043
522 21175
522 25637
522 26349
522 18697
522 26385
523 21667
523 27210
523 26820
523 27551
523 25957
523 28041
523 27712
524 22801
524 21057
524 13181
524 18006
524 19637
524 24915
524 26789
525 14291
525 24336
525 14378
525 14377
525 26538
525 27286
525 27368
525 27833
525 24903
526 12634
526 16110
526 17869
526 14712
526 13546
526 13056
526 26132
526 17204
526 26852
526 11893
526 27252
527 19655
527 26459
527 17407
527 15572
527 26321
528 15042
528 15542
528 11889
528 12095
528 12333
528 20305
528 21912
528 23217
528 24258
528 24639
528 24274
528 24425
528 24184
528 25516
528 25712
528 27302
528 27339
528 26493
528 27441
528 25957
528 25837
529 26037
529 12121
529 22726
529 22952
529 11922
529 16730
529 20202
529 21682
529 22542
529 25477
529 20174
529 22539
530 24754
530 20535
530 24069
530 14969
530 20259
530 21593
530 20912
530 24781
530 23198
530 15926
531 21996
531 19367
531 23255
531 23280
531 19480
531 25365
531 26371
531 25995
531 24808
532 16028
532 14538
532 15566
532 13192
532 15334
532 18206
532 18668
532 15115
532 20323
532 21003
532 17179
532 23108
532 12267
532 23808
532 26892
532 20277
532 20645
532 23753
532 26054
532 20604
532 25071
532 13839
533 13082
533 16953
533 21714
533 25570
533 27976
534 20010
534 22068
534 21204
534 19205
534 20259
534 15766
534 21205
534 21445
534 12509
535 20262
535 21580
535 26059
535 15944
535 21536
535 25834
535 19702
535 15851
535 12667
535 17329
535 17930
536 18557
536 22192
536 15694
536 17216
536 24589
536 15664
536 20491
536 14327
536 15798
536 17212
536 19877
536 12891
536 18285
536 21864
536 16419
536 23812
536 20445
536 14188
536 26606
536 27201
536 26005
536 27224
536 27004
536 27361
536 27441
536 27737
536 27726
536 27202
536 27764
536 26919
536 27592
536 28013
536 28039
536 25347
536 27022
536 27783
537 15876
537 23515
537 24814
537 24643
537 24956
538 12344
538 12634
538 12505
538 12801
538 12998
538 26127
538 14433
539 26908
539 13186
539 14438
539 17001
539 20529
539 25142
539 25157
539 25357
539 26420
539 26566
539 27106
539 27644
539 12662
540 15107
540 16938
540 11955
540 13465
540 25758
540 12234
540 15897
540 17960
540 16065
540 19901
540 21957
541 16387
541 14851
541 16970
541 19281
541 18501
541 21175
541 22063
541 21704
541 26771
541 27045
541 27332
541 14517
541 27860
541 15402
541 27615
541 28023
542 22179
542 23724
542 20179
542 20180
542 23725
542 19619
542 15775
543 21894
543 23642
543 26523
543 11923
543 22698
543 27376
543 27358
543 27873
543 27994
543 28016
543 27234
544 12891
544 19469
544 17840
544 25954
544 26961
545 13756
545 14841
545 15747
545 14164
545 14186
546 19150
546 11847
546 13983
546 21117
546 20319
546 14507
546 19624
546 12540
546 23892
546 14031
546 14368
546 21154
546 23202
546 14836
546 19483
546 22127
546 26759
547 25526
547 26106
547 25654
547 25846
547 26632
547 25111
547 11923
547 24662
547 24086
547 22298
547 26996
547 14517
547 27542
547 14622
547 25653
547 27534
547 25347
548 12414
548 16413
548 12949
548 18537
548 15482
549 20863
549 17309
549 16493
549 23380
549 23272
550 26348
550 26644
550 22412
550 27198
550 27910
551 19875
551 22818
551 22026
551 23906
551 26671
551 27560
551 27945
551 28044
551 15861
552 14244
552 20301
552 12936
552 18306
552 14004
552 19959
552 23594
552 19362
552 24015
552 14990
552 24101
553 21676
553 26164
553 23570
553 24436
553 27500
553 22384
553 27615
554 12055
554 23746
554 21459
554 25413
554 25544
554 13201
554 19014
555 22714
555 17662
555 12785
555 13257
555 21250
555 23125
555 15567
555 22808
556 18278
556 25639
556 13306
556 14223
556 14717
557 13007
557 13248
557 16439
557 25628
557 13147
557 24525
557 26147
557 26318
558 12540
558 25608
558 20002
558 13939
558 20909
558 12974
558 13261
558 24626
558 27627
558 12671
558 22789
558 23046
558 21427
558 23504
558 27629
559 12975
559 19731
559 19732
559 18734
559 18228
559 17727
559 20849
559 21361
559 13603
559 22421
559 24247
560 17309
560 12056
560 25996
560 24917
560 22435
560 27826
561 12180
561 13924
561 26720
561 21852
561 21958
561 25110
561 24390
561 25648
561 28086
562 18252
562 17215
562 16695
562 20156
562 21625
562 24363
562 25932
562 26258
563 25867
563 19141
563 14912
563 14161
563 17284
563 17536
563 24547
563 12974
563 16595
564 12855
564 14327
564 19280
564 14884
564 23563
565 17390
565 26144
565 14104
565 23588
565 23645
565 16508
565 16986
565 17369
565 19589
566 14011
566 14327
566 15286
566 14746
566 14818
566 21101
566 18215
566 21894
566 23121
566 18909
566 26895
566 26606
566 16740
566 17095
566 27704
566 27971
567 15978
567 19467
567 14408
567 26486
567 19443
567 23966
567 26048
567 26359
568 18068
568 21602
568 14459
568 17275
568 17655
568 25556
569 15221
569 16877
569 16962
569 13706
569 17647
569 21940
569 21000
569 23765
569 27526
570 12813
570 20197
570 20306
570 17439
570 25779
570 13768
570 19928
570 22189
570 22822
570 18875
570 19707
571 13578
571 12585
571 14626
571 16025
571 17116
571 12741
571 25866
571 22704
572 17354
572 15338
572 14715
572 20753
572 17934
572 13007
572 13982
572 25729
572 19736
573 24393
573 25974
573 23574
573 12348
573 23700
573 19290
574 23570
574 20299
574 14287
574 21608
574 21654
575 14455
575 24588
575 18909
575 23264
575 15861
576 12031
576 14223
576 18190
576 24278
576 26069
576 26014
576 26017
576 27630
576 27351
576 26652
576 26139
576 27051
577 14287
577 22299
577 26260
577 11890
577 15052
577 16146
577 17885
577 18725
577 22650
577 23370
577 27391
577 13294
578 22562
578 23997
578 19979
578 26130
578 15441
578 26646
578 26913
578 26606
578 26880
578 26493
578 27042
578 16346
578 27673
578 27614
578 27708
578 27051
578 27928
578 28089
579 12534
579 12419
579 12127
579 12311
579 12114
579 12115
579 12508
579 12089
579 12244
579 12140
579 12422
579 12542
579 12425
579 20069
579 17901
579 19756
579 20674
579 13758
579 22272
579 19749
579 17265
579 19753
579 20821
579 22339
579 16631
579 24589
579 24124
579 24621
579 23964
579 12281
579 26163
579 26395
579 22297
579 22369
579 24662
579 27199
579 27201
579 26901
579 20834
579 27737
579 22362
579 17578
580 22767
580 14192
580 23694
580 12823
580 26055
580 20772
580 25677
580 24377
580 27321
580 20790
580 14517
580 27678
581 14798
581 20904
581 24371
581 24563
581 24990
581 25869
582 24635
582 23043
582 13594
582 15507
582 25688
582 13322
582 27703
583 17774
583 23098
583 13101
583 13007
583 14412
583 16383
583 16999
583 21229
583 14933
583 19537
583 21197
583 25073
583 21414
583 22241
583 16671
583 20445
583 22357
583 11855
583 15802
583 16703
583 22235
583 13898
584 19521
584 20898
584 22122
584 20596
584 24377
584 18549
584 18547
584 14528
584 17587
584 24600
584 18548
584 21648
585 12278
585 22180
585 25132
585 22772
585 23540
586 12518
586 21937
586 23186
586 25036
586 26630
586 26930
586 26995
586 27834
586 27752
587 16536
587 13504
587 20813
587 19482
587 18252
587 26266
587 18130
588 23680
588 24517
588 24666
588 24643
588 27528
588 27732
588 21009
588 25109
588 25147
588 27678
589 12376
589 12402
589 16424
589 23315
589 24391
589 24449
589 25931
589 27092
589 19916
589 15555
589 15721
589 13888
590 22952
590 24169
590 24666
590 23870
590 25863
590 25076
590 26340
590 25943
590 23613
590 23812
590 26931
590 26996
590 27560
590 27431
590 27351
590 27775
591 16361
591 13920
591 11934
591 18223
591 19467
591 13673
591 15126
591 20569
591 12577
591 17770
591 12662
591 20128
591 21877
591 19507
591 14465
591 16403
591 19553
592 15666
592 12679
592 15951
592 14683
592 26250
592 19004
592 13448
592 19911
593 15221
593 20304
593 14371
593 22660
593 24156
593 19614
593 21428
593 21940
593 16595
593 21585
593 24742
593 25465
593 21756
594 25388
594 20868
594 26764
594 26507
594 26479
595 12152
595 16032
595 21237
595 20588
595 14394
596 14532
596 16970
596 16368
596 23538
596 15106
596 23437
596 17518
596 12366
597 23459
597 26069
597 22412
597 26017
597 27012
597 27441
597 27804
598 17770
598 14383
598 24527
598 21380
598 24594
598 21698
598 23305
598 26639
598 26492
598 27648
599 12948
599 17309
599 18800
599 19108
599 15383
599 24397
599 24416
600 14870
600 12160
600 23905
600 23906
600 13271
600 24480
600 11923
600 25405
600 27804
600 27836
600 25147
600 27859
600 27406
601 14870
601 12861
601 12708
601 12428
601 14438
601 20456
601 15241
601 21170
601 21841
601 19602
601 21728
601 19815
601 16413
601 13476
601 23836
601 15889
601 17172
601 23587
601 12930
601 13306
601 12175
601 23246
601 24551
601 26627
601 12430
601 12031
601 15959
601 27785
601 20086
602 19579
602 19714
602 19822
602 17781
602 17840
602 21535
602 14553
602 23759
602 26469
602 15014
602 24925
602 19110
602 18550
602 18709
602 19615
602 15221
602 22250
603 12749
603 12518
603 14440
603 20937
603 21912
603 22688
603 23747
603 12481
603 23909
603 23815
603 23908
603 24606
603 24274
603 24427
603 24370
603 25516
603 24956
603 23976
603 26317
603 26180
603 27269
603 27334
603 25267
603 27705
603 27855
603 26924
603 26990
603 27968
603 28039
604 14713
604 16043
604 11847
604 20831
604 23906
604 24187
604 24606
604 24541
604 21019
604 25282
604 21894
604 26164
604 26335
604 26345
604 26561
604 26751
604 27437
604 27525
604 27724
604 27513
604 27808
604 27837
604 26813
604 26919
605 14180
605 13049
605 15009
605 20228
605 19304
605 24666
605 26644
605 22350
605 23264
605 26643
605 22297
605 22369
605 27609
605 18675
606 12430
606 12300
606 12519
606 14782
606 13902
606 18503
606 20254
606 24049
606 22006
606 24527
606 17116
606 17467
607 13810
607 15677
607 27806
607 14101
607 23299
607 24163
607 15039
607 25232
608 17309
608 24667
608 14361
608 17312
608 25896
609 16455
609 20374
609 18610
609 18831
609 21043
610 15766
610 16413
610 13294
610 21496
610 22610
610 23689
610 26824
611 25388
611 25652
611 26031
611 24956
611 25575
611 22412
611 25294
611 26643
611 24176
611 27499
611 27551
611 27859
612 18483
612 23264
612 27646
612 23370
612 24640
613 19730
613 18738
613 20925
613 20948
613 21838
613 16965
614 25609
614 26873
614 20355
614 25946
614 23613
614 23658
614 21798
614 18700
615 12366
615 13658
615 15682
615 19661
615 21156
615 15777
615 15052
615 15078
615 16596
615 21679
615 21445
615 13391
615 24614
615 18192
615 25600
615 13354
615 22367
615 19966
615 25847
615 20313
615 20197
616 17709
616 22396
616 19370
616 18487
616 25449
616 15794
616 17207
616 17462
617 18220
617 21667
617 22062
617 23466
617 23871
617 18212
617 21349
617 25289
617 25617
617 18861
617 26052
617 26106
617 26643
617 26941
617 24683
617 27320
617 27367
617 27283
617 27672
617 27285
617 27881
617 26652
617 27704
617 27955
618 20782
618 20307
618 21673
618 19752
618 19875
618 18929
618 19189
618 24179
618 24278
618 24213
618 24184
618 25652
618 25521
618 24643
618 25587
618 26347
618 23642
618 24022
618 18909
618 25471
618 20945
618 27555
618 27619
618 18857
618 27982
618 27895
618 27996
618 27911
619 22812
619 21839
619 25114
619 13007
619 25991
620 19256
620 23906
620 18090
620 24666
620 24764
620 23248
621 19847
621 22742
621 24641
621 25970
621 20738
621 16576
621 24070
621 22694
621 27853
621 26991
622 20186
622 19959
622 26081
622 18276
622 14529
622 13325
623 19133
623 23798
623 20374
623 22128
623 24196
623 19210
623 23413
623 24808
623 19095
623 25314
623 17794
623 21514
623 20444
623 23270
623 24853
623 24852
623 26281
623 19738
623 26444
623 17354
623 19400
623 13126
623 27320
624 20914
624 18903
624 21894
624 25076
624 27836
624 27984
625 19470
625 22074
625 26386
625 12657
625 12668
625 19879
625 25089
626 23411
626 26251
626 25558
626 27379
626 27938
626 27477
627 15006
627 24527
627 23832
627 14740
627 20222
627 15259
627 16291
627 21509
627 22343
627 23278
627 20772
627 16648
627 12548
627 16717
627 15527
627 22145
627 13162
627 20349
627 12844
627 24821
627 20115
628 12509
628 23941
628 17292
628 27111
628 14521
629 24606
629 23248
629 15404
629 24510
629 21593
629 19664
629 25568
629 25515
629 25863
629 26102
629 22568
629 26734
629 26880
629 27332
629 20790
629 20901
629 27708
629 22139
629 27689
630 12939
630 17175
630 23758
630 24830
630 25853
631 15390
631 16272
631 12677
631 14354
631 18812
631 20670
631 25076
631 25558
632 25270
632 25602
632 26348
632 23264
632 23812
632 27302
632 16066
632 27847
633 12905
633 11877
633 13011
633 13084
633 14027
633 14131
633 16769
633 18914
633 19823
633 19987
633 21645
633 14517
633 17951
633 19144
633 17209
633 19065
633 12184
633 12820
633 13018
633 15955
633 15984
633 12056
633 21748
633 25281
634 18346
634 18550
634 20292
634 21648
634 15515
634 25931
635 20828
635 17927
635 15408
635 21883
635 12974
635 22003
635 16926
635 24012
635 12625
635 25713
635 27657
635 24836
635 18612
636 13110
636 13793
636 12578
636 12450
636 12410
636 12944
636 17578
636 21479
636 20359
636 12388
636 13938
636 21352
636 13604
636 12693
636 12694
636 13784
636 27989
637 12518
637 12722
637 14251
637 24033
637 26922
637 27172
637 26960
637 27283
638 12087
638 12937
638 14895
638 12121
638 13934
638 12413
638 14152
638 12187
638 16595
638 16906
638 17309
638 13658
638 18412
638 16632
638 22882
638 22298
638 13463
638 15813
638 16022
638 22992
638 14309
638 17862
638 17863
638 19881
638 14132
638 16373
638 12180
638 13020
638 11912
638 25836
638 15052
638 17005
638 20054
638 15039
639 18537
639 22813
639 23721
639 25388
639 17328
640 21380
640 18166
640 17901
640 21086
640 23878
640 24894
640 25165
640 24618
640 24968
640 24790
640 25488
641 13011
641 14629
641 16438
641 15907
641 23606
641 16419
641 18281
641 25568
641 18909
641 19461
642 14035
642 20596
642 24594
642 17891
642 20672
642 23621
642 15749
642 22779
643 21046
643 21953
643 15775
643 12056
643 12583
643 13131
643 17629
643 20733
643 23018
643 11912
643 12911
643 14178
643 27529
643 16088
643 26548
643 11917
643 14100
643 15898
643 18317
644 13084
644 17614
644 17992
644 15261
644 15264
644 20178
644 21161
644 21846
644 13362
644 19280
644 21978
644 25006
644 18348
644 23020
644 22876
644 22213
644 24574
645 12681
645 11967
645 13131
645 17956
645 26239
645 25144
645 26260
645 26454
645 19366
645 26698
645 12430
645 27873
646 12581
646 18208
646 27105
646 19504
646 19469
646 17328
646 25879
646 11852
647 20431
647 21175
647 20937
647 24195
647 24588
647 19934
647 24162
647 24124
647 25021
647 25144
647 26644
647 22394
647 26919
648 14653
648 14880
648 19641
648 20772
648 17794
648 15529
648 18416
648 21154
648 23986
648 21177
648 22038
649 15441
649 24238
649 14199
649 16429
649 22350
650 25601
650 25652
650 25348
650 25156
650 23642
650 24379
650 26753
650 12212
650 19491
650 15938
650 12782
650 18573
650 12339
650 25294
650 24658
650 12974
650 18872
650 23504
650 15034
650 15041
650 13474
650 16506
650 18230
650 27028
650 23503
650 26891
650 27498
650 27835
650 17520
650 12248
650 19851
650 27202
650 27203
650 27819
650 27895
650 28015
650 27678
650 27689
651 23664
651 21183
651 15470
651 23063
651 13182
651 27934
652 21047
652 12234
652 16277
652 17948
652 22169
652 23093
652 25803
652 19040
652 14354
653 14387
653 14926
653 16540
653 21825
653 22397
653 22605
653 14093
653 20058
653 17981
653 12160
653 12348
653 13040
653 13131
653 26554
654 21342
654 12832
654 18712
654 12672
654 17253
654 18014
654 22548
654 12145
654 18730
654 12936
654 24104
654 25169
654 26441
654 18133
654 18876
654 26967
654 13007
654 25486
655 13449
655 19693
655 21103
655 22594
655 25751
656 12693
656 14438
656 19216
656 22084
656 23678
656 24124
656 23983
657 13653
657 14381
657 23906
657 27415
657 28045
658 12108
658 12157
658 17542
658 20795
658 22745
658 20891
658 25595
658 24956
659 19415
659 20314
659 24671
659 21566
659 12693
659 21898
659 22003
659 22791
659 26810
660 13810
660 21856
660 22258
660 18053
660 24836
660 15445
660 26743
660 27527
660 27984
661 12983
661 19560
661 22691
661 21709
661 25568
661 18909
661 26606
661 26493
661 27984
662 16787
662 19470
662 14633
662 19357
662 23865
662 22127
662 17963
663 15137
663 11938
663 21039
663 23692
663 23459
663 25570
663 13929
663 22794
663 26894
663 14427
663 25490
664 12148
664 13049
664 12491
664 12869
664 13131
664 20213
664 22387
664 14022
664 15631
664 25526
664 26203
664 27302
665 15221
665 17654
665 23570
665 12850
665 20085
665 20437
665 20872
665 22076
666 15664
666 14327
666 23436
666 20427
666 25489
666 12891
666 12888
666 20289
666 23941
666 25763
666 26390
666 22969
667 12043
667 15511
667 21376
667 13876
667 18888
667 18013
668 19786
668 20010
668 13131
668 24085
668 19181
668 26219
669 20632
669 23006
669 21898
669 20297
669 18554
669 12481
669 14467
669 20226
669 19594
669 16132
669 17401
669 20772
669 16033
669 21693
669 23358
669 16370
669 15921
669 22365
669 22773
669 25666
669 22924
669 25621
669 26205
669 26459
669 18025
669 27354
669 27416
669 27938
669 27139
669 27710
669 27892
669 27939
669 27991
669 24810
669 28029
669 27740
669 27831
669 28060
669 28083
669 28003
669 28040
669 28047
669 28055
669 28074
670 12091
670 12394
670 12336
670 12596
670 11997
670 12440
670 12437
670 12634
670 12222
670 12223
670 12095
670 11965
670 12097
670 12173
670 12174
670 12825
670 17051
670 12367
670 16481
670 13672
670 21516
670 22071
670 23191
670 25209
671 14670
671 15616
671 15667
671 12687
671 18777
671 20787
671 20645
671 19509
671 20277
671 21741
671 25931
671 19564
671 25713
672 12707
672 13256
672 20880
672 26420
672 12229
673 11845
673 13703
673 13756
673 12862
673 15483
673 14732
673 14890
673 18409
673 16389
673 21432
673 24293
673 23294
673 14826
673 24666
673 23812
673 11923
673 21555
673 27604
673 27859
673 19067
673 27777
674 18098
674 20578
674 18010
674 12801
674 14121
674 14132
674 14148
674 15140
674 15464
674 17442
674 20151
674 21953
674 22862
674 24681
674 25644
674 25803
674 12348
674 13413
674 24715
675 22036
675 17039
675 25210
675 20760
675 25157
675 26315
676 22601
676 12974
676 24312
676 26592
676 23327
677 18401
677 20849
677 21175
677 18849
677 18246
677 15695
677 19995
677 12348
677 21452
677 17338
677 13023
677 24825
677 14480
677 18321
677 16595
677 17628
677 22114
678 20843
678 27566
678 24477
678 20416
678 21832
679 14832
679 21768
679 14379
679 22353
679 12151
680 18084
680 13694
680 11924
680 14162
680 15310
680 15487
680 21976
680 18895
680 19645
680 20749
680 22930
680 20848
681 11950
681 21996
681 21284
681 22505
681 22920
681 23871
681 25076
681 25655
681 27376
681 27837
681 20909
681 27982
681 28041
682 20670
682 19270
682 17042
682 27197
682 27451
682 22283
682 21571
682 25206
682 25540
682 17479
683 12524
683 12581
683 12858
683 14791
683 15972
683 18495
683 20256
683 21395
683 21509
684 22353
684 26979
684 13360
684 16829
684 17811
684 19125
684 19367
684 19461
684 19959
684 21549
684 22213
684 25689
684 25824
684 26632
684 26635
684 27003
684 13243
684 17881
684 19388
684 21597
684 25185
684 25392
684 25765
684 15809
684 13932
685 22959
685 14183
685 23540
685 21583
685 23072
685 14754
686 15362
686 14650
686 20805
686 21974
686 20227
687 12662
687 17943
687 24507
687 25270
687 27415
687 14549
687 27552
687 27614
687 27983
688 12707
688 13945
688 16471
688 21279
688 21770
688 17519
688 24061
688 12145
688 12895
688 22848
688 26226
688 25683
688 27304
689 18809
689 18822
689 14404
689 18860
689 13734
689 22323
689 16465
689 22773
689 26029
690 12721
690 24179
690 23515
690 24608
690 21594
690 25501
690 26643
690 26522
690 27652
691 14520
691 15819
691 14167
691 18844
691 14168
691 16349
691 21821
692 18922
692 15507
692 15900
692 13123
692 20904
692 25110
692 26202
692 11852
692 20817
692 19797
692 24978
693 18054
693 12974
693 14543
693 13227
693 17240
694 12709
694 17826
694 13052
694 18599
694 25115
694 27376
694 27285
695 12141
695 18231
695 14013
695 21175
695 22871
696 16562
696 15591
696 20778
696 23344
696 11912
696 12221
696 12419
696 13152
696 13640
696 20730
696 18410
696 15417
696 18302
696 18377
696 11928
696 13479
697 11888
697 15863
697 22784
697 26489
697 11923
697 27065
697 27115
697 27283
697 27539
698 15463
698 12775
698 14783
698 13403
698 12201
698 17692
698 19912
698 22862
698 13036
698 14026
698 19695
698 20002
698 20992
698 12200
699 16202
699 12681
699 23906
699 24666
699 24541
699 25602
699 25285
699 26131
699 26227
699 26056
699 19832
699 25558
699 27229
699 19825
699 27182
699 27641
699 25837
699 25653
699 28039
699 28069
700 15373
700 15241
700 15665
700 11878
700 12203
700 21558
700 12151
700 21259
700 20031
700 16622
700 26412
701 12511
701 12936
701 14137
701 12384
701 13954
701 12741
701 15620
701 19108
701 12478
701 19011
701 17048
701 14889
701 14269
701 15091
701 17627
701 16611
701 20935
701 25976
701 25076
701 25564
701 21217
701 27855
702 22782
702 21709
702 22056
702 19902
702 22412
702 24439
702 26874
702 27302
702 26448
702 16031
703 21366
703 16085
703 15978
703 22163
703 24938
703 16528
703 15439
703 13525
704 11903
704 11917
704 12240
704 13221
704 14662
704 16632
704 18612
704 27217
704 14846
704 15560
704 25683
704 26496
704 15775
704 17629
704 23288
704 27457
705 12523
705 15200
705 15378
705 18545
705 21380
705 25595
705 26298
705 27641
706 12171
706 12291
706 12540
706 12568
706 13201
706 13295
706 13368
706 14099
706 14100
706 14101
706 14307
706 14484
706 14833
706 15247
706 15311
706 15408
706 15984
706 17953
706 18128
706 18548
706 18668
706 19717
706 21977
706 22256
706 15772
706 23788
706 24281
706 13723
706 12003
706 12443
706 14553
707 21930
707 24666
707 12141
707 17909
707 23009
707 23533
707 24583
707 25602
707 24643
707 25398
707 27304
707 19289
707 15221
707 26899
707 25092
707 26012
708 21593
708 25289
708 20429
708 24796
708 24956
708 26102
708 20771
708 18278
708 26002
708 21397
708 26941
708 26490
708 26637
708 20601
708 25267
708 27571
708 27559
708 27585
708 27791
708 27770
708 19593
708 27876
708 27978
708 27985
708 27843
708 28025
708 27646
708 28083
709 14549
709 27286
709 27280
709 21996
709 22592
709 21954
709 26098
709 27527
709 13622
709 14520
709 14837
709 14862
709 16611
709 18533
709 19458
709 20982
709 27098
709 26337
709 27513
709 27764
709 15599
709 26318
709 27556
709 26049
709 27762
709 26454
709 26990
709 25843
709 25207
709 26919
709 15780
709 21363
709 21364
709 28039
709 27051
709 27987
709 24509
709 28077
710 11951
710 19271
710 12138
710 20107
710 21115
710 13176
710 23687
710 17998
710 22462
711 16817
711 15665
711 18155
711 15661
711 21550
711 17999
711 12348
711 12084
711 19076
712 21663
712 18446
712 26641
712 15680
712 14750
713 16782
713 14026
713 12243
713 19446
713 20002
713 13626
713 21139
713 13568
713 21054
713 13158
713 13012
713 12577
713 12215
713 20682
713 16098
713 16862
713 22754
713 11912
713 13059
713 12765
713 12766
713 18736
713 19175
714 19683
714 12693
714 15040
714 23124
714 21394
715 15828
715 17026
715 15186
715 21658
715 25330
715 18813
715 13553
715 11912
716 17776
716 15641
716 19606
716 19222
716 14831
716 16238
716 16828
716 17034
716 13262
716 26403
717 24666
717 24183
717 26167
717 25575
717 27415
717 27525
718 12615
718 14620
718 12487
718 15286
718 23362
718 25712
718 20912
719 12891
719 13796
719 14388
719 15686
719 16211
719 12790
719 21707
719 11859
719 18030
719 20850
719 24761
719 25398
719 15174
719 26743
719 24045
719 27995
719 27813
720 24325
720 16815
720 19550
720 22773
720 16145
720 16147
720 25703
720 26306
720 16758
720 17091
720 17128
720 17387
720 22397
720 23112
720 23281
720 11870
720 13878
720 15229
720 19385
721 18625
721 23475
721 23796
721 24258
721 14826
721 24956
721 26131
721 25521
721 26063
721 26348
721 25575
721 26167
721 22348
721 26304
721 26260
721 22412
721 25483
721 26930
721 25068
721 25957
721 27722
721 27981
721 27704
722 16455
722 20770
722 21242
722 22287
722 20944
722 23906
722 24771
722 25110
722 25076
722 18909
722 25471
722 26606
722 26519
722 26430
722 26740
722 27057
722 26604
722 28092
723 22150
723 22818
723 23702
723 22091
723 24033
723 25568
723 25227
723 26055
723 26172
723 24372
723 19651
723 26345
723 25940
723 23642
723 26643
723 26874
723 27010
723 26076
723 27302
723 27437
723 27280
723 27204
723 28021
724 21395
724 18812
724 24435
724 24572
724 24608
724 24722
724 24827
724 26521
724 21380
724 26241
724 26841
724 27161
724 16133
724 18707
724 27983
724 28013
724 27156
724 27978
725 13272
725 18652
725 20666
725 21365
725 23570
725 24661
725 19415
725 21175
725 23394
725 15204
725 25099
725 14248
726 19979
726 15154
726 15418
726 19934
726 20256
726 21775
727 26691
727 24802
727 26995
727 26743
727 27182
727 21463
727 27708
727 25653
727 27722
727 27983
727 28022
727 27051
728 13323
728 13355
728 16020
728 21987
728 22353
728 25273
728 15863
728 16906
728 24825
729 13577
729 14061
729 16385
729 18605
729 26013
729 17587
729 19615
729 20293
729 24042
729 17028
729 22234
730 15216
730 12919
730 17939
730 21140
730 18054
730 16391
731 17319
731 13076
731 13071
731 15344
731 21828
731 15252
731 15325
731 15342
731 20511
731 22505
731 12243
731 21529
731 19390
731 15726
731 20416
732 11961
732 12049
732 13553
732 13011
732 14274
732 11947
732 14169
732 14205
732 16222
732 19408
732 23459
732 25652
732 24643
732 25601
732 26172
732 26343
732 22994
732 25575
732 11890
732 26645
732 18909
733 22826
733 23485
733 27425
733 27221
733 22411
733 27182
733 27745
733 27650
733 26942
733 27729
733 27472
733 27536
733 27935
733 27049
733 12822
733 28083
733 27241
734 13272
734 23232
734 16595
734 21045
734 26213
735 13161
735 13585
735 13734
735 16317
735 17071
735 18120
735 18206
735 21444
735 22395
736 21916
736 25270
736 25492
736 22568
736 27637
736 28021
736 28005
737 13850
737 19024
737 20079
737 14830
737 19841
737 20525
737 20730
737 18964
737 19999
737 15533
737 16481
738 11964
738 13011
738 14545
738 15922
738 19495
738 20333
738 17979
738 18575
739 20669
739 24666
739 25337
739 21954
739 25111
739 25844
739 27283
739 27351
739 27204
740 20935
740 24435
740 26500
740 24884
740 18812
740 27045
740 27358
740 24798
740 27855
740 28022
740 27406
740 27563
740 28084
740 28046
741 13012
741 12648
741 16962
741 18647
741 12668
741 24535
741 14779
741 18356
742 18261
742 23747
742 23694
742 24336
742 24666
742 24643
742 25110
742 26346
742 26164
742 24796
742 25942
742 25294
742 26881
742 27339
742 27837
743 21775
743 23873
743 12139
743 16776
743 26217
743 22106
744 11944
744 12059
744 14754
744 16997
744 14118
744 12567
744 19629
744 20544
744 13598
744 21532
744 22160
744 12566
744 17184
744 24625
744 25296
744 16107
745 13658
745 13004
745 13367
745 12763
745 16260
745 12964
745 19234
745 14919
746 24195
746 24739
746 22782
746 25111
746 22348
746 22369
746 24176
746 26412
746 27280
746 28075
747 24166
747 12083
747 15334
747 22660
747 23549
748 16212
748 21514
748 12138
748 24201
748 24589
748 25492
748 16081
748 22203
748 25076
748 21521
748 21948
748 23812
748 20920
748 27320
748 27063
748 25844
748 27705
749 16513
749 26225
749 13084
749 13087
749 14100
749 19127
749 26452
749 12922
749 15284
749 15549
749 18873
749 18993
749 18994
749 20246
749 20639
749 24271
749 24836
749 26704
750 11886
750 11870
750 12335
750 16601
750 12944
750 16419
750 23371
750 21558
750 19415
750 23321
750 15213
750 21975
750 17196
750 22944
751 23120
751 13371
751 24258
751 17505
751 22391
751 12868
751 20222
751 15260
751 25315
751 19014
751 26643
751 18920
751 25692
751 13791
751 24755
751 23813
751 27280
751 17169
751 17183
751 15861
752 18319
752 16927
752 14506
752 19833
752 21902
752 19913
752 21303
752 16830
752 21046
752 21291
753 24693
753 21621
753 13007
753 13460
753 17945
753 20691
753 22313
753 24799
753 12145
753 12243
753 12873
753 13535
753 19665
753 22204
753 23954
754 14853
754 12594
754 13939
754 12693
754 12773
754 15661
754 18911
754 14327
754 21757
754 23906
754 23584
754 24956
754 25227
754 25270
754 23353
755 11866
755 13011
755 16537
755 22826
755 19532
756 19538
756 11919
756 12878
756 17241
756 18282
756 18800
757 25513
757 25583
757 24199
757 14465
757 17520
757 13763
757 25931
757 17783
758 16434
758 18410
758 21603
758 17823
758 15586
758 22213
758 22211
758 20992
759 21509
759 15347
759 16100
759 16927
759 20937
759 27506
760 14135
760 24506
760 17309
760 20486
760 27331
761 23686
761 24195
761 26272
761 27057
761 27729
761 27737
761 27948
762 14864
762 16263
762 17273
762 20153
762 19301
762 15873
762 23493
762 17586
762 15571
762 18529
762 24365
762 18542
762 21715
762 15465
762 23851
762 27104
762 12762
762 14520
763 27277
763 18084
763 26672
763 13166
763 26746
763 27412
763 22173
763 24012
764 12518
764 12439
764 16888
764 16116
764 17528
764 16578
764 26272
764 19167
764 26691
764 26760
764 16727
764 26960
764 14186
764 19439
764 16003
764 25147
764 27704
764 27639
764 27988
765 20937
765 22750
765 23363
765 11923
765 21894
765 26241
766 15257
766 19289
766 15593
766 20756
766 16639
766 19579
767 18116
767 16061
767 12922
767 16062
767 16620
767 18248
767 24237
767 20986
768 14880
768 15221
768 18521
768 14024
768 18891
768 13995
768 15379
768 14601
769 12709
769 24666
769 25266
769 26645
769 25558
769 27228
769 27737
769 27860
769 28004
770 14032
770 14869
770 15001
770 11938
770 21239
770 22779
770 12056
770 23829
770 19911
770 16372
770 23590
770 24941
771 23134
771 13023
771 15419
771 16993
771 11877
771 17309
771 18845
771 21936
771 25132
771 23063
772 15463
772 26772
772 14121
772 19439
772 19325
773 15136
773 18562
773 20722
773 21585
773 21959
773 13049
773 16455
774 12891
774 16817
774 24543
774 25110
774 25652
774 18084
774 13815
774 25302
774 26498
774 16419
774 11923
774 20010
774 22795
774 27059
775 24178
775 15207
775 25094
775 18192
775 27944
776 19029
776 19828
776 20663
776 13924
776 15609
776 12991
776 15270
776 15593
776 20489
776 14327
776 15347
776 24606
776 24184
776 13192
776 25806
776 11965
776 19847
776 26063
776 26340
776 19237
776 26334
776 27228
776 24388
776 27441
776 27442
776 27802
777 23410
777 23580
777 24188
777 24537
777 24534
777 24540
778 17831
778 16827
778 20761
778 21812
778 27484
778 18830
778 20220
778 27806
778 27986
779 14208
779 21876
779 17335
779 23255
779 24390
780 27649
780 27792
780 14843
780 27870
780 27781
780 27938
780 27285
780 27709
780 27926
780 27751
780 27854
780 27858
780 28020
780 27706
780 27991
780 27999
780 28024
780 27717
780 27756
780 27842
780 27889
780 27934
780 28009
780 28043
780 23318
780 27687
780 27860
780 27928
780 28029
780 27503
780 27950
780 27924
780 27937
780 27406
780 28007
780 28083
780 27976
780 27660
780 28086
780 27741
780 27846
780 28010
780 28078
781 13246
781 16569
781 19627
781 20100
781 20484
781 22755
781 25632
781 26772
781 13007
781 19028
781 27739
781 27826
781 13023
781 14883
781 17085
782 13586
782 12366
782 23603
782 15925
782 26632
782 15270
782 21945
782 22843
782 22918
782 17844
782 22421
782 19814
782 27228
782 17246
782 21076
782 15848
782 20733
782 18042
782 15775
782 25640
782 20763
782 27737
782 15645
782 12056
782 13131
782 18404
782 24919
782 20202
782 27533
782 12941
782 21741
782 27968
782 25178
783 13765
783 12647
783 12263
783 12518
783 14089
783 13658
783 14433
783 22783
783 23362
783 19130
783 24266
783 22267
783 25568
783 22672
783 26340
783 26128
783 16419
783 24917
783 14121
783 26017
783 26912
783 26334
783 23787
783 27222
783 27280
783 19954
783 26928
783 27614
783 27474
783 26813
783 27802
783 27984
783 20758
783 27786
783 24919
783 28083
784 13246
784 24134
784 20098
784 20842
784 13357
784 21957
784 13479
784 15604
784 16885
784 13858
784 12936
784 17750
784 23278
784 24869
784 22221
784 19766
784 24091
785 12263
785 12529
785 12142
785 18787
785 20465
785 22225
785 20405
786 11847
786 14223
786 24631
786 20375
786 25076
786 17066
786 27379
787 12178
787 12977
787 13372
787 16188
787 16996
787 18423
787 23144
787 23902
788 15906
788 22767
788 13380
788 23475
788 11857
788 24606
788 21154
788 23370
788 25549
788 25941
788 23812
788 26958
788 12780
788 25068
788 19249
788 22574
788 17553
788 27513
788 27962
788 27925
788 27013
789 25637
789 18244
789 25088
789 22561
789 23934
789 16424
789 13564
789 25587
789 22442
789 20314
789 12281
789 20511
789 26951
789 12403
789 13657
789 17309
789 26875
789 13011
789 13200
789 19901
789 22045
789 13175
789 26038
789 17228
790 12246
790 24043
790 12538
790 14981
790 15120
790 18519
790 18201
790 22023
790 21864
790 25526
790 26643
790 24086
790 17128
790 23024
790 21591
790 27081
790 27495
790 27996
791 12874
791 23293
791 24935
791 20292
791 21395
791 23437
791 24076
791 27458
792 14036
792 13914
792 23822
792 25120
792 12151
792 14885
792 14473
792 16932
792 14287
792 19969
792 24923
792 16962
792 12556
792 14361
792 15416
792 16424
792 26338
792 26576
792 26690
792 26789
792 16379
793 17966
793 26613
793 21289
793 23627
793 25533
794 18774
794 14623
794 18420
794 14774
794 18694
794 17217
794 21903
794 20482
794 24019
794 19928
795 22818
795 22001
795 19979
795 23870
795 26186
795 17329
796 14889
796 22504
796 21875
796 17143
796 19308
796 23384
797 12316
797 11890
797 12151
797 12460
797 12327
797 12693
797 16819
797 12900
797 14943
797 13338
797 14944
797 16306
797 17342
797 13013
797 16858
797 20601
797 12687
798 27107
798 27221
798 27222
798 21627
798 27564
798 27685
798 27644
798 27646
798 27367
798 27207
798 21259
798 27518
798 27309
798 27401
798 27789
798 27176
798 17474
798 27781
798 27905
798 27728
798 27797
798 26518
798 27791
798 27857
798 27820
798 27751
798 27753
798 28009
798 28029
798 27752
798 27193
798 28026
799 12145
799 26792
799 13066
799 13165
799 13431
799 15228
799 15885
799 17309
799 18058
799 22462
800 19383
800 14718
800 22503
800 17354
800 17530
800 21817
800 13312
800 25192
800 20632
801 19107
801 17328
801 23666
801 24666
801 18289
801 26069
801 26063
801 25556
801 13606
801 24777
801 27172
801 26991
801 27555
801 27551
802 15808
802 21079
802 16500
802 16009
802 27505
803 18957
803 19270
803 20197
803 21117
803 20041
803 20069
803 20078
803 14328
803 22339
803 23411
803 24666
803 23250
803 22193
803 13204
803 11923
803 27065
803 24687
803 27204
803 27867
803 19869
804 20663
804 13023
804 16481
804 26870
804 27195
804 24895
804 27907
805 11945
805 15188
805 12801
805 12809
805 15252
805 15589
805 12763
805 12428
805 12153
805 11847
806 14984
806 25603
806 24884
806 19617
806 26296
807 18131
807 20016
807 20890
807 22688
807 25806
807 26131
807 26840
807 26795
808 13146
808 14100
808 14186
808 15302
808 15911
808 15962
808 15964
808 16758
808 16981
808 18374
808 18782
808 21643
808 25415
808 16995
808 13090
808 15554
808 18420
808 22911
809 16222
809 14736
809 12335
809 14121
809 15316
809 17121
809 23722
809 15493
809 23715
809 19934
809 23153
809 24771
809 20697
809 24577
809 25515
809 20429
809 25285
809 25800
809 22494
809 26894
809 26737
809 25557
809 22752
809 27210
809 20834
809 27431
809 21259
809 25267
809 25405
809 27552
809 27782
809 27938
809 27707
809 21009
809 27839
809 27708
809 27518
809 27999
809 28092
810 14754
810 24666
810 22577
810 27724
810 27885
811 17180
811 16521
811 24584
811 24669
811 20117
811 23355
811 26055
811 26303
811 26894
811 23264
811 24176
811 26016
811 27225
811 26604
811 27542
811 27581
811 26652
811 27777
812 14791
812 12563
812 12202
812 15733
812 19892
812 27210
812 27240
812 26996
812 28006
812 27906
813 12662
813 13882
813 22293
813 22356
813 23251
813 15331
814 16804
814 24049
814 20251
814 16719
814 26948
814 18981
814 24042
814 15298
814 14887
814 18511
815 18975
815 25111
815 26256
815 15078
815 20622
815 23471
816 14473
816 12471
816 22559
816 16589
816 20064
816 22860
816 20786
816 22265
816 15468
816 25789
817 12569
817 12567
817 12348
817 12215
817 12844
817 21395
817 22891
817 23515
817 24666
817 24764
817 17825
817 25754
817 25712
817 26260
817 23360
817 26760
817 26412
817 27079
817 26974
817 14889
818 25639
818 19461
818 22415
818 26826
818 15665
819 25521
819 26002
819 25266
819 26014
819 26105
819 26261
819 16419
819 24662
819 11923
819 26840
819 27118
819 26930
819 26995
819 27240
819 27333
819 27431
819 27200
819 27379
819 25653
819 27982
819 27175
819 27995
819 27990
819 28039
819 28093
819 28046
820 21667
820 24647
820 25113
820 12583
820 16991
821 19097
821 19096
821 13755
821 26385
821 20819
821 20706
821 27662
822 13206
822 12722
822 13229
822 19415
822 20405
822 15776
822 24884
822 18909
822 26760
822 27855
822 21698
823 18576
823 18570
823 20160
823 20169
823 20906
823 19122
823 20880
823 15441
823 18685
823 19057
823 20105
823 22667
823 24131
823 25595
823 15495
824 13452
824 12402
824 12662
824 12982
824 13064
824 15633
824 15665
824 19629
824 22454
824 23780
825 13106
825 19024
825 17335
825 16053
825 14152
825 23461
826 12954
826 19030
826 19531
826 23191
826 16752
826 26324
826 26606
826 25390
826 22773
826 27459
827 17077
827 21346
827 21704
827 21332
827 24549
828 12922
828 17233
828 14012
828 20990
828 12974
828 15229
829 15206
829 14057
829 19160
829 13087
829 25842
829 20109
829 19415
829 27001
829 13487
829 26419
829 17358
830 18055
830 14838
830 16962
830 18123
830 24145
830 24517
830 20957
830 19869
830 14059
831 14550
831 16756
831 16504
831 19518
831 20770
831 21242
831 14967
831 18386
831 22688
831 14044
831 22505
831 23651
831 13761
831 24573
831 21593
831 21303
831 25294
831 15063
831 26809
831 27012
831 24673
831 12170
831 27458
831 27677
831 27208
832 15151
832 16952
832 21102
832 18776
832 12304
832 12974
832 27488
833 25488
833 14939
833 18683
833 19473
833 16273
833 27652
834 14967
834 19512
834 19631
834 21473
834 23476
834 14518
834 19645
835 21915
835 12234
835 15324
835 18153
835 21529
835 11974
835 12236
835 12635
835 13479
835 13496
835 14610
835 15669
835 18130
835 19576
835 20021
835 20202
835 20566
835 21158
835 21550
835 23009
835 25508
835 20445
836 19295
836 15571
836 21576
836 18529
836 23295
836 12553
837 15382
837 26390
837 19461
837 25453
837 26378
837 27323
837 23880
837 24153
838 12662
838 16933
838 22037
838 15911
838 20145
838 24545
839 14880
839 22145
839 13917
839 24105
839 12657
839 26952
839 18511
839 27787
840 20593
840 23462
840 25648
840 19972
840 22805
840 23780
840 22946
840 25108
840 26014
840 26285
840 27355
840 24907
840 27068
840 19069
840 20457
841 18137
841 21667
841 12368
841 15302
841 24532
842 14670
842 25489
842 12627
842 25210
842 20909
842 23510
842 19607
843 12366
843 17705
843 15267
843 21068
843 23117
843 24666
843 24674
843 17175
843 17833
843 23702
843 23983
843 24124
843 12030
843 14062
843 22288
843 26002
843 15558
843 24598
843 20996
843 18078
844 11895
844 21449
844 18236
844 21900
844 14900
844 14146
844 16424
844 20323
844 23875
844 23945
844 26888
844 17839
844 23380
844 16962
844 17676
844 18839
844 16700
844 20772
844 27520
844 21346
845 25188
845 24956
845 24643
845 27004
845 27513
846 12709
846 18363
846 16664
846 20444
846 16388
846 22139
847 25110
847 12693
847 19322
847 19435
847 12449
848 16736
848 20376
848 20467
848 20477
848 27022
849 16606
849 24124
849 26400
849 25267
849 27876
849 27677
849 27491
850 11867
850 17580
850 18098
850 20589
850 22127
850 12208
850 12540
850 17161
850 12726
850 18018
850 12693
850 13939
850 17750
850 21654
850 12822
850 11873
850 14819
850 15785
850 24978
850 18752
850 19982
850 22627
850 26468
850 13268
850 17510
850 19413
850 19453
850 17395
850 21535
850 22930
850 26540
851 12366
851 15671
851 16190
851 18759
851 15785
852 13485
852 13717
852 18559
852 20811
852 21236
852 21522
852 24967
852 11912
852 16011
852 13479
852 22854
852 17101
852 16804
852 12158
852 15803
852 22184
852 12180
852 12672
852 19649
852 19849
852 20259
852 27516
852 25672
852 23204
853 22029
853 15302
853 17587
853 18224
853 23024
853 19665
853 20142
853 16380
853 18743
853 21279
853 12891
853 25549
853 16962
853 17199
853 19615
853 16848
854 25036
854 26167
854 26313
854 22350
854 26895
854 26643
854 27737
855 14408
855 17806
855 25185
855 13631
855 21309
855 23619
855 15967
855 13479
855 13889
855 17116
855 20992
855 22176
855 24831
855 25019
855 15527
855 17259
855 14358
855 18612
855 19645
855 21019
855 22106
855 26368
855 26584
855 27092
856 16970
856 14048
856 15285
856 19587
856 22487
856 13939
856 20763
856 24836
856 23088
856 26247
857 15324
857 18380
857 26505
857 26980
857 20823
857 13938
857 20853
858 12366
858 13866
858 18201
858 17627
858 23871
858 14880
858 21916
858 25961
858 26347
858 25908
858 23566
858 25325
858 26545
858 26544
858 27575
858 27441
858 27614
858 25157
858 25281
858 27722
858 27312
858 28036
859 12202
859 14556
859 17329
859 19881
859 17539
860 19852
860 19109
860 25819
860 15863
860 26837
861 16955
861 23416
861 11923
861 27527
861 27639
862 11866
862 18153
862 13306
862 21806
862 13759
862 13577
863 18876
863 19113
863 17536
863 23254
863 26293
863 17448
863 13939
863 27919
864 14542
864 23913
864 15766
864 20026
864 20604
865 22974
865 27644
865 19353
865 25195
865 25256
865 21092
866 12151
866 18389
866 23749
866 12672
866 16816
866 15463
866 16640
867 14537
867 13220
867 22402
867 20213
867 22785
867 19077
867 27541
867 27542
868 18448
868 19222
868 19327
868 14949
868 15353
868 23416
868 26155
868 11923
868 27184
868 27434
868 25748
868 27855
868 27873
868 27966
868 27539
869 18201
869 20381
869 21509
869 22192
869 20919
869 12915
869 26643
869 27065
869 27191
869 27202
870 11972
870 18397
870 18756
870 23957
870 24580
870 16112
870 16848
871 24116
871 26930
871 27240
871 27836
871 26924
871 27406
871 19978
872 20505
872 18898
872 24266
872 21331
872 18953
872 14486
872 25294
872 25363
872 12046
872 25185
872 23200
872 27749
873 20283
873 15091
873 16178
873 17794
873 16848
874 20007
874 12013
874 12189
874 13076
874 15130
874 19706
874 21957
874 20524
874 18331
875 16990
875 15136
875 27041
875 12764
875 27345
875 27724
875 27179
875 27782
875 27834
875 23318
875 27715
875 27925
875 27990
875 27860
875 26685
875 28056
875 27416
875 28074
875 28090
875 27999
875 28040
875 28076
876 15168
876 26029
876 25203
876 26195
876 13454
876 16800
876 12860
876 25774
876 13011
877 16019
877 22318
877 22914
877 19668
877 21461
878 23928
878 22550
878 24871
878 16014
878 17992
878 25294
878 19402
878 12188
879 14501
879 12837
879 15355
879 12198
879 25814
880 25606
880 24815
880 26465
880 24669
880 25605
880 18313
880 16672
880 22196
880 20577
880 25727
881 19947
881 16296
881 23606
881 12229
881 13673
881 15971
881 19919
881 16986
882 15091
882 13658
882 19654
882 12412
882 17581
882 16605
882 19686
882 12239
882 19205
883 24310
883 15785
883 16139
883 16922
883 17381
883 17894
883 19420
883 21008
883 22215
883 22310
883 22364
883 22438
883 23526
883 24432
883 25318
883 25644
883 27709
884 22462
884 22889
884 22656
884 12763
884 19353
885 12464
885 12785
885 12122
885 12478
885 12724
885 19979
885 12767
885 16962
885 26045
885 27443
885 21145
885 27581
886 12154
886 11973
886 15777
886 16245
886 18238
886 12693
886 12763
886 14186
886 20199
886 14026
886 14052
886 20634
886 12384
886 12378
886 25919
887 14295
887 19585
887 14354
887 13606
887 13781
887 22949
887 15847
887 20224
887 20736
887 18153
887 18780
887 17751
888 19470
888 26254
888 18318
888 25412
888 25019
888 25452
889 19622
889 26185
889 25846
889 26002
889 18277
889 26340
889 22412
889 23905
889 21228
889 26914
889 27406
890 12868
890 20770
890 19753
890 19756
890 14445
890 18728
890 19272
890 11890
890 21039
890 18929
890 17397
890 15493
890 21813
890 21963
890 24586
890 24435
890 13734
890 21585
890 13994
890 20321
890 24907
890 25743
890 24643
890 26094
890 26077
890 26606
890 27304
890 25108
890 26231
890 27367
890 16414
890 23640
890 27791
890 26049
890 27881
890 27902
890 27539
890 18369
890 27963
890 28092
891 19343
891 13659
891 16313
891 17835
891 28040
891 28065
891 28094
892 17143
892 21163
892 21164
892 19525
892 27720
893 19149
893 12556
893 14532
893 15217
893 22306
894 14438
894 16208
894 13976
894 18223
894 16068
894 18103
894 16274
894 14890
894 14233
894 22165
894 12389
894 18262
895 11866
895 19958
895 25420
895 25284
895 11902
895 23973
895 25626
895 26922
895 27093
895 17948
895 27815
895 23468
895 25628
895 20463
896 13996
896 24494
896 22127
896 24643
896 26224
896 26170
896 26490
896 26260
896 15302
896 21070
896 23772
896 25294
896 26519
896 27228
896 27310
896 17784
896 25757
896 27182
896 25839
896 20870
896 25405
896 12641
896 27737
896 17184
896 27971
896 28004
896 12672
896 27813
896 28084
896 28005
897 17615
897 18948
897 12667
897 22296
897 11864
898 23958
898 11853
898 13192
898 13859
898 14566
898 15565
898 16953
898 17982
898 19238
898 19415
898 19674
898 21729
898 22311
898 23291
898 14623
898 15188
898 16952
898 20746
898 21347
898 24917
898 25103
899 17044
899 23138
899 23618
899 16093
899 16488
899 24586
899 23219
899 24666
899 25441
899 25568
899 26960
899 27283
899 24026
899 26757
899 27971
900 25427
900 22074
900 25603
900 13387
900 16784
900 20073
900 24194
900 16256
900 20344
900 23381
900 25144
900 26209
900 27039
900 13097
900 27698
900 16277
900 21187
901 14452
901 25648
901 19562
901 20351
901 22057
901 22316
901 25454
901 27280
902 12891
902 20668
902 22776
902 16431
902 17046
902 23739
902 26266
902 15143
902 14115
902 18038
902 19065
902 24582
903 16862
903 12067
903 15666
903 18547
903 22169
903 12032
903 20511
903 22988
903 22213
903 25641
903 26527
903 20930
903 15817
903 15961
903 27534
903 12448
903 18422
903 22211
903 12723
903 12315
903 15967
903 26515
903 21513
904 11930
904 14105
904 17723
904 15349
904 15766
904 21530
904 22784
904 23871
904 23410
904 24588
904 24666
904 25880
904 27729
904 27203
904 27204
904 13131
904 13497
904 27819
905 21993
905 24723
905 25021
905 15795
905 15875
905 26810
905 25987
905 27310
905 27762
905 26049
905 27802
905 27901
905 28015
906 19229
906 11849
906 15258
906 12830
906 17009
906 24147
906 14560
906 18458
906 22349
906 11948
906 27438
906 18679
906 26383
906 14990
906 16437
906 16475
906 19709
906 21496
906 22388
906 26261
906 14935
906 26437
906 20202
906 21139
906 22747
906 24870
906 18732
906 20630
906 21929
907 13916
907 14596
907 13313
907 21937
907 17419
907 22691
907 24666
907 25863
907 25565
907 24386
907 24388
907 26821
907 21654
907 23124
907 27673
907 26757
907 28093
908 20678
908 17101
908 17440
908 17754
908 18314
908 19177
908 23323
908 11895
908 12174
908 12469
908 13491
908 14607
908 15246
908 16449
908 16468
908 17383
908 17580
908 18098
908 19077
908 20858
908 21953
908 14532
908 19016
908 17167
908 19850
908 15616
908 18534
908 20849
908 23540
908 17451
908 23948
908 13878
909 12546
909 12603
909 14822
909 17420
909 14840
909 17307
909 17382
909 16919
909 14351
909 20096
909 20826
909 16903
909 22995
909 13675
909 24643
909 26340
909 26743
910 24629
910 18460
910 12662
910 14239
910 18272
910 23496
910 22159
910 14738
910 23123
911 17528
911 27837
911 27962
911 27983
911 27964
912 14280
912 19293
912 13558
912 23453
912 13531
912 15140
912 23817
913 13303
913 22479
913 23971
913 17257
913 12801
913 14343
913 25011
913 26664
914 12596
914 26365
914 23780
914 13763
914 26029
915 13202
915 15244
915 17212
915 18927
915 20707
915 22029
915 25163
915 24433
915 25639
916 24643
916 25113
916 26341
916 21802
916 25628
916 25557
916 19496
916 17631
916 22583
916 27065
916 26317
916 27609
916 18276
916 21009
916 27962
916 19852
916 23770
916 28039
917 20678
917 12765
917 18040
917 13658
917 16145
917 21236
917 26482
917 27816
917 12629
917 13123
917 16161
917 17897
917 21385
917 22438
917 23768
917 25470
917 27626
917 14543
917 19777
917 20638
917 22182
917 26661
918 14244
918 19313
918 21338
918 16349
918 15934
919 14582
919 16269
919 12634
919 18132
919 24643
919 25076
919 26645
919 22298
919 25987
919 27304
919 26937
919 27552
919 27737
919 27460
919 27855
919 27722
919 28091
920 19039
920 21665
920 23571
920 24370
920 16665
920 25282
920 26106
920 26224
920 25516
920 19979
920 23138
920 23253
920 27228
920 17107
920 25267
920 27674
920 27671
920 27406
920 27923
921 25628
921 11860
921 14362
921 18456
921 26922
921 19529
921 17033
921 25377
922 11852
922 16190
922 12073
922 12575
922 22439
922 13939
922 24355
922 16336
922 27133
922 25476
923 12752
923 12560
923 13602
923 17375
923 12981
923 19752
923 11889
923 21683
923 23681
923 24739
923 17528
923 25285
923 20317
923 25337
923 19715
923 19353
923 23642
923 26645
923 22350
923 24086
923 22348
923 25557
923 26760
923 27786
923 27895
924 14543
924 12687
924 25185
924 19450
924 22839
924 25215
924 25914
925 19408
925 22664
925 25285
925 25196
925 23636
925 12493
925 22974
925 24884
925 23540
925 26777
925 27282
925 27332
925 17309
925 24419
925 20793
925 15619
925 15102
925 25777
925 27876
925 27592
925 27885
925 27127
926 26250
926 16455
926 19371
926 22790
926 12510
926 22816
926 26759
926 26329
926 15665
927 14848
927 19779
927 20566
927 21708
927 19715
927 22610
927 18605
927 22964
927 27322
927 27009
928 22304
928 24471
928 17842
928 15282
928 26358
928 27873
929 17743
929 23376
929 14016
929 15302
929 25215
929 26330
929 25113
929 23178
929 24350
929 19919
929 19139
929 25892
929 15775
929 23782
929 24842
929 23563
929 12628
929 25194
929 12662
929 13468
930 23718
930 19845
930 26187
930 19386
930 22987
930 28087
930 22583
930 13977
930 16986
930 24610
931 19615
931 14100
931 17329
931 14259
931 15745
932 19417
932 12082
932 15354
932 14052
932 24573
932 17977
932 15694
932 11873
932 13087
932 27785
933 22518
933 23362
933 20944
933 19026
933 24666
933 21000
933 24643
933 24884
933 26644
933 23264
933 26958
933 27368
933 27855
934 21885
934 19153
934 19666
934 25032
934 26582
934 17293
935 12101
935 21630
935 18494
935 19708
935 20215
935 17259
935 19619
935 15130
935 17135
935 18473
935 21021
935 20749
935 18248
935 13479
935 21748
935 16653
935 12028
935 18864
935 18901
935 14867
935 20922
935 19736
935 24149
935 13550
935 12974
935 12017
935 24786
936 13506
936 13862
936 13676
936 22700
936 24978
936 25661
936 15665
937 16144
937 13793
937 17479
937 22397
937 18098
937 19615
937 20712
937 21953
937 14152
937 12217
937 14905
937 23992
937 21139
937 16943
938 25142
938 20896
938 21769
938 21397
938 21668
938 26111
938 27949
939 21873
939 21665
939 12518
939 24956
939 26055
939 12662
940 12764
940 12368
940 11951
940 12836
940 12867
940 12388
940 13791
940 18891
940 12668
941 14065
941 12366
941 17047
941 15722
941 17039
941 16718
941 23950
941 25236
941 24795
942 13426
942 18684
942 22858
942 23697
942 25672
942 18010
942 21395
942 27321
943 24295
943 24266
943 24666
943 25021
943 24956
943 25144
943 26760
943 26891
943 27045
943 28045
943 28093
944 12089
944 24169
944 24378
944 24577
944 25389
944 23294
944 24494
944 26056
944 25800
944 26606
944 23349
944 27528
944 14790
944 12335
944 12848
944 27432
944 12556
944 27808
944 25837
944 27709
944 27844
944 19713
944 27860
944 27963
944 28004
944 27671
944 27978
945 17083
945 25519
945 26186
945 12570
945 26239
945 25076
945 14670
945 22861
945 25566
945 16133
945 27440
945 27833
945 27836
945 27202
945 15186
945 27997
945 28039
946 18194
946 22783
946 23561
946 24250
946 22134
946 22350
946 25558
946 27182
946 27737
946 27932
947 14243
947 14880
947 20482
947 15221
947 14770
948 21281
948 13268
948 17793
948 17995
948 26529
949 21176
949 23651
949 19934
949 24124
949 24577
949 25441
949 25651
949 25266
949 26224
949 26102
949 26304
949 24448
949 19892
949 22348
949 25942
949 26637
949 22369
949 25294
949 25557
949 25733
949 26734
949 27228
949 25757
949 27764
949 27839
949 27696
949 27971
950 13845
950 16584
950 16586
950 17615
950 13729
950 21175
950 22891
950 23217
950 23440
950 24608
950 24536
950 26172
950 25584
950 25964
950 26406
950 22412
950 26894
950 27315
950 27369
950 27995
950 28037
951 14880
951 17366
951 26701
951 26454
951 25135
952 16981
952 17640
952 18982
952 19139
952 19470
952 19506
952 20529
952 21103
952 21290
952 21681
952 21898
952 22336
952 24453
952 24615
952 22530
952 16849
952 16945
952 21585
952 25381
952 13653
952 22627
952 16013
952 21056
952 23248
952 14412
952 16317
952 12540
952 15319
952 18456
952 19635
952 19832
952 17451
952 18775
952 19423
952 19615
952 22826
952 25628
952 21141
953 17735
953 20904
953 23048
953 23082
953 26244
953 23883
953 20405
953 18556
953 23371
953 16756
953 13707
954 17309
954 15302
954 22491
954 16266
954 24118
954 15324
954 18851
954 20465
954 20880
955 27261
955 13319
955 17451
955 18492
955 19879
955 20199
955 23819
956 22071
956 25521
956 23642
956 25076
956 26760
956 22298
956 25677
956 26940
956 27440
956 26937
956 27525
956 20792
956 27624
956 25577
957 13105
957 25686
957 12190
957 12473
957 12722
957 12974
957 16595
957 16740
957 19318
957 20675
957 25587
957 16962
957 12595
957 25938
958 19235
958 15911
958 19465
958 23561
958 13049
959 23897
959 21205
959 25652
959 15859
959 25046
959 25285
959 22552
959 20267
959 20877
959 23642
959 22191
959 26260
959 22491
959 23812
959 26931
959 25111
959 11923
959 24662
959 26334
959 27012
959 27229
959 26995
959 14963
959 26887
959 26252
959 24039
959 27281
959 12850
959 24468
959 24817
959 25109
959 25837
959 21069
959 23332
959 25979
960 13179
960 19026
960 23823
960 24666
960 17692
960 13803
960 14887
960 18738
960 21321
960 23772
960 19834
960 15465
960 24433
960 26340
960 18909
960 13478
960 13138
960 23610
960 27280
960 28014
961 18596
961 25879
961 17199
961 20525
961 26732
961 19478
961 13938
962 19184
962 22803
962 22000
962 26002
962 26344
962 26394
962 18278
962 27199
962 27163
962 27172
962 27270
962 26493
962 27200
962 26798
962 27901
962 27981
962 15861
962 26494
963 21435
963 21509
963 22918
963 17721
963 16601
963 26151
963 16646
963 25338
963 19671
963 25648
963 23597
963 17960
963 25644
963 26425
963 25514
963 24823
964 16392
964 13478
964 14205
964 15198
964 18466
964 13521
964 15980
964 13423
964 18856
964 12056
964 15329
964 12063
964 14592
964 16027
964 12749
964 15941
964 20982
964 21195
964 24666
964 21776
964 22134
964 14343
964 18833
964 21338
964 25441
964 15665
964 19807
964 22011
964 25754
964 19883
964 23264
964 26897
964 24910
964 13453
964 27361
964 22553
964 27859
965 20301
965 25597
965 14239
965 13982
965 19615
965 19722
965 15958
965 19685
965 25421
965 13262
965 18578
966 16957
966 15006
966 24515
966 23459
966 26168
966 26345
967 19512
967 19513
967 13776
967 19467
967 17639
968 12109
968 23136
968 21683
968 24643
968 26346
968 15586
968 27358
968 28084
968 28091
968 28092
969 18457
969 15533
969 20431
969 13624
969 24425
969 13248
969 23294
969 25610
969 16768
969 26004
969 26896
969 27334
969 27526
969 27367
969 21135
970 16405
970 16851
970 24589
970 24723
970 22134
970 26518
970 27199
971 17964
971 14425
971 21135
971 23515
971 24666
971 24669
971 11923
971 27228
972 13992
972 21484
972 22130
972 23144
972 23738
972 26585
973 21458
973 21128
973 18265
973 12141
973 25831
973 27027
973 19886
973 20186
973 20352
973 20920
973 22781
974 15091
974 23410
974 24293
974 24590
974 24666
974 24764
974 26186
974 25076
974 25294
974 22412
974 16088
974 27855
974 27715
974 27967
974 28004
974 28092
975 22071
975 23219
975 24944
975 24427
975 19342
975 25575
975 22369
975 12518
975 19415
975 24141
975 24662
975 23832
976 22652
976 13362
976 26503
976 27039
976 17328
976 18525
976 23841
977 12905
977 14407
977 11890
977 14516
977 12348
977 14834
977 18838
977 12333
977 14837
977 18470
977 14955
977 15210
977 17976
977 15533
977 16277
977 17543
977 17864
977 13154
977 18612
977 19367
977 15693
977 15809
977 18673
977 18467
977 16564
977 17640
977 16799
977 12125
977 15007
977 24065
977 21421
977 13197
977 22617
977 27029
977 27074
977 17336
977 26478
978 21996
978 15282
978 21848
978 24379
978 26099
979 13900
979 20267
979 24813
979 26752
979 12239
980 27528
980 27309
980 27724
980 27764
980 26954
980 26555
980 26783
980 27416
980 27397
980 21069
981 24286
981 21946
981 21182
981 17880
981 25132
981 20867
981 25440
982 13969
982 13845
982 16190
982 15317
982 17770
982 12428
982 15529
982 17993
982 17420
982 19179
982 25719
982 19351
982 20452
982 26353
983 13830
983 14880
983 21542
983 23558
983 23174
983 15120
983 24709
983 25438
984 14062
984 13353
984 23701
984 20130
984 22614
984 14610
984 27624
984 27764
984 27727
984 21172
984 17964
984 17172
984 13606
984 26546
984 20945
984 19590
984 26783
984 27808
984 27915
984 14864
984 27876
984 27881
984 20199
984 13059
984 16962
984 14744
984 26476
984 23938
984 26016
984 12777
984 28038
984 19852
984 26925
984 27899
984 23218
984 28043
984 21243
984 28093
984 26240
984 19978
984 27689
984 18525
984 27922
985 15003
985 18402
985 19503
985 24666
985 26055
985 18909
985 25677
985 16751
986 24109
986 21890
986 23886
986 24354
986 25179
986 12662
987 18145
987 22063
987 22311
987 24666
987 27593
987 26862
987 27394
987 13839
987 27615
988 17527
988 13069
988 27589
988 12046
988 25976
989 19390
989 16573
989 20100
989 19337
989 14012
989 15291
989 19107
989 23123
989 20966
989 16138
990 12407
990 14380
990 13520
990 14725
990 16055
990 12140
990 12844
990 16131
990 14222
990 19961
990 11889
990 26344
990 15339
990 21980
990 26796
990 21591
991 12607
991 26808
991 26941
991 26931
991 21380
991 27233
991 25183
991 15343
991 27088
991 27172
991 26743
991 26986
991 27280
991 27367
991 26797
991 26798
991 27376
991 16054
991 27379
991 27416
991 27938
991 27941
991 25653
991 27991
991 26652
991 27805
991 27660
991 27608
991 27978
992 16553
992 23566
992 24831
992 15864
992 16995
992 19615
992 15863
992 23314
992 17184
992 25408
992 14898
992 16294
992 16324
992 16383
992 19825
992 26232
993 24056
993 19879
993 24245
993 20788
993 24738
993 12391
993 24934
993 26329
993 24510
993 27314
994 13674
994 18721
994 17949
994 25488
994 26047
994 21894
994 26239
994 22297
994 23264
994 27210
994 26555
994 27932
995 11957
995 19289
995 19290
995 12693
995 21780
995 18894
995 12633
995 24397
995 23866
995 15096
995 26900
995 23864
996 14782
996 20199
996 20537
996 20562
996 21455
996 23555
996 13588
996 12139
996 13878
996 16277
996 18410
996 27462
996 14488
997 15185
997 15910
997 18402
997 25083
997 12675
997 23529
997 12648
997 22748
997 17807
997 18257
997 27173
997 27136
997 22781
997 15258
997 21106
998 16670
998 14024
998 18243
998 17984
998 19216
998 20754
998 17350
998 17461
998 21285
998 19348
998 19764
998 21485
998 23678
998 19952
998 23362
998 23767
998 20618
998 23343
998 12944
998 20449
998 13479
998 24213
998 18391
998 23845
998 25076
998 26530
998 15795
998 26343
998 16469
998 19054
998 25491
998 19169
998 19313
998 20330
998 11923
998 25390
998 27228
998 26484
999 18143
999 14184
999 20371
999 16811
999 12473
999 23936
999 12436
999 21446
999 19500
999 25846
1000 16438
1000 15032
1000 12637
1000 17511
1000 20277
1000 19686
1000 13836
1000 17668
1000 12832
1000 15645
1000 18621
1001 15236
1001 12789
1001 17323
1001 18613
1001 20767
1001 17939
1001 21857
1002 16379
1002 16721
1002 25884
1002 27578
1002 11891
1002 13474
1002 14401
1002 18519
1002 18618
1002 19271
1002 19452
1002 21704
1002 24695
1002 24705
1002 25296
1002 15929
1002 18981
1002 19247
1002 21343
1002 24880
1003 20043
1003 23909
1003 23678
1003 18212
1003 15519
1003 17123
1003 24378
1003 24796
1003 23149
1003 12217
1003 25488
1003 25287
1003 20307
1003 25266
1003 24884
1003 16845
1003 27229
1003 27411
1003 25267
1003 27665
1003 28092
1004 17989
1004 18625
1004 24435
1004 26324
1004 26606
1004 27065
1004 25405
1005 20935
1005 22387
1005 23075
1005 23440
1005 23206
1005 24643
1005 22348
1005 26317
1005 27199
1005 27258
1005 27993
1005 28001
1005 27712
1006 25426
1006 14162
1006 26835
1006 21806
1006 26845
1007 14119
1007 20890
1007 23117
1007 24332
1007 24666
1007 25549
1007 26568
1007 23642
1007 27434
1007 27280
1007 17184
1008 24666
1008 24814
1008 25521
1008 24448
1008 26309
1008 26167
1008 25575
1008 11923
1008 27198
1008 27045
1008 27705
1008 25844
1008 27041
1008 24026
1008 27834
1008 27836
1008 27930
1008 27902
1008 25109
1008 27406
1008 28037
1008 28016
1008 26685
1008 27971
1009 16481
1009 16185
1009 22055
1009 22600
1009 26728
1009 13653
1009 15259
1009 17794
1009 19915
1009 21132
1009 21305
1009 21537
1010 13638
1010 15347
1010 14754
1010 26743
1010 27332
1010 27202
1011 12634
1011 16629
1011 14178
1011 15664
1011 16277
1011 20772
1012 25353
1012 13530
1012 25600
1012 13593
1012 21680
1012 19124
1012 12563
1012 13118
1012 13436
1012 13437
1012 15549
1012 19289
1012 12187
1012 15645
1012 18747
1012 22073
1012 27104
1012 12575
1012 21196
1012 23180
1012 22779
1012 24577
1012 23625
1012 15885
1012 13365
1012 25540
1012 27056
1012 28000
1013 12008
1013 13506
1013 20222
1013 26249
1013 14232
1013 12662
1014 24448
1014 24490
1014 26077
1014 19416
1014 27715
1014 27967
1015 16056
1015 19916
1015 22133
1015 23471
1015 20659
1015 25358
1015 21360
1016 14452
1016 15211
1016 12040
1016 16595
1016 12891
1016 19069
1016 16754
1016 18535
1016 19240
1016 14718
1016 14025
1016 18916
1016 13306
1016 20408
1016 15182
1016 19742
1016 12902
1016 24097
1016 16807
1016 16628
1016 15446
1016 12272
1016 13096
1016 19888
1016 12217
1016 16949
1016 24523
1016 14483
1016 20366
1016 20367
1016 19351
1016 15344
1016 19424
1016 24917
1016 19549
1016 26356
1016 21018
1016 14543
1017 15039
1017 16279
1017 21477
1017 18968
1017 19271
1017 19098
1017 20525
1017 21876
1017 11873
1017 12722
1017 12905
1017 12913
1017 14822
1017 14914
1017 19425
1017 20772
1017 21308
1017 21642
1017 21954
1017 23556
1017 13059
1017 15558
1017 17465
1017 17616
1017 19873
1017 20600
1017 14759
1017 15418
1017 15472
1017 16009
1017 19151
1017 22531
1017 17293
1017 21479
1017 12977
1017 12201
1018 12630
1018 12677
1018 20328
1018 22218
1018 24799
1018 25552
1018 14532
1019 13810
1019 15302
1019 12366
1019 13902
1019 13739
1019 20840
1019 15633
1019 23751
1019 16578
1019 21548
1019 23812
1019 11899
1019 25993
1019 26697
1019 22893
1019 22326
1019 23525
1019 21141
1020 23435
1020 16536
1020 14307
1020 16081
1020 16496
1020 15128
1020 24724
1020 17148
1020 22728
1020 12281
1021 13350
1021 14337
1021 12141
1021 14354
1021 26408
1021 14330
1021 27513
1021 27069
1021 11890
1021 21580
1021 24977
1021 22922
1022 20200
1022 24526
1022 15934
1022 17911
1022 18476
1022 25489
1022 25763
1022 26833
1023 19542
1023 24588
1023 24573
1023 20772
1023 25441
1023 24804
1023 26069
1023 24643
1023 21894
1023 25976
1023 11923
1023 26334
1023 16524
1023 27203
1024 16632
1024 22759
1024 23585
1024 25803
1024 14327
1024 21515
1024 15230
1024 18041
1024 20383
1024 16634
1024 23627
1024 15537
1024 17613
1024 21187
1024 12073
1024 15136
1024 12496
1024 13964
1024 16593
1024 16595
1024 19524
1024 19525
1024 18939
1024 15883
1024 24407
1024 25230
1024 14199
1024 22336
1024 27092
1024 27416
1024 13498
1024 18730
1024 12909
1024 24744
1024 27510
1024 25111
1025 12974
1025 14599
1025 22424
1025 16991
1025 20796
1025 23591
1025 15827
1025 16173
1025 16201
1025 20513
1025 22023
1025 24426
1025 23110
1025 12151
1025 21742
1026 16686
1026 19415
1026 18944
1026 24242
1026 23092
1026 15874
1026 16520
1026 26827
1026 25512
1026 26454
1026 26177
1026 24580
1026 27750
1026 26125
1026 13174
1026 23238
1027 18981
1027 26055
1027 18415
1027 21340
1027 15098
1027 22821
1027 13838
1028 24587
1028 24588
1028 24666
1028 26229
1028 25076
1028 11923
1028 27285
1028 27460
1029 25801
1029 20955
1029 25512
1029 26827
1029 26462
1029 19187
1029 23177
1029 27411
1029 18954
1029 26184
1029 23947
1029 18422
1029 27534
1030 13791
1030 17825
1030 18251
1030 24157
1030 21292
1030 25792
1030 17340
1030 13842
1030 27357
1030 21732
1030 13578
1030 24640
1030 18620
1030 13825
1030 22925
1030 17479
1031 26035
1031 19766
1031 21642
1031 16235
1031 17394
1031 25477
1032 13565
1032 12067
1032 24666
1032 24669
1032 25521
1032 24956
1032 26691
1033 13374
1033 11849
1033 14495
1033 20876
1033 12192
1033 20254
1033 18588
1033 12951
1033 17145
1033 26842
1033 21775
1033 14693
1033 13020
1033 24748
1034 14344
1034 21175
1034 24589
1034 23361
1034 23845
1034 24947
1034 25779
1034 26203
1034 25584
1034 22297
1034 22298
1034 25503
1034 24722
1034 25526
1034 23935
1034 24388
1034 27172
1034 27544
1034 27176
1034 23477
1034 27379
1034 27808
1034 27861
1034 28021
1034 23378
1034 26685
1034 28012
1034 27940
1035 15027
1035 11975
1035 11978
1035 15891
1035 24348
1035 25230
1036 15302
1036 22725
1036 22726
1036 12402
1036 14232
1036 13148
1036 13825
1036 13878
1036 19847
1036 20936
1036 20937
1036 26317
1037 21775
1037 17309
1037 19529
1037 13011
1037 13273
1037 13964
1037 21623
1037 11840
1038 25649
1038 25734
1038 17737
1038 25476
1038 24755
1039 11890
1039 12269
1039 13212
1039 13867
1039 13929
1039 15155
1039 15235
1039 15870
1039 16694
1039 20094
1039 22310
1039 17860
1039 15477
1039 12234
1039 15472
1039 17056
1039 17261
1039 25457
1039 27101
1039 21510
1039 21732
1039 23934
1039 25283
1039 25721
1039 27137
1040 23777
1040 19791
1040 23855
1040 13060
1040 15670
1040 16385
1040 19294
1041 14223
1041 17692
1041 14891
1041 13565
1041 14881
1041 13658
1041 12943
1041 18509
1041 12428
1041 20578
1041 15766
1041 21315
1041 16917
1041 22974
1041 15302
1041 23616
1041 23975
1041 22028
1041 21529
1042 11951
1042 20253
1042 22688
1042 26055
1042 27389
1042 27437
1042 27460
1043 21161
1043 18967
1043 19962
1043 23625
1043 24275
1043 24836
1043 25803
1044 12348
1044 12763
1044 13892
1044 14627
1044 15529
1044 16638
1044 16853
1044 16921
1044 18248
1044 18993
1044 20665
1044 25377
1044 12064
1044 13506
1044 15465
1044 16002
1044 18249
1044 21892
1044 25612
1044 13158
1044 19832
1044 17257
1044 12849
1044 13465
1044 20529
1044 24191
1044 12803
1044 17964
1044 25661
1044 27305
1044 17022
1044 18355
1044 12637
1044 16283
1044 22221
1044 22883
1044 25178
1044 26412
1044 21099
1044 26812
1044 27537
1045 12056
1045 13300
1045 12577
1045 24666
1045 24956
1045 25943
1045 25628
1045 24795
1045 11923
1045 27065
1045 27732
1045 27717
1045 15861
1046 15593
1046 12348
1046 12438
1046 20253
1046 21062
1046 14418
1046 15065
1046 17676
1046 23594
1046 13558
1046 12188
1046 14138
1046 23507
1046 28087
1046 14121
1046 22264
1046 25420
1046 12905
1046 13007
1046 13202
1046 14248
1046 15645
1046 16686
1046 19637
1046 25476
1046 26810
1046 27069
1046 12160
1046 11957
1047 13399
1047 18149
1047 21997
1047 22273
1047 24812
1047 24353
1047 20800
1047 21870
1047 13330
1047 26243
1047 16455
1048 12366
1048 19028
1048 17794
1048 24259
1048 13477
1048 17919
1049 13570
1049 22786
1049 21629
1049 26341
1049 23737
1049 25369
1049 12891
1050 14895
1050 12090
1050 15848
1050 19024
1050 20671
1050 20560
1050 23144
1050 21664
1051 18975
1051 22291
1051 23270
1051 23956
1051 24173
1051 25636
1051 22182
1051 25507
1052 14928
1052 13857
1052 19145
1052 14009
1052 22688
1052 21711
1052 24796
1052 12396
1052 13907
1052 26103
1052 19997
1052 12795
1052 17420
1052 26606
1052 23270
1052 27028
1052 27320
1052 27283
1052 25957
1052 27416
1052 27881
1052 27539
1052 25629
1052 18813
1052 27378
1052 15646
1052 15911
1052 23809
1052 28009
1052 20976
1052 27660
1052 27639
1053 19929
1053 25380
1053 15524
1053 23093
1053 13677
1053 24669
1054 17902
1054 19702
1054 24920
1054 15229
1054 25564
1054 16962
1054 23359
1055 20012
1055 26564
1055 26876
1055 11918
1055 12922
1055 19799
1055 21799
1055 20235
1055 27004
1056 18360
1056 12333
1056 22781
1056 24266
1056 22155
1056 22748
1056 17045
1057 17794
1057 21388
1057 14539
1057 15801
1057 25879
1058 14121
1058 14623
1058 16435
1058 18129
1058 19453
1058 20022
1059 24390
1059 17945
1059 19415
1059 21431
1059 21448
1059 21544
1059 24164
1060 24327
1060 20276
1060 27826
1060 13088
1060 16803
1060 17257
1061 21388
1061 14419
1061 15360
1061 25439
1061 25237
1061 19019
1061 17479
1061 17819
1061 21089
1062 13742
1062 19064
1062 18670
1062 24779
1062 19615
1062 20064
1062 25472
1062 21587
1062 23772
1062 24384
1062 12145
1062 12850
1062 19567
1062 22375
1062 26816
1063 12072
1063 22821
1063 12017
1063 13586
1063 17678
1063 22538
1064 26172
1064 26163
1064 18909
1064 26523
1064 27198
1064 27203
1064 27416
1064 27139
1064 20911
1065 15284
1065 17614
1065 20177
1065 26390
1065 21667
1066 13901
1066 21327
1066 22139
1066 25979
1066 14983
1066 23030
1066 25541
1067 21819
1067 20849
1067 24293
1067 22284
1067 20127
1067 22847
1067 24278
1067 20334
1068 14524
1068 20581
1068 20717
1068 24982
1068 12974
1068 16074
1068 18379
1068 22047
1068 27110
1068 14532
1068 24004
1069 14878
1069 16455
1069 19435
1069 22690
1069 17656
1070 16595
1070 13465
1070 21854
1070 19298
1070 24640
1070 13081
1070 18486
1071 13982
1071 17348
1071 21653
1071 23370
1071 26039
1071 19301
1071 19161
1071 21213
1071 20535
1071 21345
1072 12603
1072 15360
1072 13313
1072 14261
1072 14831
1072 15324
1072 14581
1072 19442
1072 19817
1072 20835
1073 12385
1073 13970
1073 12905
1073 16274
1073 11890
1073 11957
1073 12335
1073 12336
1074 17395
1074 21898
1074 19386
1074 20202
1074 15637
1074 26285
1074 25828
1075 14887
1075 12667
1075 15444
1075 24936
1075 14607
1075 14639
1075 26234
1075 21205
1075 17977
1076 17023
1076 13401
1076 21996
1076 23722
1076 23618
1076 22094
1076 24926
1076 26317
1076 26166
1076 18661
1076 26498
1076 27012
1076 27673
1076 27791
1076 27752
1076 27972
1077 20330
1077 19513
1077 27252
1077 21768
1077 27731
1077 19814
1077 17300
1077 18060
1077 26511
1077 26757
1077 28005
1078 12090
1078 17171
1078 15376
1078 16573
1078 15347
1079 12201
1079 14729
1079 16066
1079 18173
1079 12367
1079 19802
1079 19434
1079 23848
1079 13726
1080 24835
1080 16168
1080 25314
1080 26103
1080 26637
1081 17813
1081 14136
1081 13446
1081 13535
1081 18325
1081 20256
1082 14295
1082 15221
1082 24268
1082 11847
1082 12915
1082 25365
1082 25044
1082 26038
1082 18912
1082 21996
1083 15038
1083 22691
1083 24666
1083 24764
1083 24378
1083 26810
1083 11923
1083 27198
1083 27591
1083 26652
1083 27861
1084 12048
1084 15206
1084 22237
1084 21894
1084 15437
1084 14887
1084 15188
1084 25694
1084 26135
1084 28004
1085 16033
1085 21667
1085 22412
1085 22918
1085 21455
1085 24610
1085 19663
1085 14144
1085 20335
1086 18053
1086 11962
1086 13123
1086 13740
1086 15166
1086 16520
1086 11994
1086 13479
1086 15140
1086 17536
1086 24836
1086 25803
1086 19691
1086 22169
1086 22779
1086 24192
1087 14062
1087 14972
1087 17673
1087 14741
1087 12575
1087 20205
1087 12707
1087 19108
1087 20632
1087 22485
1087 13653
1087 22591
1087 16431
1087 21149
1087 13374
1087 21952
1087 24417
1087 22348
1087 22297
1087 26105
1087 26913
1087 27367
1087 27552
1087 27397
1087 27971
1088 12151
1088 15434
1088 21717
1088 15463
1088 12171
1088 12575
1088 14520
1088 16636
1088 14165
1089 14712
1089 19960
1089 25024
1089 17204
1089 18173
1090 22785
1090 23684
1090 25076
1090 27715
1090 27696
1090 27920
1090 28005
1091 18061
1091 21723
1091 22512
1091 23908
1091 26539
1091 26195
1091 18447
1091 26605
1091 21299
1091 24239
1091 24309
1091 27478
1092 12374
1092 13034
1092 13658
1092 15499
1092 17727
1092 15961
1092 13566
1092 14050
1092 16368
1092 12509
1092 12655
1092 17409
1092 25187
1092 26439
1092 12891
1092 20916
1092 26923
1093 12983
1093 18725
1093 25188
1093 25337
1093 21894
1093 14700
1093 24388
1093 14762
1093 16069
1093 27525
1093 26796
1093 26797
1093 12201
1093 21627
1094 16629
1094 14507
1094 17091
1094 14391
1094 14420
1094 17605
1094 24666
1094 25521
1094 25492
1094 26260
1095 12067
1095 12509
1095 20930
1095 25319
1095 13453
1095 22697
1095 23875
1095 23608
1096 12552
1096 13498
1096 14732
1096 12996
1096 18103
1096 19615
1096 13653
1096 20058
1096 20685
1096 20465
1096 20819
1096 20820
1096 12662
1096 23123
1096 22694
1096 18160
1096 22005
1096 12242
1096 14888
1096 15741
1096 23621
1096 24038
1096 24040
1096 13616
1096 13231
1096 18279
1096 25835
1096 24809
1096 27685
1096 24867
1096 20250
1096 24276
1096 24761
1097 17794
1097 18000
1097 18811
1097 22745
1097 13007
1098 21828
1098 16601
1098 16962
1098 19183
1098 15114
1098 26125
1099 13306
1099 16980
1099 18234
1099 18456
1099 20564
1099 24760
1100 15656
1100 21509
1100 20937
1100 22891
1100 23466
1100 23686
1100 27436
1100 27982
1101 12424
1101 12505
1101 12099
1101 11945
1101 12444
1101 12975
1101 12736
1101 16065
1101 14665
1101 12872
1101 20010
1101 12509
1101 22688
1101 23561
1101 20036
1101 18423
1101 23480
1101 23185
1101 19061
1101 25863
1101 24643
1101 25521
1101 25188
1101 25501
1101 25319
1101 13049
1101 22742
1101 24022
1101 11923
1101 26895
1101 27228
1101 12160
1101 25757
1101 26740
1101 27064
1101 27204
1101 27460
1101 27983
1101 27840
1101 18299
1101 22030
1102 19351
1102 21384
1102 22031
1102 15483
1102 18734
1102 20437
1102 23913
1102 24813
1102 18077
1102 12667
1102 16979
1102 19923
1102 20613
1102 13915
1102 20823
1102 12822
1102 24341
1102 25111
1102 22350
1102 13154
1102 15854
1102 16013
1102 18714
1102 20584
1102 24492
1102 25392
1102 25805
1102 25582
1102 13360
1102 16077
1102 16203
1102 22073
1102 12475
1102 13131
1102 17413
1102 25803
1103 16592
1103 18227
1103 15534
1103 21175
1103 22871
1103 19285
1103 26697
1103 14106
1103 20760
1103 26757
1104 17403
1104 18464
1104 20088
1104 15768
1104 18708
1104 24462
1104 24340
1104 15594
1104 24010
1104 19894
1104 12750
1104 22876
1104 18576
1104 17677
1104 24650
1105 17451
1105 20733
1105 22253
1105 14483
1105 21374
1105 24840
1105 12139
1105 17888
1105 23940
1106 14069
1106 18767
1106 23257
1106 22284
1106 19664
1106 24643
1106 14532
1106 22992
1106 26896
1106 16524
1106 26820
1106 14724
1106 27333
1106 12201
1106 25913
1106 27474
1106 20792
1106 27902
1106 25653
1107 15852
1107 12234
1107 12695
1107 13272
1107 12813
1108 13187
1108 20695
1108 21627
1108 23835
1108 25774
1108 20503
1108 23652
1109 23410
1109 23906
1109 24666
1109 24378
1109 25521
1109 19918
1109 25492
1109 24956
1109 25285
1109 20771
1109 24366
1109 23642
1109 25712
1109 27256
1109 17792
1109 11923
1109 24029
1109 27240
1109 17825
1109 12430
1110 13281
1110 21514
1110 12855
1110 14393
1110 17969
1110 23228
1110 19312
1110 13131
1110 17126
1110 27329
1110 13258
1110 15132
1111 12237
1111 15807
1111 16278
1111 14922
1111 22333
1112 14853
1112 12177
1112 16983
1112 12786
1112 12575
1112 14819
1112 15160
1112 17936
1112 20370
1112 12336
1112 13989
1112 14473
1112 12287
1112 12741
1112 12977
1112 21541
1112 14468
1112 12138
1112 12117
1112 13463
1112 13553
1112 12009
1112 19113
1112 15958
1112 14888
1112 16277
1112 17093
1112 19415
1113 13923
1113 14074
1113 19367
1113 13937
1113 18099
1113 14881
1113 21141
1113 25713
1113 14115
1113 22854
1113 26797
1113 19526
1113 21604
1113 27208
1114 22159
1114 23990
1114 28073
1114 27628
1114 23269
1114 12252
1114 28072
1114 28082
1114 28055
1114 18029
1114 28085
1114 28031
1115 21898
1115 13845
1115 15539
1115 14875
1115 21900
1115 17406
1115 19009
1115 13553
1115 20896
1115 22062
1115 19280
1115 13625
1115 17125
1115 18011
1115 23459
1115 25287
1115 25076
1115 25317
1115 24176
1115 27500
1115 27309
1115 27333
1115 25267
1115 27283
1115 27400
1115 27641
1115 27833
1115 27948
1115 27617
1115 28023
1116 27531
1116 26943
1116 24876
1116 23144
1116 28028
1116 27416
1116 27914
1116 24838
1116 26756
1116 27628
1116 27991
1116 28008
1116 28058
1116 27150
1116 27660
1116 27925
1116 26730
1116 27491
1116 28083
1116 27565
1116 27950
1117 20238
1117 17500
1117 16611
1117 11849
1117 20545
1117 22055
1117 24519
1118 18298
1118 22838
1118 24227
1118 13473
1118 21682
1118 22074
1118 23604
1118 23245
1118 25034
1118 23460
1118 16191
1118 17574
1118 18278
1118 20269
1118 13471
1118 13669
1119 12817
1119 15178
1119 23222
1119 21849
1119 26789
1120 14043
1120 14375
1120 18089
1120 24667
1120 13675
1120 21888
1120 27721
1120 12299
1120 15286
1121 14739
1121 13673
1121 15989
1121 19289
1121 15052
1121 12304
1121 19079
1121 12306
1121 13156
1122 25289
1122 26643
1122 26941
1122 21515
1122 11923
1122 26005
1122 25777
1122 26652
1122 28021
1122 28039
1122 28068
1122 17184
1123 12024
1123 20091
1123 13456
1123 22909
1123 23114
1124 19961
1124 20890
1124 24435
1124 19759
1124 25768
1124 25558
1124 11923
1124 25476
1124 27513
1124 27802
1124 27873
1124 28089
1125 24666
1125 25846
1125 24643
1125 26277
1125 26352
1125 27088
1125 27286
1125 27552
1125 27254
1125 27712
1126 14249
1126 16681
1126 22987
1126 16292
1126 17633
1126 18541
1126 23221
1126 19949
1126 17674
1126 18976
1126 24681
1126 12923
1126 23483
1126 19607
1126 17046
1126 19205
1126 21075
1127 11929
1127 11998
1127 12693
1127 14188
1127 12061
1127 13293
1127 14518
1127 14837
1127 18678
1127 19833
1127 20399
1127 24793
1127 27795
1127 26027
1128 19728
1128 13826
1128 12505
1128 21085
1128 22670
1128 22580
1128 24332
1128 23897
1128 23478
1128 26941
1128 27325
1128 26685
1128 27973
1128 27813
1129 20754
1129 24096
1129 24169
1129 15699
1129 23983
1130 13352
1130 17469
1130 24277
1130 25558
1130 27310
1130 27541
1130 21283
1130 27873
1131 14842
1131 12892
1131 13062
1131 20972
1131 13805
1131 16275
1131 18941
1132 12581
1132 14587
1132 14974
1132 16028
1132 16306
1132 17059
1132 17587
1132 18813
1132 20983
1132 21597
1132 21719
1133 16435
1133 15598
1133 14373
1133 19966
1133 22381
1133 24825
1133 19629
1133 16065
1133 25467
1134 26746
1134 21585
1134 23021
1134 23627
1134 12693
1135 22683
1135 17109
1135 21122
1135 23479
1135 22438
1135 20335
1135 23320
1135 16498
1135 12595
1135 18591
1135 20165
1135 27009
1135 22781
1135 27365
1135 13675
1136 12200
1136 22201
1136 24255
1136 21168
1136 25829
1136 22889
1137 16979
1137 12850
1137 13684
1137 14736
1137 14623
1137 14129
1137 11866
1137 12801
1137 12139
1137 21549
1137 15961
1137 23065
1137 23328
1137 17492
1138 14327
1138 19469
1138 12031
1138 21175
1138 25954
1138 27331
1138 13126
1138 11890
1138 18527
1138 22656
1138 22174
1138 12348
1138 12823
1138 18511
1138 24521
1138 16073
1139 15656
1139 14147
1139 19557
1139 15101
1139 18011
1139 23481
1139 12291
1140 12011
1140 22157
1140 13486
1140 21801
1140 22826
1141 13929
1141 17641
1141 26153
1141 24701
1141 18525
1141 27632
1141 25109
1142 15539
1142 22240
1142 23736
1142 24275
1142 12037
1142 23888
1143 19830
1143 20343
1143 20540
1143 23111
1143 25278
1144 12787
1144 15693
1144 20772
1144 18736
1144 27034
1145 16688
1145 16334
1145 25071
1145 18250
1145 22139
1146 18975
1146 22873
1146 18909
1146 26352
1146 27367
1146 27724
1146 27585
1146 27882
1146 26308
1146 12084
1146 25347
1147 24634
1147 17126
1147 20786
1147 13262
1147 20751
1147 21510
1147 25734
1147 15188
1147 14608
1148 15000
1148 19093
1148 14059
1148 14543
1148 19759
1148 20229
1148 23222
1148 24702
1148 24469
1148 24527
1149 15446
1149 25628
1149 15645
1149 17406
1149 20673
1149 15586
1149 21838
1149 26078
1150 14248
1150 16962
1150 17454
1150 21141
1150 21142
1150 23533
1150 18787
1150 17939
1150 21291
1150 26318
1151 13392
1151 21285
1151 21864
1151 22350
1151 23264
1151 27172
1151 14517
1151 27731
1151 27192
1151 25653
1151 27988
1152 13939
1152 12428
1152 13057
1152 24017
1152 11865
1152 25646
1152 27641
1152 19028
1153 17501
1153 17531
1153 15767
1153 15456
1153 19385
1153 25036
1153 26275
1153 15044
1153 17422
1153 25037
1153 17124
1153 15665
1153 26205
1153 26669
1153 21507
1153 14799
1153 16886
1153 25773
1153 17812
1153 22853
1153 13645
1153 27739
1154 18695
1154 18929
1154 15785
1154 17930
1154 15195
1154 18812
1154 27562
1154 17451
1155 27320
1155 18118
1155 27225
1155 27456
1155 17881
1155 27182
1155 22603
1155 22275
1155 24076
1155 27668
1155 14517
1155 23616
1155 25267
1155 27495
1155 27705
1155 20374
1155 26458
1155 22869
1155 24278
1155 15735
1155 16005
1155 20136
1155 19825
1155 27379
1155 27416
1155 18291
1155 27285
1155 27941
1155 27717
1155 26652
1155 27139
1155 27221
1155 17248
1155 27660
1155 25479
1155 26508
1155 25194
1155 25585
1155 28039
1155 27444
1155 28026
1155 28033
1155 28034
1155 28090
1155 28029
1156 15778
1156 16750
1156 25628
1156 12666
1156 26052
1156 17364
1156 24469
1157 14655
1157 21833
1157 19554
1157 23781
1157 21241
1157 20374
1157 24117
1157 27076
1158 20062
1158 22071
1158 22001
1158 24945
1158 26172
1158 25575
1158 26406
1158 26760
1158 26937
1158 27499
1158 27286
1158 27560
1159 14042
1159 12511
1159 12512
1159 14448
1159 14740
1159 17163
1159 12518
1159 13313
1159 15485
1160 25652
1160 16595
1160 24436
1160 25471
1160 26260
1160 22154
1160 22819
1160 26897
1160 25557
1160 26804
1160 26728
1160 26930
1160 12845
1160 25569
1160 27791
1160 27715
1160 21442
1160 27616
1161 15342
1161 15148
1161 19434
1161 15851
1161 14680
1161 15187
1162 15919
1162 14978
1162 27605
1162 26066
1162 27663
1162 27693
1162 27531
1162 23144
1162 26935
1162 27700
1162 24876
1162 23065
1162 27037
1162 23092
1162 27913
1162 27914
1162 27291
1162 22651
1162 26953
1162 27214
1162 28008
1162 27759
1163 22562
1163 24666
1163 24508
1163 26498
1163 25777
1164 11951
1164 12300
1164 12261
1164 12424
1164 13916
1164 12111
1164 12034
1164 17208
1164 15785
1164 19875
1164 14063
1164 24473
1164 15599
1164 14318
1164 12818
1164 24871
1164 22980
1164 17263
1164 22165
1164 27876
1165 11967
1165 18192
1165 20754
1165 11905
1165 15837
1165 15886
1165 22387
1165 23983
1165 24510
1165 20429
1165 23355
1165 24576
1165 16970
1165 25772
1165 26896
1165 24658
1165 27456
1165 24032
1165 22394
1165 27361
1165 14517
1165 28039
1166 12906
1166 12366
1166 15587
1166 12085
1166 20213
1166 26078
1166 14196
1166 25525
1166 20772
1166 27367
1166 27542
1166 27987
1166 27990
1167 25758
1167 12191
1167 23878
1167 25420
1167 25683
1167 14803
1167 15785
1167 17479
1167 19467
1167 21043
1167 26108
1168 14768
1168 12382
1168 23558
1168 23136
1168 24587
1168 24764
1168 23870
1168 25521
1168 16955
1168 20317
1168 26172
1168 23206
1168 24796
1168 25712
1168 19784
1168 25146
1168 27270
1168 27254
1168 26924
1168 27722
1168 28023
1169 22828
1169 17974
1169 15224
1169 13622
1169 22952
1169 26872
1169 26379
1170 18277
1170 26401
1170 15795
1170 27440
1170 26945
1170 14549
1170 27204
1170 27855
1170 27928
1170 28091
1171 20230
1171 17613
1171 16224
1171 11903
1171 22610
1171 20470
1171 13824
1171 18554
1171 14197
1171 20010
1171 23294
1171 11990
1171 15071
1171 26055
1171 12118
1171 26344
1171 26618
1171 12628
1171 27224
1171 27416
1171 27820
1171 27842
1171 28009
1171 27925
1171 27660
1171 28007
1171 18392
1171 28089
1171 28078
1171 27814
1171 28077
1171 28010
1172 21530
1172 23183
1172 22750
1172 24525
1172 24506
1172 26335
1172 16632
1172 17885
1172 27416
1172 27660
1173 12541
1173 13215
1173 16274
1173 22855
1173 17074
1173 25712
1173 15863
1173 16424
1173 19057
1173 21518
1173 23003
1173 24608
1173 14130
1173 21236
1173 15430
1173 18830
1173 21414
1173 24426
1173 26741
1173 19846
1173 24821
1174 15665
1174 21434
1174 15373
1174 24836
1174 12098
1174 14493
1175 13497
1175 13856
1175 16058
1175 17667
1175 18828
1175 21492
1175 22697
1175 13653
1175 14985
1175 15617
1175 15947
1175 16677
1175 19001
1175 20238
1175 20820
1175 21074
1175 21522
1175 21734
1175 23023
1175 24087
1175 24094
1175 24361
1175 13807
1175 14061
1175 16287
1175 18360
1175 22956
1175 25903
1175 26321
1175 14907
1175 17207
1175 21188
1175 26454
1175 16866
1175 13384
1175 19028
1175 22132
1176 17125
1176 18647
1176 24371
1176 26806
1176 23862
1177 21498
1177 14430
1177 22974
1177 12141
1177 14327
1177 12989
1177 12810
1178 14121
1178 14147
1178 16298
1178 13300
1178 21374
1178 14948
1178 17629
1178 14314
1178 24693
1178 19903
1178 12502
1179 17395
1179 18971
1179 21278
1179 24017
1179 24042
1180 12505
1180 14878
1180 24185
1180 24116
1180 11923
1180 12365
1180 25184
1180 27282
1180 26820
1180 27560
1180 20792
1180 25392
1180 27203
1180 26924
1180 16147
1180 15402
1181 17575
1181 17420
1181 14207
1181 20674
1181 23749
1181 23123
1182 18278
1182 17515
1182 18904
1182 19615
1182 20909
1183 12127
1183 21512
1183 17770
1183 16595
1183 21108
1183 17116
1183 24597
1183 14322
1183 15244
1183 17235
1183 25230
1183 13011
1183 12750
1183 15863
1183 12171
1183 17692
1183 12399
1183 12260
1184 14897
1184 16033
1184 16595
1184 19847
1184 14024
1184 19671
1184 18725
1185 17733
1185 18225
1185 16325
1185 17070
1185 21664
1185 23781
1185 21446
1185 13007
1185 16033
1185 14289
1185 19738
1185 24288
1185 27569
1185 27365
1186 20444
1186 11872
1186 17749
1186 21046
1186 13692
1186 21064
1186 17615
1186 13080
1186 16636
1186 16155
1186 13289
1186 23920
1186 16771
1186 14061
1187 14127
1187 12662
1187 15889
1187 15204
1187 26750
1188 12000
1188 11925
1188 13121
1188 21876
1188 21491
1188 17928
1188 16962
1188 22462
1188 25553
1188 12535
1188 15302
1188 22610
1188 26449
1188 26998
1188 25351
1189 19466
1189 12435
1189 22303
1189 23922
1189 24150
1189 24356
1190 17375
1190 24316
1190 14465
1190 17003
1190 21479
1190 22319
1190 13858
1191 12741
1191 12661
1191 24580
1191 20327
1191 20714
1191 12572
1191 18533
1192 22280
1192 21027
1192 20822
1192 23443
1192 12636
1192 20229
1192 23222
1192 20123
1192 26768
1193 13837
1193 23132
1193 16838
1193 25182
1193 24527
1193 21579
1193 26751
1193 17794
1193 15201
1193 26704
1193 25572
1193 18804
1193 26476
1194 12106
1194 12605
1194 12606
1194 12722
1194 12497
1194 13411
1194 14714
1194 19845
1194 20359
1194 20094
1194 22023
1194 17668
1194 11905
1194 18382
1194 18754
1194 18376
1194 19615
1194 20361
1194 20396
1194 14311
1194 18883
1194 15624
1194 13421
1194 19218
1194 21394
1194 22798
1194 26662
1195 22412
1195 26644
1195 22348
1195 22350
1195 24022
1195 23264
1195 21866
1195 12056
1195 24341
1195 12207
1195 24051
1195 25986
1195 27440
1195 27198
1195 13661
1195 14517
1195 27837
1195 27660
1195 27416
1195 27941
1195 14438
1195 27809
1195 27876
1195 27998
1195 28060
1195 27208
1195 27937
1195 27925
1195 28083
1195 27491
1195 28023
1195 28082
1195 28094
1195 28031
1195 28085
1195 15861
1195 23354
1195 26494
1195 27550
1195 27565
1196 17377
1196 15723
1196 19208
1196 22767
1196 21593
1196 23845
1196 24507
1196 27770
1196 28091
1197 22572
1197 25164
1197 13653
1197 13793
1197 20247
1197 16770
1197 27713
1197 20010
1198 18099
1198 19390
1198 21806
1198 22505
1198 19176
1198 19325
1198 26362
1199 21896
1199 20192
1199 23585
1199 17621
1199 23370
1199 24492
1199 21797
1199 12693
1199 12905
1199 13546
1199 13985
1199 16537
1199 19388
1199 24699
1199 27879
1199 12822
1200 21194
1200 20401
1200 22830
1200 25422
1200 13842
1200 16395
1200 12083
1200 23748
1200 20330
1200 12979
1200 13167
1200 16775
1200 25043
1200 25319
1200 12026
1200 13061
1200 13088
1200 13427
1200 15959
1200 15961
1200 16578
1200 19790
1200 26051
1200 11878
1200 14067
1200 18354
1200 19069
1200 20278
1200 20392
1200 22341
1200 25058
1200 26188
1200 14882
1200 15848
1200 18118
1200 23666
1200 21913
1200 18419
1200 25168
1201 12830
1201 22947
1201 24532
1201 21596
1201 25118
1201 17175
1201 23503
1201 25492
1202 13911
1202 13658
1202 23853
1202 13086
1202 26454
1202 15139
1203 15078
1203 19962
1203 20675
1203 23808
1203 12198
1203 24638
1204 18753
1204 21395
1204 22576
1204 23218
1204 23558
1204 22937
1204 23751
1204 24586
1204 24658
1204 24808
1204 21813
1204 24909
1204 18275
1204 12472
1204 22742
1204 26347
1204 25076
1204 25943
1204 25712
1204 26644
1204 26643
1204 24606
1204 26879
1204 26334
1204 18707
1204 27528
1204 27542
1204 20792
1204 27285
1204 25837
1204 27715
1204 27860
1204 27894
1204 27616
1204 26757
1204 27594
1205 18961
1205 22348
1205 23264
1205 26395
1205 22297
1205 26931
1205 26778
1205 24884
1205 25485
1205 27201
1205 16168
1205 26901
1205 27286
1205 27560
1205 13011
1205 15302
1205 21599
1205 26824
1205 27513
1205 27204
1205 27855
1205 27876
1205 27895
1205 25043
1205 27948
1205 17184
1205 27906
1206 17318
1206 16343
1206 12178
1206 22090
1206 19954
1206 16645
1206 23906
1206 12141
1206 16801
1207 23199
1207 16735
1207 23309
1207 23915
1207 21518
1208 26424
1208 12208
1208 18263
1208 21866
1208 25110
1208 20842
1209 12090
1209 12304
1209 12693
1209 27362
1209 26808
1210 15349
1210 21497
1210 23721
1210 22588
1210 26727
1210 13064
1210 24060
1211 26052
1211 24662
1211 27202
1211 27204
1211 27902
1212 24596
1212 17775
1212 15766
1212 24462
1212 15236
1212 24849
1212 11957
1213 14088
1213 14216
1213 13358
1213 15589
1213 17299
1213 16058
1213 16740
1213 13176
1213 13772
1213 16931
1213 24435
1213 22116
1213 25557
1213 22298
1213 23025
1214 25441
1214 26341
1214 17479
1214 17091
1214 27283
1214 13763
1214 27835
1214 27764
1214 22139
1214 27175
1214 19978
1215 15393
1215 15048
1215 25609
1215 24659
1215 19312
1216 19733
1216 14587
1216 14803
1216 21740
1216 27484
1217 22109
1217 14049
1217 17681
1217 22815
1217 23682
1217 16920
1217 19560
1217 12389
1217 25648
1217 19078
1217 22826
1217 13074
1217 17615
1217 27094
1217 15446
1217 20336
1217 22627
1217 23259
1217 24361
1217 13693
1217 17413
1217 27042
1218 13437
1218 14206
1218 14888
1218 15533
1218 18616
1218 18702
1218 16395
1218 21713
1218 19341
1218 24682
1218 14062
1218 17143
1218 11934
1219 13306
1219 24643
1219 18379
1219 16601
1219 24080
1219 25751
1219 12661
1219 13326
1219 14596
1219 20645
1219 22610
1219 22999
1219 23288
1219 12141
1220 19770
1220 18267
1220 12211
1220 26287
1220 26153
1221 20213
1221 23747
1221 24537
1221 24184
1221 22820
1221 24538
1221 27732
1221 28041
1222 26960
1222 18647
1222 23269
1222 21544
1222 20769
1222 27689
1222 28093
1223 16820
1223 17552
1223 17550
1223 19002
1223 12944
1223 20090
1223 16581
1223 15058
1223 15060
1223 15062
1223 18964
1223 12687
1223 19395
1223 14589
1223 20878
1223 23508
1223 23509
1223 23720
1223 22801
1223 24986
1223 25610
1223 27198
1223 22504
1224 12301
1224 14660
1224 16121
1224 17117
1224 16640
1224 12524
1224 17989
1224 13111
1224 14973
1224 19065
1224 25644
1224 25735
1224 25285
1224 22627
1224 21046
1224 17490
1224 27971
1224 19072
1224 21141
1224 28092
1224 12389
1224 13677
1224 16157
1224 19978
1224 26891
1224 28090
1224 19702
1224 24836
1225 19995
1225 13165
1225 17668
1225 22151
1225 23450
1225 19703
1225 23085
1225 19092
1225 24893
1226 22559
1226 20375
1226 21071
1226 22608
1226 17995
1226 22860
1226 24471
1226 20065
1226 20648
1226 22406
1226 18600
1226 12211
1226 13630
1226 22683
1226 23339
1226 24262
1226 24080
1227 12278
1227 12741
1227 12745
1227 13704
1227 23075
1227 24666
1227 25048
1227 25021
1227 20346
1227 25076
1227 20880
1227 27199
1227 25490
1227 17175
1227 20790
1227 25844
1227 27204
1227 26778
1227 26049
1227 12722
1227 17002
1227 18853
1227 27127
1227 25157
1227 27406
1227 27906
1228 13105
1228 13738
1228 15465
1228 17121
1228 18889
1228 24679
1229 14438
1229 13998
1229 14887
1229 20530
1229 16504
1229 12452
1229 13897
1229 14641
1229 16629
1229 22337
1229 14878
1229 17891
1229 26597
1230 16456
1230 12905
1230 15286
1230 21768
1230 14327
1230 20853
1231 20444
1231 13459
1231 14571
1231 22824
1231 16611
1231 17766
1231 24449
1231 26045
1231 23540
1231 22079
1231 24359
1231 21815
1231 21303
1231 17900
1231 22847
1231 27197
1232 23906
1232 24435
1232 24507
1232 23248
1232 25654
1232 26128
1232 26400
1232 23613
1232 26155
1232 24662
1232 27004
1232 22297
1232 21591
1232 22394
1232 26937
1232 27551
1232 27833
1232 21009
1233 13430
1233 19877
1233 21953
1233 16439
1233 24580
1234 12580
1234 11905
1234 16611
1234 17348
1234 15052
1234 21469
1234 21954
1234 20863
1234 17896
1235 15951
1235 12348
1235 19030
1235 19390
1235 14000
1235 17093
1235 21690
1235 24388
1235 26493
1235 22394
1235 27176
1235 24267
1235 27351
1235 21009
1235 25837
1235 15317
1235 28075
1236 21840
1236 18988
1236 19621
1236 23825
1236 26638
1237 21338
1237 15793
1237 16093
1237 16373
1237 17114
1237 19059
1237 19661
1237 23780
1237 23781
1237 19515
1237 23346
1238 22785
1238 23796
1238 15785
1238 25943
1238 27525
1239 21835
1239 24099
1239 24543
1239 24585
1239 22673
1239 26106
1239 26348
1239 26303
1239 22494
1239 25111
1239 27367
1239 27463
1239 27495
1239 27637
1239 27400
1239 18857
1239 28022
1239 27970
1239 14889
1239 28068
1239 27477
1240 12145
1240 16268
1240 21052
1240 23152
1240 25447
1240 24356
1240 19393
1240 24530
1240 19370
1240 22641
1241 24435
1241 24808
1241 24944
1241 24494
1241 26164
1241 24436
1241 26632
1241 23812
1241 26643
1241 12850
1241 27199
1241 26820
1241 14517
1241 25405
1241 27630
1241 27204
1241 27285
1241 27416
1241 27717
1241 27991
1241 28029
1241 28037
1241 27660
1241 28083
1241 28091
1242 12430
1242 18816
1242 18089
1242 23042
1242 15961
1242 19185
1242 18734
1242 14313
1242 18291
1242 18719
1242 22826
1242 25121
1242 14811
1242 21187
1242 25426
1243 24435
1243 24956
1243 25520
1243 20608
1243 27737
1243 20792
1244 15882
1244 12615
1244 13972
1244 21549
1244 16915
1244 23614
1244 13676
1245 21667
1245 21912
1245 21709
1245 24451
1245 14121
1245 12504
1245 14736
1245 23983
1245 12229
1245 16397
1245 26490
1245 25654
1245 25952
1245 25365
1245 25144
1245 19553
1245 12163
1245 14732
1245 26894
1245 26897
1245 25942
1245 26912
1245 22038
1245 12572
1245 18707
1245 11875
1245 27685
1245 16481
1245 27074
1245 12493
1245 27938
1245 23318
1245 27717
1245 25438
1245 27978
1246 27079
1246 26960
1246 26924
1246 27715
1246 27664
1246 27948
1247 14878
1247 12367
1247 14880
1247 15730
1247 19430
1247 22790
1247 19590
1247 15976
1247 15470
1247 14000
1247 27547
1247 26540
1247 26811
1248 16258
1248 22966
1248 15153
1248 17605
1248 20366
1248 20732
1248 17977
1249 12540
1249 12954
1249 20087
1249 24713
1249 25156
1249 26644
1249 20450
1250 13766
1250 12143
1250 12145
1250 20318
1250 25981
1250 25626
1250 11873
1250 12655
1250 20006
1250 20332
1250 25132
1250 14172
1250 25683
1250 23908
1250 27503
1250 20600
1250 13049
1250 13051
1250 16147
1250 18734
1250 22605
1250 22983
1250 23788
1250 26740
1251 21322
1251 19108
1251 12884
1251 12974
1251 13003
1251 16032
1251 12662
1251 14648
1251 16298
1252 11898
1252 15750
1252 12777
1252 20197
1252 21591
1253 21395
1253 24589
1253 13878
1253 24183
1253 12518
1253 22412
1253 22350
1253 25779
1253 24480
1253 26622
1253 18579
1253 26005
1253 19512
1253 14024
1253 27015
1253 25734
1253 27705
1253 13262
1253 27203
1253 27808
1253 27840
1253 27876
1253 23885
1253 17184
1254 12509
1254 12570
1254 18684
1254 22992
1254 20626
1254 12141
1255 14967
1255 14438
1255 18501
1255 20533
1255 20078
1255 23581
1255 22783
1255 15605
1255 25048
1255 24820
1255 26131
1255 23580
1255 25337
1255 26047
1255 25111
1255 26535
1255 11923
1255 24176
1255 26734
1255 27010
1255 27012
1255 27229
1255 26451
1255 27282
1255 27184
1255 26960
1255 23353
1255 25748
1255 27555
1255 19738
1255 27281
1255 27376
1255 21917
1255 27732
1255 27513
1255 27673
1255 27674
1255 27762
1255 27539
1255 26919
1255 28036
1255 28041
1255 27122
1256 12798
1256 12667
1256 15307
1256 23561
1256 13921
1256 20563
1256 22385
1256 23906
1256 24589
1256 19307
1256 24666
1256 14608
1256 21322
1256 25270
1256 11902
1256 25654
1256 22297
1256 26912
1256 27528
1256 27525
1256 27833
1256 14796
1256 15373
1256 24825
1256 25803
1256 26079
1256 27902
1256 27969
1256 21069
1257 17152
1257 20505
1257 26330
1257 12229
1257 14186
1258 15739
1258 17502
1258 18185
1258 22815
1258 19710
1258 19839
1258 21669
1258 17727
1258 23546
1258 13076
1258 26294
1258 15938
1258 13718
1258 24869
1258 21629
1259 13878
1259 26234
1259 23590
1259 17511
1259 21478
1259 21479
1260 14640
1260 15656
1260 14249
1260 16184
1260 18347
1260 19772
1260 19541
1260 16014
1260 24125
1260 12642
1260 25076
1260 25619
1260 13793
1261 27306
1261 26252
1261 27383
1261 27644
1261 27554
1261 27107
1261 27685
1261 27675
1261 24032
1261 27789
1261 27905
1261 27935
1261 27619
1261 27751
1261 23318
1261 27864
1261 27756
1261 27831
1261 28009
1261 27714
1261 28029
1261 27937
1261 27924
1261 28060
1261 28007
1261 28025
1261 28055
1261 28083
1261 27565
1261 27594
1261 28061
1261 28003
1261 28065
1261 27741
1261 27846
1261 28078
1261 28077
1261 28034
1261 28033
1262 15578
1262 23770
1262 24808
1262 24103
1262 12975
1263 12766
1263 14104
1263 16481
1263 17762
1263 26458
1264 13904
1264 18781
1264 14850
1264 16455
1264 24371
1264 21865
1265 12153
1265 16538
1265 14521
1265 18276
1265 26634
1265 12974
1265 15221
1265 12130
1266 21828
1266 14327
1266 14695
1266 14811
1266 21623
1266 19802
1266 13824
1267 16546
1267 18512
1267 19845
1267 20203
1267 22443
1267 16419
1268 14010
1268 12471
1268 15463
1268 24420
1268 16277
1268 21397
1268 27232
1269 20108
1269 19271
1269 14327
1269 20327
1269 14232
1269 21953
1269 14878
1269 22638
1269 14990
1269 24764
1269 26304
1269 20656
1269 19722
1269 23772
1269 24345
1269 27704
1270 16237
1270 22822
1270 21660
1270 22220
1270 23924
1270 22189
1270 18578
1270 17784
1270 18558
1270 17960
1271 24808
1271 21000
1271 22134
1271 24934
1271 24944
1271 25144
1271 25961
1271 26172
1271 25976
1271 20330
1271 26344
1271 26810
1271 16841
1271 26180
1271 11923
1271 27004
1271 25146
1271 26821
1271 27229
1271 25068
1272 22334
1272 13334
1272 17080
1272 25699
1272 15752
1272 13166
1272 13870
1272 17353
1272 13447
1272 26455
1272 13122
1272 18981
1272 13440
1272 17971
1272 16529
1272 24668
1272 24669
1272 12698
1272 13318
1272 18376
1272 23931
1272 12635
1272 22705
1272 13167
1272 18708
1272 26765
1272 27640
1272 17784
1272 19988
1272 21175
1272 22533
1272 24672
1272 12922
1272 20202
1272 24670
1272 12637
1272 16203
1272 25000
1273 14878
1273 16190
1273 18467
1273 12932
1273 22680
1273 19605
1273 18348
1274 23264
1274 24910
1274 25294
1274 24388
1274 27229
1274 27090
1274 20601
1274 26960
1274 27434
1274 27401
1274 27495
1274 27837
1274 27202
1274 27941
1274 28022
1274 27964
1274 27406
1274 19377
1274 15861
1274 23332
1274 28068
1275 21668
1275 14138
1275 19615
1275 17651
1275 25713
1276 15507
1276 20444
1276 21576
1276 26759
1276 12207
1276 15451
1276 16586
1277 19315
1277 17692
1277 18941
1277 19101
1277 15310
1277 22930
1277 28038
1277 27761
1277 27868
1278 19249
1278 12803
1278 17342
1278 17039
1278 22139
1278 23405
1278 26676
1278 12545
1278 14223
1278 20289
1278 24205
1278 26717
1279 20632
1279 14745
1279 21995
1279 16515
1279 16028
1279 19415
1279 12143
1279 12662
1279 20129
1279 14969
1279 17309
1279 11873
1279 13512
1279 17035
1279 25572
1279 25879
1279 22826
1280 13353
1280 17358
1280 21438
1280 20609
1280 14783
1280 12687
1280 21786
1280 13826
1281 14335
1281 15341
1281 19723
1281 26119
1281 25106
1281 26921
1281 17656
1281 21224
1281 25701
1282 12741
1282 15214
1282 21338
1282 25396
1282 19271
1283 12508
1283 22536
1283 12031
1283 18629
1283 24956
1283 26106
1283 25871
1283 24450
1283 18909
1283 26643
1283 26808
1283 11923
1283 23787
1283 27045
1283 27560
1283 27200
1283 27495
1283 13247
1283 18725
1283 20792
1283 24026
1283 27351
1283 27802
1283 27915
1283 25959
1283 27899
1283 21069
1283 25112
1284 18805
1284 21972
1284 25406
1284 25058
1284 13262
1284 13675
1284 18525
1284 20723
1285 24902
1285 15665
1285 26729
1285 27493
1285 20001
1286 14543
1286 22974
1286 20909
1286 14104
1286 19274
1286 21175
1286 27721
1287 15766
1287 20431
1287 17197
1287 18396
1287 17091
1287 22025
1287 21538
1287 22139
1287 24850
1287 22521
1287 17289
1287 23295
1287 26205
1287 26070
1287 26681
1287 17529
1287 18585
1287 18801
1287 15156
1288 18855
1288 17627
1288 19752
1288 21509
1288 23466
1288 23276
1288 22571
1288 24643
1288 24871
1288 22550
1288 26913
1288 22297
1288 22412
1288 25503
1288 11923
1288 27228
1288 27302
1288 27280
1288 27833
1288 25653
1289 12130
1289 12505
1289 12336
1289 12348
1289 24103
1289 25337
1289 25861
1289 26401
1289 27200
1289 27764
1289 27203
1289 25837
1290 14062
1290 13985
1290 13630
1290 18549
1290 26446
1290 19057
1290 19317
1290 27095
1291 12217
1291 25259
1291 20578
1291 14990
1291 16365
1291 21585
1292 24516
1292 20471
1292 13240
1292 23459
1292 16613
1292 22427
1292 26047
1292 25585
1292 25964
1292 26691
1292 25712
1292 25803
1292 26260
1292 22298
1292 26875
1292 24176
1292 11923
1292 25076
1292 26930
1292 27415
1292 12533
1292 27112
1292 27586
1292 27281
1292 27705
1292 25844
1292 27283
1292 27836
1293 15141
1293 21695
1293 24013
1293 18482
1293 12533
1293 19850
1293 12160
1293 13129
1293 17001
1293 17401
1294 15221
1294 15003
1294 23030
1294 21407
1294 19687
1294 19775
1294 14880
1294 20669
1294 19508
1294 14584
1295 12389
1295 15028
1295 16523
1295 20197
1295 19875
1295 22784
1295 23906
1295 24385
1295 24185
1295 24161
1295 25565
1295 26055
1295 12570
1295 26229
1295 22568
1295 23812
1295 26645
1295 24662
1295 11923
1295 27249
1295 27198
1295 27200
1295 27565
1296 15502
1296 12384
1296 21108
1296 14042
1296 13989
1296 17335
1296 19374
1296 17423
1296 12597
1296 13738
1296 16303
1296 21286
1296 12466
1296 18177
1296 20072
1296 22048
1296 18026
1296 17462
1296 20167
1296 22290
1296 25124
1296 16595
1296 11902
1296 17300
1296 25112
1296 18550
1296 21274
1296 16880
1296 22842
1296 20872
1296 12141
1296 17269
1296 14223
1296 24510
1297 21953
1297 12226
1297 18943
1297 21039
1297 22507
1297 24541
1298 20853
1298 19823
1298 22519
1298 22520
1298 13773
1298 25208
1298 16302
1298 18157
1298 19072
1298 21193
1298 22570
1298 25803
1298 27880
1298 12763
1298 12767
1298 17206
1298 23025
1298 24241
1298 25287
1298 17358
1298 19644
1298 23748
1298 26278
1298 26318
1298 17905
1298 19882
1298 20736
1298 21239
1298 21954
1298 23297
1298 23875
1298 24619
1298 24919
1298 23148
1298 24452
1298 25991
1298 21936
1299 22985
1299 23812
1299 25270
1299 27638
1299 24527
1299 27969
1299 27920
1300 16191
1300 19065
1300 17752
1300 16586
1300 17705
1300 22742
1300 16881
1300 20060
1300 24048
1300 25977
1300 22694
1300 26571
1300 15998
1301 19629
1301 25515
1301 17120
1301 23413
1301 26400
1301 23296
1301 24152
1301 25365
1301 25069
1301 26894
1301 23812
1301 25233
1301 11923
1301 21283
1301 25416
1301 21236
1301 20061
1301 15697
1301 26996
1301 22394
1301 27367
1301 27188
1301 27605
1301 23986
1301 27469
1301 15753
1301 20849
1301 27444
1301 27762
1301 26574
1301 26991
1302 13565
1302 17317
1302 12693
1302 14186
1302 14880
1302 15775
1303 14196
1303 25048
1303 26002
1303 26029
1303 25076
1303 16824
1303 19322
1303 14418
1303 27970
1304 16065
1304 22139
1304 13038
1304 16529
1304 17306
1304 18297
1304 18834
1304 21017
1304 21163
1304 21164
1304 21441
1304 23667
1304 24118
1304 24894
1305 17418
1305 23047
1305 17064
1305 17647
1305 14223
1305 17711
1305 20361
1305 12389
1305 20574
1305 24877
1305 24953
1305 17995
1305 15039
1305 27154
1306 21487
1306 26705
1306 12891
1306 19683
1306 19290
1306 19711
1307 18917
1307 13673
1307 20937
1307 21386
1307 15818
1307 19951
1307 22634
1307 12139
1307 19560
1308 13848
1308 20737
1308 27081
1308 26119
1308 27045
1308 27367
1308 22394
1308 27208
1309 14895
1309 21327
1309 13007
1309 20410
1309 12202
1309 13653
1309 16403
1309 24043
1309 12891
1309 19832
1309 20808
1309 14914
1309 15347
1309 23941
1309 20025
1309 26223
1309 21336
1309 23112
1309 17046
1309 22858
1310 14140
1310 12864
1310 14972
1310 22385
1310 21549
1310 15785
1310 17898
1310 14819
1310 24772
1310 16829
1311 26242
1311 19615
1311 14694
1311 17430
1311 20387
1311 14659
1311 12145
1311 18576
1311 20608
1311 14121
1311 15391
1311 25459
1312 21259
1312 23823
1312 26232
1312 27059
1312 27221
1312 27376
1312 27526
1312 27361
1312 27491
1312 25957
1312 27369
1312 27834
1312 27416
1312 27518
1312 27565
1312 27791
1312 27938
1312 27729
1312 23318
1312 27717
1312 27991
1312 25837
1312 27139
1312 25109
1312 26459
1312 27660
1312 27894
1312 28060
1312 28083
1312 28039
1312 28018
1312 27875
1312 28076
1312 28055
1312 27868
1312 28003
1312 28040
1312 28074
1312 28065
1312 28082
1313 15186
1313 16080
1313 21828
1313 23046
1313 26891
1314 14471
1314 13810
1314 12225
1314 14683
1314 12818
1314 16789
1314 12090
1314 16149
1314 13849
1314 15785
1314 11859
1314 18007
1314 21954
1314 15402
1314 19818
1314 12679
1314 18215
1314 23278
1315 16619
1315 16579
1315 16831
1315 15302
1315 27033
1315 27924
1316 16615
1316 15831
1316 23065
1316 15468
1316 17185
1317 16295
1317 20431
1317 20432
1317 20990
1317 18812
1317 16097
1317 17650
1317 24473
1317 23905
1317 24541
1317 12891
1317 17085
1317 20727
1317 22244
1317 25054
1317 26069
1317 23294
1317 26317
1317 26335
1317 20104
1317 27081
1317 27555
1318 24550
1318 24640
1318 22135
1318 24651
1318 12160
1318 20647
1318 18544
1318 20181
1318 14196
1318 19979
1318 18967
1319 20831
1319 23906
1319 25672
1319 24934
1319 26818
1320 15369
1320 18950
1320 18949
1320 15534
1320 17612
1320 26435
1320 24546
1320 24765
1320 24571
1320 22840
1320 19579
1320 20465
1321 12228
1321 14954
1321 12478
1321 16361
1321 24606
1321 12229
1321 18830
1321 25837
1321 19146
1322 14947
1322 15785
1322 16077
1322 18348
1322 23346
1322 19587
1322 12127
1322 12188
1322 12402
1323 13132
1323 12349
1323 12505
1323 11910
1323 12728
1323 15657
1323 13089
1324 13734
1324 13764
1324 18797
1324 13330
1324 25611
1324 23051
1324 22801
1324 20337
1324 25517
1324 22221
1324 24978
1325 22659
1325 16927
1325 17672
1325 17695
1325 17891
1325 23776
1325 25429
1325 25472
1325 19319
1325 22809
1325 25600
1325 18031
1326 25337
1326 25768
1326 22348
1326 26760
1326 26996
1326 27202
1326 27406
1326 17184
1326 27956
1326 27899
1327 14894
1327 20881
1327 19848
1327 23088
1327 24730
1327 24153
1327 20916
1327 19173
1327 26234
1327 25257
1327 25448
1327 26103
1327 17366
1327 24244
1327 13351
1327 23786
1327 26282
1328 23773
1328 12974
1328 13271
1328 14145
1328 21880
1328 25588
1328 20247
1329 14121
1329 14870
1329 14515
1329 16815
1329 19197
1329 21022
1329 23231
1329 25388
1329 23167
1329 21751
1330 18738
1330 20008
1330 22700
1330 18721
1330 12662
1330 16232
1330 20565
1330 22554
1330 18033
1330 20687
1331 16641
1331 16774
1331 14378
1331 13211
1331 18258
1331 19532
1331 18271
1331 21667
1331 16756
1331 24630
1331 21953
1331 12663
1331 16507
1331 27265
1331 12066
1331 17039
1331 20273
1331 24539
1331 22462
1331 13271
1332 13541
1332 14108
1332 15793
1332 16112
1332 11864
1332 22047
1332 25934
1332 25392
1333 14332
1333 20658
1333 22786
1333 23906
1333 24764
1333 25110
1333 26164
1333 26345
1333 23264
1334 20282
1334 14985
1334 24017
1334 13801
1334 25009
1334 15756
1334 25758
1335 14829
1335 22959
1335 23459
1335 26810
1335 11923
1335 26606
1335 26903
1335 26996
1335 14517
1335 27551
1335 25844
1335 27732
1335 27911
1336 14146
1336 19479
1336 23125
1336 15347
1336 15373
1336 17684
1336 18663
1336 22991
1336 24932
1336 26540
1336 24920
1336 26943
1336 18167
1337 14250
1337 23928
1337 14059
1337 21244
1337 19997
1337 25046
1337 21565
1337 16922
1337 26889
1337 12430
1337 24482
1337 25561
1337 13188
1337 19235
1337 23460
1337 26435
1337 26988
1337 24355
1337 27516
1337 18252
1338 20689
1338 24894
1338 16649
1338 17400
1338 23250
1338 23686
1338 17550
1338 21141
1338 20658
1338 20085
1339 12374
1339 13114
1339 19082
1339 20066
1339 19874
1339 21119
1339 15340
1339 25688
1339 18297
1339 13812
1339 26419
1339 16490
1339 16508
1339 17711
1339 25481
1339 15227
1339 12763
1340 18223
1340 12750
1340 19560
1340 13856
1340 17095
1340 21289
1341 12416
1341 23475
1341 20032
1341 23459
1341 25526
1341 23642
1341 25471
1341 20601
1341 27332
1341 26529
1341 27281
1341 27401
1341 26937
1341 25405
1341 27513
1341 27764
1341 26813
1341 27819
1341 27722
1341 27397
1341 27506
1342 21342
1342 19011
1342 16371
1342 20445
1342 24292
1342 14902
1342 24978
1343 14318
1343 19788
1343 14030
1343 15550
1343 16611
1343 18365
1343 23695
1343 14296
1343 18339
1343 23122
1344 13813
1344 14468
1344 13081
1344 19661
1344 12790
1344 12900
1344 12974
1344 16670
1344 20345
1344 20558
1344 27075
1345 12012
1345 12720
1345 16054
1345 19819
1345 16697
1345 19415
1345 19987
1345 24209
1346 14037
1346 13124
1346 14787
1346 15766
1346 11967
1346 19224
1346 15221
1346 22387
1346 18065
1346 22691
1346 12043
1346 23559
1346 14223
1346 22450
1346 16908
1346 21676
1346 14024
1346 16742
1346 25526
1346 21894
1346 18743
1346 25943
1346 26317
1346 12062
1346 27495
1346 27840
1346 16443
1347 16949
1347 14430
1347 21321
1347 19280
1347 22067
1348 16277
1348 21504
1348 22918
1348 12185
1348 27004
1348 15802
1348 22770
1348 23530
1348 24879
1348 26240
1348 27849
1349 24693
1349 21544
1349 20114
1349 13776
1349 25595
1350 15131
1350 18426
1350 19979
1350 12977
1350 21000
1350 13458
1350 25601
1350 22000
1350 24643
1350 19243
1350 26313
1350 11899
1350 18268
1350 20772
1350 27015
1351 15497
1351 15655
1351 16363
1351 18913
1351 19278
1351 20444
1351 18138
1351 11973
1351 13493
1351 16140
1351 18006
1351 18562
1351 18780
1351 21421
1351 23577
1351 25185
1351 25199
1351 26759
1351 26953
1351 27574
1351 27822
1352 12880
1352 21529
1352 16815
1352 13807
1352 21444
1352 16344
1352 16345
1352 27069
1353 16579
1353 23636
1353 13112
1353 21783
1353 23023
1354 17722
1354 14026
1354 18770
1354 15759
1354 15213
1354 18713
1354 16353
1355 24891
1355 26303
1355 22494
1355 24379
1355 21108
1355 24110
1355 17668
1355 18668
1355 26906
1355 12518
1355 13737
1355 27010
1355 27012
1355 14351
1355 27088
1355 12801
1355 27573
1355 15403
1355 15848
1355 27527
1355 26798
1355 27731
1355 27674
1355 27673
1355 27672
1355 27857
1355 26600
1355 27708
1355 15134
1355 27141
1355 27895
1355 24501
1355 27459
1355 27955
1356 20004
1356 15346
1356 17637
1356 21029
1356 14885
1356 20361
1356 23296
1356 17790
1356 20902
1356 13293
1356 18345
1356 19495
1356 22221
1356 20696
1356 20992
1356 13199
1356 20763
1356 15554
1356 24478
1356 27352
1357 18558
1357 23980
1357 21478
1357 13642
1357 27521
1357 26201
1357 25458
1358 14928
1358 15178
1358 12590
1358 18201
1358 15507
1359 14208
1359 12141
1359 18734
1359 20864
1359 21748
1359 25076
1360 13533
1360 14042
1360 12764
1360 23579
1360 24287
1360 24086
1360 27560
1361 22022
1361 13994
1361 20645
1361 12758
1361 23389
1361 15087
1361 25365
1361 20256
1362 21441
1362 22687
1362 23518
1362 21044
1362 26955
1362 15721
1362 22133
1362 24644
1362 22924
1362 27943
1363 16781
1363 16829
1363 16617
1363 17444
1363 18522
1363 17306
1363 26098
1364 14601
1364 13249
1364 14645
1364 17075
1364 17487
1364 20557
1364 19670
1364 17045
1364 16606
1364 17770
1364 27418
1364 12201
1364 18058
1364 22432
1365 22115
1365 22869
1365 24877
1365 21320
1365 13387
1365 15383
1365 24103
1365 22504
1365 11896
1365 23419
1365 24576
1366 18519
1366 17469
1366 17762
1366 18128
1366 18694
1366 14593
1366 20305
1366 23618
1366 23815
1366 11889
1366 22071
1366 24608
1366 24425
1366 25345
1366 26106
1366 22739
1366 20880
1366 25144
1366 25908
1366 26646
1366 14671
1366 27528
1366 20834
1366 14517
1366 27495
1366 27400
1366 27614
1366 25837
1366 27990
1366 27955
1367 25568
1367 27834
1367 27837
1367 27993
1367 26308
1368 16389
1368 18647
1368 18192
1368 20375
1368 12493
1368 12368
1368 26497
1369 25513
1369 16065
1369 19289
1369 12030
1369 19508
1369 24926
1370 24587
1370 24131
1370 25601
1370 25048
1370 24643
1370 25076
1370 22310
1370 25942
1370 25111
1370 22394
1370 27834
1370 27972
1370 28046
1370 27910
1371 12047
1371 12246
1371 19618
1371 13142
1371 18410
1372 14084
1372 12488
1372 15766
1372 14103
1372 18204
1372 17762
1372 17469
1372 22767
1372 22783
1372 25528
1372 25294
1372 25557
1372 27201
1372 27281
1373 22915
1373 16345
1373 11905
1373 17335
1373 21693
1374 15668
1374 20005
1374 16631
1374 19597
1374 14543
1374 19969
1374 19337
1374 13679
1374 11916
1374 17589
1374 15609
1374 19595
1374 15695
1375 15003
1375 16317
1375 17880
1375 24894
1375 19919
1375 23756
1375 24667
1375 25132
1375 26764
1375 23601
1376 19539
1376 15360
1376 14022
1376 14427
1376 13561
1376 17234
1376 23752
1376 14964
1376 23053
1376 11864
1376 13635
1376 26250
1377 12084
1377 12218
1377 12789
1377 19270
1377 17223
1377 21928
1377 15766
1377 15347
1377 21477
1377 15298
1377 13791
1377 24293
1377 17240
1377 22397
1377 16217
1377 21909
1377 18307
1378 12988
1378 13645
1378 25130
1378 12439
1378 14969
1378 19359
1379 24666
1379 25035
1379 24934
1379 25337
1379 26645
1379 26760
1379 22350
1379 23264
1379 14517
1380 19051
1380 25481
1380 20972
1380 26570
1380 22720
1380 26215
1380 13878
1381 18943
1381 14214
1381 15794
1381 23191
1381 23686
1381 24608
1381 23893
1381 23206
1381 26029
1381 26251
1381 26490
1381 26095
1381 26530
1381 26760
1381 25483
1381 27983
1381 27378
1382 14293
1382 18625
1382 19009
1382 20831
1382 21176
1382 22061
1382 21000
1382 24274
1382 24510
1382 23515
1382 27065
1382 27186
1382 27358
1382 28013
1382 27899
1382 28005
1383 14252
1383 21969
1383 15190
1383 12099
1383 13717
1383 18990
1383 19140
1383 18638
1383 19108
1383 14095
1383 12056
1383 13985
1383 15996
1383 23393
1383 23192
1383 12240
1383 17880
1383 20566
1383 21482
1383 15271
1383 17202
1383 20100
1383 19396
1383 16625
1384 14010
1384 13491
1384 15971
1384 23246
1384 21479
1384 19496
1384 21456
1384 22858
1385 13351
1385 15256
1385 12231
1385 13115
1385 23906
1385 23983
1385 17594
1385 24606
1385 24796
1385 14178
1385 24956
1385 26172
1385 26400
1385 18909
1385 26671
1385 27064
1385 27691
1385 25837
1385 27722
1385 27991
1385 27704
1385 27677
1386 12756
1386 13965
1386 16274
1386 19415
1386 22783
1386 21000
1386 12597
1386 17137
1386 23394
1386 25266
1386 26643
1386 14549
1386 16522
1386 22975
1386 27722
1386 28091
1386 28045
1387 15499
1387 16155
1387 22284
1387 23377
1387 27466
1387 15976
1387 27962
1387 27689
1388 25120
1388 20318
1388 13474
1388 19847
1388 20222
1388 12016
1389 12124
1389 12518
1389 16830
1389 21154
1389 20525
1390 24764
1390 24808
1390 24436
1390 25076
1390 24884
1390 26646
1390 26913
1390 26941
1390 24662
1390 27081
1390 26076
1390 26795
1390 26995
1390 20790
1390 26162
1390 27833
1390 27964
1390 27175
1391 23683
1391 24666
1391 26260
1391 25844
1391 27731
1392 22224
1392 25565
1392 23478
1392 13862
1392 13918
1392 14327
1392 14538
1392 16344
1392 25365
1392 24754
1392 25575
1392 14465
1392 12200
1392 19600
1392 24813
1392 22297
1392 23128
1392 26317
1392 24494
1392 19284
1392 15437
1392 27028
1392 27304
1392 13400
1392 21729
1392 22374
1392 27182
1392 26796
1392 26797
1392 27200
1392 26891
1392 23959
1392 27047
1392 22131
1392 13790
1392 22163
1392 27934
1392 15533
1392 28039
1392 27951
1393 20259
1393 18989
1393 19744
1393 19907
1393 21693
1393 20123
1393 13744
1393 12151
1393 16460
1393 25392
1393 20796
1393 25356
1394 21175
1394 23084
1394 20771
1394 15098
1394 18278
1394 21904
1394 23278
1394 21214
1395 20678
1395 21699
1395 24990
1395 21122
1395 23122
1395 23469
1395 24042
1396 21386
1396 17698
1396 13008
1396 16034
1396 19443
1396 22553
1396 26751
1397 16280
1397 13336
1397 16468
1397 19028
1397 12243
1397 13389
1397 12891
1397 22830
1397 21959
1397 22275
1397 25297
1397 13723
1397 15487
1397 23926
1397 12287
1397 13066
1397 26780
1398 20013
1398 14882
1398 22515
1398 18320
1398 20662
1398 22050
1398 23681
1398 23970
1398 24814
1398 22908
1398 25289
1398 25270
1398 22823
1398 14327
1398 12239
1398 25912
1398 25501
1398 26168
1398 26342
1398 18031
1398 18032
1398 23199
1398 24990
1398 24952
1398 18360
1398 25471
1398 26941
1398 17005
1398 25485
1398 26896
1398 26897
1398 26878
1398 27012
1398 27170
1398 14223
1398 23780
1398 27361
1398 27899
1398 27689
1399 23681
1399 24543
1399 23459
1399 26345
1399 26172
1399 26874
1399 25111
1399 25487
1399 26914
1399 27201
1399 27572
1399 26820
1399 27575
1399 27791
1399 28021
1399 28036
1399 28004
1400 19445
1400 23097
1400 16395
1400 16962
1400 17622
1400 20864
1401 20144
1401 13439
1401 11840
1401 18177
1401 20532
1401 22128
1401 19719
1401 20436
1402 16982
1402 16668
1402 19670
1402 22670
1402 25656
1403 11905
1403 12085
1403 14377
1403 20301
1403 23798
1403 22545
1403 12160
1404 16700
1404 13146
1404 18509
1404 25064
1404 25156
1404 12180
1404 19631
1404 19846
1404 26002
1405 14050
1405 11972
1405 12978
1405 14888
1405 17003
1405 22463
1405 23981
1405 24528
1406 12366
1406 12336
1406 14443
1406 14880
1406 22278
1407 12439
1407 17451
1407 12141
1407 24744
1407 23736
1407 24758
1407 17714
1407 19560
1408 18401
1408 26877
1408 25339
1408 23670
1408 24459
1408 25360
1408 19389
1408 24954
1408 15580
1408 14106
1409 17870
1409 18610
1409 21148
1409 21803
1409 24275
1409 24990
1409 17880
1409 24628
1410 12504
1410 21000
1410 17528
1410 26172
1410 26344
1410 26002
1410 27012
1410 27201
1410 27415
1410 27544
1410 14506
1410 27861
1410 26757
1410 26919
1410 27671
1411 16168
1411 24962
1411 15558
1411 23472
1411 24923
1412 14707
1412 17869
1412 17469
1412 13902
1412 20767
1412 22691
1412 24666
1412 24670
1412 23983
1412 26055
1412 25528
1412 24581
1412 20536
1412 23396
1412 12537
1412 27614
1413 12707
1413 13319
1413 14899
1413 15804
1413 16093
1413 18475
1413 20516
1413 21825
1413 12642
1413 15724
1414 12634
1414 14830
1414 12551
1414 18910
1414 25602
1414 23355
1414 19186
1414 24841
1414 24990
1414 27340
1414 27575
1414 27594
1415 13131
1415 19415
1415 21160
1415 23326
1415 26557
1415 21514
1415 25369
1415 15270
1415 20386
1415 24678
1415 24554
1415 25206
1416 16172
1416 21883
1416 20535
1416 20298
1416 23798
1416 13799
1416 23888
1417 12634
1417 12844
1417 14720
1417 12101
1417 13245
1417 14153
1417 17094
1417 16612
1417 12335
1417 17004
1417 16794
1417 19249
1417 12672
1417 21090
1417 20835
1417 17404
1417 21304
1417 12662
1417 19468
1417 25134
1417 14184
1417 17389
1418 15096
1418 26872
1418 26531
1418 16442
1418 23389
1418 25440
1419 13546
1419 13165
1419 18233
1419 12202
1419 17770
1419 16748
1419 13756
1419 23780
1419 22910
1419 23643
1419 23781
1419 22454
1419 12141
1419 23290
1419 21806
1419 24434
1419 25372
1420 18564
1420 13787
1420 14022
1420 17704
1420 15634
1420 26590
1420 19095
1421 17564
1421 19005
1421 22478
1421 24644
1421 26129
1421 27227
1421 24807
1422 13801
1422 20620
1422 13158
1422 26528
1422 13203
1422 19401
1422 23577
1422 21631
1422 18640
1422 23035
1422 13268
1422 15123
1422 17644
1422 20992
1422 21275
1422 11867
1422 15624
1422 17885
1423 19073
1423 23117
1423 15493
1423 25880
1423 26348
1423 27010
1423 27902
1423 27881
1423 27013
1424 14440
1424 23443
1424 24453
1424 15558
1424 25944
1424 17256
1424 27918
1424 24445
1425 17788
1425 12575
1425 15195
1425 17113
1425 13011
1425 17629
1425 23475
1425 23191
1425 23515
1425 24195
1425 25941
1425 23812
1425 26430
1425 26604
1425 26919
1426 14353
1426 17078
1426 13746
1426 15562
1426 19362
1426 21187
1426 21349
1426 22583
1426 13820
1426 15937
1426 23966
1426 17127
1426 19139
1426 27869
1426 24060
1427 15721
1427 15766
1427 16980
1427 13365
1427 16088
1428 22616
1428 25081
1428 13138
1428 15465
1428 22987
1429 18714
1429 17959
1429 17647
1429 17888
1429 21569
1429 24243
1429 25996
1429 21019
1429 15477
1429 13532
1429 17329
1429 15785
1429 26634
1429 19339
1429 11954
1429 25043
1429 14219
1429 27894
1429 25639
1429 23646
1430 12505
1430 13011
1430 15232
1430 13296
1430 28039
1431 12139
1431 17618
1431 17900
1431 22038
1431 23528
1432 16778
1432 14843
1432 21600
1432 21395
1432 16764
1432 19026
1432 23906
1432 24169
1432 23363
1432 23237
1432 20429
1432 11988
1432 15302
1432 25680
1432 25976
1432 26310
1432 26629
1432 16735
1432 11923
1432 27491
1432 27707
1432 27864
1432 14147
1432 14092
1432 27592
1432 27990
1432 27406
1432 27976
1432 28083
1432 27517
1432 27797
1432 27646
1433 16582
1433 14290
1433 21518
1433 21299
1433 12933
1433 19690
1433 14951
1433 19149
1433 23068
1433 16672
1433 17071
1433 18665
1433 12020
1433 20535
1433 16687
1433 19351
1433 24316
1433 19814
1433 25983
1433 16632
1433 25519
1433 24797
1434 15335
1434 17589
1434 22827
1434 15801
1434 26716
1435 15754
1435 22939
1435 25441
1435 25270
1435 26055
1435 25976
1435 26170
1435 25942
1435 23264
1435 11923
1435 26412
1435 27500
1435 27182
1435 27885
1435 28013
1435 28045
1436 21377
1436 23666
1436 12582
1436 25601
1436 23890
1436 26069
1436 24643
1436 25846
1436 23642
1436 26778
1436 27059
1436 25267
1436 18616
1436 27203
1436 27978
1436 27981
1436 27127
1436 27406
1436 27929
1437 14423
1437 14853
1437 27281
1437 27609
1437 27543
1437 27978
1437 26518
1437 27762
1437 27901
1437 27664
1437 27956
1437 28075
1438 17205
1438 15549
1438 24266
1438 24852
1438 19902
1438 14549
1438 26796
1438 27171
1439 11953
1439 18607
1439 11905
1439 22397
1439 19022
1439 24657
1440 19159
1440 12270
1440 24439
1440 26445
1440 25147
1440 27901
1441 21495
1441 14865
1441 14866
1441 25352
1441 26206
1441 23368
1441 25003
1442 14454
1442 23683
1442 24507
1442 24666
1442 24606
1442 26186
1442 23642
1442 26895
1442 27555
1442 27255
1443 15044
1443 21305
1443 18897
1443 20375
1443 13736
1443 21635
1443 19353
1443 19461
1443 24452
1444 12348
1444 16270
1444 17293
1444 15971
1444 15303
1444 17719
1444 18744
1444 14802
1444 13658
1444 14280
1444 15793
1444 23356
1444 15775
1444 14178
1444 21768
1444 24406
1444 26596
1445 16877
1445 12662
1445 21395
1445 21547
1445 21668
1445 23680
1445 23747
1445 22786
1445 21057
1445 19979
1445 24666
1445 24722
1445 24606
1445 24577
1445 25521
1445 22492
1445 26874
1445 11923
1445 26005
1445 27833
1445 23437
1445 24923
1445 27876
1445 28022
1445 21181
1445 27615
1445 27978
1445 28092
1446 18384
1446 23362
1446 24956
1446 24448
1446 26313
1446 26644
1446 24841
1446 27981
1447 25069
1447 27221
1447 21259
1447 27583
1447 27935
1447 27518
1447 27991
1447 27416
1447 28029
1447 27976
1447 28074
1447 28061
1447 27565
1447 27660
1447 27941
1447 27868
1447 28018
1447 28040
1448 22071
1448 26002
1448 18277
1448 21252
1448 27416
1448 27660
1449 23694
1449 21894
1449 26224
1449 25557
1449 27638
1449 27776
1450 17723
1450 14847
1450 19539
1450 21665
1450 22697
1450 19696
1450 25285
1450 26760
1451 12560
1451 11885
1451 12493
1451 12563
1451 12785
1451 13866
1451 21953
1451 23989
1451 25570
1451 21882
1451 26164
1451 26170
1451 25941
1451 27361
1451 27204
1451 27715
1451 27945
1451 28037
1451 28084
1452 12529
1452 13713
1452 13565
1452 19469
1452 21996
1452 24178
1452 24188
1452 24124
1452 24266
1452 23845
1452 25520
1452 16533
1452 26396
1452 26644
1452 26645
1452 26874
1452 27201
1452 26250
1452 27495
1452 26652
1452 27689
1452 28091
1453 14919
1453 18194
1453 22150
1453 24195
1453 24589
1453 24425
1453 25287
1453 25101
1453 25179
1453 23642
1453 22298
1453 21380
1453 11923
1453 27609
1453 25147
1454 21341
1454 24252
1454 25288
1454 25445
1454 15559
1454 20822
1454 23953
1455 20305
1455 12917
1455 24439
1455 23459
1455 25076
1455 27280
1455 27286
1455 27560
1455 28093
1456 19615
1456 21918
1456 22128
1456 23017
1456 16028
1456 27024
1456 19719
1456 25420
1456 13319
1456 13228
1456 21669
1456 24471
1456 26234
1456 25452
1456 27326
1457 17077
1457 26057
1457 26058
1457 15326
1457 23622
1458 26394
1458 26530
1458 25943
1458 24884
1458 26606
1458 11923
1458 25146
1458 27808
1458 15052
1458 27358
1458 27859
1458 27860
1458 23885
1458 27594
1458 28091
1459 17461
1459 23680
1459 14578
1459 11921
1459 24666
1459 26047
1459 19028
1459 25266
1459 22675
1459 26172
1459 27065
1459 27229
1459 27121
1459 27582
1459 27674
1459 27633
1459 27983
1459 27994
1459 27783
1459 27911
1460 15187
1460 12662
1460 16770
1460 18544
1460 19424
1460 20366
1460 16424
1460 25408
1460 12803
1460 18708
1460 18728
1460 18735
1460 21971
1460 11901
1460 13087
1460 18242
1460 19069
1460 13527
1460 18828
1460 20639
1460 23533
1460 17137
1460 19847
1460 20042
1460 15091
1460 16536
1460 19615
1460 11919
1460 17461
1460 17681
1460 21338
1460 21989
1460 24596
1460 14138
1460 18647
1460 18852
1460 12823
1460 15593
1460 22944
1461 14585
1461 16881
1461 23296
1461 23546
1461 24356
1461 25612
1461 27004
1461 20169
1461 21511
1461 14465
1461 19475
1461 13463
1461 19965
1462 17375
1462 26056
1462 18277
1462 26810
1462 25294
1462 11867
1462 22537
1462 14440
1462 27054
1462 27891
1462 27982
1462 27859
1462 27956
1462 28093
1463 12200
1463 12201
1463 12672
1463 13166
1463 15039
1463 16424
1463 18153
1463 18360
1463 22487
1463 23198
1463 25419
1463 13491
1463 18070
1463 26606
1463 11894
1463 14660
1463 15891
1463 23547
1463 25620
1463 17960
1463 18068
1463 21679
1463 27626
1464 18546
1464 17039
1464 21389
1464 26913
1464 12229
1464 17962
1464 18738
1464 26953
1465 15672
1465 12905
1465 12189
1465 11993
1465 22272
1465 12915
1465 15513
1465 22688
1465 12233
1465 16243
1465 19833
1465 17188
1465 11895
1465 16955
1465 14359
1465 13077
1465 12060
1465 14452
1465 14736
1465 20731
1465 18079
1465 19663
1465 12777
1465 26598
1465 17952
1465 16487
1465 19989
1465 13476
1465 26407
1465 13635
1465 23030
1465 19415
1465 19370
1465 19063
1465 19629
1466 12715
1466 17124
1466 17804
1466 18261
1466 14521
1466 26197
1467 12138
1467 15018
1467 15719
1467 12540
1467 15091
1467 16954
1467 18246
1467 18642
1467 23683
1467 22803
1467 24643
1467 19076
1467 25568
1467 26056
1467 26077
1467 14826
1467 25844
1467 27285
1468 18045
1468 23183
1468 16082
1468 17354
1468 15298
1468 19587
1468 17777
1468 18336
1468 21219
1468 15357
1468 21898
1468 14024
1468 16325
1469 12234
1469 14632
1469 14565
1469 13018
1469 14421
1469 14184
1469 17482
1469 15603
1469 20935
1469 24152
1469 25558
1469 24662
1469 27737
1470 15721
1470 17948
1470 24004
1470 24214
1470 25331
1470 11866
1470 13474
1470 26885
1470 27212
1470 27729
1470 27791
1471 19390
1471 15499
1471 15037
1471 17364
1471 26888
1471 23788
1472 14385
1472 13700
1472 19135
1472 23670
1472 25665
1472 26639
1473 14223
1473 16455
1473 21544
1473 23017
1473 23570
1473 24656
1473 26390
1473 23789
1473 26732
1474 21221
1474 21483
1474 16514
1474 17699
1474 19409
1474 21668
1474 15574
1474 26461
1475 24676
1475 16303
1475 16439
1475 19512
1475 21436
1475 21529
1475 15464
1475 20172
1476 12476
1476 16763
1476 13580
1476 14929
1476 18918
1476 18916
1476 15738
1476 18406
1476 13306
1476 12864
1476 17710
1476 21053
1476 11970
1476 22694
1476 20281
1476 24690
1476 26744
1476 12318
1476 20314
1476 24183
1476 26006
1476 16662
1476 17932
1476 24517
1476 25201
1477 15286
1477 18797
1477 21995
1477 22783
1477 19707
1477 20849
1477 24379
1477 24882
1477 15554
1477 20174
1477 23649
1477 11957
1477 13187
1477 16022
1477 16413
1477 16709
1477 17375
1477 18186
1477 21601
1477 23046
1477 21333
1477 19470
1477 14433
1477 25275
1477 27598
1478 12667
1478 12974
1478 15740
1478 21730
1478 22045
1478 23301
1478 25939
1478 26773
1479 23183
1479 24589
1479 23906
1479 23363
1479 25743
1479 25144
1479 27004
1479 27240
1479 27283
1480 24372
1480 23219
1480 23906
1480 25568
1480 13811
1480 25076
1480 15161
1480 25558
1480 25485
1480 27401
1480 27376
1480 27582
1480 27737
1480 27614
1480 27722
1481 12475
1481 12493
1481 22767
1481 12188
1481 14327
1481 18830
1481 19257
1481 22536
1482 12475
1482 14259
1482 23356
1482 20949
1482 13378
1482 27339
1482 19608
1483 12509
1483 25801
1483 26714
1483 12484
1483 25783
1483 26316
1484 15488
1484 15191
1484 12349
1484 16954
1484 13082
1484 23986
1484 16622
1484 17300
1484 24118
1484 24850
1485 19347
1485 14985
1485 13745
1485 24754
1485 26632
1485 26966
1486 18204
1486 23008
1486 20923
1486 15469
1486 19205
1487 15765
1487 18112
1487 21482
1487 24017
1487 26064
1487 19963
1487 23224
1488 21813
1488 24540
1488 24643
1488 26167
1488 26277
1488 26310
1488 22568
1488 19786
1488 11923
1488 26937
1488 27145
1488 27552
1488 26919
1488 28021
1488 28015
1489 23906
1489 21676
1489 24666
1489 24939
1489 25652
1489 25337
1489 22350
1489 22348
1489 25111
1490 12793
1490 12318
1490 12542
1490 12319
1490 12530
1490 15046
1490 15308
1490 12029
1490 14839
1490 12031
1490 13352
1490 14858
1490 19446
1490 14757
1490 12366
1490 21241
1490 17043
1490 23191
1490 22826
1490 24124
1490 26184
1491 24471
1491 22090
1491 21953
1491 15869
1491 13180
1491 12905
1491 22667
1491 27866
1491 22081
1491 14625
1492 15684
1492 12367
1492 19920
1492 17283
1492 24276
1493 13581
1493 22697
1493 26474
1493 23609
1493 21338
1493 24602
1493 19166
1494 24726
1494 13023
1494 16386
1494 22114
1494 13421
1494 12900
1494 18127
1495 20222
1495 17479
1495 20314
1495 20464
1495 23974
1495 16452
1495 26969
1495 27221
1495 11973
1495 27411
1495 25486
1495 27416
1495 16699
1495 27941
1495 27746
1495 27991
1495 27139
1495 26358
1495 28029
1495 27224
1495 27660
1495 27646
1495 17224
1495 27951
1495 27628
1495 28083
1495 28072
1495 28033
1495 28034
1496 25515
1496 25655
1496 25076
1496 27090
1496 27182
1496 25844
1496 26813
1496 27844
1496 27677
1496 28091
1497 19170
1497 14066
1497 20094
1497 23994
1497 25648
1497 13357
1497 14232
1497 24046
1497 26364
1497 26481
1497 22605
1498 11846
1498 15091
1498 24153
1498 18808
1498 13565
1498 22974
1498 22804
1498 11903
1499 21665
1499 18736
1499 11908
1499 22785
1499 21678
1499 24278
1499 24670
1499 18240
1499 15221
1499 24669
1499 17894
1499 16733
1499 25048
1499 25266
1499 25675
1499 26894
1499 26897
1499 25487
1499 11923
1499 26180
1499 27010
1499 24201
1499 22767
1499 25987
1499 24032
1499 27499
1499 27500
1499 27283
1499 26783
1499 13131
1499 13342
1499 13882
1499 16455
1499 15250
1499 27949
1499 16155
1499 27813
1500 19390
1500 18136
1500 21019
1500 12779
1500 26427
1500 14560
1500 13317
1501 16938
1501 16117
1501 16674
1501 20201
1501 13654
1501 19696
1501 25505
1501 17360
1501 27034
1501 23348
1501 20739
1501 14947
1501 19413
1501 23344
1501 12908
1501 20461
1501 21598
1501 17281
1501 17869
1502 24435
1502 25505
1502 26317
1502 27210
1502 27931
1502 27715
1503 14223
1503 16028
1503 17393
1503 23413
1503 25849
1503 20648
1504 14787
1504 20328
1504 15090
1504 18978
1504 22087
1504 24106
1504 12085
1504 18267
1504 18276
1504 18490
1504 24080
1504 24471
1504 12936
1504 20645
1504 19618
1504 23528
1504 20002
1504 24978
1504 19590
1505 20010
1505 14393
1505 16566
1505 19975
1505 26440
1505 12128
1505 21544
1505 17443
1505 25365
1505 15514
1505 24444
1505 21955
1505 27069
1505 12802
1505 21363
1505 25871
1505 17885
1505 20757
1505 24978
1505 27159
1505 18299
1505 18348
1505 15334
1506 18501
1506 17974
1506 19028
1506 16093
1506 18812
1506 22084
1506 20506
1506 24448
1506 26106
1506 26341
1506 27441
1506 27609
1506 24026
1506 15700
1506 27707
1506 12850
1507 25568
1507 24956
1507 26347
1507 26344
1507 22504
1507 27415
1507 27225
1507 27456
1507 22394
1507 27525
1507 27724
1507 22852
1507 27764
1507 21009
1507 23256
1508 13168
1508 13922
1508 19354
1508 22606
1508 23978
1508 24422
1508 21483
1508 12024
1508 28087
1508 19271
1508 23469
1508 25519
1508 19879
1508 25382
1508 13502
1508 17682
1508 17835
1508 27038
1509 12142
1509 12159
1509 12369
1509 12839
1509 14809
1509 11998
1509 18590
1509 23515
1509 21318
1509 25499
1509 26760
1510 12335
1510 12693
1510 12762
1510 14339
1510 13699
1510 12887
1510 13307
1510 14653
1510 12366
1510 12662
1510 17870
1510 20961
1511 18194
1511 19754
1511 12350
1511 23751
1511 23459
1511 25492
1512 17004
1512 24640
1512 25742
1512 18434
1512 18714
1513 17313
1513 18577
1513 24715
1513 18480
1513 27782
1514 16298
1514 13253
1514 23413
1514 26752
1514 17794
1515 19913
1515 26760
1515 26881
1515 18092
1515 27206
1515 23205
1515 26731
1516 23361
1516 25989
1516 27819
1516 27909
1516 27971
1517 19484
1517 24568
1517 25810
1517 26247
1517 25933
1517 22992
1518 23044
1518 24214
1518 14223
1518 16036
1518 17754
1518 25822
1518 17080
1518 23072
1519 15393
1519 14911
1519 20314
1519 24506
1519 11882
1519 12801
1519 25011
1519 13863
1519 21423
1519 22038
1519 20001
1519 25365
1520 18625
1520 20307
1520 22688
1520 26500
1520 24884
1520 12540
1520 14596
1520 20511
1520 23945
1520 27855
1521 25595
1521 16217
1521 19065
1521 15079
1521 18038
1521 16351
1521 23225
1521 22701
1521 25392
1522 13661
1522 16719
1522 12234
1522 24347
1522 12397
1522 20793
1522 27518
1522 16756
1522 24846
1522 27550
1522 27416
1522 15483
1522 27864
1522 27839
1522 27646
1522 13220
1522 25996
1522 22274
1522 27884
1522 16619
1522 11915
1522 24770
1522 27991
1522 23940
1522 27753
1522 25337
1522 28018
1522 12693
1522 27814
1523 19236
1523 22134
1523 21514
1523 24159
1523 26874
1523 26395
1523 26795
1523 25405
1523 26555
1524 16208
1524 11859
1524 25751
1524 26912
1524 12851
1524 18771
1524 21957
1524 15858
1524 19249
1525 20953
1525 11920
1525 17559
1525 12355
1525 12217
1525 25601
1525 24956
1525 12245
1525 26022
1525 19886
1525 19270
1525 24902
1525 26317
1525 20224
1525 25976
1525 25224
1525 18860
1525 15885
1525 18236
1525 17932
1525 23707
1525 13746
1525 14593
1525 16352
1525 22367
1525 23760
1525 15163
1525 14862
1525 21120
1525 22154
1526 14563
1526 13138
1526 20755
1526 22926
1526 24189
1526 24062
1527 18227
1527 24575
1527 24127
1527 13867
1527 18163
1527 22801
1527 18186
1527 12369
1527 12394
1527 23529
1527 27391
1528 22566
1528 18139
1528 23422
1528 13147
1528 16962
1528 18696
1528 17880
1528 13282
1528 14297
1528 18671
1528 15665
1528 19351
1528 21141
1529 18416
1529 17505
1529 21134
1529 14702
1529 22300
1530 15529
1530 14123
1530 17341
1530 19290
1530 21579
1530 22307
1530 22779
1530 24447
1530 11893
1530 13577
1530 15645
1530 20181
1530 18703
1530 20511
1530 24471
1531 17962
1531 12918
1531 11840
1531 23497
1531 20087
1531 16409
1531 18936
1532 11914
1532 11861
1532 11947
1532 11965
1532 12091
1532 11870
1532 12505
1532 12379
1532 12104
1532 12228
1532 12223
1532 12261
1532 12406
1532 12869
1532 13180
1532 17273
1532 12022
1532 12160
1532 12156
1532 14084
1532 14618
1532 15405
1532 16757
1532 16750
1532 18645
1532 12944
1532 24103
1532 23306
1532 20445
1532 27106
1533 16169
1533 18446
1533 13923
1533 20235
1533 25094
1533 22166
1534 12257
1534 17039
1534 23499
1534 25519
1534 26993
1535 21958
1535 12085
1535 17161
1535 25476
1535 11934
1535 13285
1535 22622
1536 13451
1536 17155
1536 21477
1536 14835
1536 12105
1536 16455
1536 24099
1536 18363
1536 24516
1536 14327
1536 26055
1536 24480
1536 24576
1536 27724
1537 27488
1537 15984
1537 17430
1537 20105
1537 24409
1537 13878
1537 20645
1537 27908
1537 24364
1537 17116
1538 22081
1538 25886
1538 14000
1538 25452
1538 17742
1538 19362
1538 26991
1539 18028
1539 24195
1539 12822
1539 20733
1539 22298
1539 27351
1539 16424
1540 14219
1540 12304
1540 14783
1540 15973
1540 13531
1540 18864
1540 14211
1540 18637
1540 24103
1540 25565
1540 22664
1540 26055
1540 26172
1540 24386
1541 20674
1541 24739
1541 23518
1541 25021
1541 25076
1541 27835
1541 22209
1541 25476
1542 13081
1542 20150
1542 15823
1542 20800
1542 20794
1542 20192
1542 12067
1542 21790
1542 21791
1542 19481
1542 18978
1542 26088
1542 13842
1542 16273
1542 19096
1542 17165
1542 20113
1542 19220
1542 19855
1542 27065
1542 12139
1542 27321
1542 18612
1542 24032
1542 27560
1542 27280
1542 14517
1542 27731
1542 13087
1542 27109
1542 13653
1542 21984
1542 27551
1542 14506
1542 27400
1542 17921
1542 27657
1542 25924
1542 27474
1542 13446
1542 27861
1542 27895
1542 26919
1542 27611
1543 17091
1543 27138
1543 26459
1543 21886
1543 26760
1543 18605
1543 15996
1543 23419
1543 19704
1543 19901
1543 21346
1543 24284
1543 12662
1543 19362
1543 26179
1543 14129
1543 16359
1543 19959
1543 20407
1543 16028
1543 16161
1543 12726
1543 21028
1543 22266
1543 13586
1543 17131
1543 13041
1543 14258
1543 21386
1543 27133
1544 16692
1544 18812
1544 24183
1544 26063
1544 18276
1544 25908
1545 20841
1545 22702
1545 22826
1545 12679
1545 15186
1545 27004
1546 12518
1546 19744
1546 19428
1546 26440
1546 21272
1546 18105
1547 16951
1547 18685
1547 17074
1547 17075
1547 21482
1547 15853
1547 19464
1547 21369
1547 21481
1547 21749
1547 18788
1547 20996
1547 22193
1547 20156
1548 13367
1548 16670
1548 26896
1548 18562
1548 22641
1548 27697
1549 14556
1549 21927
1549 25235
1549 18905
1549 17358
1550 17508
1550 12141
1550 12175
1550 16224
1550 24832
1550 14521
1550 16274
1551 12185
1551 17588
1551 17103
1551 20093
1551 20880
1551 17612
1551 23701
1551 26398
1551 18785
1551 12434
1551 16346
1551 23423
1551 18382
1551 26537
1551 20757
1551 23274
1551 26750
1551 17365
1551 19515
1551 22319
1551 22321
1551 27738
1551 14813
1551 23269
1551 24580
1552 17330
1552 19050
1552 19690
1552 21156
1552 18453
1552 26794
1552 12201
1552 15181
1552 15971
1552 17968
1552 16632
1552 22603
1552 26311
1552 25476
1553 23694
1553 25388
1553 24826
1553 25800
1553 21119
1553 18277
1553 23642
1553 26002
1553 24841
1553 26930
1553 27191
1554 14414
1554 17309
1554 19840
1554 24724
1554 11860
1555 17453
1555 12229
1555 13746
1555 14770
1555 21929
1555 12675
1555 23896
1555 13226
1555 24978
1555 18130
1555 13753
1555 12366
1555 17406
1556 23560
1556 24666
1556 14017
1556 26004
1556 12693
1556 26644
1556 27228
1556 26992
1556 26993
1556 14517
1556 28036
1557 16633
1557 15476
1557 11900
1557 17250
1557 18466
1557 20049
1557 17694
1557 21514
1557 23411
1557 22001
1557 16612
1557 22000
1557 25337
1557 19913
1557 23812
1557 14034
1557 27555
1557 20285
1557 25957
1558 19290
1558 22738
1558 22049
1558 12801
1558 20077
1558 22360
1558 12202
1558 17901
1559 25336
1559 22857
1559 12637
1559 16324
1559 16962
1559 20055
1559 20446
1559 21247
1559 22139
1559 22175
1559 14610
1559 14933
1559 17095
1559 19050
1559 21720
1559 24907
1559 26278
1560 23681
1560 24474
1560 25521
1560 25285
1560 24643
1560 25076
1560 23642
1560 23812
1560 26241
1560 27637
1560 27204
1560 27971
1560 26308
1560 28092
1560 27689
1561 18470
1561 16587
1561 12067
1561 13061
1561 13296
1561 15672
1561 17176
1561 17451
1561 20445
1561 21334
1561 14052
1561 15823
1561 23744
1561 24454
1561 15824
1561 19470
1561 21174
1561 17317
1561 25307
1562 23681
1562 26303
1562 26180
1562 27170
1562 27415
1562 27731
1562 27873
1563 23047
1563 20165
1563 21274
1563 25362
1563 15221
1563 14880
1563 22687
1563 27521
1564 22350
1564 16419
1564 24277
1564 26643
1564 26930
1564 27253
1564 21508
1564 26995
1564 26960
1564 17784
1564 27732
1564 27368
1564 27764
1564 27836
1564 24794
1564 27983
1564 27859
1564 27775
1565 12534
1565 13203
1565 13376
1565 13660
1565 14613
1565 15209
1565 15354
1565 17163
1565 20131
1565 12223
1565 12518
1565 12789
1565 13013
1565 13230
1565 13490
1565 14042
1565 14837
1565 15020
1565 15160
1565 14740
1565 16632
1565 11847
1565 14672
1565 11868
1565 12171
1565 12512
1565 13228
1565 14410
1565 21543
1565 23019
1566 17328
1566 12677
1566 11994
1566 12762
1566 13077
1566 23288
1566 24051
1566 18335
1567 14862
1567 18597
1567 14092
1567 16351
1567 23646
1567 25679
1567 12491
1567 17549
1567 19595
1567 12217
1567 19085
1567 23265
1568 27139
1568 27875
1568 27934
1568 27991
1568 28043
1568 27089
1568 27660
1568 28009
1568 28029
1568 27714
1568 27740
1568 27754
1568 27990
1568 28060
1568 27924
1568 27925
1568 28007
1568 28083
1568 28086
1568 28018
1568 28040
1568 28056
1568 28074
1568 28078
1568 28033
1568 28034
1568 28077
1568 27550
1568 27565
1568 27644
1568 27868
1568 28010
1568 27980
1568 28076
1568 28091
1568 28031
1568 28067
1568 28095
1569 12243
1569 21711
1569 23144
1569 22348
1569 27500
1570 21873
1570 23071
1570 25575
1570 22350
1570 22297
1570 25558
1570 27526
1571 11905
1571 12891
1571 15221
1571 16249
1571 12240
1571 18480
1571 26837
1572 14683
1572 19733
1572 24139
1572 15221
1572 15646
1573 18576
1573 22387
1573 21284
1573 22952
1573 22729
1573 22071
1573 15052
1573 22091
1573 24606
1573 24969
1573 18428
1573 21672
1573 26303
1573 26277
1573 26620
1573 22568
1573 14603
1573 26606
1573 22153
1573 21508
1573 17784
1573 26928
1573 26771
1573 26820
1573 27431
1573 27552
1573 12439
1573 27819
1573 28021
1574 11890
1574 12729
1574 11934
1574 13227
1574 16970
1574 12090
1574 17688
1574 14848
1574 19779
1574 16274
1574 19015
1574 21154
1574 18371
1574 20849
1574 21764
1574 23217
1574 22662
1574 15614
1574 17097
1574 12850
1574 13149
1574 18554
1575 14507
1575 16124
1575 12366
1575 22688
1575 24764
1575 25519
1575 25266
1575 22297
1575 22369
1575 26261
1575 25566
1575 26737
1575 25791
1575 27228
1575 22847
1575 27280
1575 18586
1575 27709
1575 27406
1575 27929
1575 27689
1576 24573
1576 25521
1576 16429
1576 23967
1576 26346
1576 25627
1576 22298
1576 26529
1576 27204
1576 27835
1576 28021
1576 27963
1576 27899
1577 14328
1577 18160
1577 15338
1577 15979
1577 12693
1577 14543
1577 16066
1577 20501
1577 19042
1577 24517
1577 25092
1577 27047
1577 25459
1577 22620
1577 18398
1578 18500
1578 23149
1578 22565
1578 20002
1578 18054
1578 13962
1578 23613
1578 23906
1578 22820
1578 24543
1578 21556
1578 22361
1578 25521
1578 23623
1578 24956
1578 23635
1578 24152
1578 17218
1578 20608
1578 25558
1578 19814
1578 13687
1578 22587
1578 24196
1578 27041
1578 12444
1578 20901
1578 13416
1578 25458
1578 12905
1578 27358
1578 26757
1579 23906
1579 24587
1579 23681
1579 12439
1579 14542
1579 20840
1579 25270
1579 26094
1579 22348
1579 25076
1579 27991
1579 27139
1579 27717
1579 27677
1579 28083
1579 27444
1580 19544
1580 15595
1580 20411
1580 22921
1580 12950
1580 27284
1581 17580
1581 18693
1581 13855
1581 12160
1581 13878
1581 18828
1581 20626
1581 14690
1581 25916
1581 21603
1581 23460
1581 26405
1581 26419
1582 22174
1582 16388
1582 23806
1582 25782
1582 18167
1582 23476
1582 27520
1582 18736
1582 20872
1583 18056
1583 20094
1583 23019
1583 22729
1583 22071
1583 24587
1583 25394
1583 23642
1583 26874
1583 22412
1583 27172
1583 13262
1583 27729
1583 27202
1583 27722
1583 27859
1583 28039
1584 19689
1584 15465
1584 16586
1584 26754
1584 26721
1584 26609
1585 15302
1585 18611
1585 20464
1585 21039
1585 22196
1585 25155
1585 12139
1585 16116
1585 26759
1586 23533
1586 11905
1586 25270
1586 21894
1586 24212
1586 16419
1586 21895
1586 19205
1586 26606
1586 23068
1586 22616
1586 27415
1586 15185
1586 27285
1586 27981
1586 27860
1587 13727
1587 22577
1587 26662
1587 13878
1587 17085
1587 19959
1587 22882
1588 18345
1588 20558
1588 26938
1588 24740
1588 18787
1588 25874
1589 22898
1589 13063
1589 22316
1589 22728
1589 20053
1589 26592
1589 26759
1590 12944
1590 21175
1590 18010
1590 24169
1590 24332
1590 23765
1590 14314
1590 23848
1590 26340
1590 24802
1590 22350
1590 22297
1590 26606
1590 24577
1590 26180
1590 24978
1590 26412
1590 27302
1590 27226
1590 16133
1590 27499
1590 27526
1590 27544
1590 16673
1590 27609
1590 27641
1590 27619
1590 27594
1590 27752
1590 27608
1590 28075
1590 25347
1591 22965
1591 12412
1591 24494
1591 22672
1591 26227
1591 26158
1591 25528
1591 24458
1591 25505
1591 26168
1591 26313
1591 26534
1591 26606
1591 24662
1591 26960
1591 27310
1591 27602
1591 24419
1591 24032
1591 27085
1591 27376
1591 27559
1591 27675
1591 27368
1591 27491
1591 27672
1591 27416
1591 27959
1591 27762
1591 27876
1591 27660
1591 27925
1591 28083
1591 23885
1591 28090
1591 24509
1592 14677
1592 15206
1592 15218
1592 14003
1592 19424
1592 12217
1592 14466
1592 12073
1592 15441
1592 21000
1592 24250
1592 17528
1592 24643
1592 25266
1592 25185
1592 18277
1592 18735
1592 23726
1592 18909
1592 27233
1592 27269
1592 27229
1592 15052
1592 27527
1592 27729
1592 27630
1593 19069
1593 14966
1593 20849
1593 23239
1593 14022
1594 12516
1594 18514
1594 12335
1594 12389
1594 15723
1594 11925
1594 19540
1594 18685
1594 12620
1594 13879
1594 14547
1594 21537
1594 17282
1594 17317
1594 20971
1594 20336
1594 16970
1594 13589
1594 16632
1594 16775
1594 22092
1594 22675
1594 22206
1594 14852
1594 27004
1594 22704
1595 15774
1595 17039
1595 19582
1595 19583
1595 20122
1595 22659
1595 22658
1595 23271
1595 25582
1595 22454
1595 20118
1595 18161
1595 24518
1595 21397
1595 24667
1595 25129
1595 22469
1595 24742
1595 25842
1595 11901
1595 25639
1595 26998
1595 14345
1596 14689
1596 11957
1596 15317
1596 26960
1596 27198
1597 13202
1597 19181
1597 20351
1597 19182
1597 18967
1597 24345
1597 15959
1597 21789
1597 17142
1597 17148
1598 21859
1598 13187
1598 13878
1598 20693
1598 17935
1598 16118
1598 13424
1598 19781
1598 11865
1598 19326
1598 25639
1599 22298
1599 12430
1599 26760
1599 18946
1599 16948
1599 18947
1599 22663
1599 24669
1599 22662
1599 21443
1599 12750
1599 20794
1599 19085
1599 25444
1599 17367
1599 18225
1599 22661
1599 25400
1599 27731
1599 27732
1599 14623
1599 20864
1599 26924
1599 18694
1599 27507
1600 11923
1600 27310
1600 27191
1600 27280
1600 27281
1600 27834
1600 27203
1600 27285
1600 27840
1600 27861
1600 28021
1600 27507
1600 27971
1600 28091
1601 19923
1601 24010
1601 13629
1601 16108
1601 16758
1601 12653
1601 15689
1601 16363
1601 22645
1601 24035
1601 15229
1601 22771
1602 12375
1602 20659
1602 26741
1602 19108
1602 14603
1602 27017
1602 27773
1603 19879
1603 20471
1603 22742
1603 26316
1603 15448
1603 27468
1603 16529
1603 27904
1604 23641
1604 14328
1604 16362
1604 12145
1604 15704
1604 17052
1604 21039
1604 16460
1604 25363
1604 26611
1604 13634
1604 25801
1604 20564
1604 23155
1604 25803
1605 22142
1605 23770
1605 24903
1605 20818
1605 26605
1605 14671
1606 16154
1606 15651
1606 18391
1606 12613
1606 17055
1606 17056
1606 17406
1606 16454
1606 23581
1606 21380
1606 26251
1606 21565
1606 25150
1606 25427
1606 26303
1606 25179
1606 26535
1606 26523
1606 26451
1606 17227
1606 18956
1606 18880
1606 27673
1606 19188
1606 27581
1606 27961
1606 27805
1607 14328
1607 19058
1607 23112
1607 25931
1607 23259
1608 12501
1608 14033
1608 14757
1608 12313
1608 12526
1608 14492
1608 12335
1608 13906
1608 14751
1608 16534
1608 13131
1608 17478
1608 13592
1608 19015
1608 16438
1608 16826
1608 14265
1609 13062
1609 24293
1609 22002
1609 24725
1609 25715
1609 12570
1609 24448
1609 25076
1609 23613
1609 23264
1609 15161
1609 22369
1609 17105
1610 12013
1610 16970
1610 17791
1610 18950
1610 19173
1610 22590
1610 19141
1610 22423
1610 19885
1610 17492
1610 18627
1610 19784
1611 24169
1611 23466
1611 24536
1611 25565
1611 25568
1611 25863
1611 24643
1611 22499
1611 26158
1611 22412
1611 22369
1611 27233
1611 27163
1611 27431
1611 27609
1611 14506
1611 27844
1611 27902
1611 25837
1611 27860
1611 28075
1611 27689
1612 12314
1612 12515
1612 14531
1612 17464
1612 19591
1612 20770
1612 20674
1612 21873
1612 17528
1612 22994
1612 25654
1612 14506
1612 27927
1612 27928
1613 23191
1613 21338
1613 23370
1613 23531
1613 20922
1614 24754
1614 14192
1614 12779
1614 22308
1614 12693
1614 18662
1614 20994
1614 21173
1614 17282
1614 19289
1614 25131
1614 17101
1615 24590
1615 17426
1615 24277
1615 24662
1615 27334
1615 27722
1616 12561
1616 14055
1616 15995
1616 26217
1616 13159
1616 25905
1617 12160
1617 13763
1617 23370
1617 24350
1617 24013
1617 12662
1618 19295
1618 19364
1618 24591
1618 23836
1618 23270
1619 22369
1619 22297
1619 26874
1619 26333
1619 26518
1619 27201
1619 26429
1619 27310
1619 26274
1619 27614
1619 26954
1619 15156
1619 27581
1619 27791
1619 14613
1619 27938
1619 27139
1619 27717
1619 27960
1619 27592
1619 27563
1620 18107
1620 12520
1620 14698
1620 14825
1620 19223
1620 15354
1620 12695
1620 12031
1620 14544
1620 16186
1620 18764
1620 13169
1620 17446
1620 21175
1620 12677
1620 21004
1620 20114
1620 14637
1620 20889
1620 22785
1620 23909
1620 21676
1620 18212
1620 22657
1620 24621
1620 24184
1620 25880
1620 20224
1620 14228
1620 25988
1620 18544
1620 25558
1620 25146
1620 27272
1620 19692
1620 27441
1620 21917
1620 14506
1620 26555
1620 27539
1621 19415
1621 23019
1621 15446
1621 21221
1621 12974
1621 21779
1621 26026
1622 19847
1622 26132
1622 17765
1622 19688
1622 21170
1622 24688
1622 25938
1622 17578
1622 17649
1622 19879
1622 24978
1622 27276
1622 18309
1622 27670
1623 20175
1623 15766
1623 14323
1623 11914
1623 20472
1623 11919
1623 12038
1623 15960
1623 17750
1623 19940
1623 20435
1623 22610
1623 19512
1623 11912
1623 12056
1623 13018
1623 13776
1623 16224
1623 16981
1623 17752
1623 17753
1623 19511
1623 19513
1623 21585
1623 21940
1623 13722
1623 20992
1623 22946
1624 12538
1624 12528
1624 14104
1624 14757
1624 12418
1624 13227
1624 15187
1624 14196
1624 15664
1624 17200
1624 23767
1624 17195
1624 24480
1624 13955
1624 24152
1624 27500
1624 27526
1624 27806
1624 27876
1624 21996
1624 17357
1624 28091
1624 26275
1624 28090
1625 18264
1625 21265
1625 18379
1625 14563
1625 24790
1625 25589
1625 16626
1625 26370
1625 26515
1626 17089
1626 17163
1626 18722
1626 20085
1626 26013
1626 20706
1626 26951
1627 16106
1627 12161
1627 19026
1627 19892
1627 26096
1627 18022
1627 25575
1627 27731
1627 27819
1627 28039
1628 16055
1628 18814
1628 25568
1628 21894
1628 21508
1629 12138
1629 15087
1629 15526
1629 14324
1629 16962
1629 24934
1629 23413
1629 25285
1629 26078
1629 16419
1629 14238
1629 16259
1629 27252
1629 16213
1629 18777
1629 23812
1629 25185
1629 15078
1629 16758
1629 19259
1629 22088
1629 22355
1630 20143
1630 21353
1630 21828
1630 21771
1630 19696
1630 18174
1630 14086
1630 22636
1630 18968
1630 18222
1630 14607
1630 23710
1630 22784
1630 19373
1630 24567
1630 23966
1630 17002
1630 24532
1630 25389
1630 26227
1630 21321
1630 15126
1630 23642
1630 14771
1630 17880
1630 15716
1630 27065
1630 27146
1630 20601
1630 24293
1630 27513
1630 27285
1630 13131
1630 15402
1631 14029
1631 12031
1631 27044
1631 19691
1631 26456
1632 17234
1632 23788
1632 13879
1632 19385
1632 21549
1632 15794
1632 24283
1632 25392
1632 21289
1632 21461
1632 21703
1632 22025
1632 22652
1632 16032
1632 16439
1632 23382
1632 26038
1633 13341
1633 13288
1633 23146
1633 18692
1633 12538
1633 19193
1633 21996
1633 21373
1634 25296
1634 17814
1634 12237
1634 14389
1634 18058
1634 23114
1634 25168
1634 27365
1634 15793
1634 22139
1634 18628
1634 22418
1634 22127
1635 16132
1635 24814
1635 22619
1635 24961
1635 26637
1635 27500
1635 26565
1635 25405
1635 27641
1635 27857
1635 16007
1635 27585
1635 27208
1635 27899
1635 27923
1636 22565
1636 19690
1636 15465
1636 19681
1636 16920
1636 18295
1636 25420
1636 16439
1636 19308
1636 15248
1636 14344
1636 21841
1636 16349
1636 19078
1636 26189
1636 15293
1636 19065
1636 14223
1637 24643
1637 25519
1637 22550
1637 25976
1637 18774
1637 26894
1637 15161
1637 11923
1637 26180
1637 27146
1637 27436
1637 27552
1637 27453
1637 27551
1637 26783
1637 25109
1637 26075
1637 26575
1637 27969
1637 28041
1637 27730
1637 25347
1638 15629
1638 15507
1638 15951
1638 15178
1638 12964
1638 19028
1638 21668
1638 23505
1638 19713
1638 23025
1638 23278
1638 20291
1638 20827
1638 14121
1638 23638
1638 17102
1638 21397
1638 25618
1638 24221
1639 15785
1639 16647
1639 17121
1639 17451
1639 18760
1639 27144
1640 14895
1640 12610
1640 15294
1640 16277
1640 17172
1640 12672
1640 18876
1641 14927
1641 12440
1641 16538
1641 17194
1641 23478
1641 13828
1641 14761
1641 26810
1641 19244
1642 20126
1642 12693
1642 22396
1642 23999
1642 19065
1642 19353
1642 19958
1643 21060
1643 14178
1643 14469
1643 15789
1643 16827
1643 16953
1643 17275
1643 18904
1643 24850
1643 26480
1643 23228
1643 18103
1643 13342
1643 13378
1644 16001
1644 26039
1644 26350
1644 27446
1644 27954
1645 21464
1645 28063
1645 26203
1645 23869
1645 16348
1645 23299
1645 12016
1645 19289
1645 23030
1645 27659
1646 26781
1646 21433
1646 12404
1646 20963
1646 21764
1646 13647
1646 16134
1646 24699
1646 13194
1646 15096
1646 14956
1646 22924
1647 13221
1647 15465
1647 13202
1647 15602
1647 15777
1648 27902
1648 27854
1648 27858
1648 27892
1648 27585
1648 27358
1648 23318
1648 25109
1648 27982
1648 27959
1648 27991
1648 27139
1648 27634
1648 27635
1648 27741
1648 27980
1648 27753
1648 27746
1648 27625
1648 27937
1648 28009
1648 26757
1648 27740
1648 27945
1648 27714
1648 28007
1648 28061
1648 28027
1648 28074
1648 28018
1648 28040
1648 27660
1648 28029
1648 28055
1648 28078
1648 25347
1648 27563
1648 28077
1648 27814
1648 28010
1648 28083
1648 27754
1648 28095
1649 20044
1649 22783
1649 23579
1649 23815
1649 24537
1649 21000
1649 22580
1649 23684
1649 24606
1649 24771
1649 24534
1649 24540
1649 23983
1649 25652
1649 24427
1649 26052
1649 26131
1649 26172
1649 26128
1649 26170
1649 22861
1649 25503
1649 26880
1649 27118
1649 27320
1649 27249
1649 17263
1649 27555
1649 26797
1649 27171
1649 27562
1649 27200
1649 25957
1649 27762
1649 19593
1649 18857
1649 27861
1649 27933
1649 27378
1649 26919
1649 27860
1649 27940
1649 26139
1649 27563
1649 27689
1650 22268
1650 18090
1650 21611
1650 15911
1650 24782
1650 27531
1650 15140
1650 18436
1650 27312
1651 13809
1651 17202
1651 13874
1651 21175
1651 18410
1651 16359
1651 20323
1652 20935
1652 18661
1652 27045
1652 27857
1652 27819
1653 13113
1653 22404
1653 14725
1653 24929
1653 13153
1654 14780
1654 23136
1654 17046
1654 17682
1654 24238
1654 15656
1654 16302
1654 22350
1654 24357
1654 20102
1654 27523
1654 16080
1654 21189
1654 25405
1654 24751
1654 12661
1655 22423
1655 24628
1655 26215
1655 12430
1655 13397
1655 14059
1655 24996
1655 21251
1655 25036
1655 22353
1655 23772
1655 14273
1655 12030
1655 12675
1655 20867
1655 21290
1655 23134
1655 23831
1655 26241
1655 19140
1655 20945
1655 22977
1655 21891
1655 15932
1655 14021
1656 27701
1656 15143
1656 20285
1656 24317
1656 20845
1656 11878
1656 19791
1656 24990
1656 25941
1656 14394
1656 15848
1656 15554
1656 20449
1657 24876
1657 13644
1657 16962
1657 19735
1657 20915
1657 22875
1657 21177
1657 27036
1658 12693
1658 15344
1658 19390
1658 21074
1658 18882
1658 20010
1658 21438
1658 12201
1658 25819
1658 26898
1658 13645
1658 14043
1658 14511
1658 17039
1658 17067
1658 21646
1658 18800
1659 20772
1659 21681
1659 24720
1659 19446
1659 19830
1659 22393
1659 22680
1659 27291
1659 16165
1659 23134
1659 24735
1659 17085
1659 16758
1659 17128
1659 17199
1659 21766
1659 26215
1659 16576
1659 17440
1659 24844
1659 25978
1659 27693
1659 25648
1659 26587
1660 25189
1660 19226
1660 12509
1660 14193
1660 19351
1660 18633
1660 17644
1661 25662
1661 21444
1661 19960
1661 24010
1661 17570
1661 17636
1661 20961
1661 24555
1661 24972
1662 17996
1662 26258
1662 14952
1662 17794
1662 17855
1662 18913
1662 21320
1662 15173
1662 21358
1662 27657
1663 13018
1663 14964
1663 24435
1663 17123
1663 12671
1663 25521
1663 24956
1663 26341
1663 26261
1663 24086
1663 18579
1663 16538
1663 26820
1663 27560
1663 27637
1663 26813
1663 27981
1663 28017
1663 27616
1663 28005
1664 12499
1664 12891
1664 13390
1664 19311
1664 19524
1664 21585
1664 22184
1664 23627
1664 25701
1664 12280
1664 21272
1664 22341
1665 21147
1665 22007
1665 12947
1665 18844
1665 20173
1665 26033
1665 27782
1666 17106
1666 17938
1666 16177
1666 20033
1666 12633
1666 13621
1666 14356
1666 15513
1666 17606
1667 14810
1667 12967
1667 17107
1667 21431
1667 26398
1668 25135
1668 28087
1668 13355
1668 16740
1668 16895
1668 20649
1668 23637
1668 24580
1668 27392
1668 22493
1668 20476
1668 22942
1668 24471
1669 21660
1669 22189
1669 22822
1669 26579
1669 25187
1669 15524
1669 24632
1669 17107
1670 15393
1670 12922
1670 21361
1670 20848
1670 11882
1670 13013
1670 14205
1670 18710
1670 20209
1670 27337
1670 27510
1670 27773
1670 22163
1670 17413
1671 21296
1671 23566
1671 20958
1671 25602
1671 26163
1671 25566
1671 22350
1671 26901
1671 17948
1671 28046
1672 15669
1672 22320
1672 23157
1672 11974
1672 13727
1672 26002
1673 12223
1673 12224
1673 12335
1673 12759
1673 14622
1673 12103
1673 17719
1673 13878
1673 12864
1673 18970
1673 12327
1673 15006
1673 23350
1673 27804
1673 22774
1674 20896
1674 24336
1674 24666
1674 25110
1674 24884
1674 26644
1674 27301
1675 13808
1675 21141
1675 23668
1675 16849
1675 17995
1675 19553
1675 17100
1675 23540
1675 12145
1675 23908
1675 25638
1676 13548
1676 22740
1676 23693
1676 21683
1676 24169
1676 23363
1676 24808
1676 19934
1676 19435
1676 25441
1676 24956
1676 26490
1676 19651
1676 25943
1676 22350
1676 26644
1676 26896
1676 26874
1676 26894
1676 27161
1676 27286
1676 25267
1676 27361
1676 25405
1676 27834
1676 27836
1676 27791
1676 27876
1676 28015
1676 27971
1676 28084
1676 27813
1677 12456
1677 13874
1677 12960
1677 14208
1677 18411
1677 19346
1678 20382
1678 15480
1678 23409
1678 13306
1678 24642
1678 12507
1678 25797
1678 12172
1678 19427
1678 18096
1678 20511
1678 22038
1678 14543
1678 12724
1678 13353
1678 19911
1678 18580
1678 20300
1678 24337
1678 24712
1678 14279
1678 15467
1678 19140
1678 18118
1678 21274
1678 14541
1678 16418
1678 11902
1678 22221
1678 27877
1678 19846
1678 12693
1678 25122
1678 22152
1678 26243
1678 25737
1678 28080
1679 13023
1679 20290
1679 13062
1679 21281
1679 21665
1679 24969
1679 25285
1679 21894
1679 23642
1679 26760
1680 24276
1680 12368
1680 27769
1680 22589
1680 27220
1680 15559
1681 12141
1681 17154
1681 11911
1681 11916
1681 14131
1681 19024
1681 20624
1681 22346
1681 23965
1681 17473
1681 12066
1681 12757
1681 13149
1681 16243
1681 18789
1681 25187
1681 18534
1681 19879
1681 12944
1681 22783
1681 23572
1681 21953
1681 18928
1681 21188
1681 19821
1681 17321
1681 14348
1681 15926
1681 22031
1682 24213
1682 25602
1682 20792
1682 26049
1682 27901
1682 27969
1683 13119
1683 25805
1683 26442
1683 12062
1683 14397
1683 25305
1684 17499
1684 22669
1684 12430
1684 14238
1684 17715
1685 24085
1685 12207
1685 14680
1685 25619
1685 12510
1685 20291
1686 19602
1686 14327
1686 22006
1686 25488
1686 17692
1686 20160
1686 13727
1686 24646
1686 19894
1687 12662
1687 22412
1687 15795
1687 25144
1687 26996
1687 27280
1687 27495
1687 27560
1687 27543
1687 27614
1687 27791
1687 24026
1688 13132
1688 13116
1688 11857
1688 16829
1688 15239
1688 12446
1689 25652
1689 26047
1689 20771
1689 26760
1689 11923
1689 27304
1689 27704
1689 17184
1690 26045
1690 12126
1690 15785
1690 16401
1690 22782
1690 27462
1691 13015
1691 13016
1691 13349
1691 13221
1691 14518
1691 12681
1691 19069
1691 15933
1691 13486
1691 20361
1691 27555
1691 16958
1691 27366
1692 14055
1692 12920
1692 16227
1692 14294
1692 15734
1692 15394
1692 13389
1692 22393
1692 15799
1692 18556
1692 15221
1692 12484
1692 21177
1692 12219
1692 19544
1692 27084
1693 12705
1693 14901
1693 19845
1693 19564
1693 21175
1693 24479
1693 21711
1693 17888
1693 24894
1693 18647
1693 22650
1693 26733
1693 27092
1693 26239
1693 22959
1694 12891
1694 20993
1694 12672
1694 12936
1694 12145
1694 14670
1694 14147
1694 16455
1695 22783
1695 22974
1695 24953
1695 26760
1695 12655
1695 18780
1695 13036
1696 12799
1696 12800
1696 22729
1696 23780
1696 24435
1696 21826
1696 11972
1696 23723
1696 23138
1696 26106
1696 26778
1696 21175
1696 26633
1696 27226
1696 27184
1696 27544
1696 27361
1696 27614
1696 25267
1696 27876
1696 27901
1696 27927
1697 16638
1697 23613
1697 15161
1697 26691
1697 25942
1697 26777
1697 26879
1697 25500
1697 11923
1697 27012
1697 27199
1697 27201
1697 27065
1697 27225
1697 27339
1697 27555
1697 26493
1697 23379
1697 25761
1697 27441
1697 14517
1697 21917
1697 27641
1697 27581
1697 20199
1697 25653
1697 27717
1697 25109
1697 27139
1697 27861
1697 27152
1697 27971
1697 27594
1697 27988
1697 28004
1698 21898
1698 25268
1698 18885
1698 26579
1698 11840
1698 25000
1699 19364
1699 24990
1699 13301
1699 13306
1699 19290
1699 12741
1700 20885
1700 14193
1700 21498
1700 18199
1700 24456
1700 22650
1700 14111
1700 15456
1701 24260
1701 12683
1701 15235
1701 18418
1701 18963
1701 26816
1701 17475
1701 16728
1702 12471
1702 16565
1702 21806
1702 23436
1702 11916
1702 15128
1702 16786
1702 23447
1702 12139
1702 12996
1702 13140
1702 25601
1702 16277
1702 12171
1702 13023
1702 24765
1702 27422
1703 15780
1703 15777
1703 27296
1703 12152
1703 27380
1703 15068
1703 27221
1703 27425
1703 27030
1703 12118
1703 22976
1703 28083
1703 23429
1704 22786
1704 22071
1704 24036
1704 24222
1704 18567
1704 24124
1704 25157
1704 26106
1704 26303
1704 26442
1704 26535
1704 25485
1704 27184
1704 26779
1704 25748
1704 27543
1704 24045
1704 21653
1704 27762
1704 26139
1704 27615
1704 27992
1704 26494
1705 24435
1705 24666
1705 25652
1705 25076
1705 26960
1705 27283
1706 26477
1706 22297
1706 22369
1706 26913
1706 27582
1706 27192
1706 27585
1707 24630
1707 16827
1707 22206
1707 25090
1707 18148
1707 19957
1707 21954
1707 25200
1707 25242
1707 14196
1707 21916
1707 23296
1707 21142
1707 21175
1707 22826
1707 23028
1707 25305
1707 26298
1707 17442
1707 13011
1707 14136
1707 19980
1707 26848
1707 22341
1707 26999
1707 11873
1707 11917
1707 16247
1707 17126
1707 23413
1707 25440
1707 24936
1708 15885
1708 17328
1708 14683
1708 20579
1708 11848
1708 18750
1709 13984
1709 22177
1709 15088
1709 13096
1709 21453
1709 18317
1709 12067
1709 12384
1709 14004
1709 15988
1710 25548
1710 23922
1710 26326
1710 27110
1710 17190
1710 18452
1710 16961
1710 24355
1710 24356
1710 26701
1711 23183
1711 23906
1711 24589
1711 23136
1711 26106
1711 23264
1711 26522
1711 22297
1712 12127
1712 16934
1712 12412
1712 16962
1712 20488
1712 24048
1712 17451
1712 18261
1712 19918
1712 20646
1712 24630
1712 16601
1713 14055
1713 12124
1713 17119
1713 21175
1713 20010
1713 12406
1713 19515
1713 24573
1713 17395
1714 12848
1714 19547
1714 12752
1714 12234
1714 22209
1714 23354
1715 13845
1715 19367
1715 19622
1715 19902
1715 24185
1716 19908
1716 21300
1716 20845
1716 20962
1716 11859
1716 27318
1717 21549
1717 23117
1717 24666
1717 26493
1717 27283
1717 27982
1718 15503
1718 17702
1718 19059
1718 21045
1718 24796
1718 25628
1718 26051
1718 24397
1718 13131
1719 16117
1719 17105
1719 18570
1719 12151
1719 13071
1719 16955
1719 17039
1719 12766
1719 11890
1719 15790
1719 15870
1719 15172
1720 14653
1720 13296
1720 15731
1720 20754
1720 20202
1720 15649
1720 22297
1720 26809
1720 27456
1720 27527
1721 20770
1721 14464
1721 15198
1721 19130
1721 19131
1721 24621
1721 24987
1721 18562
1721 18745
1722 22876
1722 11995
1722 17159
1722 19026
1722 19966
1723 12801
1723 14339
1723 13793
1723 24588
1723 24543
1723 21492
1723 11923
1724 23732
1724 22939
1724 24606
1724 25285
1724 17163
1724 26874
1724 27432
1724 25267
1724 27203
1724 25147
1724 28001
1724 27752
1724 27963
1724 28091
1725 11872
1725 11881
1725 11910
1725 12685
1725 17893
1725 19983
1725 16317
1725 22339
1725 22001
1725 21000
1725 12366
1725 24670
1725 22000
1725 25908
1725 26394
1725 26644
1725 26995
1725 27859
1726 13642
1726 21352
1726 13131
1726 16277
1726 21397
1726 16815
1726 12922
1726 13138
1726 22457
1726 23036
1726 16947
1726 21380
1726 26696
1727 12693
1727 20725
1727 16388
1727 17018
1727 22277
1727 14018
1727 16675
1727 17190
1727 19962
1727 20514
1727 20874
1727 21842
1727 22227
1728 19857
1728 20110
1728 12348
1728 14144
1728 14190
1728 18473
1728 19415
1728 20626
1728 21963
1728 22422
1728 15229
1728 25803
1728 19879
1728 12974
1728 16359
1728 25296
1728 25516
1728 20077
1728 19256
1728 24283
1728 24285
1728 13360
1728 15112
1728 15777
1728 16845
1728 19249
1728 19962
1728 23808
1728 12160
1728 15572
1728 15922
1728 17940
1728 26412
1728 26660
1728 27387
1728 27409
1729 24666
1729 25021
1729 27210
1729 27729
1729 27609
1729 27715
1730 18372
1730 12988
1730 19614
1730 22581
1730 16087
1730 13641
1730 13642
1730 12201
1730 24313
1730 24211
1730 25644
1730 25440
1730 27004
1730 15695
1730 25390
1730 21175
1730 23403
1730 19256
1730 23829
1731 24185
1731 24435
1731 25270
1731 22298
1731 25558
1731 15505
1731 27112
1731 27221
1731 27674
1731 27416
1731 27941
1731 27991
1731 27625
1731 27660
1731 27406
1731 28039
1731 27714
1731 27740
1731 27754
1731 27831
1731 28060
1731 28083
1731 27550
1731 27565
1731 27628
1731 15861
1731 25347
1731 27646
1732 18647
1732 21795
1732 12281
1732 22940
1732 12821
1732 15465
1732 13058
1732 13171
1732 17246
1732 19763
1732 24070
1732 21764
1732 25157
1732 17518
1732 27395
1733 19270
1733 23036
1733 19461
1733 13177
1733 25842
1733 18721
1733 15213
1733 24542
1733 12766
1733 13772
1733 21777
1733 23835
1733 23853
1733 27919
1733 25032
1734 20238
1734 13131
1734 13941
1734 15305
1734 17164
1734 15926
1734 19702
1734 14118
1734 24203
1734 18236
1734 21693
1734 18848
1734 13895
1734 13924
1734 27636
1734 17982
1735 17104
1735 14333
1735 20632
1735 20549
1735 22150
1735 15031
1735 18299
1735 23470
1735 18035
1735 16622
1735 20763
1735 19948
1735 13196
1735 21270
1735 24331
1735 27580
1735 12281
1735 13114
1735 13446
1735 23538
1735 22838
1735 24341
1735 21853
1735 14568
1735 16973
1735 26927
1735 24055
1736 20094
1736 20967
1736 21483
1736 27629
1736 27979
1737 12148
1737 14276
1737 18738
1737 12537
1737 17890
1737 20027
1737 22039
1737 22087
1737 25319
1737 13061
1737 12191
1738 21581
1738 12316
1738 24871
1738 26643
1738 12906
1738 23828
1738 18554
1738 26152
1738 27843
1739 19712
1739 19012
1739 25729
1739 12030
1739 12215
1739 20771
1739 21627
1739 19729
1739 13506
1739 20073
1739 24203
1739 13441
1739 17511
1739 26478
1739 18834
1739 13163
1739 15934
1739 12160
1739 14749
1739 23171
1739 25969
1739 15228
1739 24525
1739 20165
1740 12620
1740 18712
1740 17608
1740 13606
1740 13086
1740 14327
1740 15096
1740 22449
1740 22854
1740 17062
1740 13151
1740 13963
1740 16346
1740 22276
1740 25252
1740 16344
1740 16938
1740 18940
1740 25739
1740 12430
1740 18340
1740 21286
1740 24003
1740 25095
1740 12246
1740 13088
1740 18894
1740 23713
1740 25788
1740 12257
1740 12741
1740 13131
1740 14328
1740 16672
1740 16680
1740 16690
1740 27289
1741 16616
1741 20867
1741 23248
1741 20912
1741 12499
1741 22184
1741 27061
1741 20793
1742 12863
1742 25310
1742 16107
1742 12814
1742 23609
1742 21340
1742 18816
1742 20367
1742 14499
1742 22994
1742 12189
1742 13074
1742 12171
1742 12188
1742 19078
1742 14608
1742 15408
1742 22296
1742 12281
1742 13194
1742 27553
1742 11922
1742 27332
1742 23263
1743 18129
1743 18128
1743 23902
1743 17835
1743 24669
1743 26316
1743 14818
1743 20247
1743 18007
1743 22167
1743 26040
1743 23750
1743 12023
1743 12184
1743 17940
1743 18760
1743 21290
1743 19620
1743 26650
1744 21154
1744 16016
1744 13365
1744 17613
1744 17755
1744 18224
1744 15814
1744 24621
1744 21829
1744 14553
1744 18708
1744 25639
1744 25871
1744 17162
1744 20639
1745 12049
1745 12837
1745 12221
1745 12454
1745 17159
1745 20542
1745 19304
1745 19630
1745 22614
1745 15669
1745 20028
1745 23642
1745 18978
1745 19114
1745 22806
1745 14330
1745 26408
1745 19367
1745 24176
1745 23787
1745 19615
1745 21148
1745 24528
1745 23613
1745 15329
1745 16776
1745 18410
1745 19735
1745 21551
1745 22484
1745 24000
1745 25084
1745 25092
1745 26775
1745 19290
1745 27981
1745 28091
1746 13880
1746 14275
1746 14523
1746 27006
1746 22249
1746 25734
1746 27227
1747 14294
1747 12788
1747 18725
1747 22901
1747 16431
1747 18896
1747 21916
1747 23966
1747 23976
1747 17557
1747 16224
1747 12141
1747 12727
1747 15171
1747 17619
1747 11940
1748 22515
1748 21579
1748 15110
1748 23003
1748 12587
1748 18628
1748 20678
1748 21133
1748 21954
1748 23867
1749 20228
1749 20042
1749 25337
1749 26260
1749 25111
1749 26643
1749 15106
1749 27969
1750 19247
1750 12761
1750 12832
1750 21179
1750 21143
1750 22559
1750 18044
1750 26549
1750 22154
1751 25229
1751 18879
1751 13496
1751 15945
1751 15773
1751 22472
1751 14470
1751 26242
1751 26437
1751 13193
1751 18508
1751 20503
1751 22438
1751 26590
1752 12870
1752 13308
1752 12891
1752 12278
1752 22934
1752 26057
1752 15337
1752 22504
1752 20739
1753 14517
1753 25844
1753 27705
1753 27837
1753 27639
1754 13597
1754 16084
1754 15915
1754 14034
1754 22723
1754 26046
1754 19922
1754 20414
1754 26810
1755 15908
1755 23632
1755 14869
1755 23533
1755 20497
1755 20632
1755 13262
1755 23104
1755 26012
1756 13007
1756 20330
1756 20375
1756 15635
1756 15637
1757 22336
1757 12666
1757 15000
1757 16424
1757 20199
1757 20496
1757 13309
1757 24255
1758 17418
1758 17286
1758 15123
1758 15732
1758 13158
1758 17076
1758 14675
1758 23822
1758 12493
1758 21175
1758 25555
1758 20740
1758 18540
1758 16102
1758 25883
1758 24411
1758 17479
1759 19738
1759 15143
1759 20426
1759 24276
1759 13714
1759 12026
1759 12151
1759 26033
1760 15749
1760 16980
1760 23094
1760 12070
1760 18079
1760 23585
1760 23586
1761 14922
1761 26181
1761 17474
1761 26810
1761 24004
1761 24781
1761 19351
1761 21443
1761 22968
1761 13236
1761 26966
1761 20250
1761 27261
1761 15760
1762 12634
1762 13049
1762 12335
1762 12348
1762 13588
1763 12178
1763 15304
1763 24580
1763 17460
1763 23135
1763 14718
1763 13878
1764 13021
1764 12366
1764 14603
1764 14473
1764 19390
1764 12891
1764 20010
1764 15702
1764 20322
1764 19415
1764 17451
1764 14962
1764 23796
1764 17454
1764 18887
1765 12037
1765 12193
1765 13233
1765 15185
1765 15848
1765 21357
1765 21768
1765 25683
1765 25742
1765 20829
1765 27773
1765 13129
1766 15585
1766 23388
1766 17568
1766 19464
1766 13482
1766 18967
1766 27856
1767 11921
1767 24435
1767 23248
1767 25800
1767 26277
1767 25294
1767 25942
1767 22493
1767 24658
1767 26412
1767 26743
1767 24436
1767 27526
1767 27431
1767 27379
1767 27764
1767 27677
1767 27860
1767 28039
1768 12014
1768 12056
1768 12762
1768 15785
1768 12263
1768 13992
1769 13131
1769 15618
1769 17831
1769 15374
1769 26760
1769 23812
1769 13575
1769 26896
1769 24662
1769 26486
1769 27201
1769 27086
1769 27200
1769 27704
1769 27987
1769 27972
1770 13606
1770 14820
1770 21444
1770 20896
1770 24729
1770 17184
1770 23724
1770 21162
1770 23419
1770 24244
1771 23720
1771 26154
1771 27078
1771 23605
1771 16510
1772 18786
1772 17992
1772 22302
1772 20020
1772 21896
1772 14974
1772 23543
1773 17180
1773 12141
1773 22367
1773 13105
1773 21833
1773 24471
1774 17329
1774 15458
1774 12217
1774 24623
1774 23546
1774 25649
1774 22992
1774 13599
1774 24621
1774 25840
1774 20444
1774 22781
1775 12508
1775 12253
1775 13276
1775 16949
1775 24809
1776 23206
1776 26095
1776 26498
1776 26155
1776 27500
1776 27819
1777 20686
1777 15721
1777 23144
1777 14225
1777 21197
1777 17046
1777 22826
1777 26292
1777 18938
1777 18764
1778 13413
1778 15892
1778 15894
1778 21278
1778 22133
1778 26198
1778 15427
1779 16190
1779 18084
1779 21108
1779 13426
1779 13341
1780 14440
1780 11949
1780 13797
1780 13274
1780 15978
1780 18744
1780 19875
1780 22006
1780 23086
1781 25072
1781 12141
1781 13064
1781 17105
1781 22419
1781 15507
1781 19076
1782 24589
1782 18277
1782 25942
1782 27499
1782 27045
1782 25109
1782 26685
1783 24945
1783 26521
1783 26523
1783 13262
1783 27205
1783 27206
1784 12518
1784 12611
1784 12848
1784 16611
1784 17509
1784 26497
1784 15241
1784 26023
1784 26922
1784 18622
1784 18623
1784 27393
1784 19145
1784 18886
1784 20240
1784 23034
1784 27487
1785 15754
1785 17418
1785 16389
1785 24465
1785 15229
1785 22826
1785 13378
1785 26382
1785 25300
1785 22363
1785 28005
1786 13018
1786 20405
1786 18215
1786 23940
1786 11890
1786 13557
1786 13774
1786 27044
1786 21769
1786 16747
1786 16569
1786 25892
1786 17386
1786 17999
1786 17451
1786 22305
1786 13479
1786 14373
1786 16743
1786 22291
1786 12348
1786 11873
1786 14132
1786 23808
1787 22848
1787 23112
1787 16595
1787 20937
1787 22383
1787 13882
1787 25968
1788 20155
1788 15504
1788 19422
1788 23493
1788 25076
1788 25400
1789 22348
1789 23079
1789 26643
1789 25390
1789 26380
1789 18707
1789 27440
1789 26740
1789 27544
1789 27724
1789 26897
1789 27641
1789 27474
1789 27730
1789 27970
1789 27677
1790 16190
1790 15221
1790 18010
1790 22830
1790 24755
1791 23490
1791 24089
1791 12197
1791 13177
1791 14138
1791 14782
1791 15623
1791 16038
1791 16424
1791 20626
1791 21492
1791 26044
1791 26964
1792 23055
1792 23264
1792 24658
1792 27012
1792 27065
1792 27102
1792 19140
1792 20639
1792 27172
1792 16455
1792 19590
1792 12540
1792 27198
1792 23353
1792 24032
1792 14517
1792 21917
1792 27571
1792 27283
1792 24074
1792 15507
1792 15511
1792 27442
1792 27764
1792 27861
1792 17751
1792 26955
1792 26919
1792 27967
1792 28091
1793 12201
1793 25071
1793 27801
1793 12693
1793 15439
1793 15665
1793 17080
1793 19270
1793 21658
1793 13802
1794 12693
1794 12348
1794 21896
1794 18276
1794 27679
1795 23191
1795 24666
1795 25568
1795 26106
1795 26568
1796 16581
1796 14327
1796 18267
1796 16388
1796 20444
1796 24313
1796 22721
1796 24033
1796 18136
1796 24021
1796 23246
1796 20819
1796 24151
1796 18424
1796 21487
1796 16502
1796 17880
1796 23522
1796 12304
1796 21229
1797 12948
1797 14223
1797 23588
1797 19712
1797 25458
1798 12509
1798 15242
1798 19290
1798 23180
1798 19289
1798 19064
1798 17357
1798 20483
1798 13131
1798 17825
1798 19930
1798 20648
1798 25038
1798 13319
1798 16074
1798 20145
1798 25543
1798 16327
1798 24978
1799 13218
1799 12766
1799 13011
1799 12777
1799 14327
1799 18007
1799 12944
1799 15785
1799 12439
1799 12722
1799 15911
1799 17558
1799 17858
1799 17160
1799 16830
1799 23875
1800 20465
1800 13653
1800 17509
1800 19615
1800 22901
1800 23976
1800 22025
1801 15347
1801 15930
1801 13051
1801 16638
1801 20465
1801 19357
1801 19385
1801 12023
1801 13542
1801 15221
1801 17234
1801 21635
1801 23733
1801 18647
1801 25640
1802 17121
1802 15221
1802 21544
1802 22862
1802 25185
1802 20359
1802 22548
1802 18070
1803 12575
1803 16584
1803 19065
1803 18019
1803 18610
1803 18611
1803 12280
1803 21834
1803 15721
1803 15069
1803 16895
1803 22155
1803 23459
1803 21696
1803 27182
1803 27200
1803 27285
1804 15580
1804 21423
1804 19270
1804 17243
1804 27487
1804 13440
1804 25360
1804 17671
1804 24902
1804 25702
1804 25261
1804 22139
1804 18345
1804 15354
1804 17567
1804 25977
1805 12010
1805 15302
1805 14054
1805 14919
1805 16586
1805 17509
1805 17885
1805 16863
1805 21722
1805 25372
1805 22440
1805 21857
1805 19974
1805 23680
1805 19289
1805 15186
1805 21338
1805 19937
1805 24037
1805 27186
1806 12532
1806 12056
1806 12060
1806 12156
1806 12687
1806 12336
1806 12367
1806 12369
1806 21575
1806 21804
1806 23767
1806 23983
1806 23355
1806 25549
1806 26096
1806 14506
1806 27581
1806 27791
1806 19593
1806 27982
1807 12201
1807 13131
1807 17395
1807 19371
1807 22031
1807 23591
1807 26584
1808 14848
1808 25637
1808 15268
1808 20749
1808 18780
1808 15913
1808 17256
1808 13003
1808 19845
1808 21715
1808 23529
1808 27419
1809 13386
1809 20438
1809 21483
1809 26964
1809 27009
1809 16050
1809 16576
1809 16950
1809 17257
1809 17451
1809 18309
1809 18943
1809 23962
1810 24266
1810 23075
1810 26055
1810 24436
1810 23642
1810 27045
1810 12192
1810 27732
1810 13098
1811 12164
1811 12408
1811 12410
1811 18648
1811 24723
1812 17365
1812 22076
1812 27278
1812 14971
1812 15725
1812 23387
1813 18616
1813 19690
1813 11859
1813 22475
1813 24990
1814 13662
1814 12557
1814 20120
1814 23217
1814 18090
1814 24116
1814 23361
1814 24764
1814 23905
1814 26643
1814 11923
1814 27161
1814 27525
1814 27609
1814 27963
1814 27899
1815 15505
1815 23117
1815 14628
1815 17854
1815 23432
1815 24639
1815 24439
1815 24969
1815 24124
1815 25601
1815 25831
1815 24778
1815 16419
1815 14878
1815 23292
1815 25207
1815 23764
1815 26841
1815 27012
1815 18660
1815 25844
1815 19122
1815 17612
1815 27915
1815 27709
1815 27715
1815 13131
1815 21181
1815 23206
1815 16046
1816 11889
1816 18908
1816 23906
1816 14623
1816 23584
1816 22994
1816 25863
1817 20990
1817 23216
1817 17085
1817 12680
1817 25490
1818 12046
1818 22137
1818 19411
1818 20713
1818 23037
1818 15017
1818 18525
1818 23433
1818 27529
1819 17329
1819 20315
1819 13343
1819 15441
1819 26027
1819 25476
1820 12457
1820 19415
1820 15263
1820 25628
1820 21238
1820 25595
1820 21170
1820 27825
1821 14611
1821 16835
1821 12103
1821 17343
1821 20662
1821 17520
1821 19910
1821 12396
1821 12620
1821 12248
1821 12985
1821 13308
1821 20256
1821 27516
1821 21508
1821 21154
1821 23390
1821 15086
1821 20540
1821 23388
1821 26306
1821 25352
1821 20156
1821 23280
1821 26206
1821 23419
1821 27352
1822 13122
1822 21597
1822 11896
1822 18804
1822 25388
1822 21593
1823 20819
1823 17883
1823 27059
1823 13471
1823 26752
1823 13378
1823 21765
1823 13131
1823 14622
1823 26990
1823 27386
1823 14813
1823 19273
1823 12395
1823 20257
1823 21455
1824 22977
1824 23799
1824 14418
1824 14543
1824 17107
1824 17114
1824 19519
1824 19615
1824 21011
1824 22560
1824 22781
1824 26759
1825 16042
1825 12575
1825 12597
1825 13261
1825 25067
1825 16029
1825 26739
1825 23550
1825 14673
1825 23522
1825 24524
1825 16343
1825 27308
1825 14538
1825 24836
1825 26509
1826 21770
1826 15441
1826 15456
1826 21251
1826 15507
1826 25549
1826 16768
1826 12540
1826 17794
1826 18084
1826 14377
1826 14701
1826 22353
1826 18725
1826 23908
1826 19615
1826 16892
1827 20632
1827 11866
1827 11921
1827 13023
1827 22607
1827 19076
1827 17865
1827 18736
1828 12416
1828 14518
1828 11885
1828 14894
1828 16146
1828 12112
1828 19578
1829 11978
1829 18334
1829 16379
1829 21587
1829 13161
1829 27198
1829 27343
1829 22829
1829 25858
1829 19685
1829 26757
1830 19603
1830 23529
1830 24698
1830 20626
1830 22019
1830 22614
1830 12707
1831 13314
1831 16579
1831 20411
1831 17128
1831 22139
1831 25648
1831 13976
1831 26884
1831 14510
1831 20670
1831 26966
1832 14808
1832 14757
1832 16839
1832 14881
1832 18819
1833 23271
1833 19415
1833 22107
1833 24902
1833 27138
1833 19852
1833 21141
1833 23533
1834 24639
1834 24307
1834 24274
1834 23459
1834 23466
1834 24141
1834 21555
1834 21514
1834 17819
1834 25285
1834 22810
1834 25337
1834 25964
1834 25575
1834 26958
1834 25901
1834 21380
1834 26912
1834 26914
1834 14091
1834 19985
1834 27281
1834 27285
1834 21273
1835 18276
1835 27198
1835 14224
1835 17982
1835 23568
1835 24280
1835 13603
1835 19231
1835 27045
1835 27732
1835 27737
1835 27840
1835 19105
1835 22954
1836 18471
1836 22307
1836 23162
1836 20580
1836 25125
1836 23672
1836 24532
1836 13951
1836 14747
1836 14473
1836 26725
1836 12031
1836 16758
1836 17945
1836 24850
1836 27098
1837 14905
1837 20586
1837 18625
1837 13975
1837 21518
1838 25048
1838 26568
1838 17093
1838 26620
1838 14530
1838 19846
1838 23402
1838 17577
1838 22175
1838 23633
1838 15050
1838 22791
1838 16367
1838 16044
1838 20844
1838 14244
1838 21624
1838 27283
1838 27376
1838 27729
1838 23127
1838 27513
1838 27833
1838 26990
1838 27652
1838 28004
1839 17402
1839 22062
1839 24585
1839 23459
1839 25652
1839 25337
1839 22348
1839 25558
1839 27283
1839 27837
1839 24026
1839 27931
1839 25837
1839 28090
1839 27920
1840 15888
1840 12428
1840 13296
1840 17680
1840 19878
1840 23694
1840 14553
1840 24179
1840 18212
1840 11838
1840 22293
1840 21593
1840 23897
1840 13647
1840 23800
1840 25846
1840 22471
1840 22639
1840 26172
1840 14670
1840 24386
1840 21556
1840 26646
1840 26395
1840 26931
1840 26840
1840 26241
1840 26743
1840 26527
1840 27562
1840 21833
1840 16499
1840 27442
1840 25777
1840 14377
1840 14940
1840 25837
1840 27895
1840 27717
1840 14683
1840 27925
1840 27991
1840 28091
1841 22145
1841 23303
1841 12083
1841 11847
1841 13010
1841 26881
1842 12944
1842 14045
1842 14298
1842 16643
1842 16743
1842 17539
1842 27159
1843 15195
1843 21360
1843 23151
1843 17501
1843 23971
1843 14290
1843 23409
1843 15896
1843 18732
1843 22834
1844 23529
1844 26343
1844 18413
1844 25109
1844 13793
1844 19014
1844 25997
1844 15052
1844 26893
1845 14653
1845 25845
1845 13365
1845 16782
1845 19551
1846 13104
1846 13436
1846 13437
1846 15377
1846 17410
1846 21433
1846 21961
1846 24093
1847 12119
1847 12120
1847 13741
1847 26385
1847 12403
1847 12849
1847 20277
1848 13556
1848 14878
1848 15221
1848 12672
1848 13884
1849 15951
1849 14653
1849 25672
1849 25565
1849 21894
1849 26896
1849 27269
1849 27527
1849 27732
1849 25653
1849 25109
1850 17572
1850 25122
1850 17939
1850 12538
1850 21856
1851 12409
1851 14577
1851 17709
1851 15974
1851 14964
1851 21514
1852 12068
1852 12547
1852 14676
1852 11890
1852 21546
1852 23684
1852 26340
1852 19919
1852 27389
1853 13565
1853 19470
1853 14452
1853 27081
1853 23787
1853 27573
1853 23895
1854 13784
1854 15393
1854 13635
1854 13636
1854 14022
1854 26603
1855 26354
1855 15147
1855 13131
1855 19139
1855 24825
1855 19228
1855 22022
1855 24211
1855 18140
1855 20273
1855 20055
1855 13447
1855 12758
1855 25125
1856 25987
1856 27415
1856 24997
1856 27229
1856 26721
1856 13138
1856 21945
1856 22507
1856 27544
1856 25405
1856 22911
1856 27559
1856 27370
1856 26954
1856 13045
1856 27808
1856 25653
1856 25837
1856 27876
1856 27843
1856 27507
1856 11896
1856 26891
1857 12558
1857 15578
1857 15080
1857 20365
1857 23991
1857 17046
1857 19963
1857 14327
1857 22018
1857 13041
1857 13021
1857 15454
1857 15067
1857 15265
1857 20021
1858 14717
1858 19663
1858 16730
1858 14465
1858 17368
1858 16065
1858 13004
1858 17309
1858 17736
1858 20384
1858 14226
1858 16306
1858 13803
1858 15819
1858 19065
1858 12430
1858 19729
1858 14837
1858 26760
1858 22973
1858 27008
1859 11893
1859 12384
1859 15235
1859 19235
1859 13039
1859 21175
1859 26445
1860 18625
1860 19875
1860 23149
1860 24188
1860 18909
1860 27415
1860 27837
1860 27941
1860 28069
1860 27565
1861 22091
1861 24537
1861 24736
1861 14607
1861 17884
1861 24161
1861 25110
1861 23321
1861 26986
1861 24427
1861 22600
1861 25520
1861 24372
1861 24436
1861 25575
1861 18909
1861 26688
1861 25405
1861 26954
1861 27724
1861 27840
1861 27955
1862 20896
1862 21575
1862 22782
1862 18279
1862 17978
1862 19902
1862 21248
1862 24274
1862 25516
1862 21894
1862 27969
1863 17895
1863 15946
1863 17450
1863 19770
1863 20936
1863 18130
1863 23685
1863 28054
1863 25652
1863 15588
1864 23218
1864 23939
1864 24417
1864 26055
1864 24460
1864 18277
1864 25943
1864 24022
1864 11923
1864 27617
1865 22733
1865 13175
1865 14203
1865 20645
1865 20467
1865 13044
1866 18886
1866 20933
1866 19512
1866 23750
1866 26648
1866 20471
1866 24111
1866 26046
1867 14895
1867 16454
1867 16548
1867 19540
1867 14469
1867 20990
1867 26540
1867 27219
1868 17335
1868 13576
1868 19330
1868 20093
1868 21546
1868 18812
1868 22516
1868 23432
1868 19408
1868 24278
1868 25515
1868 24208
1868 25863
1868 26128
1868 26530
1868 25394
1868 26645
1868 25503
1868 13427
1868 23088
1868 27835
1868 27175
1868 27985
1868 27477
1869 24666
1869 15161
1869 11923
1869 27837
1869 26757
1869 27615
1869 27689
1870 12430
1870 12223
1870 12130
1870 12437
1870 12222
1870 12124
1870 12099
1870 12248
1870 12364
1870 12104
1870 14156
1870 12998
1870 12356
1870 13672
1870 13671
1870 11885
1870 12464
1870 12109
1870 17130
1870 18201
1870 15261
1870 16742
1870 15802
1870 22688
1870 25575
1870 27416
1871 24531
1871 20375
1871 20887
1871 23046
1871 23414
1871 25194
1872 14685
1872 17273
1872 19462
1872 15463
1872 16309
1872 12178
1872 21682
1872 19257
1872 19825
1872 23931
1872 25038
1872 17257
1872 16962
1872 14523
1872 26822
1872 15721
1872 23533
1873 14083
1873 12243
1873 15846
1873 17134
1873 16506
1873 19069
1874 12145
1874 12317
1874 12542
1874 12269
1874 16196
1874 17627
1874 17349
1874 22952
1874 21000
1874 20317
1874 21953
1874 27873
1874 27982
1875 16308
1875 12178
1875 15911
1875 16469
1875 18565
1875 23348
1875 13301
1875 14909
1875 18321
1875 27578
1876 13882
1876 15665
1876 15228
1876 21039
1876 24247
1876 24393
1876 19540
1876 13069
1876 16596
1876 17159
1876 13159
1876 13260
1876 14641
1876 17233
1876 24975
1876 22922
1876 25034
1876 19984
1876 24356
1876 23603
1876 22395
1876 22482
1876 12693
1877 12155
1877 12576
1877 12464
1877 13882
1877 18204
1877 13462
1877 18451
1877 17395
1877 16526
1877 27516
1878 13331
1878 13253
1878 16454
1878 20534
1878 22428
1878 24586
1878 24574
1878 16066
1878 15866
1878 25988
1878 13788
1878 21209
1879 16912
1879 12817
1879 18773
1879 14212
1879 25433
1879 15894
1879 24812
1879 13498
1879 23688
1879 20156
1879 22021
1880 12833
1880 12746
1880 19979
1880 20961
1880 21380
1880 27614
1880 27978
1880 27956
1881 15930
1881 16906
1881 16320
1881 16943
1881 23962
1881 11893
1881 15938
1881 12944
1881 23437
1881 24164
1881 26075
1881 22086
1881 23820
1881 18507
1881 18335
1881 15922
1881 22989
1881 11852
1881 12042
1881 24933
1881 19675
1882 12153
1882 11984
1882 13618
1882 20918
1882 12620
1882 18033
1882 22585
1882 24978
1882 27412
1882 14543
1883 13379
1883 16694
1883 24541
1883 21594
1883 24947
1883 22298
1883 22348
1883 15597
1883 25470
1883 11923
1883 14627
1883 21109
1883 12922
1883 16429
1883 13138
1883 18707
1883 17784
1883 22045
1883 25757
1883 20901
1883 27731
1883 27732
1883 27764
1883 20535
1883 14889
1884 22199
1884 18987
1884 12741
1884 21038
1884 26778
1884 26338
1885 27302
1885 26772
1885 26743
1885 25267
1885 26074
1885 27729
1885 27724
1885 27379
1885 26954
1885 27203
1885 27833
1885 25777
1885 27855
1885 25837
1885 26919
1885 28015
1885 27969
1886 16912
1886 14848
1886 12067
1886 19728
1886 19946
1887 16413
1887 20875
1887 18957
1887 23138
1887 21076
1887 23788
1888 16572
1888 19280
1888 13646
1888 21602
1888 15113
1888 16424
1888 22610
1888 26169
1889 16778
1889 12153
1889 14175
1889 20290
1889 14962
1889 15493
1889 24606
1890 24327
1890 24956
1890 24372
1890 12348
1890 25470
1891 12943
1891 22638
1891 23989
1891 25941
1891 26989
1891 27249
1891 26945
1891 17263
1891 27286
1891 27441
1892 14138
1892 13318
1892 16073
1892 14393
1892 13418
1892 21053
1892 24608
1892 19832
1892 16475
1892 24543
1892 19939
1892 24574
1892 25035
1892 24577
1892 24494
1892 22676
1892 26172
1892 25654
1892 20696
1892 18661
1892 26534
1892 11923
1892 27065
1892 27249
1892 23787
1892 27280
1892 27705
1892 20550
1892 27641
1893 12481
1893 12104
1893 14880
1893 13716
1893 12666
1893 19902
1893 22937
1893 19469
1893 17073
1893 19977
1893 21695
1893 21721
1893 13880
1893 15677
1893 21654
1893 21505
1893 11860
1893 21653
1893 23748
1893 14748
1893 14751
1893 13600
1893 16312
1893 16866
1893 26183
1893 26717
1893 19058
1893 15075
1894 17809
1894 21667
1894 23026
1894 19328
1894 21262
1894 24101
1894 23242
1895 20699
1895 22040
1895 21383
1895 21988
1895 12891
1895 22504
1895 14327
1895 16914
1895 24789
1895 15961
1895 15760
1895 21338
1895 14575
1895 19665
1895 26247
1895 23296
1895 15052
1895 14102
1895 19832
1895 17716
1895 15934
1895 17395
1895 26484
1895 22527
1895 25544
1895 16112
1895 20097
1895 22981
1895 24048
1895 22736
1895 25700
1895 26317
1896 12008
1896 13181
1896 22177
1896 24405
1896 21555
1897 12233
1897 12041
1897 12379
1897 12091
1897 11890
1897 23615
1897 26260
1897 27081
1897 26795
1897 15857
1897 26757
1897 27652
1897 27157
1897 27920
1898 19390
1898 18569
1898 20213
1898 23474
1898 12042
1898 23906
1898 25111
1898 20429
1898 26274
1898 27182
1898 27368
1898 25653
1898 27911
1899 14176
1899 19009
1899 19940
1899 26813
1899 27808
1899 27722
1899 27175
1899 27899
1899 28039
1900 18192
1900 18964
1900 11882
1900 13658
1900 19146
1900 15400
1900 14582
1900 16835
1900 25204
1900 27495
1900 16347
1900 24397
1900 21009
1900 27859
1900 22875
1900 25109
1900 28091
1901 20937
1901 23019
1901 16970
1901 24059
1901 24543
1901 24423
1901 20155
1901 25672
1901 24443
1901 22348
1901 26808
1901 17517
1901 24110
1901 26412
1901 23353
1901 20361
1901 17091
1901 27315
1901 26891
1901 27764
1901 26854
1902 17530
1902 22438
1902 18659
1902 19415
1902 14577
1902 20490
1902 13653
1902 19395
1902 13232
1902 25976
1902 25135
1902 21173
1902 15596
1902 17007
1902 25044
1903 11852
1903 15038
1903 18192
1903 20944
1903 25601
1903 25270
1903 20322
1903 21894
1903 24277
1903 27145
1903 27333
1903 26565
1903 27581
1903 23064
1903 17282
1904 18493
1904 13253
1904 18738
1904 18894
1904 23054
1904 25946
1904 13460
1904 19883
1904 22128
1905 13878
1905 23075
1905 25557
1905 24662
1905 22243
1905 27763
1906 19735
1906 13553
1906 24954
1906 18243
1906 19969
1906 19117
1906 24166
1906 13003
1906 21767
1906 25375
1906 13131
1906 20272
1907 12499
1907 12538
1907 17755
1907 18899
1907 20284
1907 23930
1907 24603
1907 26768
1908 20618
1908 23296
1908 16259
1908 22014
1908 25100
1909 12196
1909 17770
1909 16627
1909 22128
1909 19069
1909 20922
1909 18084
1909 20923
1909 20952
1909 15775
1909 12139
1909 18442
1909 17309
1909 20235
1909 19722
1909 24956
1909 24749
1909 25767
1909 25893
1909 24516
1910 14493
1910 17764
1910 18463
1910 17329
1910 20431
1910 20432
1910 14155
1910 20935
1910 23218
1910 14151
1910 25520
1910 23294
1910 24508
1910 26277
1910 26820
1910 25267
1910 21917
1910 26308
1911 12741
1911 15771
1911 14879
1911 12848
1911 17332
1911 18893
1911 11900
1911 14562
1911 14547
1911 20016
1911 12213
1911 13436
1911 13437
1912 23123
1912 20385
1912 18090
1912 15751
1912 23185
1912 24385
1912 15841
1912 24969
1912 26170
1912 24956
1912 26260
1912 26645
1912 23512
1912 15383
1912 20057
1912 27163
1912 27198
1912 27191
1913 23459
1913 26394
1913 16962
1913 22049
1913 18044
1913 28002
1914 11919
1914 16670
1914 13593
1914 14666
1914 16705
1914 14379
1914 27495
1914 21917
1914 27283
1914 12016
1914 14361
1914 27857
1914 12225
1914 27674
1914 16719
1914 21599
1914 17602
1914 27581
1914 12741
1914 26049
1914 27855
1914 27891
1914 27819
1914 27770
1914 23885
1914 26139
1914 27895
1914 27964
1914 26757
1915 19371
1915 22974
1915 12795
1915 23112
1915 24151
1915 23888
1915 19012
1916 13580
1916 15665
1916 19932
1916 20558
1916 23343
1916 23934
1916 19249
1916 21953
1916 14060
1916 17585
1916 20800
1916 22025
1916 24070
1916 24735
1916 27226
1917 17540
1917 23868
1917 18033
1917 22038
1917 17503
1917 14590
1917 14603
1917 14787
1917 18820
1918 14407
1918 11842
1918 26665
1918 26799
1918 27448
1919 16551
1919 19828
1919 14100
1919 18789
1919 21012
1919 20413
1919 17999
1919 22105
1919 12243
1919 15302
1919 25186
1919 26909
1919 23887
1919 16754
1919 19665
1919 21158
1919 26755
1919 25355
1920 23364
1920 19942
1920 22589
1920 24541
1920 20158
1920 22913
1920 21997
1920 15882
1920 18392
1920 20284
1920 21338
1920 23592
1920 27258
1920 18605
1920 19266
1920 21290
1920 21294
1920 24510
1920 26242
1920 20202
1920 20985
1920 24971
1920 17403
1920 27094
1920 24389
1921 15408
1921 17247
1921 13825
1921 18800
1921 21537
1921 20136
1921 12167
1922 14301
1922 21191
1922 21203
1922 12341
1922 12406
1922 13710
1923 21835
1923 22517
1923 17686
1923 24435
1923 24425
1923 25610
1923 26914
1923 27182
1923 25147
1924 23811
1924 15646
1924 25752
1924 15819
1924 24078
1924 16844
1925 14526
1925 15665
1925 25248
1925 13036
1925 14364
1925 22139
1925 17442
1926 12223
1926 12634
1926 12310
1926 17444
1926 21665
1926 25109
1927 13878
1927 13108
1927 12268
1927 18908
1927 12433
1927 23906
1927 24606
1927 14958
1927 25285
1928 12085
1928 13315
1928 13324
1928 12073
1928 18783
1928 24070
1929 15912
1929 15885
1929 21500
1929 17512
1929 22577
1929 22278
1929 16537
1930 18467
1930 14310
1930 16286
1930 20178
1930 20179
1930 13893
1930 16282
1930 22709
1930 23081
1930 24171
1930 25607
1931 12031
1931 13586
1931 17859
1931 15586
1931 15585
1931 24527
1931 23183
1931 27532
1932 15221
1932 21566
1932 12805
1932 20923
1932 23144
1932 17885
1932 23302
1932 18236
1932 22656
1932 23945
1932 25767
1932 25829
1932 27076
1932 20718
1932 22534
1932 23570
1932 23836
1932 26868
1932 14034
1932 23065
1932 24978
1932 25497
1932 14053
1933 22670
1933 24590
1933 25270
1933 27280
1933 27996
1934 24238
1934 26454
1934 24107
1934 24715
1934 25159
1935 12191
1935 13794
1935 15670
1935 24479
1935 16019
1935 27710
1936 14384
1936 20256
1936 25463
1936 12214
1936 12974
1936 13042
1936 15978
1936 16928
1936 18647
1936 18668
1936 19249
1936 19367
1936 19591
1936 20247
1936 20917
1936 21148
1936 21241
1936 22182
1936 23735
1936 25043
1936 25587
1936 27390
1936 15935
1937 22813
1937 24184
1937 24427
1937 20772
1937 22746
1937 26743
1937 26049
1937 26084
1938 15952
1938 26353
1938 13337
1938 15664
1938 24865
1938 15124
1939 21010
1939 16863
1939 18713
1939 26706
1939 16351
1939 24090
1939 22841
1939 19632
1939 14472
1939 23925
1940 11957
1940 19439
1940 13878
1940 20327
1940 19435
1940 26409
1940 26410
1940 25971
1940 20535
1940 24789
1941 13686
1941 21585
1941 13204
1941 14184
1941 15626
1941 20371
1941 13285
1941 19938
1942 14830
1942 17120
1942 19338
1942 12789
1942 14327
1942 22890
1942 15160
1942 24495
1942 21127
1942 19684
1942 25898
1942 18302
1943 15179
1943 15585
1943 19122
1943 12339
1943 21896
1944 16435
1944 12245
1944 24638
1944 13386
1944 18727
1945 12721
1945 19859
1945 17261
1945 14949
1945 17584
1945 22688
1945 27229
1945 27333
1945 27664
1945 27920
1946 13102
1946 21236
1946 26686
1946 12139
1946 16429
1946 22005
1946 17711
1946 21139
1947 13580
1947 14190
1947 15407
1947 14204
1947 12061
1947 18668
1947 24033
1947 25036
1947 26055
1947 25863
1947 27541
1947 27542
1947 25147
1948 18263
1948 26242
1948 18461
1948 25323
1948 27492
1948 13944
1948 14138
1948 27587
1948 26891
1948 16916
1948 17228
1948 22433
1948 14187
1949 19671
1949 12984
1949 12659
1949 18273
1949 20533
1949 21458
1949 24831
1949 13087
1949 14138
1949 14211
1949 15119
1949 17095
1949 18968
1949 23064
1949 12190
1949 13055
1949 14371
1949 27303
1949 18344
1949 26247
1950 18010
1950 19504
1950 19505
1950 11853
1950 13346
1950 14186
1950 16050
1950 16199
1950 16962
1950 18529
1950 20621
1950 21278
1950 24012
1950 24603
1950 26435
1950 15040
1950 22133
1950 25388
1951 24515
1951 24956
1951 26168
1951 26960
1951 26317
1951 21009
1951 28022
1951 24475
1951 27175
1951 28089
1951 28093
1951 15861
1952 20320
1952 21187
1952 24460
1952 12509
1952 19069
1952 23563
1952 25876
1952 26948
1952 14610
1952 18242
1952 19188
1952 22341
1952 25256
1952 25820
1952 25821
1952 25934
1953 15186
1953 12187
1953 16574
1953 22462
1953 23065
1953 13595
1953 11917
1953 17275
1953 19937
1953 18321
1953 24702
1953 15885
1953 25157
1954 16611
1954 24776
1954 24859
1954 18147
1954 21943
1954 26817
1954 13982
1955 12794
1955 13829
1955 16324
1955 12622
1955 23408
1955 27897
1956 15702
1956 25863
1956 26106
1956 24662
1956 19499
1956 27641
1957 15629
1957 17125
1957 12745
1957 19172
1957 18501
1957 19961
1957 19902
1957 23747
1957 24666
1957 23459
1957 26534
1957 27641
1958 13816
1958 14911
1958 11890
1958 14234
1958 13331
1958 13332
1958 21567
1958 21469
1959 18620
1959 21627
1959 14692
1959 20105
1959 27298
1959 16662
1959 16663
1959 23503
1959 11899
1959 14939
1959 15233
1959 17536
1959 18008
1959 18741
1959 22378
1959 22997
1960 25270
1960 15649
1960 26128
1960 14838
1960 24448
1960 26400
1960 22297
1960 22369
1960 18093
1960 15641
1960 18173
1960 25421
1960 26412
1960 26821
1960 26960
1960 26176
1960 26820
1960 23856
1960 27729
1960 27764
1960 27834
1960 27585
1960 25109
1960 28011
1960 28022
1960 28014
1960 17184
1961 11847
1961 12789
1961 20632
1961 15302
1961 15505
1961 15635
1962 16481
1962 15694
1962 12781
1962 15549
1962 15548
1962 18084
1962 15103
1962 19735
1962 15498
1962 22065
1962 19364
1962 22623
1963 18909
1963 27525
1963 27724
1963 27836
1963 27416
1963 27885
1963 28044
1964 16845
1964 20703
1964 22156
1964 26375
1964 27769
1965 22738
1965 20415
1965 16825
1965 22388
1965 15072
1966 13909
1966 13672
1966 18802
1966 14997
1966 20872
1966 24598
1966 14572
1966 16496
1966 27037
1967 20564
1967 15529
1967 12145
1967 22429
1967 15911
1968 16619
1968 22344
1968 19791
1968 22296
1968 25918
1968 26205
1969 22953
1969 20613
1969 13784
1969 16263
1969 16524
1969 17354
1969 20010
1969 21297
1969 21794
1969 25657
1969 15201
1969 16650
1969 24603
1969 19824
1969 26051
1970 15162
1970 12673
1970 21828
1970 20505
1970 21249
1970 23927
1970 24873
1970 21175
1970 20202
1970 27585
1970 18697
1970 12666
1970 15477
1970 17566
1971 19007
1971 16923
1971 24723
1971 13701
1971 21627
1972 16106
1972 17957
1972 22858
1972 24017
1972 14498
1972 19814
1972 26932
1972 26411
1972 23347
1972 16279
1972 27806
1972 28009
1973 23073
1973 24101
1973 24456
1973 24974
1973 26122
1973 26483
1973 27220
1974 12806
1974 19118
1974 21498
1974 24190
1974 21433
1974 25235
1974 21141
1974 21273
1974 24041
1974 24095
1975 24808
1975 23692
1975 26186
1975 26167
1975 26348
1975 26412
1975 19593
1975 27859
1976 14317
1976 20213
1976 24586
1976 24266
1976 24606
1976 24666
1976 14196
1976 20617
1976 23989
1976 24534
1976 25961
1976 26056
1976 26128
1976 24433
1976 26106
1976 26164
1976 25076
1976 26002
1976 25294
1976 26450
1976 24662
1976 26113
1976 26903
1976 27552
1976 21463
1976 27202
1976 27358
1976 26902
1976 27765
1976 27982
1976 27985
1976 27948
1976 28004
1976 26925
1976 23332
1977 14387
1977 14048
1977 14581
1977 14127
1977 14327
1977 17262
1977 12818
1977 19024
1977 18451
1977 12201
1977 16402
1977 25568
1978 13474
1978 16455
1978 18051
1978 23798
1978 18234
1978 24730
1978 16039
1978 25521
1978 26047
1978 15664
1978 26014
1978 26239
1978 24538
1978 25908
1978 25294
1978 11923
1978 27065
1978 12891
1978 11869
1978 17511
1978 21917
1978 23296
1978 23505
1978 27541
1978 27358
1978 24894
1978 21299
1978 26888
1978 26102
1979 12306
1979 12763
1979 13283
1979 16892
1979 18325
1979 21412
1979 23428
1979 23879
1979 23934
1979 25086
1979 25947
1979 13365
1979 13456
1979 16146
1979 12766
1979 23377
1980 11913
1980 15557
1980 16300
1980 15329
1980 25463
1980 24668
1980 24669
1981 12367
1981 16254
1981 12691
1981 22576
1981 23686
1981 24585
1981 24804
1981 26166
1981 23613
1981 19186
1981 25558
1981 24662
1981 26820
1981 28015
1981 27964
1981 28075
1982 13367
1982 23767
1982 24435
1982 23138
1982 25988
1982 18909
1982 27440
1982 27552
1982 27840
1983 23144
1983 17335
1983 12724
1983 24457
1983 22033
1983 20838
1983 20953
1983 21446
1983 17737
1983 25563
1983 13927
1984 15617
1984 15057
1984 23414
1984 20916
1984 12643
1984 16224
1984 23512
1984 15058
1984 14275
1984 15924
1984 25121
1984 17100
1984 24325
1984 17212
1984 16581
1984 22175
1984 22672
1984 15637
1984 24991
1984 26342
1984 12891
1984 27139
1984 26778
1985 12585
1985 14465
1985 15039
1985 12491
1985 24527
1985 23940
1985 20904
1985 24278
1985 26242
1985 27825
1985 14061
1985 22621
1985 27410
1986 20198
1986 25121
1986 15766
1986 13087
1986 15400
1986 25711
1986 24605
1987 15046
1987 13901
1987 15317
1987 13362
1987 23356
1988 13195
1988 19979
1988 22134
1988 25781
1988 26170
1988 26644
1988 23812
1988 26760
1988 15774
1988 24662
1988 19393
1988 26728
1988 26412
1988 27087
1988 26996
1988 27310
1988 27041
1988 27182
1988 26798
1988 27920
1989 15701
1989 25595
1989 21580
1989 26789
1989 22805
1989 15207
1989 21579
1989 25711
1989 12944
1989 26274
1989 15103
1989 17268
1989 13045
1989 16023
1989 13586
1989 25993
1990 13358
1990 16485
1990 14880
1990 15221
1990 17078
1991 12191
1991 22854
1991 14295
1991 18051
1991 21516
1991 18206
1991 16455
1991 18120
1991 26440
1991 20127
1991 27718
1991 27142
1991 17960
1992 15593
1992 15877
1992 17329
1992 19301
1992 22978
1992 16355
1992 25501
1992 15096
1992 26906
1992 27503
1992 27050
1992 23724
1993 19469
1993 22854
1993 22103
1993 25302
1993 25659
1993 22627
1993 20241
1993 24630
1993 18692
1994 12201
1994 12580
1994 24507
1994 23983
1994 23212
1995 21425
1995 13422
1995 13081
1995 14448
1995 15964
1995 20534
1995 22305
1995 25111
1995 20160
1996 21514
1996 16892
1996 21772
1996 20224
1996 19351
1996 19842
1996 20863
1996 15775
1997 12449
1997 19124
1997 12693
1997 21806
1997 14132
1997 21584
1997 14200
1997 17089
1997 24473
1997 13272
1997 18647
1997 25048
1997 26224
1997 25806
1997 26897
1997 26155
1997 26691
1997 22297
1997 26737
1997 27500
1998 21296
1998 21667
1998 12479
1998 22920
1998 24666
1998 25568
1998 26340
1998 25575
1998 19186
1998 27228
1998 27543
1998 27705
1998 27855
1998 26652
1999 18402
1999 15478
1999 19734
1999 19868
1999 23022
2000 15689
2000 19941
2000 20444
2000 17335
2000 13005
2000 22830
2000 12217
2000 24853
2000 19913
2000 21338
2000 24850
2000 21953
2000 26318
2000 22003
2000 26691
2000 24718
2000 16918
2000 25359
2000 19738
2000 21723
2000 25855
2000 26367
2000 26655
2001 12796
2001 12233
2001 12891
2001 24103
2001 20427
2001 20617
2001 13991
2001 24944
2001 24532
2001 23715
2001 25076
2001 20018
2001 18909
2001 26960
2001 22397
2001 20901
2001 14517
2001 27873
2001 26757
2001 28093
2002 28063
2002 15637
2002 25652
2002 25958
2002 13985
2002 27277
2003 12261
2003 14333
2003 20016
2003 22294
2003 23909
2003 21709
2003 26324
2003 24436
2003 22412
2003 26272
2003 22369
2003 26451
2003 26544
2003 27560
2003 26565
2003 27376
2003 27283
2003 27203
2003 26308
2004 12708
2004 12528
2004 17645
2004 19031
2004 11875
2004 20770
2004 21575
2004 22505
2004 23680
2004 24184
2004 24584
2004 24643
2004 25806
2004 22350
2004 26606
2004 26874
2004 26914
2004 26795
2004 27280
2004 21917
2004 27283
2004 20792
2004 27819
2004 27861
2004 26919
2004 27987
2005 12891
2005 14469
2005 19395
2005 13436
2005 26299
2006 13658
2006 12192
2006 12905
2006 13479
2006 15336
2006 20733
2006 13603
2006 14000
2006 22879
2006 23724
2006 24147
2006 16280
2006 22190
2006 12318
2006 12321
2006 15775
2006 18616
2006 25570
2006 20161
2006 26665
2007 16261
2007 12348
2007 21518
2007 25881
2007 18387
2007 13113
2007 24598
2008 13810
2008 16571
2008 21942
2008 20564
2008 12974
2008 15221
2009 12794
2009 14438
2009 13140
2009 24494
2009 11923
2009 24658
2009 27674
2009 25653
2009 27971
2009 27945
2010 15479
2010 13004
2010 13394
2010 14186
2010 13271
2010 11866
2010 13790
2010 18815
2010 14639
2010 12008
2010 12693
2010 14275
2010 16047
2011 16943
2011 19332
2011 24103
2011 25048
2011 25285
2011 25557
2011 26180
2011 26995
2011 27560
2011 27495
2011 20490
2011 25837
2012 18007
2012 21219
2012 24505
2012 22791
2012 26215
2012 18719
2012 21290
2012 25392
2012 26634
2012 21766
2013 24126
2013 22318
2013 17293
2013 14050
2013 18674
2013 14327
2013 17737
2013 20014
2013 21563
2013 26483
2013 27031
2014 23429
2014 27842
2014 27824
2014 18120
2014 27791
2014 20583
2014 27870
2014 27868
2014 23512
2014 27781
2014 17301
2014 27867
2014 27905
2014 27820
2014 27938
2014 27862
2014 27935
2014 27248
2014 27959
2014 26756
2014 27628
2014 27999
2014 27635
2014 23318
2014 28020
2014 27889
2014 27991
2014 27980
2014 28029
2014 27945
2014 27893
2014 28009
2014 27937
2014 28065
2014 28060
2014 28083
2014 27550
2014 28019
2014 28062
2014 27563
2014 27746
2014 27814
2015 17743
2015 12652
2015 14110
2015 14633
2015 17901
2015 19728
2015 24667
2015 13306
2015 19353
2015 20232
2015 20333
2015 21834
2015 25176
2015 17682
2015 17960
2015 19685
2015 21427
2015 23370
2015 14956
2015 14022
2015 18612
2015 25194
2015 27721
2016 12791
2016 14104
2016 21765
2016 26881
2016 12538
2016 13529
2016 20822
2016 21130
2016 24027
2016 25793
2017 16110
2017 11867
2017 13474
2017 19930
2017 21634
2017 24643
2017 12384
2017 12595
2017 16288
2017 18981
2017 20356
2017 21124
2017 21145
2017 21483
2017 21537
2017 23814
2017 16611
2017 21299
2017 14985
2017 15424
2017 15558
2017 19689
2017 20733
2017 21132
2017 24020
2017 26240
2017 14059
2017 14061
2017 13673
2017 17178
2017 19410
2017 20394
2017 22006
2017 27223
2017 27493
2018 15694
2018 26497
2018 23428
2018 19461
2018 20256
2019 12576
2019 12709
2019 14851
2019 14424
2019 14670
2019 20501
2019 26375
2019 26536
2020 22145
2020 12727
2020 25921
2020 18947
2020 16109
2020 26831
2021 15833
2021 14780
2021 16965
2021 24606
2021 14047
2021 21593
2021 21875
2021 25283
2021 19368
2021 26172
2021 21434
2021 22739
2021 23642
2021 26691
2021 26450
2021 26894
2021 26643
2021 25294
2021 14880
2021 15704
2021 27432
2021 27614
2021 27674
2021 26652
2021 26919
2021 27860
2021 21069
2021 27978
2022 12693
2022 13630
2022 17443
2022 12518
2022 22427
2022 25980
2022 12139
2022 16363
2022 17751
2022 17944
2022 18612
2022 21030
2022 13007
2022 13192
2022 23677
2023 22049
2023 25121
2023 25984
2023 24112
2023 24765
2024 12763
2024 22909
2024 23884
2024 14766
2024 14919
2024 17364
2024 15014
2024 21279
2024 26454
2025 13913
2025 22412
2025 20112
2025 17540
2025 23094
2025 21481
2025 26743
2025 27551
2025 27376
2025 14223
2025 19584
2025 27697
2025 28039
2025 25194
2025 27992
2026 16142
2026 13655
2026 16807
2026 19307
2026 17683
2026 25292
2026 15039
2026 21959
2026 23603
2027 16451
2027 12215
2027 15302
2027 24621
2027 24577
2027 14826
2027 26760
2027 26928
2028 20211
2028 19615
2028 19694
2028 12803
2028 22803
2028 21000
2028 24666
2028 24669
2028 23983
2028 13041
2028 13586
2028 14178
2028 18909
2028 27285
2028 27715
2028 13769
2028 27911
2029 18384
2029 20935
2029 24764
2029 24808
2029 25651
2029 24504
2029 25601
2029 26055
2029 24494
2029 25712
2029 27182
2029 27855
2029 27885
2030 16681
2030 14003
2030 12095
2030 20370
2030 25114
2030 26304
2030 24086
2031 18240
2031 22335
2031 22424
2031 24766
2031 22078
2032 16056
2032 11867
2032 16700
2032 17656
2032 12509
2032 12540
2032 14270
2032 16636
2033 14946
2033 21523
2033 22440
2033 23316
2033 24054
2033 20394
2033 24608
2033 22779
2033 17539
2033 17404
2033 15187
2033 20256
2034 17522
2034 14878
2034 17521
2034 19512
2034 15585
2034 14897
2034 15953
2034 17647
2034 15781
2034 17949
2034 16822
2034 12891
2034 19716
2034 20465
2034 12531
2034 24178
2034 16962
2034 15587
2034 23422
2034 18144
2034 22397
2034 23279
2034 27473
2034 19477
2034 22663
2034 22992
2034 22993
2034 22530
2034 25296
2034 25387
2034 13972
2034 23250
2034 21670
2034 26791
2034 21141
2034 15201
2034 27655
2035 13756
2035 13650
2035 21920
2035 16849
2035 20705
2035 22704
2035 24504
2035 13023
2035 15424
2035 21275
2036 13812
2036 13776
2036 16140
2036 19339
2036 19631
2036 24823
2036 12172
2036 16920
2036 17156
2036 20520
2036 12280
2036 13686
2036 13815
2036 25922
2036 15465
2036 12764
2036 15124
2036 19599
2036 21714
2036 22127
2036 17655
2036 17699
2036 17977
2036 21684
2036 22291
2036 22605
2036 22176
2036 12444
2036 17436
2037 17301
2037 21958
2037 22342
2037 13017
2037 15930
2038 18708
2038 17931
2038 25270
2038 25021
2038 27609
2038 27835
2039 21905
2039 17926
2039 14916
2039 15558
2039 22835
2039 15219
2039 13677
2039 14469
2039 17120
2039 22433
2039 23527
2039 25154
2039 13306
2039 17453
2039 22858
2040 15721
2040 19435
2040 13345
2040 23971
2040 23896
2040 23770
2040 14527
2040 14223
2041 26568
2041 26691
2041 25471
2041 12335
2041 19786
2041 24658
2041 21380
2041 27012
2041 26076
2041 27170
2041 27201
2041 17896
2041 27575
2041 14671
2041 27591
2041 19659
2041 27978
2042 15502
2042 15544
2042 16935
2042 21377
2042 22822
2042 12030
2042 15529
2042 22462
2042 22189
2042 14247
2043 12405
2043 12098
2043 26224
2043 22297
2043 22369
2043 22493
2043 27198
2043 20005
2043 25123
2044 14985
2044 15542
2044 18648
2044 15317
2044 14391
2044 13642
2044 20579
2044 19022
2044 15200
2044 20880
2044 16514
2044 22715
2044 18830
2044 25922
2044 18935
2044 20626
2044 23563
2044 27411
2044 13262
2045 17290
2045 22974
2045 26317
2045 12255
2045 24002
2046 15305
2046 12067
2046 22945
2046 13198
2046 15061
2046 22589
2046 22946
2046 18117
2046 12974
2047 16278
2047 12548
2047 12228
2047 18625
2047 19073
2047 15221
2047 21683
2047 24606
2047 14781
2047 23845
2047 21283
2047 24643
2047 23355
2047 19685
2047 27115
2047 26886
2047 27447
2047 27280
2047 27581
2047 20797
2047 27671
2048 14016
2048 15581
2048 14878
2048 12430
2048 25345
2049 14817
2049 13270
2049 12834
2049 19073
2049 15091
2049 12916
2049 22712
2049 18015
2049 12430
2049 17124
2049 18370
2050 14831
2050 16962
2050 20257
2050 25856
2050 26709
2050 26260
2050 17521
2050 22169
2050 23163
2050 24807
2050 16507
2050 21797
2050 22041
2050 24371
2050 24024
2050 13944
2050 17610
2050 20781
2051 16107
2051 27017
2051 23570
2051 26978
2051 20793
2052 21284
2052 22071
2052 24435
2052 24425
2052 20232
2052 26029
2052 26606
2052 26005
2052 26960
2052 27281
2053 21836
2053 22688
2053 23909
2053 20213
2053 23906
2053 24540
2053 24386
2053 27901
2054 12205
2054 23708
2054 25547
2054 11866
2054 25300
2054 25155
2054 27418
2054 23531
2054 27416
2054 27247
2055 17453
2055 18490
2055 13447
2055 13513
2055 14307
2055 19836
2055 20441
2055 22244
2055 19742
2055 24884
2055 17115
2055 25570
2055 12057
2055 15547
2055 17932
2055 20819
2055 21433
2055 25600
2055 26745
2055 27944
2055 18858
2056 16995
2056 13175
2056 17131
2056 20535
2056 25743
2056 19481
2056 14619
2056 14766
2056 15407
2056 16147
2056 18800
2057 12348
2057 14663
2057 12364
2057 13087
2057 17819
2057 16087
2057 16464
2057 14249
2057 15317
2057 17208
2057 18193
2058 21684
2058 27511
2058 25296
2058 27049
2058 13985
2059 12036
2059 21844
2059 17960
2059 12538
2059 20123
2059 17770
2059 13673
2060 12153
2060 12782
2060 14010
2060 12473
2060 12484
2060 16166
2060 13132
2060 15965
2060 21828
2060 24666
2060 21916
2060 25526
2060 25043
2060 25866
2060 17218
2060 26606
2060 11923
2060 26818
2060 17374
2060 18879
2060 27182
2060 11972
2060 27861
2060 27706
2061 18463
2061 18866
2061 11855
2061 16346
2061 20580
2061 19208
2061 22965
2062 14838
2062 19363
2062 19529
2062 15456
2062 16173
2062 20864
2062 12166
2062 21208
2062 20189
2062 13357
2062 18616
2063 16106
2063 24589
2063 25283
2063 25602
2063 25654
2063 25712
2063 26796
2063 27410
2063 27911
2064 25520
2064 26172
2064 24386
2064 26310
2064 16419
2064 26808
2064 11923
2064 24662
2064 27121
2064 27182
2064 27338
2064 26820
2064 27726
2064 27729
2064 25957
2064 27941
2064 27859
2064 16703
2064 27963
2064 27175
2064 27813
2064 28040
2064 28092
2064 28094
2064 27689
2065 12200
2065 14670
2065 12679
2065 12474
2065 12665
2065 14047
2065 16953
2065 17207
2065 19618
2065 22291
2065 12246
2065 14323
2065 15468
2065 13790
2065 26188
2065 27227
2065 16931
2065 23281
2065 26075
2065 26778
2066 19909
2066 17617
2066 19076
2066 21479
2066 17744
2067 12367
2067 12836
2067 12088
2067 15008
2067 18522
2067 17095
2067 19850
2068 17799
2068 16968
2068 21066
2068 17308
2068 12430
2068 20010
2068 27732
2069 13023
2069 11867
2069 14639
2069 14138
2069 12112
2070 17686
2070 24188
2070 17123
2070 24606
2070 24033
2070 12960
2070 12962
2070 21875
2070 25521
2070 25337
2070 26055
2070 25806
2070 25471
2070 22746
2070 15187
2070 24841
2070 26521
2070 25111
2070 11923
2070 18707
2070 27333
2070 27593
2070 27283
2070 27495
2070 28022
2070 15402
2070 27969
2071 25520
2071 22298
2071 22369
2071 26643
2071 27575
2071 27283
2071 27737
2071 27834
2071 27835
2071 27977
2071 27992
2071 28005
2072 23363
2072 24608
2072 24666
2072 22134
2072 25521
2072 25655
2072 26131
2072 20771
2072 26396
2072 26646
2072 25111
2072 25558
2072 26874
2072 25483
2072 26945
2072 27555
2072 14517
2072 27200
2072 27836
2072 15885
2073 13007
2073 19614
2073 21002
2073 20763
2073 18129
2074 17973
2074 21699
2074 12612
2074 12741
2074 12795
2074 15267
2074 19471
2074 24808
2074 23408
2074 24574
2074 13868
2074 18263
2074 18267
2074 25647
2074 27411
2074 27001
2074 26868
2075 23604
2075 17342
2075 13415
2075 14000
2075 15916
2075 20683
2075 21279
2075 12583
2076 17991
2076 17813
2076 14121
2076 17801
2076 14294
2076 21355
2076 17945
2076 19152
2076 18717
2076 15135
2076 26305
2077 21762
2077 24874
2077 25683
2077 14464
2077 17136
2077 27061
2077 20283
2077 20558
2077 27095
2077 25157
2077 18787
2078 18648
2078 17813
2078 25557
2078 11923
2078 23885
2079 13684
2079 25547
2079 27074
2079 27562
2079 27840
2079 14543
2080 20772
2080 15123
2080 27918
2080 27575
2080 25845
2080 27705
2080 27506
2081 17395
2081 26901
2081 16424
2081 27644
2081 27550
2081 27544
2081 27191
2081 26820
2081 27286
2081 27376
2081 27729
2081 27779
2081 27731
2081 27538
2081 12908
2081 24506
2081 27764
2081 27442
2081 27833
2081 27416
2081 27650
2081 27938
2081 27346
2081 27875
2081 25653
2081 27991
2081 27961
2081 27842
2081 27864
2081 28013
2081 28083
2081 27753
2081 28025
2081 26881
2081 15861
2081 27978
2081 28084
2081 27980
2081 28071
2082 15724
2082 24586
2082 25602
2082 24643
2082 24506
2082 26643
2082 26897
2082 27199
2082 27609
2082 26555
2082 27051
2083 14265
2083 14223
2083 18559
2083 20029
2083 25142
2084 19815
2084 17520
2084 25540
2084 13989
2084 24894
2084 12974
2084 13427
2084 17089
2084 17536
2084 23296
2084 27759
2085 12124
2085 19555
2085 20123
2085 20679
2085 23622
2085 26506
2086 13366
2086 13351
2086 14288
2086 21175
2086 14300
2086 14276
2086 15222
2086 13702
2086 14048
2086 12564
2086 18351
2086 19160
2086 19003
2086 17847
2086 22084
2086 25602
2086 25575
2086 18909
2086 21719
2086 25682
2087 24435
2087 24606
2087 26022
2087 25846
2087 24508
2087 25564
2087 25575
2087 11923
2087 26412
2087 26771
2087 27466
2087 27834
2087 25653
2088 23991
2088 15940
2088 19367
2088 16538
2088 12201
2088 21089
2088 19390
2088 12308
2089 11988
2089 17355
2089 17870
2089 20096
2089 19331
2089 14131
2089 24042
2089 16225
2089 18869
2089 19540
2089 17734
2089 13357
2089 13491
2089 13921
2089 18024
2089 13395
2089 26240
2090 15341
2090 17188
2090 17819
2090 20613
2090 16790
2090 20094
2090 12021
2090 24266
2090 19720
2090 24275
2090 13951
2090 19353
2090 24451
2090 25601
2090 16353
2090 26004
2090 26239
2090 20535
2090 27233
2090 27065
2090 24759
2090 25232
2090 23239
2090 27573
2090 27221
2090 27527
2090 27705
2090 12795
2090 19600
2090 27824
2090 27781
2090 27782
2090 27416
2090 26084
2090 25653
2090 27991
2090 27660
2090 27406
2090 28009
2090 27644
2090 27550
2090 27565
2090 27868
2090 26494
2091 24169
2091 24543
2091 22387
2091 26398
2091 27379
2091 27310
2091 27202
2092 24386
2092 24342
2092 11855
2092 14327
2092 13968
2092 27833
2092 27840
2093 17420
2093 24931
2093 12288
2093 13182
2093 17091
2093 17915
2093 18253
2093 23138
2093 23755
2093 24394
2093 26300
2093 20545
2093 22703
2093 12582
2093 17432
2093 17939
2094 14618
2094 14341
2094 14717
2094 12667
2094 13352
2094 12367
2094 11998
2094 17692
2094 16795
2094 23693
2094 26347
2094 11923
2094 26809
2095 13430
2095 22284
2095 15532
2095 26467
2095 12662
2096 19685
2096 20645
2096 23548
2096 20397
2096 24529
2097 18345
2097 19222
2097 19902
2097 22878
2097 12691
2097 25029
2097 13041
2097 21003
2097 15925
2097 24929
2097 25683
2097 12439
2097 20239
2098 13833
2098 14974
2098 17106
2098 13451
2098 19623
2098 20183
2098 19548
2099 16380
2099 16785
2099 22936
2099 15377
2099 25440
2100 13306
2100 13862
2100 21141
2100 25803
2100 16429
2100 16501
2101 15220
2101 21775
2101 23416
2101 22071
2101 24096
2101 24370
2101 26492
2101 27592
2102 26047
2102 24643
2102 19028
2102 21894
2102 25076
2102 26317
2102 26760
2102 26880
2102 18579
2102 26929
2102 27282
2102 25748
2103 16638
2103 24373
2103 24764
2103 13727
2103 24796
2103 25602
2103 26002
2103 24458
2103 26170
2103 16419
2103 26894
2103 21380
2103 27229
2103 27320
2103 27440
2103 26928
2103 27525
2103 26125
2103 27672
2103 27857
2103 27585
2103 27983
2103 19978
2104 19359
2104 20361
2104 16224
2104 25831
2104 22871
2104 26491
2104 27001
2105 16698
2105 18463
2105 19357
2105 22882
2105 12362
2105 14132
2105 14441
2105 16018
2105 24839
2105 22291
2105 19363
2105 15377
2105 15538
2106 12056
2106 12057
2106 12430
2106 16419
2106 21356
2107 19536
2107 28087
2107 24968
2107 25233
2107 18830
2107 16273
2107 26517
2107 20763
2108 26303
2108 26096
2108 23264
2108 26422
2108 26451
2108 27320
2108 26995
2108 27112
2108 27620
2108 26937
2108 26820
2108 27731
2108 27204
2108 27416
2108 27938
2108 27625
2108 27285
2108 27999
2108 23318
2108 27139
2108 27960
2108 27961
2108 27991
2108 27714
2108 28009
2108 27660
2108 27717
2108 27925
2108 27924
2108 28007
2108 28060
2108 28070
2108 28073
2108 28083
2108 27036
2108 28078
2108 27565
2108 28072
2108 28077
2108 27868
2108 28010
2109 14670
2109 15507
2109 22933
2109 23387
2109 16595
2109 13138
2109 13880
2109 18248
2109 25446
2109 26891
2110 26953
2110 24876
2110 26911
2110 27540
2110 27290
2110 28064
2111 19742
2111 15993
2111 19415
2111 14190
2111 16184
2111 15808
2111 20617
2111 15736
2111 17530
2111 13351
2111 16609
2111 17366
2111 22882
2111 22936
2111 24611
2111 22204
2111 24351
2112 18157
2112 20008
2112 14023
2112 21192
2112 23616
2112 24807
2112 26586
2113 26772
2113 27085
2113 27200
2113 27283
2113 27834
2113 27203
2113 27764
2113 27715
2113 25837
2113 27860
2113 28004
2113 27899
2113 27193
2113 28005
2113 23332
2113 27910
2114 19208
2114 13996
2114 22338
2114 22702
2114 23966
2114 22618
2115 15252
2115 20199
2115 21454
2115 24756
2115 18771
2116 23998
2116 23999
2116 23644
2116 17451
2116 21514
2116 22683
2117 18753
2117 21281
2117 23117
2117 24666
2117 26623
2118 13501
2118 18014
2118 17536
2118 18092
2118 24836
2118 19318
2118 19936
2118 16496
2118 14719
2118 15149
2118 23306
2118 11912
2118 16139
2118 27147
2118 16786
2119 13090
2119 13763
2119 17648
2119 18637
2119 25736
2119 16570
2120 21031
2120 16700
2120 17805
2120 19367
2120 19938
2120 14360
2120 14686
2120 16896
2120 19206
2120 20247
2120 26727
2121 12201
2121 23564
2121 22830
2121 21173
2121 27316
2122 24680
2122 27447
2122 20012
2122 26437
2122 25638
2123 16662
2123 16952
2123 12665
2123 13755
2123 13842
2123 12001
2123 26242
2123 17413
2123 17617
2123 12857
2123 15052
2123 21740
2123 12056
2123 14795
2123 17931
2123 19305
2123 21453
2123 22438
2123 16663
2123 15117
2123 18309
2123 15558
2123 19385
2123 22150
2123 22970
2123 21911
2123 12988
2123 16107
2123 20500
2123 17871
2124 17395
2124 24037
2124 24034
2124 11911
2124 18728
2124 20127
2124 16094
2124 15253
2124 23025
2124 21141
2124 28043
2125 20290
2125 22272
2125 13011
2125 14138
2125 18677
2125 26098
2126 21175
2126 20889
2126 23666
2126 23361
2126 24167
2126 24722
2126 25190
2126 25111
2126 24176
2126 22348
2126 22369
2126 27086
2126 27463
2126 27573
2126 27495
2126 27777
2126 28001
2127 13878
2127 18612
2127 25380
2127 25851
2127 11843
2128 25155
2128 19350
2128 25906
2128 21083
2128 20991
2129 15074
2129 12907
2129 13296
2129 18386
2129 19890
2129 20145
2130 13262
2130 19371
2130 25360
2130 21347
2130 16868
2131 15785
2131 21686
2131 13267
2131 13049
2131 15681
2131 14209
2131 17286
2131 12944
2131 15393
2131 18151
2131 23162
2131 25071
2131 19759
2131 18503
2131 14673
2131 15842
2131 15001
2131 15162
2131 24527
2131 27416
2131 17446
2131 28065
2131 27004
2132 11883
2132 11971
2132 15092
2132 18303
2132 20127
2132 11933
2132 16962
2133 18277
2133 25076
2133 18278
2133 25575
2133 26002
2133 27528
2134 16670
2134 11923
2134 26180
2134 25062
2134 15608
2134 25307
2134 27199
2134 19135
2134 19499
2134 26311
2134 27229
2134 12895
2134 26996
2134 22877
2134 13826
2134 23326
2134 24669
2134 13087
2134 27495
2134 15398
2134 18935
2134 27764
2134 13312
2134 27285
2134 25653
2134 27358
2134 25837
2134 27906
2135 14327
2135 21305
2135 21306
2135 21307
2135 24327
2135 26784
2135 21365
2135 15773
2135 19215
2135 17510
2135 25132
2136 16552
2136 16955
2136 18737
2136 21190
2136 11877
2136 16953
2136 20757
2136 20959
2136 14955
2137 16717
2137 20896
2137 23561
2137 12864
2137 15354
2137 24639
2137 24608
2137 24213
2137 24997
2137 25675
2137 14360
2137 22746
2137 14949
2137 23874
2137 24884
2137 26810
2137 14000
2138 12439
2138 16962
2138 15302
2138 18901
2138 12139
2138 14956
2139 13412
2139 13773
2139 13007
2139 15616
2139 14130
2139 16606
2139 24589
2139 20307
2139 16805
2139 25602
2139 25337
2139 22742
2139 25575
2139 26643
2139 26155
2139 26074
2139 27911
2140 11866
2140 11891
2140 26262
2140 26644
2140 11890
2140 26592
2140 23959
2140 27661
2140 27991
2140 28083
2141 12036
2141 14585
2141 17536
2141 19633
2141 25560
2141 12118
2141 12629
2141 18077
2141 20006
2141 25440
2141 26041
2142 20035
2142 22580
2142 24817
2142 16788
2142 19036
2142 21232
2142 12337
2143 14862
2143 17479
2143 24363
2143 12193
2143 12671
2144 21665
2144 22952
2144 23219
2144 24666
2144 26645
2144 22394
2144 27286
2145 15091
2145 16924
2145 20269
2145 25542
2145 20053
2145 22364
2145 19153
2146 15763
2146 18013
2146 20686
2146 12145
2146 22423
2146 20559
2147 14105
2147 14096
2147 11847
2147 12634
2147 13330
2147 23515
2147 17528
2147 25557
2147 27541
2148 19308
2148 12469
2148 26935
2148 14978
2148 23144
2148 27291
2148 23065
2148 28008
2148 27913
2148 24838
2149 15073
2149 23776
2149 24783
2149 14316
2149 19513
2149 25935
2149 24442
2149 25757
2149 26240
2150 25124
2150 20025
2150 25904
2150 19383
2150 25911
2150 26549
2150 26956
2151 20317
2151 24796
2151 25521
2151 25179
2151 26406
2151 25557
2151 27201
2151 27415
2151 27431
2151 20901
2151 25267
2151 25147
2151 27406
2152 13353
2152 19229
2152 17743
2152 20491
2152 12292
2152 13454
2152 13939
2152 14912
2152 15446
2152 18478
2152 18992
2152 25819
2152 25890
2152 15689
2152 22161
2152 25491
2152 23368
2152 26103
2152 15040
2152 20555
2152 25213
2152 27659
2152 27133
2153 14722
2153 17328
2153 12366
2153 15539
2153 18204
2153 17469
2153 20044
2153 14962
2153 25187
2153 25285
2153 20772
2153 23642
2153 27004
2153 18278
2153 23812
2153 25558
2153 11923
2153 27065
2153 27199
2153 27302
2153 27229
2153 27321
2153 26274
2153 27200
2153 13700
2153 27981
2153 27966
2153 28004
2153 13658
2154 13636
2154 20849
2154 14257
2154 16872
2154 15863
2154 16172
2154 14029
2154 27589
2154 26153
2154 25324
2154 26821
2154 18739
2155 16605
2155 18334
2155 18360
2155 13807
2155 16481
2155 16741
2155 18225
2155 14277
2155 16664
2155 17880
2155 20284
2155 21825
2155 24717
2155 12724
2155 16606
2155 16756
2155 12583
2155 19886
2155 22139
2155 16032
2155 25492
2155 14538
2155 27782
2155 27785
2156 15286
2156 21383
2156 22372
2156 23254
2156 24050
2157 12067
2157 19367
2157 20055
2157 23207
2157 16025
2157 19983
2157 26135
2157 22537
2157 27036
2158 12366
2158 17046
2158 14850
2158 19224
2158 15302
2158 13982
2158 13075
2158 18006
2158 19367
2158 24573
2158 17256
2159 19415
2159 22436
2159 26002
2159 20754
2159 13038
2159 21015
2160 11873
2160 12767
2160 16517
2160 14646
2160 13586
2160 14518
2160 14647
2160 14774
2160 15065
2160 16586
2160 17825
2160 18934
2160 21645
2160 23966
2160 24266
2160 11968
2160 14837
2160 15874
2160 16520
2160 22070
2160 23408
2160 23917
2160 25840
2160 15248
2160 15701
2160 15751
2160 18735
2160 20050
2160 26171
2160 15422
2160 18104
2161 16978
2161 24822
2161 20844
2161 23830
2161 14232
2161 15014
2162 13234
2162 12244
2162 16461
2162 16394
2162 13296
2162 19344
2162 18190
2162 19943
2162 17879
2162 24110
2162 21928
2163 16626
2163 12246
2163 17477
2163 19802
2163 20882
2163 19351
2163 15188
2163 21980
2163 21325
2163 15373
2163 20224
2163 22250
2163 13984
2163 13181
2163 12190
2163 15140
2163 16509
2163 23372
2163 21368
2163 15565
2163 23646
2163 12740
2164 22570
2164 23560
2164 24666
2164 23638
2164 24796
2164 24956
2164 27063
2164 27726
2164 27791
2164 27902
2165 18171
2165 22604
2165 14558
2165 17612
2165 16362
2165 17121
2165 19581
2165 18213
2165 25356
2165 24387
2165 27496
2165 21909
2165 20201
2165 26647
2165 26205
2165 12644
2165 17482
2165 25862
2165 19244
2165 21579
2165 23495
2165 25348
2165 27069
2165 16500
2166 22133
2166 24844
2166 27318
2166 17451
2166 27796
2166 15212
2166 23625
2167 25772
2167 13719
2167 16419
2167 26450
2167 22369
2167 26523
2167 26334
2167 26451
2167 20502
2167 26694
2167 27552
2167 14506
2167 22139
2167 25713
2167 27358
2167 27770
2167 12693
2167 17095
2167 22039
2167 21069
2168 13791
2168 17629
2168 17847
2168 21996
2168 18663
2168 21000
2168 14826
2168 20317
2168 21688
2168 22742
2168 24287
2168 19469
2168 18970
2168 22348
2168 26544
2168 26368
2168 17204
2168 27526
2168 26757
2168 27899
2168 27563
2169 15791
2169 15792
2169 15977
2169 16125
2169 16131
2169 17605
2169 11958
2169 18915
2169 14109
2169 20329
2169 14961
2169 14329
2169 12180
2169 14221
2169 23217
2169 23362
2169 17456
2169 25035
2169 26313
2169 21591
2169 27210
2169 19335
2169 13985
2169 17214
2169 18605
2169 25148
2169 26790
2169 26243
2169 27891
2170 14197
2170 16660
2170 20923
2170 17925
2170 18276
2171 11910
2171 12505
2171 13845
2171 12160
2171 11903
2171 12804
2171 14282
2171 13954
2171 14500
2171 11979
2171 13061
2171 16230
2171 11876
2171 20764
2171 18065
2171 21620
2171 19415
2171 12178
2171 19854
2171 21019
2171 23460
2171 21156
2171 21000
2171 12754
2171 25388
2171 19270
2171 25854
2171 20113
2171 14178
2171 25595
2171 25634
2171 19555
2171 13262
2171 27434
2171 20531
2171 25807
2171 12226
2171 27940
2172 17178
2172 16419
2172 19435
2172 19202
2172 13064
2172 15334
2172 24246
2172 14845
2172 13878
2172 23752
2172 27644
2173 18068
2173 16233
2173 19107
2173 19131
2173 26203
2174 16456
2174 16278
2174 14807
2174 20966
2174 17644
2174 12693
2174 17144
2174 17148
2174 25982
2174 19672
2174 14941
2174 18669
2174 22415
2174 22988
2174 25220
2174 14718
2174 18206
2174 24645
2174 25302
2174 27122
2174 12607
2174 22356
2174 12252
2174 13661
2174 13784
2174 15365
2174 16401
2174 21039
2174 21671
2174 23385
2174 13032
2174 13735
2174 23757
2174 24510
2174 27069
2174 14184
2174 21441
2174 22290
2174 22293
2174 22816
2174 23260
2174 27723
2175 16534
2175 14608
2175 14786
2175 14637
2175 18152
2175 18724
2175 20184
2175 17331
2175 18278
2175 19453
2175 21206
2175 23413
2175 12661
2175 13337
2175 18221
2175 18232
2175 18266
2175 19928
2175 21092
2175 22284
2175 14785
2175 16370
2175 19095
2175 19189
2175 23888
2175 12801
2175 20645
2175 23039
2175 15487
2175 17957
2175 19470
2175 13878
2175 19072
2175 27197
2175 20772
2175 12139
2175 26355
2175 19481
2175 19325
2175 27455
2175 22041
2176 13296
2176 15529
2176 15526
2176 13793
2176 16480
2176 20438
2176 21000
2176 17528
2176 27199
2177 18948
2177 18646
2177 24153
2177 13289
2177 14990
2177 15926
2177 16517
2177 21653
2177 22877
2177 24973
2178 12388
2178 21332
2178 20222
2178 21707
2178 12572
2178 19930
2178 16783
2178 23170
2178 24471
2178 26145
2178 25157
2179 18452
2179 17487
2179 18654
2179 18656
2179 15815
2179 16872
2180 24435
2180 25575
2180 22861
2180 27731
2180 27732
2180 27932
2181 15990
2181 16146
2181 16147
2181 18651
2181 13319
2181 16028
2181 21482
2181 19579
2181 20559
2181 18247
2181 17038
2181 17878
2181 13566
2181 14313
2181 17197
2181 19435
2181 20673
2181 16423
2181 23063
2181 23794
2181 21386
2181 17498
2182 12835
2182 13050
2182 14423
2182 13734
2182 12628
2182 13417
2182 15975
2182 14580
2182 14477
2182 13420
2182 11852
2182 16809
2182 14720
2182 13131
2182 13262
2182 14985
2182 12681
2182 16756
2182 18787
2182 12051
2182 22952
2182 11872
2182 27228
2182 25837
2183 12429
2183 12983
2183 12563
2183 16688
2183 18276
2183 24060
2183 12956
2183 13540
2183 15415
2183 16971
2183 17496
2183 21963
2183 26459
2183 25140
2184 16021
2184 17596
2184 20455
2184 14091
2184 16078
2184 16675
2184 17578
2184 18909
2184 26468
2185 25657
2185 21529
2185 21866
2185 12207
2185 26057
2185 12208
2185 14147
2185 20000
2186 16954
2186 12693
2186 13532
2186 13447
2186 23299
2186 13977
2186 18949
2186 14518
2186 18730
2186 21019
2186 17587
2186 20763
2186 21645
2186 23992
2186 13281
2186 17134
2186 19588
2186 16040
2186 18788
2186 13673
2186 12394
2186 14152
2186 14902
2186 16225
2186 16639
2186 20365
2186 15938
2186 18491
2186 18747
2186 11912
2186 12335
2186 12364
2186 13351
2186 14178
2186 15266
2186 16632
2186 19819
2186 19959
2186 13445
2187 20889
2187 19026
2187 24373
2187 23515
2187 24023
2187 24435
2187 23989
2187 24425
2187 24494
2187 25492
2187 25188
2187 25589
2187 26260
2187 26155
2187 26106
2187 27043
2187 27332
2187 27525
2187 26937
2187 26694
2187 27737
2187 27837
2187 27474
2187 27202
2187 17042
2187 27208
2187 27899
2187 27157
2188 13856
2188 18809
2188 18977
2188 21175
2188 19751
2188 17448
2188 23906
2188 19277
2188 22134
2188 26055
2188 26394
2188 16520
2188 26841
2188 27090
2188 27282
2188 17263
2188 25486
2188 27729
2188 21917
2188 27982
2188 27985
2188 27995
2188 27920
2189 16088
2189 14223
2189 16423
2189 12640
2189 17039
2189 19197
2189 22232
2189 26572
2190 24597
2190 25657
2190 17677
2190 18463
2190 12236
2190 22122
2190 18060
2190 18690
2190 19625
2191 12141
2191 14543
2191 16632
2191 27485
2191 21529
2191 26142
2191 27032
2191 27111
2191 27710
2192 13685
2192 13598
2192 13738
2192 14738
2192 22547
2192 17479
2192 22198
2192 18409
2192 22305
2192 20511
2192 24493
2192 19367
2192 24575
2192 21147
2192 13710
2192 22640
2192 14086
2192 27103
2192 17020
2192 25151
2192 15491
2192 15549
2192 22610
2192 18062
2192 25251
2192 21029
2192 15978
2192 25462
2192 25128
2192 19114
2192 14846
2192 12569
2192 18867
2192 14121
2192 16835
2192 17671
2192 19085
2193 23019
2193 24452
2193 16000
2193 20086
2193 21149
2193 21731
2193 22131
2193 12251
2193 24560
2193 17511
2193 15226
2193 23442
2193 22826
2194 22337
2194 22001
2194 22803
2194 24944
2194 25048
2194 25652
2194 22000
2194 25863
2194 24956
2194 26166
2194 25712
2194 23812
2194 11923
2194 27201
2194 27200
2194 22537
2194 25653
2194 27920
2194 28044
2195 20481
2195 23721
2195 25330
2195 12509
2195 21791
2195 26099
2195 16116
2195 12974
2195 14905
2195 25477
2195 24371
2195 24954
2195 20159
2195 18351
2195 23625
2195 15810
2195 13760
2195 17992
2195 13357
2195 13365
2195 18089
2195 19139
2195 20749
2195 20909
2195 15809
2196 20399
2196 17479
2196 25076
2196 12430
2196 26896
2196 26897
2196 26809
2196 27081
2196 27269
2196 27205
2196 20790
2196 27873
2197 18194
2197 17768
2197 19026
2197 23871
2197 24666
2197 23870
2197 22672
2197 26304
2197 26522
2197 24662
2197 22297
2197 21464
2197 24026
2197 28084
2198 13457
2198 15915
2198 15873
2198 19415
2198 14607
2198 14955
2198 15445
2198 16140
2198 20779
2198 17934
2198 18184
2198 14195
2198 16362
2198 18981
2198 23188
2198 25458
2198 25855
2198 25872
2198 27091
2199 23293
2199 17913
2199 22283
2199 14921
2199 19096
2199 18170
2199 12642
2199 13687
2199 20665
2199 23695
2199 11915
2199 13021
2199 14308
2199 25470
2199 26719
2199 18177
2199 27898
2200 18103
2200 13032
2200 13661
2200 14921
2200 19470
2200 18152
2200 18155
2200 18591
2200 19717
2200 22221
2200 13758
2200 15107
2200 17960
2200 22876
2200 22112
2200 25029
2200 26197
2200 25700
2201 15593
2201 14585
2201 14584
2201 14425
2201 18521
2201 12834
2201 21549
2201 14298
2202 14756
2202 23561
2202 13365
2202 24266
2202 15302
2202 25144
2203 21242
2203 22891
2203 14880
2203 18812
2203 25287
2203 22785
2203 24458
2203 26345
2203 26914
2203 27860
2203 28026
2203 27923
2204 16774
2204 17778
2204 12331
2204 20895
2204 20896
2204 18440
2204 21377
2204 14208
2204 14990
2204 21154
2204 25483
2204 23459
2204 22298
2204 25943
2204 26076
2204 26412
2204 27315
2204 27865
2204 27808
2205 12348
2205 16977
2205 16424
2205 17901
2205 26577
2206 12825
2206 14068
2206 14895
2206 11866
2206 13224
2206 13117
2206 21786
2206 27525
2206 23555
2206 26990
2207 23025
2207 18236
2207 18543
2207 11988
2207 12021
2207 13910
2207 23793
2207 21308
2207 19409
2207 14430
2207 24666
2207 17207
2207 13788
2207 24652
2207 15092
2207 23459
2207 23206
2207 24494
2207 22000
2207 11923
2207 22496
2207 20870
2207 25896
2207 27221
2207 27474
2207 18714
2207 27925
2207 17184
2207 28039
2207 25347
2208 12913
2208 18813
2208 22165
2208 17789
2208 24640
2209 16210
2209 18453
2209 16257
2209 17339
2209 19235
2209 26681
2210 17595
2210 13810
2210 20808
2210 19078
2210 19077
2210 24488
2211 13985
2211 12348
2211 17280
2211 12171
2211 23015
2211 25476
2211 27513
2212 12047
2212 14837
2212 23293
2212 17737
2212 20213
2212 26751
2212 11877
2212 12580
2212 14862
2212 16622
2212 18376
2212 22724
2212 22727
2212 25941
2213 13636
2213 23398
2213 20224
2213 22397
2213 20671
2213 24253
2213 24359
2213 21091
2213 12617
2214 16184
2214 13494
2214 25064
2214 19939
2214 21639
2214 22933
2214 26511
2214 26735
2214 22278
2214 27166
2215 19390
2215 24605
2215 21642
2215 12246
2215 20617
2215 14628
2215 15441
2215 23382
2215 22858
2215 24211
2215 16274
2215 21241
2215 26300
2215 16904
2215 16544
2215 13842
2215 17120
2215 25028
2215 17074
2215 17796
2215 19476
2215 26658
2215 26243
2215 19065
2215 20172
2215 26431
2215 23886
2215 26950
2215 16247
2215 20165
2215 24898
2215 25703
2215 25827
2215 26317
2215 20514
2215 25162
2215 17554
2215 24372
2215 26853
2215 15058
2215 15060
2215 26738
2215 12554
2216 12105
2216 26470
2216 15695
2216 17197
2216 13049
2216 13306
2217 21838
2217 22689
2217 14830
2217 23903
2217 23908
2217 16518
2217 24139
2217 21672
2217 18160
2217 21988
2217 22440
2217 25712
2217 18858
2217 26177
2217 26639
2217 11921
2217 11922
2217 15468
2217 20103
2217 20256
2217 11912
2217 12202
2217 13015
2217 16632
2217 20375
2217 22858
2217 23280
2217 19879
2217 23540
2217 26777
2217 12141
2217 15946
2217 20731
2218 19031
2218 15828
2218 23906
2218 24666
2218 24764
2218 11923
2218 16645
2218 20792
2218 27204
2218 27971
2219 16292
2219 19089
2219 21482
2219 21484
2219 26457
2219 19767
2219 22312
2219 26947
2219 17940
2219 17197
2220 13137
2220 14377
2220 15831
2220 15832
2220 15833
2220 15834
2220 15844
2220 19252
2220 22331
2220 21944
2220 23533
2220 12919
2220 15465
2220 15477
2220 21382
2220 14718
2220 26836
2220 13195
2220 20391
2220 16621
2220 23150
2221 24016
2221 18713
2221 19221
2221 21576
2221 13274
2221 16787
2222 12439
2222 13532
2222 14691
2222 16829
2222 25470
2223 13374
2223 22405
2223 13573
2223 22350
2223 22251
2223 26891
2223 26138
2223 17190
2223 23272
2223 25844
2224 17950
2224 24513
2224 20909
2224 15819
2224 17791
2224 18816
2224 18821
2224 19139
2225 26030
2225 25179
2225 26568
2225 16419
2225 27255
2225 27724
2225 27722
2225 27873
2225 27843
2225 28006
2225 28039
2226 14810
2226 21549
2226 18160
2226 18388
2226 24358
2226 21121
2226 15778
2226 27344
2227 15389
2227 12565
2227 16643
2227 20192
2227 12193
2227 15808
2227 21428
2227 23154
2227 19249
2227 27767
2228 24608
2228 26394
2228 25988
2228 26002
2228 24086
2228 27705
2228 27202
2228 26652
2228 27885
2228 28039
2228 27920
2229 12693
2229 12905
2229 17621
2229 22715
2229 13474
2229 15602
2229 18779
2229 15801
2230 21762
2230 23413
2230 26075
2230 12394
2230 12615
2230 19390
2230 19895
2230 25304
2231 24166
2231 23878
2231 27012
2231 27440
2231 23332
2232 12348
2232 12336
2232 12804
2232 12045
2232 18375
2232 20043
2232 20326
2232 15319
2232 23008
2232 16475
2232 23459
2232 23897
2232 17346
2232 12158
2232 25806
2232 26172
2232 26309
2232 26170
2232 26224
2232 25076
2232 22298
2232 11923
2232 24662
2232 25557
2232 26895
2232 27087
2232 26795
2232 27257
2232 27436
2232 27672
2232 27835
2232 26783
2232 25109
2232 26757
2233 20542
2233 20705
2233 11927
2233 14837
2233 17357
2234 12915
2234 15563
2234 18694
2234 19840
2234 23766
2234 22006
2234 24930
2234 21654
2234 20626
2234 20657
2234 25517
2234 16962
2235 12518
2235 16827
2235 23024
2235 23176
2235 23195
2236 14488
2236 14522
2236 15194
2236 19889
2236 22992
2236 13179
2236 15229
2236 18853
2236 26240
2236 18778
2236 27286
2236 27641
2236 16172
2236 20105
2237 22459
2237 12509
2237 20000
2237 18399
2237 12778
2237 12439
2238 14010
2238 12577
2238 13300
2238 16586
2238 14316
2238 23906
2238 27041
2238 27542
2238 27609
2239 14463
2239 23678
2239 24606
2239 25282
2239 26561
2239 18579
2239 27163
2239 27281
2239 27638
2239 26954
2239 26652
2239 27876
2239 27406
2239 27506
2239 27899
2240 12067
2240 14600
2240 16319
2240 18276
2240 21364
2240 24653
2240 16742
2240 19501
2240 15261
2240 15262
2240 16988
2240 18747
2240 15592
2240 16243
2240 13754
2240 12146
2240 25316
2240 25639
2240 13007
2241 24812
2241 25076
2241 26644
2241 26896
2241 25942
2241 11923
2241 12243
2241 21201
2241 25296
2241 26103
2241 26821
2241 27555
2241 22394
2241 25267
2241 13918
2241 20888
2241 26699
2241 27672
2241 27416
2241 27960
2241 28084
2241 28040
2241 28065
2241 27978
2241 28094
2242 12117
2242 12141
2242 12693
2242 13007
2242 17897
2242 19012
2242 19093
2242 20731
2243 15252
2243 19208
2243 19903
2243 11980
2243 11990
2243 20190
2243 12679
2243 18716
2243 22217
2243 18160
2243 21699
2243 13982
2243 14603
2243 17093
2243 18556
2243 20275
2243 20686
2243 22762
2243 16218
2243 20912
2243 16646
2243 19870
2244 13064
2244 14019
2244 21290
2244 24147
2244 27486
2245 15258
2245 25678
2245 16670
2245 20073
2245 24990
2245 16586
2245 15533
2245 15876
2245 19615
2245 18033
2245 21818
2245 27115
2245 17870
2245 18029
2245 24433
2245 18032
2245 22804
2245 27787
2245 23627
2245 13064
2246 20270
2246 21397
2246 21482
2246 23296
2246 15829
2246 24884
2246 12193
2246 16162
2246 24261
2246 17451
2246 20648
2246 22830
2246 24371
2246 26792
2247 24397
2247 17451
2247 23208
2247 15459
2247 19290
2247 26510
2247 25774
2248 16502
2248 21236
2248 22696
2248 15187
2248 20590
2248 16466
2248 13586
2248 22127
2248 14257
2248 21512
2248 13041
2248 19328
2248 19419
2248 14935
2248 16066
2248 21799
2248 23239
2248 25742
2248 26732
2249 14438
2249 12982
2249 19961
2249 15221
2249 24178
2249 23681
2249 26796
2250 14633
2250 17190
2250 17290
2250 19924
2250 21114
2250 13739
2250 17986
2250 24796
2250 20903
2250 21962
2250 17972
2251 14136
2251 26257
2251 20108
2251 14244
2251 23432
2251 23893
2251 23410
2251 21206
2251 14014
2251 20512
2251 26931
2251 21894
2251 12814
2252 13327
2252 12854
2252 14698
2252 16828
2252 12179
2252 13406
2252 23555
2252 12198
2252 23296
2252 18814
2252 18849
2252 18306
2252 20000
2252 17182
2252 23078
2253 19901
2253 22026
2253 24435
2253 24473
2253 19258
2253 25521
2253 26341
2253 26881
2253 17309
2253 11923
2253 26809
2253 27344
2253 19284
2253 15865
2253 26493
2253 27333
2253 27527
2253 27834
2253 27208
2253 27689
2254 12113
2254 18935
2254 16170
2254 11868
2254 12381
2254 12470
2254 18861
2254 23248
2254 14770
2254 18429
2254 18697
2254 20533
2254 12891
2254 13290
2254 13633
2254 13707
2254 14696
2254 12505
2254 17355
2254 12801
2254 17392
2254 13664
2254 25051
2254 25683
2255 12064
2255 21871
2255 16997
2255 18007
2255 20800
2255 21229
2255 26697
2256 12832
2256 17104
2256 18337
2256 18284
2256 19026
2256 23011
2256 24764
2256 18535
2256 24666
2256 24436
2256 25076
2256 18961
2256 12481
2256 17479
2257 12509
2257 12141
2257 13972
2257 13179
2257 14465
2257 12646
2257 18874
2257 22951
2258 18218
2258 12415
2258 23766
2258 16277
2258 18415
2258 25386
2258 16040
2258 16364
2258 14473
2258 25595
2259 12348
2259 17023
2259 16530
2259 19576
2259 14905
2259 19318
2259 20378
2259 22043
2260 19030
2260 22061
2260 26324
2260 11923
2260 27890
2260 28092
2261 12230
2261 13011
2261 13658
2261 13784
2261 14757
2262 22990
2262 24688
2262 21558
2262 25061
2262 17046
2262 22174
2263 12385
2263 12503
2263 13594
2263 13818
2263 17469
2263 14389
2263 18034
2263 19068
2263 20016
2263 21953
2263 22061
2263 23478
2263 24670
2263 26406
2263 24152
2263 23144
2263 25733
2263 24662
2263 26076
2263 27012
2263 27302
2263 27088
2263 20834
2263 24241
2263 27192
2263 27351
2263 27285
2263 27865
2263 27894
2263 23885
2263 27910
2263 19978
2264 13964
2264 14082
2264 23563
2264 13577
2264 15415
2264 20724
2264 24640
2264 26242
2264 26577
2264 27217
2264 20783
2265 18344
2265 20730
2265 24486
2265 22804
2265 13506
2265 27187
2265 27133
2266 14902
2266 16885
2266 23152
2266 13611
2266 13786
2266 12141
2266 23816
2266 25526
2266 16668
2266 12023
2266 16972
2266 26971
2266 27208
2266 15861
2267 22813
2267 12428
2267 24435
2267 23906
2267 17528
2267 27835
2268 13981
2268 17532
2268 18010
2268 16329
2268 25149
2269 12509
2269 12782
2269 25021
2269 25101
2269 25125
2269 18277
2269 25843
2269 23972
2269 20901
2269 27705
2269 12052
2270 23438
2270 15156
2270 22991
2270 15343
2270 17558
2270 19686
2270 20635
2270 24750
2270 16369
2270 24874
2270 17328
2270 22884
2270 13718
2270 25649
2270 21441
2271 23182
2271 22642
2271 14223
2271 23413
2271 15656
2271 27035
2272 18557
2272 21282
2272 22694
2272 12975
2272 18967
2272 24483
2272 26816
2272 22941
2272 23531
2272 25856
2272 15646
2272 19288
2272 27219
2273 23362
2273 22071
2273 22134
2273 26055
2273 26079
2273 25076
2273 26310
2273 26671
2274 21000
2274 17528
2274 25036
2274 24448
2274 24152
2274 25712
2274 23264
2274 18909
2274 27210
2274 16755
2274 27704
2274 27678
2274 27969
2274 25347
2274 27813
2275 12287
2275 11975
2275 12667
2275 17461
2275 19339
2275 23552
2275 27918
2275 16517
2275 25573
2275 21660
2275 13023
2275 23940
2276 23985
2276 18817
2276 19400
2276 24850
2276 24852
2276 21458
2276 16155
2276 21654
2276 11864
2276 20375
2276 17892
2277 11953
2277 12763
2277 23143
2277 24640
2277 15593
2277 18568
2277 25815
2278 13061
2278 19467
2278 16321
2278 14757
2278 12172
2278 12122
2278 12750
2278 17106
2278 14227
2278 21318
2278 16509
2278 18742
2278 15357
2278 19831
2278 24315
2278 26566
2278 13635
2278 26042
2278 27522
2278 27629
2278 12905
2278 27917
2279 23737
2279 21019
2279 12988
2279 26371
2279 13630
2279 12064
2279 13513
2279 13687
2279 15331
2279 16853
2279 21992
2279 26719
2279 13446
2279 25423
2280 18341
2280 15691
2280 12187
2280 13090
2280 20917
2280 21148
2280 21395
2280 18061
2281 16732
2281 23752
2281 15082
2281 17321
2281 13802
2281 11851
2282 12805
2282 21362
2282 15893
2282 22936
2282 21481
2282 15696
2282 19944
2282 20242
2282 17540
2282 16280
2282 26055
2282 16072
2282 19966
2282 17001
2282 17481
2282 24429
2282 27631
2282 13738
2282 24410
2282 18591
2283 22230
2283 19761
2283 19476
2283 26396
2283 25557
2283 23264
2283 13825
2283 26874
2283 18608
2283 17175
2283 24465
2283 27118
2283 12973
2283 20146
2283 26989
2283 24271
2283 26212
2283 26795
2283 27332
2283 27309
2283 26798
2283 27202
2283 17111
2283 19665
2283 19593
2283 27698
2283 27882
2283 27860
2283 27193
2284 20997
2284 13210
2284 22925
2284 21573
2284 27942
2285 25521
2285 26272
2285 22350
2285 21228
2285 21508
2285 26821
2285 26820
2285 27732
2285 28021
2285 28045
2286 14543
2286 19367
2286 22174
2286 13664
2286 18153
2287 20890
2287 22785
2287 20232
2287 19108
2287 26345
2287 22994
2287 25144
2287 25575
2287 25471
2287 25294
2287 26874
2287 24662
2287 27320
2287 27339
2287 27333
2287 27705
2287 27474
2288 22920
2288 23571
2288 24186
2288 24764
2288 22093
2288 25672
2288 24541
2288 27257
2288 17335
2288 12628
2288 27791
2288 27876
2288 27962
2288 27970
2288 27459
2289 14985
2289 22891
2289 24417
2289 26914
2289 27304
2289 28026
2290 27440
2290 27456
2290 26991
2290 27525
2290 19353
2291 24435
2291 25270
2291 12570
2291 25712
2291 27206
2291 25147
2291 26841
2292 15498
2292 17573
2292 12190
2292 11920
2292 13296
2292 24666
2292 23870
2292 17329
2292 23986
2292 26131
2292 26224
2292 23589
2292 20772
2292 24494
2292 18278
2292 23812
2292 16093
2292 25557
2292 25483
2292 26113
2292 26930
2292 21294
2292 25388
2292 27555
2292 21108
2292 25338
2292 24705
2292 25777
2292 27865
2292 20535
2292 27964
2292 27175
2292 27971
2292 28021
2293 19367
2293 15291
2293 15665
2293 13594
2293 16505
2293 26439
2293 20885
2293 21008
2293 12668
2293 18865
2293 19969
2293 22239
2293 17251
2293 14368
2294 22071
2294 23515
2294 24169
2294 25501
2294 26106
2294 18909
2294 26760
2294 11923
2294 27199
2294 25748
2294 27182
2294 27280
2294 27560
2294 27283
2294 27204
2294 27964
2294 28046
2295 11847
2295 19551
2295 25285
2295 24956
2295 21894
2295 23642
2295 15913
2295 13442
2295 24097
2295 23812
2295 12439
2295 20840
2295 13859
2295 16990
2295 26960
2295 27691
2295 27609
2295 14650
2295 28091
2295 26494
2295 28023
2296 21426
2296 16536
2296 20731
2296 16012
2296 19695
2296 13506
2297 14507
2297 18922
2297 23909
2297 24195
2297 24435
2297 24606
2297 24543
2297 24161
2297 24577
2297 25389
2297 25617
2297 22823
2297 26002
2297 25501
2297 26056
2297 24480
2297 26691
2297 23264
2297 26260
2297 24022
2297 27004
2297 25987
2297 26995
2297 27201
2297 27226
2297 27320
2297 27225
2297 27121
2297 27542
2297 14506
2297 27581
2297 27808
2297 26813
2297 28023
2297 27971
2298 22822
2298 23806
2298 12314
2298 23725
2298 24248
2298 22431
2298 20457
2298 19226
2298 22622
2298 14181
2298 14837
2298 26055
2299 12580
2299 14744
2299 15969
2299 14540
2299 12139
2299 26224
2299 25558
2299 25987
2299 23730
2299 27996
2299 27885
2300 17121
2300 15934
2300 19781
2300 24990
2300 14238
2300 17309
2300 20649
2300 13888
2300 11885
2300 17870
2300 19192
2300 25815
2300 20446
2300 22139
2301 16324
2301 17880
2301 22193
2301 12993
2301 16052
2301 21674
2301 12003
2301 13318
2301 18668
2301 21019
2301 13359
2301 16238
2301 18949
2301 14325
2301 17750
2301 19390
2301 12145
2301 16514
2301 16769
2301 19975
2301 15103
2301 17135
2301 17338
2301 20426
2301 21512
2301 13513
2301 15052
2301 23551
2301 20619
2301 22284
2301 21300
2301 15820
2301 13391
2301 21263
2301 20881
2301 22088
2301 24693
2301 20672
2301 25160
2301 12226
2301 18228
2301 18356
2301 15774
2301 20996
2302 17759
2302 20353
2302 12243
2302 23529
2302 15924
2302 19802
2302 23150
2303 15206
2303 25941
2303 23642
2303 19381
2303 25683
2303 14054
2303 25135
2304 15625
2304 14645
2304 23181
2304 16606
2304 16277
2304 13450
2304 22416
2304 23720
2305 23214
2305 20291
2305 25909
2305 15507
2305 18938
2305 18529
2305 24447
2306 21242
2306 22571
2306 22750
2306 23168
2306 22093
2306 24588
2306 25558
2306 26128
2306 11923
2306 26180
2306 14549
2306 27705
2306 11911
2306 27859
2306 27981
2306 27945
2307 26960
2307 27440
2307 27401
2307 27200
2307 27495
2307 27416
2307 27550
2307 27791
2307 23318
2307 27794
2307 27980
2307 27931
2307 27139
2307 27924
2307 27753
2307 28021
2307 28029
2307 27221
2307 27714
2307 28060
2307 27784
2307 27175
2307 27831
2307 27176
2307 27740
2308 15152
2308 12763
2308 17999
2308 18553
2308 17546
2308 20877
2308 23330
2309 20632
2309 22303
2309 24333
2309 20310
2309 13463
2309 19702
2309 19486
2309 21529
2309 12693
2309 21585
2309 14051
2309 16639
2309 24948
2309 26611
2309 12198
2309 19800
2309 21964
2309 23627
2309 25300
2309 27331
2309 17266
2309 27472
2310 14544
2310 21953
2310 19091
2310 26314
2310 12471
2310 16592
2310 17230
2310 23066
2310 27074
2311 11893
2311 12141
2311 13036
2311 15302
2311 16215
2311 17360
2311 17915
2311 19415
2311 21702
2311 23222
2311 24496
2311 26948
2311 12389
2311 19689
2311 22414
2311 21781
2312 19026
2312 24666
2312 25652
2312 25285
2312 25521
2312 26002
2312 21894
2312 23642
2312 25559
2312 27834
2312 27203
2312 27556
2312 26813
2312 27915
2312 27460
2313 24048
2313 11890
2313 13653
2313 15809
2313 15911
2313 16586
2313 16954
2313 17536
2313 18375
2313 19615
2313 21780
2314 14327
2314 17794
2314 22858
2314 23479
2314 14880
2314 16727
2314 13784
2314 14106
2314 17106
2314 17406
2314 18981
2314 20701
2314 21923
2314 22124
2314 13658
2314 15606
2314 17450
2314 27223
2314 27344
2314 18904
2314 19108
2314 26285
2314 23732
2314 25157
2314 27416
2315 17498
2315 14542
2315 17379
2315 19295
2315 18742
2315 13541
2315 19146
2315 26590
2315 15711
2315 13784
2315 13927
2315 16099
2315 16168
2315 18964
2315 19395
2315 22327
2315 25970
2315 26338
2315 26695
2315 16524
2315 21687
2315 25071
2315 13018
2315 26055
2315 24282
2315 21998
2315 14049
2316 12139
2316 25999
2316 23489
2316 12599
2316 22847
2317 12474
2317 12777
2317 13160
2317 13501
2317 17409
2317 18775
2317 19361
2317 24836
2317 25462
2317 25507
2317 25588
2317 25799
2317 27411
2318 23566
2318 23722
2318 25516
2318 25863
2318 25654
2318 26163
2318 25144
2318 27552
2319 21406
2319 13538
2319 20348
2319 16841
2319 21887
2319 21957
2319 12056
2319 12243
2319 14606
2319 17414
2319 17536
2319 18301
2319 19512
2319 19513
2319 21529
2319 23603
2319 18804
2319 24786
2319 14940
2319 23851
2319 16324
2319 13064
2319 19683
2319 17656
2319 18906
2319 11888
2319 12333
2319 18818
2319 15924
2319 18446
2319 26731
2319 12791
2319 25132
2319 24813
2319 25429
2320 18267
2320 18612
2320 19318
2320 23201
2320 16357
2321 15783
2321 16543
2321 15155
2321 19065
2321 16830
2321 26260
2321 19108
2321 13675
2321 15358
2321 27476
2322 24606
2322 20305
2322 26014
2322 26489
2322 23967
2322 14826
2322 25743
2322 26310
2322 15510
2322 18267
2322 25177
2322 22350
2322 26450
2322 23812
2322 26931
2322 26017
2322 26180
2322 20718
2322 21895
2322 27012
2322 26451
2322 12085
2322 27572
2322 27441
2322 27543
2322 27673
2322 27709
2322 27722
2322 27805
2322 27895
2322 27929
2322 27990
2322 28039
2323 21838
2323 24705
2323 26590
2323 25218
2323 26750
2324 20944
2324 23186
2324 24643
2324 26691
2324 16395
2324 14941
2324 27945
2325 22824
2325 11923
2325 24073
2325 14367
2325 12672
2325 18562
2325 20444
2325 28045
2326 15727
2326 14026
2326 21136
2326 13577
2326 13306
2326 15089
2326 20620
2326 23618
2326 21481
2326 23512
2326 23905
2326 18276
2326 12139
2326 20035
2326 20037
2327 22538
2327 20953
2327 11840
2327 21995
2327 21000
2327 21039
2327 25174
2327 23373
2327 17614
2327 12252
2327 26760
2327 12397
2327 27042
2327 22586
2327 13939
2327 22400
2328 12913
2328 13658
2328 13166
2328 13164
2328 26359
2329 23707
2329 12151
2329 17093
2329 19615
2329 25059
2330 18251
2330 13702
2330 19538
2330 22974
2330 22244
2330 25458
2330 22953
2331 12786
2331 14950
2331 14026
2331 15775
2331 23748
2331 12472
2331 13078
2331 24978
2331 26261
2331 24278
2332 14862
2332 13809
2332 26309
2332 27560
2332 24045
2333 14000
2333 17460
2333 16102
2333 21072
2333 27416
2334 22326
2334 22702
2334 22879
2334 20691
2334 16326
2334 11972
2334 13759
2334 16745
2335 12090
2335 12415
2335 13733
2335 14670
2335 18977
2335 19894
2335 20658
2335 26075
2335 20009
2335 23325
2335 25031
2335 13642
2335 14623
2335 27567
2336 18005
2336 12278
2336 23836
2336 11866
2336 12988
2336 11905
2336 12364
2336 16407
2336 23250
2336 14048
2336 25573
2336 14619
2337 11965
2337 12156
2337 14449
2337 14968
2337 12693
2337 14462
2337 11844
2337 12077
2337 15363
2337 14497
2337 14223
2337 13023
2337 17670
2337 11971
2337 13087
2337 12818
2337 14563
2337 12744
2337 13239
2337 16735
2337 15434
2337 15311
2337 18648
2337 13478
2337 13703
2337 11876
2337 15669
2337 13800
2337 14800
2337 17770
2337 18245
2337 18760
2337 12526
2337 16515
2337 12064
2337 16850
2337 20944
2337 22001
2337 13914
2337 24934
2337 26549
2338 15507
2338 12183
2338 20978
2338 22727
2338 24825
2338 12281
2338 12646
2338 12988
2338 15661
2338 17283
2338 18554
2338 18562
2338 25789
2339 14565
2339 17988
2339 14607
2339 18282
2339 12432
2339 16039
2339 20535
2339 12771
2339 15775
2339 18554
2339 27009
2340 22683
2340 22091
2340 14232
2340 13798
2340 19903
2340 20197
2340 17644
2340 26862
2341 25863
2341 12461
2341 23774
2341 17259
2341 26260
2341 11923
2341 27158
2341 11865
2341 19092
2341 26529
2341 27221
2341 19001
2341 27859
2341 27871
2341 27991
2341 28070
2341 27550
2342 13306
2342 12031
2342 13131
2342 14522
2342 15996
2342 19412
2342 21562
2343 12201
2343 26654
2343 17505
2343 24371
2343 26775
2343 12232
2343 12795
2343 27569
2343 20450
2343 21858
2343 24158
2343 12724
2343 23491
2343 15904
2343 18042
2343 13626
2343 13735
2343 15425
2343 15772
2343 16948
2343 17212
2343 21441
2343 22735
2343 23296
2343 25157
2343 26242
2343 26727
2343 26791
2343 27313
2344 15393
2344 24552
2344 15060
2344 13049
2344 22992
2344 13175
2344 26750
2344 19685
2344 21156
2344 26752
2344 12232
2345 15651
2345 18882
2345 23731
2345 15391
2345 23593
2345 19786
2345 23408
2345 20361
2345 15032
2345 23402
2345 18045
2346 14670
2346 15926
2346 19729
2346 19331
2346 16110
2346 15775
2346 16388
2346 19832
2346 15971
2346 23849
2346 12891
2346 11868
2346 20041
2346 19907
2346 15389
2346 16639
2346 25292
2346 13393
2346 14247
2346 19065
2346 12528
2346 13895
2346 16279
2346 13939
2347 15141
2347 16990
2347 12974
2347 13677
2347 19289
2347 21163
2347 17337
2347 17929
2348 21580
2348 26200
2348 26285
2348 12160
2348 16429
2348 27112
2348 24883
2348 25155
2348 17895
2348 19249
2349 17159
2349 16608
2349 19290
2349 16414
2349 17845
2349 17149
2349 17683
2349 21983
2349 15212
2350 15561
2350 14782
2350 17101
2350 22886
2350 13374
2350 15664
2350 14025
2350 15389
2350 17684
2351 11934
2351 12542
2351 12734
2351 12317
2351 12840
2351 15249
2352 17050
2352 15574
2352 15788
2352 21541
2352 15109
2353 18018
2353 18317
2353 23715
2353 15384
2353 17794
2354 20478
2354 23618
2354 24585
2354 25602
2354 24643
2354 26055
2354 22412
2354 23264
2354 27302
2354 25788
2354 27837
2354 27717
2354 27885
2354 27909
2354 28044
2355 12067
2355 19078
2355 23114
2355 20849
2355 12590
2355 21282
2355 27938
2355 22284
2355 27289
2355 19461
2355 27416
2355 27875
2355 12666
2355 19702
2355 22007
2355 21395
2355 26610
2355 27139
2355 17095
2355 16847
2355 14607
2355 27924
2355 15537
2355 26476
2355 25568
2355 17567
2355 14972
2355 28055
2355 28076
2355 28067
2355 28085
2356 13404
2356 15382
2356 13726
2356 15734
2356 14766
2356 15463
2356 14783
2356 18554
2356 22668
2356 24559
2356 24594
2356 20375
2356 22191
2356 22847
2356 21522
2356 12556
2356 22270
2356 26140
2356 27561
2356 23854
2356 12841
2356 17784
2356 16892
2356 27479
2356 27488
2356 18562
2356 24381
2356 27231
2356 23147
2356 23810
2357 19301
2357 19415
2357 23475
2357 21683
2357 12272
2357 22324
2357 22002
2357 15698
2357 26224
2357 24287
2357 12814
2357 25294
2357 22298
2357 25559
2357 26637
2357 26901
2357 27447
2357 14506
2357 25837
2358 16110
2358 15354
2358 19224
2358 12194
2358 20324
2358 15911
2358 13437
2358 20445
2358 25643
2359 19367
2359 13602
2359 24316
2359 23256
2359 14677
2359 20584
2359 25333
2359 27130
2359 22710
2360 19367
2360 12201
2360 19205
2360 12440
2360 21154
2360 22569
2360 15014
2360 26255
2361 19146
2361 20250
2361 14483
2361 19002
2361 17329
2362 16054
2362 17647
2362 19270
2362 12580
2362 15338
2362 27256
2362 23422
2362 24192
2362 16740
2362 17301
2362 17472
2362 22930
2362 25028
2362 15118
2362 27004
2362 27172
2363 18084
2363 18708
2363 12430
2363 22799
2363 22751
2363 17178
2363 12138
2364 21982
2364 12023
2364 13170
2364 17505
2364 21728
2364 18270
2364 24527
2364 16396
2364 20094
2364 17334
2364 21957
2364 26639
2364 11900
2364 26055
2364 20846
2364 13187
2364 14610
2364 22089
2364 24978
2364 20445
2364 22948
2364 13296
2364 13175
2364 23932
2364 14670
2364 17395
2364 20375
2364 22438
2364 23510
2364 25896
2364 15297
2364 18505
2365 24386
2365 26401
2365 27315
2365 14506
2365 24026
2365 27808
2365 27358
2365 28011
2366 21000
2366 15247
2366 23684
2366 24669
2366 12518
2366 17497
2366 25270
2366 26172
2366 26342
2366 22550
2366 15161
2366 26606
2366 15303
2366 26759
2366 11890
2366 11903
2366 11926
2366 24670
2366 26180
2366 25146
2366 27162
2366 12143
2366 27199
2366 27229
2366 27059
2366 27729
2366 27200
2366 27370
2366 27707
2366 27938
2366 26919
2366 27706
2366 28021
2366 27717
2366 17095
2366 27860
2366 16274
2366 26775
2366 27970
2366 21069
2367 19026
2367 24584
2367 26346
2367 26691
2367 27270
2367 20891
2367 27379
2367 27202
2367 26652
2367 27982
2367 27899
2367 27639
2368 19226
2368 19177
2368 20872
2368 23816
2368 21848
2369 21205
2369 25150
2369 12662
2369 16663
2369 27804
2370 15702
2370 24977
2370 19595
2370 16529
2370 26670
2370 22024
2370 16346
2370 19213
2370 20169
2371 12223
2371 12693
2371 22571
2371 23475
2371 24764
2371 22412
2371 11923
2371 24956
2371 26996
2371 27732
2371 24026
2371 27902
2371 27983
2371 25653
2371 27406
2371 27945
2372 18430
2372 14686
2372 23157
2372 12333
2372 14130
2373 12127
2373 12928
2373 16619
2373 21267
2373 12637
2373 14582
2373 17293
2373 17974
2373 17769
2373 24887
2373 24888
2373 22191
2373 16357
2373 18835
2373 25018
2373 13175
2373 13461
2373 14557
2373 26807
2373 16140
2373 21235
2373 19611
2373 13982
2373 14725
2373 18304
2373 21224
2373 27587
2373 23150
2373 24000
2373 27409
2373 12762
2374 14344
2374 14907
2374 18364
2374 14536
2374 14327
2374 17073
2374 12441
2374 13315
2374 19207
2374 21553
2374 14663
2374 19879
2374 19108
2374 14888
2374 14837
2374 23966
2374 11859
2375 17384
2375 23003
2375 16729
2375 18869
2375 20502
2375 23488
2376 11924
2376 18030
2376 17789
2376 26767
2376 15058
2377 16081
2377 17132
2377 26373
2377 12081
2377 15786
2378 15950
2378 19068
2378 19754
2378 13472
2378 25337
2378 25144
2378 20834
2378 17263
2379 16241
2379 13530
2379 17207
2379 23856
2379 12202
2379 14564
2379 17705
2379 23377
2379 27998
2379 24795
2379 19085
2379 22933
2380 20533
2380 14451
2380 17733
2380 21509
2380 20211
2380 23692
2380 24606
2380 25602
2380 25337
2380 24643
2380 19237
2380 25526
2380 22412
2380 23264
2380 24841
2380 25111
2380 26881
2380 11923
2380 26960
2380 27333
2380 27724
2380 27835
2380 25653
2380 25147
2380 27777
2381 12597
2381 15676
2381 17519
2381 24665
2381 14085
2381 23479
2381 24453
2381 15900
2381 17536
2381 21748
2381 22324
2381 17080
2381 17888
2381 15666
2381 21175
2381 19813
2381 12974
2381 17174
2381 23648
2381 18899
2382 11947
2382 15683
2382 17808
2382 18386
2382 16453
2382 14561
2382 15850
2382 15868
2382 15389
2382 17541
2382 16595
2382 16033
2382 13878
2382 23678
2382 16631
2382 16395
2382 24293
2382 17454
2382 22093
2382 25365
2382 26031
2382 26106
2382 19651
2382 20232
2382 26897
2382 26545
2382 26671
2382 20790
2382 27367
2382 26820
2382 27527
2382 27474
2382 25147
2382 27752
2383 12348
2383 17662
2383 24959
2383 16479
2383 19645
2384 15986
2384 14536
2384 14265
2384 18725
2384 19076
2384 13878
2384 25167
2384 14985
2384 24376
2384 12652
2384 13741
2384 14900
2384 15139
2384 16499
2384 20236
2384 24025
2384 25598
2384 18734
2384 18074
2385 15549
2385 20844
2385 25899
2385 12830
2385 13044
2385 18144
2385 21593
2385 25689
2385 15805
2385 26910
2386 20823
2386 20493
2386 12394
2386 26656
2386 13982
2386 24730
2386 24761
2386 24928
2386 25231
2386 12232
2386 26805
2386 19085
2386 23334
2386 17461
2386 20002
2386 26317
2386 12662
2386 20289
2386 22954
2386 21758
2386 26643
2386 24859
2386 19848
2386 20586
2387 12265
2387 27024
2387 17975
2387 14152
2387 12974
2387 12777
2387 14193
2387 14599
2387 20179
2387 23625
2387 24101
2387 17960
2387 15119
2387 16116
2387 14146
2387 15848
2388 18433
2388 12280
2388 13007
2388 16344
2388 21373
2388 23537
2388 12248
2388 14738
2388 14736
2388 11911
2388 17134
2388 22442
2388 23984
2388 16727
2388 15365
2388 24439
2388 15103
2388 17740
2388 19167
2388 17623
2388 17743
2388 19645
2388 23926
2388 16450
2388 18647
2389 14438
2389 20896
2389 20937
2389 21474
2389 21828
2389 21813
2389 23906
2389 14368
2389 26996
2389 27804
2389 27837
2389 27808
2389 26813
2389 27876
2389 28011
2389 27616
2390 15221
2390 19108
2390 19363
2390 12073
2390 16962
2390 20025
2390 12786
2390 12175
2390 18578
2390 13327
2390 11947
2390 26789
2390 15373
2390 12227
2390 12889
2390 19461
2390 12223
2390 12222
2390 12424
2390 15881
2391 14046
2391 12366
2391 18223
2391 11924
2391 14465
2391 17309
2391 22684
2392 13534
2392 15305
2392 13013
2392 12857
2392 12271
2392 17988
2392 12693
2392 20842
2392 20066
2392 24158
2392 15258
2392 16482
2392 26977
2393 17063
2393 20298
2393 12130
2393 21045
2393 22133
2393 17430
2393 17578
2393 22045
2393 17925
2393 13660
2393 19464
2393 12233
2393 18606
2393 19198
2393 22650
2394 13658
2394 17309
2394 23863
2394 25805
2394 14024
2395 21620
2395 18446
2395 14061
2395 24948
2395 14889
2396 12693
2396 16554
2396 11947
2396 23870
2396 16274
2396 16555
2396 16719
2396 18473
2396 12406
2396 22426
2396 12139
2396 17629
2396 24541
2396 14368
2396 13116
2396 20511
2396 22000
2396 15649
2396 24300
2396 20771
2396 25988
2396 25943
2396 22348
2396 22350
2396 25558
2396 22369
2396 26810
2396 25987
2396 27389
2396 26274
2396 15012
2396 27368
2396 27283
2396 27442
2396 27857
2396 20305
2396 26924
2396 27902
2396 25109
2396 27966
2396 27988
2396 27989
2396 28004
2396 27906
2397 22826
2397 17420
2397 20374
2397 15302
2397 23897
2397 22581
2397 25227
2397 22348
2397 22016
2397 21431
2397 13945
2397 26451
2397 26565
2397 27732
2397 27731
2397 27441
2397 27442
2397 27379
2397 27984
2397 27969
2398 14296
2398 19446
2398 16228
2398 18682
2398 14784
2398 16818
2398 20367
2398 17297
2398 14785
2398 13983
2398 12141
2398 14701
2398 16822
2398 19481
2398 22223
2398 19209
2398 20297
2398 25568
2398 22889
2398 25521
2398 15936
2398 19453
2398 22079
2398 23358
2398 11923
2398 14371
2398 25476
2398 11905
2398 25941
2398 25513
2398 25421
2398 26996
2398 22139
2398 26796
2398 27705
2398 17682
2398 20864
2399 20497
2399 25695
2399 19603
2399 21742
2399 22049
2399 25486
2399 18121
2399 19879
2399 20937
2399 27281
2399 27002
2400 12701
2400 23986
2400 12662
2400 13067
2400 13545
2400 13603
2400 13937
2400 14223
2400 15593
2400 17250
2400 17451
2400 20301
2400 21953
2400 24034
2400 20275
2400 13474
2400 16314
2400 25662
2401 12160
2401 12171
2401 12188
2401 13011
2401 13116
2401 16644
2401 24831
2402 15951
2402 23041
2402 20374
2402 22683
2402 14905
2402 19067
2402 24374
2402 26215
2403 12974
2403 13293
2403 18835
2403 22547
2403 11917
2403 20764
2403 12026
2403 13081
2403 15668
2403 16953
2403 16595
2403 25382
2403 13952
2403 27723
2404 27787
2404 17395
2404 27498
2404 22394
2404 12821
2404 26797
2404 13918
2404 23397
2404 24533
2404 27171
2404 14131
2404 25109
2404 15891
2404 18005
2404 22188
2404 24844
2404 19684
2404 22122
2405 22001
2405 21676
2405 21000
2405 24670
2405 24814
2405 24666
2405 26345
2405 26521
2405 11923
2405 22297
2405 26914
2405 27065
2405 26005
2405 26995
2405 17784
2405 27280
2405 14517
2405 27171
2405 27541
2405 27283
2405 27351
2405 26766
2406 15732
2406 26259
2406 24183
2406 19665
2406 14289
2406 21172
2406 23531
2406 12139
2406 18612
2406 22125
2407 12504
2407 15258
2407 24606
2407 24643
2407 25337
2407 26172
2407 26644
2407 24187
2407 26995
2407 26493
2407 27697
2408 14919
2408 25158
2408 24945
2408 26645
2408 26643
2408 26760
2409 11928
2409 12198
2409 15645
2409 18620
2409 20411
2409 23535
2409 24748
2409 25829
2409 25970
2409 27605
2409 13008
2409 13113
2409 18121
2409 19403
2409 26812
2409 17479
2410 14110
2410 22872
2410 20818
2410 13878
2410 25879
2410 15449
2410 18800
2411 14955
2411 20526
2411 19076
2411 27098
2411 18897
2411 27049
2412 12649
2412 13047
2412 22826
2412 26643
2412 18381
2412 19415
2412 24561
2412 15466
2412 18587
2412 24356
2412 23675
2413 20568
2413 12662
2413 22288
2413 18278
2413 19199
2413 17395
2413 21055
2413 25432
2413 15091
2413 21338
2413 20772
2413 13736
2414 15142
2414 13433
2414 21296
2414 18544
2414 23683
2414 14299
2414 26172
2414 15646
2414 17540
2414 25748
2414 27543
2415 24658
2415 24721
2415 24827
2415 26498
2415 25791
2415 15402
2416 23941
2416 18171
2416 24318
2416 17317
2416 20647
2416 25160
2416 11883
2416 24498
2416 16950
2416 17329
2416 16498
2416 26081
2416 25966
2416 16315
2416 25322
2416 13262
2416 19499
2416 13735
2416 19960
2416 24491
2417 19948
2417 19459
2417 24836
2417 26223
2417 12915
2417 12974
2417 17505
2417 16134
2417 12913
2417 14092
2417 24317
2417 22411
2417 17586
2417 17772
2418 22298
2418 22323
2418 26991
2418 16032
2418 24977
2419 26891
2419 13936
2419 25589
2419 12974
2419 23834
2420 16280
2420 12661
2420 19618
2420 19979
2420 12023
2420 12141
2420 13474
2420 19763
2420 21854
2420 26420
2420 21265
2420 12474
2420 16360
2420 22567
2420 12653
2420 16022
2421 20936
2421 21723
2421 23748
2421 21127
2421 21653
2422 21993
2422 22226
2422 25568
2422 15649
2422 27474
2423 24122
2423 12407
2423 13741
2423 16436
2423 25851
2423 23609
2423 26317
2423 12151
2423 12974
2423 17536
2423 26799
2423 23503
2423 12850
2423 15909
2423 13321
2423 25863
2424 14881
2424 15785
2424 13586
2424 22704
2424 20470
2424 14076
2424 19735
2424 24527
2424 13381
2425 14412
2425 20863
2425 16591
2425 26446
2425 12658
2426 14683
2426 12799
2426 16611
2426 12800
2426 14618
2426 16756
2426 16710
2426 20223
2426 18682
2426 19192
2426 15241
2426 21863
2426 12141
2426 20197
2426 19195
2426 20224
2426 20052
2426 19826
2426 13342
2426 16429
2426 17814
2426 20267
2426 26258
2426 12201
2426 22461
2426 19725
2426 25521
2426 22826
2426 23953
2426 25734
2426 25941
2426 26411
2426 13759
2426 27935
2426 27836
2426 16416
2427 13985
2427 20922
2427 13076
2427 17259
2427 22006
2427 23647
2427 25104
2427 26473
2427 27004
2428 16157
2428 12419
2428 11994
2428 18694
2428 19152
2428 21175
2428 27042
2428 17108
2428 20842
2428 25200
2428 12145
2428 12648
2428 19367
2429 12105
2429 12430
2429 12859
2429 16747
2429 18089
2429 22895
2429 24649
2430 15645
2430 16419
2430 20844
2430 23505
2430 23808
2430 19282
2430 11890
2431 19142
2431 12741
2431 17178
2431 20535
2431 18814
2432 16177
2432 13917
2432 14862
2432 26207
2432 24465
2432 22139
2433 22691
2433 16573
2433 12525
2433 21497
2433 23579
2433 24666
2433 23714
2433 20854
2433 18429
2433 26056
2433 26095
2433 19513
2433 13539
2433 26743
2433 14121
2433 15411
2433 22739
2433 20435
2433 27835
2434 21903
2434 24519
2434 16107
2434 12474
2434 15229
2434 14327
2434 15096
2434 17562
2434 26238
2434 23314
2434 15156
2434 22936
2434 21045
2434 24628
2434 16382
2434 18907
2435 14536
2435 21154
2435 22779
2435 22893
2435 18278
2436 13639
2436 15244
2436 12811
2436 17185
2436 17342
2436 12782
2436 14169
2436 15126
2436 14186
2436 17489
2436 16224
2436 12024
2436 12026
2436 12538
2436 13937
2436 17462
2436 20169
2436 13447
2436 19503
2436 23362
2436 19196
2436 25652
2436 25654
2436 24841
2436 23812
2436 25294
2436 24899
2436 26853
2436 14313
2436 17749
2436 28045
2437 13697
2437 14385
2437 19729
2437 16455
2437 22169
2437 25114
2437 13858
2437 15891
2437 22528
2437 18044
2437 25664
2437 25661
2437 20417
2438 12505
2438 14092
2438 17125
2438 18011
2438 21660
2438 24595
2439 17507
2439 12622
2439 14088
2439 17086
2439 12234
2439 18205
2439 19075
2439 18204
2439 13014
2439 18032
2439 15813
2439 13319
2439 14200
2439 14080
2439 23730
2440 20632
2440 12202
2440 18232
2440 12203
2440 17874
2440 13315
2440 16509
2440 12693
2440 13064
2441 13660
2441 13306
2441 15354
2441 18616
2441 11983
2442 15970
2442 17168
2442 19138
2442 19292
2442 25232
2442 11912
2442 11926
2442 13734
2442 20982
2442 25864
2442 27113
2442 12019
2442 26540
2443 16831
2443 19130
2443 18522
2443 12059
2443 12060
2443 12569
2443 21873
2443 20706
2443 14517
2443 22062
2443 17045
2443 23638
2443 25035
2443 25076
2443 23854
2443 25769
2443 22492
2443 24658
2443 26561
2443 26180
2443 27010
2443 25987
2443 27210
2443 24388
2443 26960
2443 27310
2443 26798
2443 14506
2443 27204
2443 26381
2443 27585
2443 27997
2444 18153
2444 15726
2444 19507
2444 12217
2444 14466
2444 20785
2444 27626
2445 12891
2445 13106
2445 15377
2445 15929
2445 18914
2445 21380
2445 22105
2445 23523
2445 24346
2445 13474
2445 16409
2445 22438
2445 24927
2445 15059
2445 17190
2445 22274
2446 14750
2446 16139
2446 20798
2446 21019
2446 26666
2447 12892
2447 18047
2447 13205
2447 23137
2447 25061
2447 18812
2447 21466
2447 26441
2447 24404
2447 21571
2447 11857
2448 18342
2448 17254
2448 12145
2448 12818
2448 14036
2448 23325
2448 24938
2448 25132
2449 15382
2449 15186
2449 17385
2449 19270
2449 20681
2449 20909
2449 26332
2449 18967
2449 25555
2450 12352
2450 12453
2450 22082
2450 12143
2450 21781
2450 17459
2450 26100
2450 12389
2451 17469
2451 14590
2451 15065
2451 12016
2451 19415
2451 12726
2451 20590
2451 18986
2451 13564
2451 11884
2451 13112
2451 13982
2451 13173
2452 16070
2452 18253
2452 21587
2452 21882
2452 12004
2452 12122
2452 15324
2452 16791
2452 17707
2452 17752
2452 13319
2452 13729
2452 18475
2452 22535
2452 20590
2452 24470
2453 15281
2453 12160
2453 14192
2453 25644
2453 25125
2454 15329
2454 24297
2454 12145
2454 15186
2454 18828
2454 12030
2454 17620
2454 26071
2454 16027
2454 16224
2454 16292
2454 16624
2454 17267
2454 19649
2454 20312
2454 20441
2454 23467
2455 19769
2455 26259
2455 14326
2455 19955
2455 21235
2455 14667
2455 13164
2455 15882
2455 12672
2455 13594
2455 13878
2455 16277
2455 15441
2456 11957
2456 12139
2456 12693
2456 13653
2456 14186
2456 17536
2456 25628
2456 13815
2456 14881
2456 21385
2456 23680
2456 25863
2456 16359
2456 22779
2456 13447
2456 27325
2456 24662
2456 17415
2456 22309
2456 16624
2456 25713
2456 13888
2456 16292
2456 15700
2456 15463
2457 18428
2457 22925
2457 23247
2457 25537
2457 25309
2457 13940
2458 12163
2458 15499
2458 13989
2458 15645
2458 16277
2458 23486
2458 24669
2459 18537
2459 12430
2459 25296
2459 20675
2459 25486
2459 22138
2459 25321
2459 16460
2459 13427
2459 25662
2460 15074
2460 24834
2460 19710
2460 13436
2460 18291
2461 16670
2461 13660
2461 23026
2461 20209
2461 15864
2461 24736
2461 12707
2461 17305
2462 19962
2462 20405
2462 23808
2462 23862
2462 23863
2462 15325
2462 12064
2462 12695
2462 13121
2462 22587
2462 12444
2462 16163
2462 20550
2462 17032
2462 16506
2462 14195
2463 11912
2463 12378
2463 14683
2463 14950
2463 15006
2463 16033
2463 17451
2463 12348
2463 15026
2463 23780
2463 19847
2463 12866
2463 23804
2463 26922
2463 21048
2463 26719
2464 13902
2464 19212
2464 16503
2464 14378
2464 25048
2464 25602
2464 26172
2464 19140
2464 22348
2464 25557
2464 27065
2465 11873
2465 21262
2465 22432
2465 24863
2465 25314
2465 25041
2466 11865
2466 23217
2466 23466
2466 24258
2466 22937
2466 23168
2466 24427
2466 24796
2466 24543
2466 21077
2466 25054
2466 26489
2466 26894
2466 26840
2466 26771
2466 26317
2466 21474
2466 27709
2466 27923
2467 22499
2467 16277
2467 16506
2467 18089
2467 19415
2467 12693
2467 14186
2467 12809
2467 16741
2467 18766
2467 12740
2467 12141
2467 13023
2467 14138
2467 12364
2467 13474
2467 19959
2467 16714
2467 26038
2467 13007
2467 16224
2468 23222
2468 18758
2468 20912
2468 22792
2468 25633
2468 13138
2469 20253
2469 21151
2469 19719
2469 24609
2469 26285
2469 20041
2469 23801
2469 18362
2470 12136
2470 12129
2470 12130
2470 12559
2470 12704
2470 12110
2470 12544
2470 12336
2470 12132
2470 12560
2470 20010
2470 18810
2470 23213
2470 15533
2470 22801
2471 12905
2471 19937
2471 12692
2471 21030
2471 16460
2471 18812
2471 22785
2471 23651
2471 22094
2471 23363
2471 14950
2471 20278
2471 24845
2471 24510
2471 26102
2471 26344
2471 25076
2471 25859
2471 18661
2471 26637
2471 17114
2471 11923
2471 19325
2471 27176
2471 14023
2471 27672
2471 27641
2471 22429
2471 27257
2471 17279
2471 20503
2471 27507
2471 27966
2471 12663
2471 27671
2471 17184
2472 15666
2472 26752
2472 20318
2472 26827
2472 15574
2473 11893
2473 14517
2473 14027
2473 18734
2473 16981
2473 18152
2473 12013
2473 13023
2473 23949
2474 16246
2474 14327
2474 15952
2474 25484
2474 25555
2474 12776
2474 22049
2474 23531
2474 15422
2474 24535
2474 12432
2474 12663
2474 18061
2474 22751
2474 24392
2474 24754
2474 15319
2474 16762
2474 17068
2474 23460
2474 16945
2474 20893
2474 25750
2474 13630
2474 16277
2474 17046
2474 25245
2474 19954
2474 20643
2474 16795
2474 12763
2474 20565
2474 23140
2474 24444
2474 26857
2474 27957
2474 24805
2475 13481
2475 18886
2475 24252
2475 24350
2475 17001
2475 13158
2475 16159
2475 26022
2475 22895
2476 16579
2476 13903
2476 12463
2476 17418
2476 16515
2477 20896
2477 21284
2477 21711
2477 24378
2477 23459
2477 25270
2477 25521
2477 25520
2477 26606
2477 27726
2477 27835
2478 16139
2478 20003
2478 11978
2478 16360
2478 25381
2478 16565
2478 25394
2478 27727
2478 12171
2479 18753
2479 22061
2479 24606
2479 19249
2479 25519
2479 25101
2479 26186
2479 26184
2479 26102
2479 25654
2479 23292
2479 26691
2479 25294
2479 11923
2479 26995
2479 27121
2479 27270
2479 25405
2479 27361
2479 26761
2479 27614
2479 27865
2479 27861
2479 27860
2479 27777
2479 27459
2480 19572
2480 20359
2480 22196
2480 19445
2480 16476
2480 21875
2480 26305
2480 12176
2480 25890
2480 21953
2481 19784
2481 20410
2481 14241
2481 20867
2481 23665
2481 24081
2481 17161
2481 25868
2482 22402
2482 15493
2482 16631
2482 24435
2482 24266
2482 24639
2482 24116
2482 24808
2482 25036
2482 23248
2482 24506
2482 24643
2482 25266
2482 25800
2482 25625
2482 26277
2482 26691
2482 22494
2482 24300
2482 26164
2482 26344
2482 26621
2482 25503
2482 26094
2482 26450
2482 26637
2482 26683
2482 11923
2482 26809
2482 27228
2482 27229
2482 27304
2482 25986
2482 27184
2482 27367
2482 27544
2482 27280
2482 27805
2482 27843
2482 27860
2482 27987
2482 27988
2482 27992
2483 12246
2483 13085
2483 14840
2483 23806
2483 18051
2483 24435
2483 19934
2483 24969
2483 26394
2483 25520
2483 26166
2483 22739
2483 26164
2483 25557
2483 21228
2483 11923
2483 26005
2483 27638
2483 26652
2483 27882
2483 27704
2484 13763
2484 15126
2484 15688
2484 16035
2484 16376
2484 19588
2484 20229
2484 26802
2484 26810
2485 11957
2485 13810
2485 16830
2485 18401
2485 15593
2485 18402
2485 24488
2486 18554
2486 14635
2486 15701
2486 25319
2486 16514
2486 20545
2486 25296
2486 23252
2487 16595
2487 21585
2487 12430
2487 13529
2487 23613
2487 20405
2487 26034
2488 16214
2488 18339
2488 24131
2488 18120
2488 17515
2488 19862
2488 26843
2489 18836
2489 16028
2489 21481
2489 24215
2489 24180
2489 25125
2490 20428
2490 21287
2490 26660
2490 27503
2490 17352
2490 24379
2491 14301
2491 11905
2491 19470
2491 16013
2491 22023
2491 13487
2491 26831
2492 13486
2492 16262
2492 11888
2492 12398
2492 12201
2492 24917
2492 16007
2492 19476
2492 24633
2493 23678
2493 24643
2493 24884
2493 26643
2493 11923
2493 22496
2493 27855
2493 27930
2494 14155
2494 24918
2494 25809
2494 15733
2494 21492
2494 21585
2494 23065
2494 12707
2494 17509
2494 23144
2494 18901
2494 18928
2494 24786
2494 22675
2494 16776
2494 24371
2494 26458
2494 26662
2494 12139
2494 15103
2494 22605
2494 25387
2494 22023
2494 22337
2494 23886
2494 16439
2495 21204
2495 12364
2495 13119
2495 14557
2495 17779
2495 19403
2495 20393
2495 21170
2495 23255
2495 24615
2495 24656
2495 25816
2495 26876
2495 13135
2495 14211
2495 16061
2495 18415
2495 21623
2495 22974
2495 23988
2495 24778
2495 17562
2495 20239
2495 18670
2495 19825
2495 12240
2495 13319
2495 16465
2495 18668
2495 23948
2495 26437
2495 11873
2495 18760
2495 14018
2495 15173
2496 12670
2496 16856
2496 15675
2496 15596
2496 12974
2496 20979
2496 16116
2496 13642
2496 18922
2496 20702
2496 12577
2496 27025
2496 25276
2496 15548
2497 18268
2497 24798
2497 25852
2497 27018
2497 15769
2498 14178
2498 14623
2498 23678
2498 23185
2498 23906
2498 12731
2498 18743
2498 15649
2498 26128
2498 26568
2498 22298
2498 26906
2498 26941
2498 25485
2498 11923
2498 18579
2498 27121
2498 27182
2498 27441
2498 27704
2498 27970
2498 28075
2499 22525
2499 23171
2499 13878
2499 19270
2499 23299
2499 25931
2499 17295
2499 22312
2500 14880
2500 16014
2500 16488
2500 24112
2500 20283
2500 25929
2500 24720
2500 25531
2500 19933
2500 23367
2500 23851
2500 24990
2500 21627
2500 14551
2500 19068
2500 20618
2501 13571
2501 13572
2501 18514
2501 13573
2501 13965
2501 13729
2501 14532
2501 15258
2501 21212
2501 15196
2501 14639
2501 13784
2502 16829
2502 13938
2502 16888
2502 15317
2502 13049
2502 12243
2502 16725
2502 26751
2502 27265
2502 13048
2502 20156
2502 27221
2502 27685
2502 27472
2502 28003
2503 23681
2503 24643
2503 22298
2503 25294
2503 27551
2503 27902
2503 27920
2504 24601
2504 23755
2504 21522
2504 27610
2504 21039
2504 26891
2504 21958
2505 22729
2505 24666
2505 24183
2505 26766
2505 19978
2505 27899
2505 28023
2505 27477
2506 20849
2506 21046
2506 21896
2506 24675
2506 23434
2507 13421
2507 23072
2507 23107
2507 15499
2507 19992
2507 24935
2507 13061
2507 26025
2507 25742
2508 15347
2508 16761
2508 24439
2508 23702
2508 26827
2509 12281
2509 15926
2509 21236
2509 18670
2509 25205
2510 18276
2510 24945
2510 20608
2510 26544
2510 27361
2510 27616
2511 12430
2511 24017
2511 25708
2511 24545
2511 14543
2512 20941
2512 16938
2512 20889
2512 18182
2512 23013
2512 12139
2512 12691
2512 16859
2512 20853
2512 23611
2512 13243
2512 15515
2512 12291
2512 27180
2513 13603
2513 16424
2513 20988
2513 14135
2513 15664
2513 23520
2513 26949
2514 15443
2514 16173
2514 18705
2514 19179
2514 19421
2514 19512
2514 22127
2514 25110
2515 12031
2515 11898
2515 12294
2515 13551
2515 11886
2515 21242
2515 19559
2515 14024
2515 23989
2515 24666
2515 25270
2515 25601
2515 26606
2515 17190
2515 24292
2515 28021
2516 22298
2516 22412
2516 26644
2516 25069
2516 25238
2516 18909
2516 13793
2516 26643
2516 17293
2516 14685
2516 26180
2516 11923
2516 24176
2516 26989
2516 25765
2516 27280
2516 27286
2516 14517
2516 25267
2516 27495
2516 27541
2516 27802
2516 27416
2516 27518
2516 27981
2516 27900
2516 26919
2516 22354
2516 27139
2516 27970
2516 28062
2516 27899
2516 28065
2516 28076
2516 28061
2516 28083
2516 28005
2516 28084
2516 28090
2516 28018
2516 28040
2516 28067
2516 28074
2517 11852
2517 13627
2517 14223
2517 16028
2517 16401
2517 17826
2517 21019
2517 22419
2517 23206
2517 24527
2517 26301
2518 12898
2518 15443
2518 16867
2518 26645
2518 21549
2518 15302
2518 17406
2518 12056
2518 17452
2518 20051
2518 14836
2518 26412
2518 20173
2518 12406
2518 12178
2518 12085
2518 27182
2518 13656
2518 27764
2518 26652
2518 20308
2518 27929
2518 27925
2518 27910
2518 28044
2519 22713
2519 14174
2519 21259
2519 17663
2519 22369
2519 22709
2519 12243
2520 13743
2520 18972
2520 18971
2520 14165
2520 18909
2520 27304
2521 15192
2521 15302
2521 18258
2521 15317
2521 17386
2521 18471
2521 23615
2521 15777
2521 20002
2521 13862
2521 14557
2521 13512
2521 14596
2521 13121
2521 24218
2521 17893
2521 16107
2521 24076
2521 15480
2521 20506
2521 13355
2521 14013
2521 11866
2521 16759
2521 23938
2522 15073
2522 15721
2522 16901
2522 23269
2522 19108
2522 20259
2522 21493
2522 11893
2522 13023
2522 14813
2522 15688
2522 15755
2522 15853
2522 16754
2522 21059
2522 21177
2522 13393
2522 17491
2522 18467
2522 12642
2522 20060
2522 21217
2522 12662
2522 23372
2522 17617
2523 15234
2523 15184
2523 12917
2523 12520
2523 21139
2523 23075
2523 22937
2523 24666
2523 26186
2523 20772
2523 20771
2523 24490
2523 25654
2523 23812
2523 23920
2523 27282
2523 25844
2523 27542
2524 17989
2524 12139
2524 17268
2524 19139
2524 24199
2525 24666
2525 25652
2525 24370
2525 18861
2525 25283
2525 25282
2525 24956
2525 26079
2525 26167
2525 26804
2525 18909
2525 26620
2525 26561
2525 26630
2525 26930
2525 21508
2525 26772
2525 27437
2525 25757
2525 27057
2525 27334
2525 27466
2525 27541
2525 27857
2525 25147
2525 27997
2525 19659
2525 28023
2525 27920
2526 21838
2526 19615
2526 21440
2526 21708
2526 15507
2526 15511
2526 17111
2526 20904
2526 12967
2526 14162
2526 24354
2527 12004
2527 14940
2527 19847
2527 23795
2527 25497
2527 23734
2527 26955
2527 27114
2527 25689
2527 26859
2527 18359
2527 26891
2528 14377
2528 15721
2528 16103
2528 26193
2528 14389
2528 15348
2528 17794
2528 18538
2528 22350
2528 23002
2529 19308
2529 23528
2529 25132
2529 27451
2529 15785
2529 17446
2529 24193
2529 26108
2530 24226
2530 13528
2530 17712
2530 20552
2530 12430
2530 18044
2530 17021
2530 25648
2530 18691
2530 26225
2530 16235
2530 17227
2530 18005
2530 12672
2531 13757
2531 13116
2531 15516
2531 20697
2531 21433
2531 23953
2531 24699
2531 25978
2532 21786
2532 12668
2532 20912
2532 12179
2532 17853
2532 16573
2532 22792
2532 25648
2532 21898
2532 25936
2532 13400
2532 18604
2532 18236
2532 20444
2532 22128
2532 25132
2532 15803
2532 27479
2532 13164
2532 24449
2532 26094
2532 14018
2533 15737
2533 23932
2533 12143
2533 12145
2533 18053
2533 14469
2533 25649
2533 16036
2533 20466
2533 26041
2533 27032
2533 15464
2534 22467
2534 13310
2534 15064
2534 15654
2534 23471
2534 19335
2534 12414
2534 13233
2535 12229
2535 12753
2535 14104
2535 15302
2535 21556
2535 26126
2535 17921
2536 21141
2536 12974
2536 23567
2536 23119
2536 24065
2536 26812
2536 23144
2537 15674
2537 17479
2537 25755
2537 19847
2537 21000
2537 24121
2537 23533
2537 27318
2538 19548
2538 20445
2538 20834
2538 20276
2538 24255
2538 20496
2538 15096
2538 24688
2538 13489
2538 25911
2538 26984
2538 24471
2538 24214
2539 12877
2539 14368
2539 13351
2539 18981
2539 17217
2539 26143
2539 19480
2539 17929
2539 16455
2539 15987
2539 13079
2540 25076
2540 26489
2540 11923
2540 26924
2540 28022
2540 27861
2540 26685
2541 18227
2541 22068
2541 19395
2541 19635
2541 25224
2541 19631
2542 25879
2542 13738
2542 15987
2542 22504
2542 12449
2542 15631
2542 16463
2542 21187
2542 27522
2543 20935
2543 24543
2543 23229
2543 26339
2543 27498
2544 11948
2544 22144
2544 26328
2544 24022
2544 25557
2544 25989
2544 26914
2544 16379
2544 27272
2544 21259
2544 27518
2544 27726
2544 27737
2544 27368
2544 27474
2544 18830
2544 27797
2544 27938
2544 27951
2544 27862
2544 25653
2544 23318
2544 27625
2544 28083
2544 28086
2544 27565
2544 27689
2545 16610
2545 13882
2545 22315
2545 16955
2545 17929
2546 12139
2546 13001
2546 20000
2546 12190
2546 12776
2546 14187
2546 25609
2546 17135
2546 19419
2546 21765
2546 23881
2547 13414
2547 19506
2547 14394
2547 23326
2547 16538
2547 23999
2547 19560
2547 23673
2547 20232
2547 15735
2547 17770
2547 15863
2547 22779
2547 20199
2547 13801
2547 26391
2548 20268
2548 21707
2548 11891
2548 18775
2548 23510
2549 23628
2549 24516
2549 24944
2549 20433
2549 23983
2549 26106
2549 26165
2549 26804
2549 27833
2549 26813
2549 28021
2549 28090
2550 23410
2550 24433
2550 24506
2550 26165
2550 22350
2550 23264
2550 25677
2550 22297
2550 26450
2550 11923
2550 27321
2550 18900
2550 27726
2550 27527
2550 27729
2550 27697
2550 26813
2550 28041
2550 28036
2551 14903
2551 15797
2551 14769
2551 14496
2551 16670
2551 16957
2551 15533
2551 16158
2551 16552
2551 18122
2552 15218
2552 12903
2552 12067
2552 14962
2552 27059
2552 27474
2552 12577
2552 27902
2553 18816
2553 19469
2553 16455
2553 24163
2553 26040
2553 11852
2554 15033
2554 23546
2554 27490
2554 12145
2554 14464
2554 21180
2554 14596
2554 15212
2554 27629
2555 16719
2555 17546
2555 24785
2555 26661
2555 13113
2555 17046
2555 20197
2555 22220
2555 19244
2555 12056
2555 19289
2555 27597
2555 27866
2556 19113
2556 18024
2556 16590
2556 21233
2556 22663
2556 17441
2556 18836
2556 24581
2556 17169
2556 16287
2557 20623
2557 12948
2557 23033
2557 27371
2557 20224
2557 25576
2558 18163
2558 11918
2558 22667
2558 25554
2558 26709
2559 18011
2559 18318
2559 14566
2559 13584
2559 25488
2560 12497
2560 14282
2560 25441
2560 23890
2560 25961
2560 24700
2560 22781
2560 21752
2560 26303
2560 24277
2560 18579
2560 18112
2560 27319
2560 26493
2560 26084
2560 15856
2560 27762
2560 28014
2560 27910
2561 12528
2561 14683
2561 16023
2561 24124
2561 21601
2561 13586
2561 25831
2561 26168
2561 26309
2561 22568
2561 26518
2561 27228
2561 27310
2561 23787
2561 27041
2561 27203
2561 27855
2561 27881
2562 15899
2562 15324
2562 20780
2562 26288
2562 26075
2563 12886
2563 14563
2563 14756
2563 12716
2563 13944
2563 19367
2563 16970
2563 19622
2563 19755
2563 19216
2563 18501
2563 17309
2563 20290
2563 18812
2563 16631
2563 11946
2563 27201
2563 27415
2563 26887
2563 16517
2563 26697
2563 25748
2563 27555
2563 27705
2563 27641
2563 27839
2563 27891
2563 25653
2563 27717
2563 27860
2563 26925
2564 14648
2564 21672
2564 20179
2564 17309
2564 21292
2564 12304
2564 23858
2565 28057
2565 27925
2565 27893
2565 27937
2565 27688
2565 27692
2565 27753
2565 28018
2565 28040
2565 28056
2565 28074
2565 12760
2565 28027
2565 26942
2565 28065
2565 27660
2565 12556
2565 18029
2565 21444
2565 21442
2565 21443
2565 16385
2565 28077
2565 28033
2565 28034
2565 27846
2565 28076
2565 28085
2565 28094
2565 27814
2565 28010
2565 28095
2565 23848
2566 13330
2566 14695
2566 24372
2566 22093
2566 24425
2566 24643
2566 26347
2566 26163
2566 22297
2566 22369
2566 11923
2566 26076
2566 27269
2567 24764
2567 25712
2567 16962
2567 26760
2567 14905
2567 17784
2567 14549
2567 27351
2567 27834
2567 21405
2567 21564
2567 27981
2567 25347
2568 14756
2568 16260
2568 13979
2568 18719
2568 17303
2568 23552
2569 13355
2569 19321
2569 20883
2569 23748
2569 21837
2570 25087
2570 26822
2570 23017
2570 21886
2570 18554
2570 16170
2570 23781
2570 26330
2571 12045
2571 12419
2571 12424
2571 14976
2571 16564
2571 18471
2571 19112
2571 20742
2571 25690
2571 26951
2571 27396
2572 17773
2572 25488
2572 20399
2572 26760
2572 11923
2572 17090
2572 27063
2572 23790
2572 27945
2572 12684
2573 12136
2573 12016
2573 12174
2573 12178
2573 11866
2573 11847
2573 12237
2573 11892
2573 12722
2573 12789
2573 20768
2573 23660
2573 18858
2573 21806
2573 18817
2573 25654
2573 13064
2573 25318
2573 16132
2573 17401
2573 20103
2573 22794
2573 22822
2573 26996
2573 13171
2573 14517
2573 17309
2573 27539
2573 27987
2574 22249
2574 14252
2574 18462
2574 20474
2574 21483
2574 22250
2575 15479
2575 24293
2575 24666
2575 26394
2575 18277
2575 18278
2575 26002
2575 25111
2575 26412
2575 26074
2575 14506
2575 17184
2576 22441
2576 12270
2576 17574
2576 23273
2576 22054
2576 25913
2576 21479
2576 17702
2577 22974
2577 15441
2577 27416
2577 22577
2577 26957
2577 28065
2577 28040
2577 28094
2578 11953
2578 12145
2578 13129
2578 19140
2578 25222
2578 21236
2578 14311
2578 27197
2578 20438
2578 15441
2579 18957
2579 22193
2579 16828
2579 15978
2579 12687
2579 25751
2580 12724
2580 16672
2580 15425
2580 21146
2580 26980
2580 27455
2580 15894
2580 16317
2580 23944
2580 17359
2581 16636
2581 24014
2581 13973
2581 23775
2581 26810
2582 18649
2582 19971
2582 19730
2582 12562
2582 17463
2582 15595
2582 26273
2582 21653
2582 24707
2582 12974
2582 15934
2582 12745
2582 20564
2583 12662
2583 18193
2583 14259
2583 17692
2583 23412
2583 27497
2584 11890
2584 17629
2584 23683
2584 11882
2584 21000
2584 14790
2584 22002
2584 12859
2584 20197
2584 25743
2584 25568
2584 20909
2584 26055
2584 26645
2584 27065
2584 25837
2584 24276
2585 13662
2585 16700
2585 16973
2585 19446
2585 19832
2585 11893
2585 12914
2585 17431
2585 23780
2585 11911
2585 15833
2585 20754
2585 22376
2585 23781
2585 20125
2585 14662
2585 15596
2585 21631
2586 15468
2586 19767
2586 27232
2586 22122
2586 24705
2586 15790
2586 19208
2586 19963
2586 25504
2586 21814
2586 22279
2586 26769
2586 12143
2586 20123
2586 17022
2586 27418
2586 17361
2587 15013
2587 22889
2587 18780
2587 21963
2587 15467
2587 15475
2587 22010
2587 26649
2588 19741
2588 21294
2588 15302
2588 19076
2588 25268
2588 12141
2588 12406
2588 12662
2589 18372
2589 25173
2589 25532
2589 17511
2589 13160
2589 14327
2589 16017
2589 27019
2589 18555
2589 24689
2590 24666
2590 26691
2590 18909
2590 25294
2590 26874
2590 27593
2590 27208
2591 11861
2591 13882
2591 21168
2591 21170
2591 20547
2591 24870
2591 16185
2591 12487
2591 26169
2591 21457
2591 25082
2592 24371
2592 18374
2592 25868
2592 24241
2592 13360
2592 19631
2592 20663
2592 26535
2592 11985
2592 23327
2592 26965
2592 26995
2593 19125
2593 24738
2593 17095
2593 15751
2593 20197
2593 19205
2593 20496
2593 15966
2593 22504
2593 18879
2593 26363
2593 23574
2593 19335
2593 20256
2593 20733
2593 20127
2593 24937
2593 17224
2593 12139
2593 26035
2594 13768
2594 16585
2594 19287
2594 22230
2594 15252
2594 19435
2594 12517
2594 21355
2594 22619
2594 18276
2594 23180
2594 17486
2594 24745
2594 14732
2594 22970
2594 20772
2594 18978
2594 13939
2594 25644
2595 24666
2595 23642
2595 26740
2595 27057
2595 27283
2595 25109
2595 28022
2596 13131
2596 21390
2596 24211
2596 24485
2596 19818
2596 14970
2596 24898
2596 13819
2596 19105
2596 23940
2596 26021
2597 21769
2597 16948
2597 23774
2597 25024
2597 18866
2597 22284
2597 14715
2597 15616
2598 14458
2598 19095
2598 22459
2598 16116
2598 17680
2598 12509
2598 15465
2598 20972
2599 21676
2599 24033
2599 16419
2599 25471
2599 25111
2599 22297
2599 27202
2599 27791
2599 28022
2599 27928
2599 28046
2600 12031
2600 20772
2600 12752
2600 14509
2600 18507
2600 12434
2600 13675
2600 15213
2600 23615
2600 26324
2600 13034
2600 14194
2601 26398
2601 25941
2601 18639
2601 21033
2601 22340
2601 24350
2601 26329
2601 12201
2601 12139
2601 12406
2601 13158
2601 13277
2601 16755
2601 19449
2601 26742
2601 19586
2601 20291
2601 21433
2601 24303
2601 25125
2601 26674
2601 27501
2601 12801
2601 13763
2601 20498
2601 25132
2602 19001
2602 16867
2602 14978
2602 23073
2602 24101
2602 21294
2602 21217
2603 19792
2603 19542
2603 23665
2603 20867
2603 25115
2603 23483
2603 26135
2603 13734
2604 14695
2604 25021
2604 26313
2604 26346
2604 24436
2604 25575
2604 26644
2604 23613
2604 26523
2604 24086
2604 24662
2604 27015
2604 27834
2604 27764
2604 27861
2604 27406
2604 27677
2605 15719
2605 17729
2605 15581
2605 20217
2605 16962
2605 21606
2605 22862
2605 23130
2605 21026
2605 14194
2605 17562
2605 27305
2605 13131
2606 23800
2606 18671
2606 12368
2606 12668
2606 18900
2606 20395
2606 22925
2606 24608
2606 21571
2607 23065
2607 19938
2607 22231
2607 15595
2607 22109
2607 14039
2607 22722
2607 13606
2608 14137
2608 12908
2608 17290
2608 19753
2608 21600
2608 22150
2608 20403
2608 24473
2608 24362
2608 25601
2608 26325
2608 23642
2608 26260
2608 27447
2608 19978
2608 28044
2609 21525
2609 18010
2609 15160
2609 17359
2609 16455
2609 17915
2609 14052
2609 17505
2609 19108
2609 20793
2610 22871
2610 19611
2610 25474
2610 12919
2610 13498
2610 14633
2610 16536
2610 15429
2610 18496
2610 24292
2610 21056
2610 19470
2610 22513
2611 18111
2611 20890
2611 23361
2611 24195
2611 25549
2611 24643
2611 24576
2611 26489
2611 26874
2611 26937
2611 27726
2611 28041
2612 11947
2612 14847
2612 13019
2612 12038
2612 14610
2612 15366
2612 18371
2612 14937
2612 13375
2612 13084
2612 15023
2612 16141
2612 26354
2612 22215
2612 22300
2612 25426
2613 12859
2613 14000
2613 19595
2613 18917
2613 12042
2613 18242
2613 21693
2613 26188
2613 15983
2614 19457
2614 22677
2614 18742
2614 26857
2614 15465
2614 18246
2614 21635
2615 18846
2615 21308
2615 25674
2615 25471
2615 27210
2615 16292
2615 24719
2615 17751
2615 25147
2615 27930
2615 27639
2615 27406
2615 27652
2616 12012
2616 15654
2616 15775
2616 19576
2616 15726
2616 15456
2616 16223
2616 17033
2616 22742
2617 18625
2617 24666
2617 25492
2617 27115
2617 27416
2617 27660
2617 28090
2617 28091
2617 28092
2618 13131
2618 19665
2618 18800
2618 23473
2618 15166
2618 14517
2618 13991
2618 22508
2618 23001
2618 17799
2618 25432
2618 16948
2618 23732
2618 19240
2618 11850
2618 25253
2618 27158
2618 27306
2618 27296
2618 12907
2618 27107
2618 27471
2618 19351
2618 27416
2618 15351
2618 27139
2619 21953
2619 23981
2619 19738
2619 25420
2619 21963
2619 12439
2620 12430
2620 12067
2620 12509
2620 21022
2620 11894
2620 20173
2620 18804
2620 20165
2620 27512
2621 12586
2621 14797
2621 14982
2621 18455
2621 18660
2622 24370
2622 20896
2622 18234
2622 22984
2622 18858
2622 14019
2623 12671
2623 26150
2623 15187
2623 17039
2623 13174
2623 16477
2623 27676
2624 25811
2624 16587
2624 26011
2624 12194
2624 12473
2624 23082
2624 21896
2624 15562
2625 24658
2625 23681
2625 24623
2625 24827
2625 25270
2625 25021
2625 26199
2625 25436
2625 26344
2625 24448
2625 25943
2625 26519
2625 25483
2625 26113
2625 26412
2625 27087
2625 27270
2625 27436
2625 20834
2625 27466
2625 27208
2625 28039
2626 19363
2626 20906
2626 14287
2626 18263
2626 19480
2626 23458
2626 23721
2626 23811
2626 15187
2626 16388
2626 18006
2626 19861
2626 20600
2626 21996
2626 24126
2626 25623
2627 14328
2627 23906
2627 24621
2627 12093
2627 25388
2627 24448
2627 25654
2627 22298
2627 25111
2627 21235
2627 25928
2627 27182
2627 25405
2627 27867
2627 27972
2628 14803
2628 15971
2628 21549
2628 13501
2628 15437
2628 20969
2628 25392
2628 12009
2628 12139
2628 16712
2628 17161
2628 19886
2628 22547
2629 26782
2629 13673
2629 20289
2629 20771
2629 12583
2629 17060
2629 23041
2629 20590
2629 14617
2629 19204
2629 22109
2629 21718
2629 22318
2629 23564
2629 24276
2629 14018
2629 17933
2629 16419
2630 24435
2630 24639
2630 20062
2630 24666
2630 24808
2630 24536
2630 26106
2630 22297
2630 27431
2630 27551
2630 27791
2630 27706
2631 13170
2631 23607
2631 12667
2631 18734
2631 22353
2631 24121
2631 20138
2631 13192
2631 20435
2631 15891
2631 20466
2631 24307
2631 24160
2631 21314
2631 27293
2631 11912
2631 16981
2631 13186
2631 14606
2631 11870
2631 20060
2631 27138
2631 25786
2631 25787
2631 25478
2631 26443
2632 24764
2632 24956
2632 23144
2632 25195
2632 24662
2632 26930
2632 20645
2632 27572
2632 27705
2632 27899
2633 16033
2633 20001
2633 21780
2633 24619
2633 27566
2633 13007
2633 17480
2633 19689
2633 20145
2633 25296
2634 14144
2634 15008
2634 15241
2634 19218
2634 14776
2634 20465
2635 19902
2635 24606
2635 25488
2635 22823
2635 26303
2635 26310
2635 27228
2635 26960
2635 25405
2635 27203
2635 27715
2636 19904
2636 13070
2636 14938
2636 18177
2636 18800
2636 22899
2636 13185
2636 13447
2636 25555
2636 25850
2637 16340
2637 18289
2637 15192
2637 21898
2637 12538
2637 14004
2637 12417
2637 18136
2637 17527
2637 15666
2637 16039
2637 17445
2637 21711
2637 23474
2637 23767
2637 13340
2637 16718
2637 16831
2637 22348
2638 24687
2638 13964
2638 17138
2638 13149
2638 18735
2639 14343
2639 13325
2639 15426
2639 13039
2639 15100
2639 13516
2639 13517
2639 16417
2639 14732
2639 15018
2639 16330
2639 16066
2639 12749
2639 15519
2639 17921
2639 17358
2639 15444
2639 11915
2639 20865
2639 17242
2639 20060
2639 17528
2639 12538
2639 24934
2639 13524
2639 17555
2639 23812
2639 24526
2639 23220
2639 27406
2640 18051
2640 19232
2640 17128
2640 14054
2640 21695
2640 19076
2640 23833
2640 26591
2640 23164
2640 26617
2641 12823
2641 14420
2641 15645
2641 16823
2641 18852
2641 13306
2641 15302
2641 21039
2641 23794
2642 13039
2642 15247
2642 25270
2642 24141
2642 26871
2642 23241
2643 15695
2643 14961
2643 17180
2643 20896
2643 22505
2643 22818
2643 18212
2643 25227
2643 16419
2643 27158
2643 21259
2643 27685
2643 27221
2643 27519
2643 26555
2643 27824
2643 27646
2643 27649
2643 27517
2643 27518
2643 27938
2643 27416
2643 27951
2643 23318
2643 27139
2643 27717
2643 27991
2643 28020
2643 27925
2643 28029
2643 28060
2643 27660
2643 27937
2643 27999
2643 27714
2643 27831
2643 27754
2644 19974
2644 13477
2644 19863
2644 21318
2644 26860
2644 16848
2644 19053
2644 15911
2645 13811
2645 14190
2645 17256
2645 17451
2645 19139
2645 23819
2645 25913
2645 18029
2645 19798
2646 26130
2646 25076
2646 26167
2646 26170
2646 15161
2646 25558
2646 25294
2646 25481
2646 24147
2646 26912
2646 27199
2646 16469
2646 14782
2646 21917
2646 27200
2646 27351
2646 27221
2646 27416
2646 27550
2646 27861
2646 27518
2646 23318
2646 27991
2646 27746
2646 26919
2646 27660
2646 27970
2646 27984
2646 27989
2647 20197
2647 22990
2647 13793
2647 17071
2647 24397
2647 25420
2647 23981
2647 19351
2647 23529
2648 16538
2648 25052
2648 12215
2648 24603
2648 19050
2648 19894
2648 20973
2648 19135
2648 21537
2648 15533
2648 15586
2648 21124
2648 12011
2648 19933
2648 14083
2648 15704
2648 24493
2648 26462
2648 12712
2648 14442
2648 22663
2648 26480
2649 15221
2649 25207
2649 20904
2649 18927
2649 18577
2649 21593
2649 17737
2649 18363
2649 18617
2649 27524
2650 24181
2650 23033
2650 22577
2650 13122
2650 14556
2650 24354
2650 12662
2650 20535
2650 16775
2650 13825
2650 16177
2650 18719
2650 25713
2650 27164
2651 16955
2651 12975
2651 15935
2651 20416
2651 25586
2651 27544
2651 14865
2652 27243
2652 23897
2652 24178
2652 19789
2652 22911
2652 12173
2652 26056
2652 26172
2652 14392
2652 22746
2652 13311
2652 26941
2652 24176
2652 27675
2652 18023
2652 21336
2652 27345
2652 23945
2652 27416
2652 27978
2652 25147
2652 27707
2652 27959
2653 16754
2653 21521
2653 12724
2653 14973
2653 24242
2653 17873
2653 14122
2653 17669
2653 19804
2653 23912
2653 22537
2653 23622
2653 16005
2653 13810
2653 13355
2653 16659
2653 22440
2653 19165
2653 17479
2653 13933
2653 22779
2653 27393
2653 24499
2653 15958
2653 23949
2653 24506
2653 12762
2653 18263
2653 21623
2653 15720
2653 16349
2653 25125
2653 14895
2653 23499
2653 16871
2653 26414
2653 15052
2653 15139
2653 15508
2653 22627
2653 18035
2653 22305
2653 20698
2653 17218
2653 21089
2654 18570
2654 20498
2654 21579
2654 22850
2654 25274
2655 20209
2655 16675
2655 14442
2655 15778
2655 16367
2655 16906
2655 23052
2655 25914
2655 20910
2655 14018
2655 22304
2655 19922
2655 21254
2656 13837
2656 19324
2656 13738
2656 12206
2656 12693
2656 16277
2656 22114
2656 25815
2656 23698
2657 16568
2657 16991
2657 26044
2657 17309
2657 21165
2657 16508
2658 12749
2658 15489
2658 12348
2658 12525
2658 16179
2659 19829
2659 21296
2659 21632
2659 22783
2659 23218
2659 23581
2659 19408
2659 24213
2659 21864
2659 24643
2659 25076
2659 16638
2659 25712
2659 25471
2659 22496
2659 13502
2659 27447
2659 26798
2659 27442
2659 23360
2659 27981
2659 27615
2659 28092
2660 13913
2660 14078
2660 12458
2660 18625
2660 22370
2661 17687
2661 27118
2661 27065
2661 25844
2661 27283
2661 27609
2661 25347
2662 11953
2662 16377
2662 19757
2662 14752
2662 22782
2662 19902
2662 24606
2662 24124
2662 24494
2662 24956
2662 25253
2662 26760
2662 26252
2662 27525
2662 27691
2662 26733
2662 27474
2662 27416
2662 27991
2662 22354
2662 27924
2662 27660
2662 27920
2662 28083
2663 12672
2663 13104
2663 18531
2663 19390
2663 13365
2663 12259
2663 13277
2663 16654
2664 23909
2664 24435
2664 25943
2664 23812
2664 26352
2664 24802
2664 25558
2664 25390
2664 27270
2664 17784
2664 14549
2664 27495
2664 27204
2664 27930
2664 25147
2664 25653
2665 12801
2665 18869
2665 21597
2665 24239
2665 24813
2665 13346
2665 20916
2666 17628
2666 23953
2666 20104
2666 13086
2666 13681
2666 19618
2666 26710
2667 15533
2667 21238
2667 12518
2667 17793
2667 18103
2667 23081
2667 15688
2667 23513
2667 17071
2667 15228
2667 13601
2668 14755
2668 13529
2668 14905
2668 24451
2668 23928
2668 24606
2668 24161
2668 24534
2668 24623
2668 24506
2668 25651
2668 23206
2668 26095
2668 14935
2668 26450
2668 23613
2668 22282
2668 25557
2668 21508
2668 27090
2668 27333
2668 27283
2668 24276
2668 27722
2668 28004
2669 17143
2669 17144
2669 14167
2669 14168
2669 18013
2669 17779
2669 18895
2669 19261
2669 19903
2669 20940
2669 12037
2669 23132
2669 26372
2669 27495
2669 27543
2670 14155
2670 23558
2670 23747
2670 23219
2670 24439
2670 24666
2670 24764
2670 24606
2670 24274
2670 23459
2670 24184
2670 26941
2670 11923
2670 26475
2670 26995
2670 26820
2670 25844
2670 27966
2670 27988
2671 14014
2671 14446
2671 19844
2671 24104
2671 18130
2671 24271
2671 22704
2671 24452
2671 24752
2671 14223
2671 26234
2671 12170
2671 21593
2671 18261
2671 16032
2671 26905
2671 17806
2671 18334
2671 19660
2671 24530
2671 23173
2671 24082
2671 13491
2671 19001
2671 25855
2672 20199
2672 22150
2672 13757
2672 21020
2672 18919
2672 12448
2672 14242
2672 14149
2672 21018
2672 21959
2672 13035
2672 17716
2672 26828
2672 26782
2673 17358
2673 12623
2673 15558
2673 20895
2673 12320
2673 15246
2673 12456
2673 21492
2673 16056
2673 18523
2674 14830
2674 24666
2674 25101
2674 25266
2674 27902
2674 27885
2675 21105
2675 13187
2675 23002
2675 18372
2675 20916
2675 23359
2675 27168
2676 15640
2676 17115
2676 19713
2676 25110
2676 19513
2676 17184
2676 16439
2676 28039
2677 13855
2677 13352
2677 15118
2677 17979
2677 14138
2677 16222
2677 12808
2677 17795
2677 17883
2677 20085
2678 16815
2678 14223
2678 20544
2678 14240
2678 24340
2678 26993
2678 16424
2678 12181
2678 24669
2679 17964
2679 15459
2679 21925
2679 15596
2679 15666
2679 19705
2679 24522
2679 22510
2679 25801
2680 12319
2680 19469
2680 20479
2680 22658
2680 23370
2680 25864
2681 11847
2681 12029
2681 20632
2681 21765
2681 13584
2681 27611
2682 14465
2682 15354
2682 23072
2682 14295
2682 17545
2682 17692
2682 18969
2682 16098
2682 18007
2682 21279
2682 22386
2682 24654
2682 22822
2682 25724
2682 15126
2682 20229
2683 23680
2683 24827
2683 24956
2683 25654
2683 23642
2683 22298
2683 22348
2683 27071
2683 26412
2683 26903
2683 27283
2683 27731
2683 27859
2683 28015
2683 28004
2684 12630
2684 17515
2684 19667
2684 21741
2684 15052
2684 16432
2684 17242
2684 19289
2684 22418
2685 20250
2685 24967
2685 20996
2685 23356
2685 25157
2685 21571
2686 16631
2686 22786
2686 22001
2686 22803
2686 24266
2686 24808
2686 21593
2686 21594
2686 11905
2686 26172
2686 18783
2686 25179
2686 24022
2686 23613
2686 25294
2686 25487
2686 27320
2686 26928
2686 27203
2686 26611
2686 25837
2686 23885
2686 27971
2686 27890
2686 21069
2686 28093
2687 11847
2687 12134
2687 11932
2687 13239
2687 11912
2687 13944
2687 15499
2687 14132
2687 12779
2687 15485
2687 12693
2687 17403
2687 17156
2687 17079
2687 14194
2687 14744
2687 21031
2687 15893
2687 12977
2687 15665
2687 18422
2687 24511
2687 16145
2687 19481
2687 14953
2687 11904
2687 21294
2687 19623
2687 26867
2688 22353
2688 23987
2688 21544
2688 24059
2688 20888
2688 22390
2688 26970
2688 24276
2688 24963
2688 16297
2688 17456
2688 18236
2688 22204
2688 25219
2688 26789
2688 17137
2688 14702
2688 23267
2688 24415
2688 25354
2688 26497
2689 14327
2689 15444
2689 20322
2689 23218
2689 24471
2690 14791
2690 11953
2690 22667
2690 12430
2690 15575
2690 13176
2690 15912
2690 23530
2690 26678
2690 21623
2691 22077
2691 22387
2691 26009
2691 17451
2691 14543
2691 15841
2692 12472
2692 18051
2692 19689
2692 13506
2692 19911
2692 14467
2693 12742
2693 11921
2693 12072
2693 12348
2693 17019
2693 18188
2693 22783
2693 21000
2693 17528
2693 25602
2693 25811
2693 20771
2693 26260
2694 26953
2694 27531
2694 23092
2694 27666
2694 27694
2694 27037
2694 27150
2694 27868
2695 24809
2695 24580
2695 24755
2695 26810
2695 13077
2696 18066
2696 12246
2696 12662
2696 22201
2696 26643
2696 18940
2697 13939
2697 22925
2697 12693
2697 12696
2697 23627
2697 21544
2697 24978
2698 23751
2698 23459
2698 25076
2698 25779
2698 18961
2698 26896
2698 27737
2698 27609
2698 25828
2699 21754
2699 24620
2699 15954
2699 21178
2699 14967
2699 21921
2699 23752
2699 16388
2700 14654
2700 17182
2700 23980
2700 20629
2700 14389
2701 11922
2701 12820
2701 23615
2701 25786
2701 25787
2701 23112
2701 25163
2701 27092
2701 27569
2701 13121
2701 14368
2701 15078
2701 20595
2701 22184
2701 22186
2701 22826
2702 12662
2702 13359
2702 21799
2702 22056
2702 25060
2702 13939
2702 12801
2702 25110
2703 18452
2703 15053
2703 11957
2703 15342
2703 22201
2704 15964
2704 16341
2704 18917
2704 24893
2704 17997
2704 19401
2704 18916
2704 14060
2704 20572
2704 12333
2704 13131
2704 25873
2704 18920
2704 21537
2704 17507
2704 22406
2704 24333
2704 22343
2704 22804
2704 19052
2704 20745
2704 19850
2705 14192
2705 16164
2705 19661
2705 20626
2705 20749
2705 21428
2705 22269
2705 22369
2705 22428
2705 16139
2705 26801
2705 16140
2705 18397
2705 24243
2705 12903
2705 14279
2705 12056
2705 13084
2705 14178
2705 15201
2705 16955
2705 22622
2705 20709
2705 27219
2706 12139
2706 19902
2706 21812
2706 23254
2706 12628
2706 20863
2706 20864
2706 24095
2706 23365
2706 25440
2707 15281
2707 15596
2707 23179
2707 23971
2707 24684
2707 25713
2707 26775
2707 26922
2708 21667
2708 15189
2708 15517
2708 13370
2708 21236
2708 20558
2708 16424
2708 26121
2708 21668
2708 24963
2708 24027
2709 17973
2709 17039
2709 12662
2709 13173
2709 13319
2709 16316
2709 17097
2709 17576
2709 17847
2709 20603
2709 27294
2710 13629
2710 14453
2710 16814
2710 17145
2710 21964
2710 24550
2710 23098
2710 19210
2710 23222
2710 27136
2710 18480
2710 13450
2710 19552
2710 27347
2711 20992
2711 23660
2711 13433
2711 25596
2711 11984
2711 23566
2712 24686
2712 13041
2712 14757
2712 17740
2712 18797
2712 19735
2712 21658
2712 20445
2712 19363
2712 21975
2712 22589
2713 18416
2713 18935
2713 23324
2713 20404
2713 22310
2714 17121
2714 21456
2714 22145
2714 16107
2714 20375
2715 12791
2715 25492
2715 26055
2715 26691
2715 22348
2715 25557
2715 27338
2715 27182
2715 27466
2715 27834
2715 27885
2716 12538
2716 16329
2716 26669
2716 25805
2716 25828
2716 16065
2717 21175
2717 13927
2717 12801
2717 23302
2717 13650
2717 12597
2717 15645
2717 13622
2717 19839
2717 27786
2718 22925
2718 18787
2718 24004
2718 24805
2718 26035
2718 26319
2718 19903
2718 22477
2718 13484
2718 28022
2719 22702
2719 13353
2719 25110
2719 27100
2719 19023
2720 12574
2720 14055
2720 14064
2720 17631
2720 12813
2720 15641
2720 13129
2720 17947
2720 14736
2720 13569
2720 12772
2720 13684
2720 19234
2720 15396
2720 18491
2720 17875
2720 18800
2720 22090
2720 14244
2720 15219
2720 19233
2720 21433
2720 25084
2720 20702
2720 21250
2720 25139
2721 19995
2721 23515
2721 24764
2721 24112
2721 26030
2721 16419
2721 27081
2721 17443
2721 27406
2721 14889
2721 26494
2721 19978
2722 16405
2722 14613
2722 12454
2722 17200
2722 12781
2722 17185
2723 15652
2723 13704
2723 16916
2723 13776
2723 17226
2723 20880
2723 12011
2723 12348
2723 12440
2723 12595
2723 12693
2723 14200
2723 19076
2723 19170
2723 20100
2723 20623
2723 25450
2723 12176
2723 12662
2723 12905
2723 15186
2723 15578
2723 15641
2723 18941
2723 20620
2723 12003
2723 12444
2723 23638
2723 12439
2723 14924
2723 15702
2723 14884
2723 13476
2723 13194
2724 21391
2724 25842
2724 26506
2724 11997
2724 15742
2724 19007
2724 26831
2724 16568
2724 13014
2724 18819
2724 19763
2724 21776
2724 26725
2724 13220
2724 18621
2724 19916
2725 11973
2725 14417
2725 12031
2725 12604
2725 15178
2725 14169
2725 22091
2725 24510
2725 20772
2725 20771
2725 23264
2725 11923
2725 25068
2725 21917
2725 27204
2725 26783
2725 27983
2726 20298
2726 18981
2726 23144
2726 13221
2726 20447
2726 25199
2726 13978
2726 18962
2726 22812
2726 22133
2726 26246
2727 14820
2727 22077
2727 20339
2727 24533
2727 23720
2727 24830
2727 19828
2727 13945
2728 22504
2728 22937
2728 20375
2728 22061
2728 23478
2728 24336
2728 24278
2728 22580
2728 25110
2728 25282
2728 26239
2728 26277
2728 26180
2728 27388
2728 27526
2728 27614
2728 27962
2728 27618
2728 27990
2728 28039
2728 28089
2729 14610
2729 19910
2729 18202
2729 23394
2729 13668
2729 20749
2729 19477
2729 19930
2729 26419
2729 20907
2729 12292
2729 24471
2729 16507
2729 12060
2729 19847
2729 15678
2729 16838
2729 12201
2729 13048
2729 12662
2729 15186
2729 14796
2729 17753
2729 20133
2729 13535
2729 20368
2730 16573
2730 25476
2730 12619
2730 20535
2730 23863
2730 15188
2730 15976
2730 16133
2730 18932
2731 18625
2731 21509
2731 24213
2731 25282
2731 26760
2731 26778
2731 27280
2731 27591
2731 27495
2731 27729
2731 27776
2731 28005
2732 21827
2732 27414
2732 16618
2732 11977
2732 13316
2732 26583
2732 11975
2732 12662
2732 16775
2732 22111
2732 22145
2733 22802
2733 12741
2733 24209
2733 22306
2733 26254
2733 12287
2733 15220
2734 25378
2734 21529
2734 23563
2734 24650
2734 12348
2734 25514
2734 25644
2734 11939
2734 14843
2734 26869
2734 15645
2734 18749
2734 18899
2734 20904
2734 24147
2734 26085
2735 15347
2735 12243
2735 17030
2735 13888
2735 20827
2735 27446
2736 18859
2736 14147
2736 17661
2736 14253
2736 15327
2736 25157
2737 16005
2737 18893
2737 14131
2737 15139
2737 27147
2738 23683
2738 24152
2738 18909
2738 26166
2738 26645
2738 27310
2738 25573
2738 27442
2739 12589
2739 14689
2739 25419
2739 26173
2739 19790
2739 19292
2739 27076
2739 23375
2740 14295
2740 13351
2740 21953
2740 12013
2740 14169
2740 16971
2740 18671
2740 20749
2740 14718
2740 16754
2740 16844
2740 20503
2740 19014
2740 17959
2740 16943
2740 24780
2740 22636
2740 24917
2740 27786
2740 19839
2740 22854
2740 25590
2741 15393
2741 15785
2741 18868
2741 17363
2741 21936
2741 12974
2741 27958
2742 21529
2742 21705
2742 26379
2742 15470
2742 13793
2742 16962
2742 13312
2742 20256
2742 21009
2743 18648
2743 13878
2743 22006
2743 12936
2743 20882
2743 23464
2743 16351
2743 17004
2743 18541
2743 20506
2743 21484
2743 24150
2743 23515
2743 13129
2743 25285
2743 24183
2743 22939
2743 16419
2743 25602
2743 25076
2743 25111
2743 22350
2743 27910
2744 18588
2744 18731
2744 12016
2744 15622
2744 25697
2744 23408
2744 15841
2744 15865
2744 18852
2744 21461
2744 25689
2744 11866
2744 12145
2744 12975
2744 18077
2744 25713
2745 19695
2745 21768
2745 18246
2745 23326
2745 17802
2745 13878
2745 21904
2745 11911
2745 14622
2745 15976
2745 25278
2745 11900
2746 12974
2746 13306
2746 18098
2746 19076
2746 20005
2746 22933
2747 17230
2747 20663
2747 23515
2747 12073
2747 23564
2748 22729
2748 25188
2748 26131
2748 21864
2748 24372
2748 18817
2748 25076
2748 26498
2748 23812
2748 25942
2748 26643
2748 22297
2748 26561
2748 22081
2748 26914
2748 27086
2748 26772
2748 26820
2748 16445
2748 27855
2748 27915
2748 17184
2748 27539
2748 27678
2748 27945
2748 28025
2748 27689
2749 19178
2749 19231
2749 19556
2749 19981
2749 17836
2749 18157
2749 20819
2750 17870
2750 20626
2750 20992
2750 21229
2750 22360
2750 17177
2750 12974
2750 18968
2750 22794
2750 20020
2750 27461
2750 21265
2750 24664
2750 23116
2750 20835
2750 24836
2751 25853
2751 20813
2751 13295
2751 21950
2751 17230
2752 14060
2752 21806
2752 26147
2752 13676
2752 14131
2752 19014
2753 15408
2753 15412
2753 14355
2753 12469
2753 12189
2753 12262
2753 18343
2753 15590
2753 21665
2754 20209
2754 22572
2754 23529
2754 12818
2754 20110
2754 20545
2754 12755
2754 20465
2754 16804
2754 22088
2754 14478
2754 26599
2755 23011
2755 21676
2755 24666
2755 26309
2755 26352
2756 12375
2756 12217
2756 20849
2756 22559
2756 22288
2756 15201
2756 18408
2756 13757
2756 21603
2756 27629
2756 27904
2756 27465
2757 22782
2757 22576
2757 21284
2757 19902
2757 25144
2757 23967
2757 26412
2757 25109
2757 27698
2757 19978
2757 28084
2757 28093
2758 13774
2758 18955
2758 16681
2758 15360
2758 16719
2758 26010
2758 17039
2758 19913
2759 21835
2759 19959
2759 23197
2759 17914
2759 27018
2759 13790
2759 18879
2759 19359
2759 26543
2760 12464
2760 12628
2760 19450
2760 12348
2760 20004
2760 17454
2760 21579
2760 25683
2761 16611
2761 13878
2761 14233
2761 16576
2761 19497
2761 22462
2761 20748
2762 25568
2762 25521
2762 26304
2762 25558
2762 28022
2763 14881
2763 15519
2763 24435
2763 23906
2763 17528
2763 26224
2764 20923
2764 25692
2764 26789
2764 19384
2764 24056
2764 19415
2765 14770
2765 16047
2765 21667
2765 12430
2765 22767
2765 13927
2765 19542
2765 24451
2765 24124
2765 24184
2765 25961
2765 25337
2765 24643
2765 26492
2765 22350
2765 25677
2765 25503
2765 26333
2765 25987
2765 25844
2765 27833
2765 26924
2765 27966
2765 27920
2765 27911
2766 14888
2766 21732
2766 11923
2766 27010
2766 27065
2766 15855
2766 27373
2766 27633
2766 15470
2766 25837
2766 13389
2766 13391
2766 19984
2766 25653
2766 24524
2766 18405
2766 16115
2766 19476
2766 21187
2766 23868
2766 26125
2766 27055
2766 21693
2766 27809
2766 27902
2766 27971
2767 22518
2767 20670
2767 22061
2767 22095
2767 24606
2767 24213
2767 24427
2767 23478
2767 25282
2767 24372
2767 26280
2767 18554
2767 27145
2767 27085
2767 22738
2767 24359
2767 27902
2767 28068
2768 15247
2768 15408
2768 11848
2768 13220
2768 13918
2768 16379
2768 16765
2768 17251
2768 17259
2768 19162
2768 20609
2768 20993
2768 23346
2768 23945
2768 26803
2769 12335
2769 12437
2769 12532
2769 14848
2769 14347
2769 18694
2769 17176
2769 24589
2769 23905
2769 25961
2769 21894
2769 24022
2769 24388
2769 26989
2769 27182
2769 27724
2769 14517
2769 27397
2770 12667
2770 22139
2770 25094
2770 21636
2770 20799
2770 20446
2770 21236
2770 19464
2770 20545
2771 16055
2771 12366
2771 12610
2771 16908
2771 21653
2771 13658
2772 12145
2772 13354
2772 16160
2772 26792
2772 16912
2772 24545
2772 16842
2772 24189
2772 24836
2773 27237
2773 27070
2773 27312
2773 27611
2773 27699
2773 27803
2773 27816
2773 27760
2773 27871
2773 27815
2773 27887
2773 27832
2773 27973
2773 27742
2773 28088
2773 28030
2774 22802
2774 24838
2774 22677
2774 24266
2774 24163
2774 13473
2774 16611
2774 26281
2774 27274
2774 27307
2775 12031
2775 13809
2775 15753
2775 18642
2775 12685
2775 12668
2775 20213
2775 24956
2775 25908
2775 11923
2775 25405
2775 15678
2775 22691
2776 11949
2776 12047
2776 12548
2776 15460
2776 23362
2776 25101
2776 11923
2776 27010
2776 19470
2776 27321
2776 24032
2776 27367
2776 27527
2776 27673
2776 26919
2776 27934
2777 18544
2777 20033
2777 22329
2777 24297
2777 25456
2777 26471
2777 17893
2777 27430
2778 24473
2778 23618
2778 24448
2778 26771
2778 27901
2779 14119
2779 12741
2779 17871
2779 16611
2779 19415
2779 13471
2779 17794
2779 22382
2779 23324
2779 25296
2780 14830
2780 15659
2780 21204
2780 21683
2780 15410
2780 25602
2780 26304
2780 26272
2780 24448
2780 18817
2780 25575
2780 15875
2780 11923
2780 27210
2780 26930
2780 26821
2780 27304
2780 20834
2780 27463
2780 12955
2780 22354
2780 27594
2780 27978
2780 27459
2781 14919
2781 13202
2781 22117
2781 19482
2781 25537
2782 12815
2782 16079
2782 17443
2782 19470
2782 19681
2782 13202
2782 22537
2782 27623
2782 22858
2783 12273
2783 13554
2783 14750
2783 15354
2783 15785
2783 19713
2783 23566
2783 24666
2783 25870
2783 25521
2784 17677
2784 17974
2784 13658
2784 18865
2784 20150
2784 12199
2784 18494
2784 15270
2784 27310
2784 27105
2784 12864
2785 24880
2785 21620
2785 23459
2785 17767
2785 25065
2785 25285
2785 17131
2785 25394
2785 25738
2785 26094
2785 23635
2785 12174
2785 14956
2785 27198
2785 23940
2785 26863
2785 14549
2785 13422
2785 15424
2785 18763
2785 17901
2785 23667
2785 24173
2785 27860
2785 27969
2785 27911
2786 14680
2786 23951
2786 22900
2786 24400
2786 21057
2787 19308
2787 14878
2787 21515
2787 20214
2787 18961
2787 12572
2787 24688
2787 17754
2787 19415
2787 21638
2787 26491
2788 17121
2788 22504
2788 19107
2788 14295
2788 21370
2789 23805
2789 23380
2789 23358
2789 22139
2789 23074
2789 24371
2789 12891
2789 14887
2789 17323
2789 17324
2789 18236
2789 18738
2789 19002
2789 21336
2789 22881
2789 23007
2789 25387
2789 19336
2789 20115
2790 15690
2790 17399
2790 15466
2790 15964
2790 12974
2790 14354
2790 18873
2790 24048
2790 12809
2790 13048
2790 13436
2790 16026
2790 16981
2790 19113
2790 23663
2790 26952
2790 26963
2791 21175
2791 20896
2791 23475
2791 24588
2791 24666
2791 23459
2791 25652
2791 25602
2791 25492
2791 24643
2791 25526
2791 26500
2791 26348
2791 22746
2791 25575
2791 25712
2791 11923
2791 27229
2791 27281
2791 27200
2791 27283
2791 27983
2791 27971
2792 12944
2792 19415
2792 19463
2792 19850
2792 23180
2792 20358
2792 20359
2792 22850
2793 20564
2793 16482
2793 13896
2793 19907
2793 15371
2793 20162
2793 18610
2793 22136
2793 13073
2793 19828
2793 26754
2793 23495
2793 12861
2793 17648
2793 24980
2793 18707
2793 12202
2793 22161
2793 25073
2793 13599
2793 18363
2794 12153
2794 12577
2794 14244
2794 22779
2794 23906
2794 27787
2794 22663
2794 25652
2794 25791
2794 26113
2794 27085
2794 27808
2794 27204
2794 28075
2795 11949
2795 19875
2795 21176
2795 22576
2795 25076
2795 26163
2795 26606
2795 25519
2795 26728
2795 27338
2795 27834
2795 27847
2795 27406
2795 27971
2795 27397
2796 15235
2796 25300
2796 15389
2796 21555
2796 12916
2797 15302
2797 15298
2797 16123
2797 19587
2797 19832
2797 20375
2797 22322
2798 20072
2798 22049
2798 19681
2798 24397
2798 19006
2799 15898
2799 26566
2799 12139
2799 14106
2799 16776
2799 22930
2800 17799
2800 13651
2800 12763
2800 23779
2800 27310
2800 13738
2800 25132
2800 13717
2800 14257
2800 13246
2801 16456
2801 18467
2801 21601
2801 20876
2801 17342
2801 19408
2801 20838
2801 24739
2801 19390
2801 24033
2801 24643
2801 20429
2801 18276
2801 18889
2801 21257
2801 26163
2801 24730
2801 24760
2801 27199
2801 27228
2801 23343
2801 27286
2801 22394
2801 20535
2801 27221
2801 27559
2801 27624
2801 21009
2801 14889
2801 27920
2802 24294
2802 12182
2802 16943
2802 20819
2802 17421
2802 18257
2802 12974
2802 22442
2802 13807
2803 22323
2803 21295
2803 16125
2803 19461
2803 23656
2804 27550
2804 27999
2804 19522
2804 24735
2804 15078
2804 17536
2804 28040
2804 28065
2805 24116
2805 24590
2805 24666
2805 24510
2805 25492
2805 25337
2805 26164
2805 25943
2805 25111
2805 11923
2805 24662
2805 26734
2805 27172
2805 27163
2805 25844
2805 27672
2805 26339
2805 27474
2805 27460
2805 27915
2805 28021
2805 27972
2805 28039
2806 23990
2806 20565
2806 18589
2806 22188
2806 12184
2806 26915
2806 26385
2807 21676
2807 25048
2807 25870
2807 25076
2807 11923
2807 27065
2807 27525
2807 12672
2807 27899
2808 12055
2808 19592
2808 12540
2808 13786
2808 16449
2808 17869
2808 20674
2808 20676
2808 20731
2808 22311
2808 18950
2808 21589
2808 13565
2808 21011
2808 24183
2808 19101
2808 16265
2808 25759
2808 19894
2809 17454
2809 12180
2809 14935
2809 22742
2809 17309
2809 15697
2809 19810
2809 27619
2810 20327
2810 18828
2810 16650
2810 25760
2810 23477
2810 24791
2811 11905
2811 21062
2811 22036
2811 22400
2811 21383
2811 19576
2811 24730
2812 12356
2812 11980
2812 12693
2812 18910
2812 18914
2812 19326
2812 20350
2812 20082
2812 25133
2812 12201
2813 19026
2813 19408
2813 25602
2813 20277
2813 25575
2813 22297
2813 22298
2813 22348
2813 27440
2813 27283
2813 27731
2813 17184
2814 24903
2814 26636
2814 15302
2814 16033
2814 26157
2815 13814
2815 19009
2815 12308
2815 16189
2815 23117
2815 23190
2815 23928
2815 24606
2815 24536
2815 25483
2815 18984
2815 24494
2815 24643
2815 26406
2815 26629
2815 18579
2815 20834
2815 27182
2815 28012
2815 27813
2816 14377
2816 14642
2816 24606
2816 21916
2816 25110
2816 22739
2816 12139
2816 27012
2816 25778
2816 26005
2816 27184
2816 27573
2816 27401
2816 27200
2816 27283
2816 27729
2816 27351
2816 27791
2816 27417
2816 26084
2816 28021
2816 28022
2817 24446
2817 24821
2817 26938
2817 14132
2817 16129
2818 14438
2818 20251
2818 15221
2818 15911
2818 26440
2818 13296
2818 25837
2819 19377
2819 24473
2819 27436
2819 27698
2819 27717
2819 27139
2819 27416
2819 27089
2819 27993
2819 28040
2819 28094
2820 15352
2820 23906
2820 24606
2820 25654
2820 25943
2820 26643
2820 26412
2820 27963
2820 27920
2820 28005
2821 21565
2821 24634
2821 21746
2821 18578
2821 13129
2821 13195
2821 21959
2821 21380
2821 25179
2821 26750
2821 23183
2822 16611
2822 20800
2822 21711
2822 24764
2822 24669
2822 23459
2822 25565
2822 21197
2822 16419
2822 25602
2822 23906
2822 25575
2822 22412
2822 26534
2822 25294
2822 27901
2822 17184
2822 26139
2822 27969
2823 15633
2823 23201
2823 18998
2823 12024
2823 13532
2823 22693
2823 18117
2823 14192
2823 26441
2823 12775
2823 18327
2823 17737
2823 25047
2823 27410
2823 12467
2823 12468
2824 20116
2824 19415
2824 13403
2824 16579
2824 21000
2824 24956
2824 11923
2824 27225
2824 26937
2824 27379
2824 27507
2824 26757
2825 15083
2825 26459
2825 23441
2825 21531
2825 22953
2826 19961
2826 24116
2826 24666
2826 20481
2826 20678
2826 25021
2826 24643
2826 25769
2826 26261
2826 26874
2826 26180
2826 24662
2826 27199
2826 27228
2826 26688
2826 26945
2826 27041
2826 27280
2826 26694
2826 25267
2826 27406
2826 27899
2826 21069
2826 23343
2827 22746
2827 17565
2827 16639
2827 17342
2827 23672
2827 26606
2827 25076
2827 26643
2827 23278
2827 27118
2827 27229
2827 26688
2827 27182
2827 23353
2827 26074
2827 27370
2827 27614
2827 27808
2827 27005
2828 17927
2828 25648
2828 18636
2828 24042
2828 24533
2828 21653
2828 12024
2828 25644
2829 17093
2829 25476
2829 20896
2829 22312
2829 25480
2830 13131
2830 13195
2830 12801
2830 13306
2830 21834
2830 13400
2830 25625
2830 18967
2830 24712
2830 24884
2831 17331
2831 16595
2831 18065
2831 19124
2831 14532
2831 15144
2831 14234
2831 24427
2831 25441
2831 21592
2831 25961
2831 26310
2831 11923
2831 15324
2831 26930
2831 27259
2831 27161
2831 27226
2831 27306
2831 26887
2831 27620
2831 27543
2831 27513
2831 27625
2831 25109
2831 27139
2831 27740
2831 27831
2831 28029
2831 27646
2831 27628
2831 28055
2831 28072
2831 28085
2831 28094
2831 28082
2832 15766
2832 12818
2832 12848
2832 20892
2832 27501
2833 20800
2833 21585
2833 13131
2833 16681
2833 22676
2833 13039
2833 19723
2833 13807
2833 20247
2833 24731
2833 22759
2834 24669
2834 17528
2834 25441
2834 26185
2834 26184
2834 26272
2834 25712
2834 26645
2834 23812
2834 25557
2834 19942
2834 27632
2834 28014
2835 16704
2835 22130
2835 24248
2835 13678
2835 24101
2835 13668
2835 15453
2835 24301
2835 26203
2835 13640
2835 23744
2835 24165
2835 13002
2835 15645
2835 23281
2835 18225
2835 17982
2835 16335
2835 16703
2835 17190
2835 12229
2835 24401
2836 18271
2836 19532
2836 13553
2836 24643
2836 15069
2836 26645
2837 20205
2837 22783
2837 12562
2837 25568
2837 24956
2837 17335
2837 25557
2837 26325
2838 12088
2838 15042
2838 23149
2838 26333
2838 27732
2838 28039
2838 27929
2839 14796
2839 16044
2839 17498
2839 22936
2839 23003
2839 20896
2840 24606
2840 24536
2840 22461
2840 22572
2840 23908
2840 23478
2840 26606
2840 26521
2840 26623
2840 27233
2840 26743
2840 27271
2840 26493
2840 14549
2840 27552
2840 27585
2840 27899
2841 17598
2841 18218
2841 20094
2841 17086
2841 19385
2841 23140
2842 16731
2842 23559
2842 23186
2842 23796
2842 26521
2842 25558
2842 27332
2842 25748
2842 27963
2842 28039
2842 27956
2842 27945
2843 15384
2843 20812
2843 16955
2843 17386
2843 21205
2843 21549
2843 22735
2843 24454
2843 26789
2843 26951
2843 19813
2843 20535
2843 12419
2843 12537
2843 20969
2843 25658
2843 26508
2844 21043
2844 12687
2844 15241
2844 18051
2844 18905
2844 22193
2844 25243
2844 22291
2844 23836
2844 13637
2844 19203
2844 27465
2844 12467
2845 18007
2845 25644
2845 14543
2845 14803
2845 15060
2845 16063
2845 17248
2845 18743
2845 20801
2845 22906
2845 27574
2846 13534
2846 14275
2846 22335
2846 15776
2846 12667
2846 15777
2846 17082
2847 15695
2847 13483
2847 22816
2847 15876
2847 21501
2847 13825
2847 22500
2847 25058
2848 12552
2848 14683
2848 20444
2848 15911
2848 19635
2848 22559
2849 17927
2849 18512
2849 20735
2849 26177
2849 27111
2850 12897
2850 12354
2850 19331
2850 16612
2850 12583
2850 20546
2850 23269
2850 25709
2850 19330
2850 19671
2851 14121
2851 12118
2851 26305
2851 24149
2851 18039
2852 21623
2852 22650
2852 14327
2852 21175
2852 19847
2853 19390
2853 20209
2853 24971
2853 12509
2853 14273
2853 21022
2853 25801
2854 24587
2854 14252
2854 24643
2854 25976
2854 25712
2854 27163
2854 12992
2854 25392
2854 27474
2855 12168
2855 16280
2855 25863
2855 13182
2855 14295
2855 24671
2855 20127
2855 26260
2855 18819
2855 22994
2855 11928
2855 22861
2855 11923
2855 21512
2855 25294
2855 26734
2855 27201
2855 26995
2855 26996
2855 14619
2855 16776
2855 26370
2855 11916
2855 16507
2855 20412
2855 20907
2855 27015
2855 27200
2855 11915
2855 15605
2855 16981
2855 18668
2855 25111
2855 11917
2855 27474
2855 22029
2855 27285
2855 25653
2855 18047
2855 27375
2855 27911
2855 27689
2856 17121
2856 17635
2856 12406
2856 21954
2856 14622
2856 15092
2856 26867
2856 24465
2856 17682
2857 16314
2857 20789
2857 21708
2857 25872
2857 22624
2858 12988
2858 19708
2858 14942
2858 20094
2858 19795
2858 12749
2858 14371
2858 12076
2859 19130
2859 14244
2859 21433
2859 25458
2859 22577
2860 19902
2860 22091
2860 24666
2860 24808
2860 19801
2860 24161
2860 25035
2860 24796
2860 26069
2860 26047
2860 24819
2860 27146
2860 27860
2861 12913
2861 14914
2861 16274
2861 18470
2861 13446
2861 26778
2862 15766
2862 23213
2862 13429
2862 14546
2862 17438
2862 17684
2862 19092
2862 20689
2862 14746
2862 11985
2862 24126
2862 12202
2862 15894
2862 18163
2862 20284
2862 22925
2862 24042
2862 22214
2862 17573
2862 14184
2862 16368
2862 22059
2863 13563
2863 14757
2863 22505
2863 22193
2863 14824
2863 19001
2863 23450
2863 13882
2863 23138
2863 13677
2863 16317
2863 24829
2863 14141
2863 24453
2863 26904
2864 13276
2864 20140
2864 26232
2864 11877
2864 13228
2864 17293
2865 20454
2865 17593
2865 24293
2865 17327
2865 25834
2865 15687
2865 16443
2865 27543
2865 25267
2866 23208
2866 17134
2866 14639
2866 16740
2866 14034
2867 24372
2867 23729
2867 14186
2867 24508
2867 26341
2867 25575
2867 19315
2867 23264
2867 20645
2867 24662
2867 27161
2867 27226
2867 27379
2867 25653
2867 27964
2867 24214
2867 19978
2867 21069
2867 27813
2867 28084
2868 22111
2868 24832
2868 24795
2868 13626
2868 14427
2868 17245
2869 13533
2869 18201
2869 19009
2869 19622
2869 23638
2869 25243
2869 27805
2869 28016
2870 13399
2870 15186
2870 14522
2870 14397
2870 19224
2870 16831
2870 23593
2871 18506
2871 13810
2871 12067
2871 12507
2871 15645
2871 19470
2871 20976
2871 20524
2871 25201
2871 15050
2871 18563
2871 18734
2871 24130
2872 15464
2872 13113
2872 25476
2872 23397
2872 22583
2872 26543
2873 16751
2873 22152
2873 12662
2873 14939
2873 15498
2873 18129
2873 18130
2873 24608
2873 15221
2873 15374
2873 17692
2873 18879
2873 27438
2873 20260
2873 24157
2874 12818
2874 23321
2874 24666
2874 23989
2874 22134
2874 26897
2874 27286
2874 27981
2874 28005
2874 28091
2875 20937
2875 24764
2875 24162
2875 17528
2875 23459
2875 25519
2875 26691
2875 23996
2875 22297
2875 22369
2875 12860
2875 26912
2875 26903
2875 27500
2875 27280
2875 27715
2875 27730
2875 27639
2876 12243
2876 14044
2876 19611
2876 22114
2876 16235
2876 17005
2876 17081
2876 22145
2876 25110
2876 15507
2877 14880
2877 15221
2877 14354
2877 14355
2877 14356
2877 14881
2877 18882
2877 14502
2877 20372
2877 16086
2877 14489
2877 16155
2877 13700
2877 24568
2877 21383
2877 23271
2877 18746
2877 15702
2877 18051
2877 12145
2877 24580
2877 17002
2877 24673
2877 21482
2877 25058
2877 26402
2877 26891
2877 12085
2877 14061
2877 20617
2877 23343
2877 27696
2877 25172
2877 26759
2878 12405
2878 14231
2878 16277
2878 12607
2878 22139
2878 12203
2878 23531
2879 12161
2879 21835
2879 25488
2879 23845
2879 26317
2879 16419
2879 18909
2879 26489
2879 25557
2879 26180
2879 11923
2879 27170
2879 20392
2879 14517
2879 27581
2879 26757
2879 27775
2880 13799
2880 14677
2880 12430
2880 14094
2880 14880
2880 13061
2880 19665
2880 17922
2880 26894
2881 19612
2881 22193
2881 24596
2881 22826
2881 21397
2881 22463
2881 23606
2881 15299
2881 16833
2881 19196
2881 19930
2881 23122
2881 24163
2881 12777
2881 14748
2881 19176
2881 19290
2881 24382
2881 25553
2881 26295
2882 12469
2882 18554
2882 11854
2882 14764
2882 20626
2882 16847
2882 17178
2882 22933
2882 26476
2883 12151
2883 15766
2883 16761
2883 16947
2883 23959
2884 13040
2884 19042
2884 19415
2884 12406
2884 16530
2884 25296
2884 16813
2884 24682
2884 19441
2884 16962
2885 14406
2885 25787
2885 26365
2885 27113
2885 23780
2885 25786
2885 27312
2885 16780
2886 14026
2886 14888
2886 17247
2886 17251
2886 23649
2887 23219
2887 23906
2887 24169
2887 16947
2887 24507
2887 21000
2887 17528
2887 22002
2887 25270
2887 25526
2887 24538
2887 25179
2887 27004
2887 25558
2887 25712
2887 26691
2887 27705
2887 28005
2887 28023
2888 12662
2888 12745
2888 12318
2888 13169
2888 13190
2888 18271
2888 23461
2888 16338
2888 16354
2888 26309
2888 17190
2888 23599
2888 25036
2888 25648
2888 22528
2888 17070
2888 22023
2888 24093
2888 28012
2889 16503
2889 12394
2889 16388
2889 21230
2889 21414
2889 12093
2889 18559
2889 17737
2889 21310
2889 19012
2889 20185
2889 21818
2889 20503
2889 25805
2889 25540
2889 14244
2889 16416
2889 26785
2889 22462
2889 26389
2889 13629
2889 25058
2889 24843
2889 26731
2889 17539
2889 24759
2889 25706
2889 26222
2889 21833
2890 14465
2890 18679
2890 24754
2890 16595
2890 22911
2890 24773
2890 26899
2890 26454
2890 25260
2890 19815
2890 21468
2890 14685
2890 16808
2890 26687
2890 17437
2890 26039
2890 26119
2890 24990
2891 20632
2891 16233
2891 26137
2891 25082
2891 13653
2891 21651
2891 25949
2891 19722
2892 13692
2892 25156
2892 18237
2892 21960
2892 25486
2892 26599
2892 26644
2892 16201
2892 18724
2892 22171
2892 23501
2893 19663
2893 13438
2893 16059
2893 13203
2893 19170
2893 18549
2893 14134
2893 25071
2893 17110
2894 12031
2894 14578
2894 15070
2894 15077
2894 18603
2894 15558
2894 12348
2894 21636
2894 25474
2894 20427
2895 13845
2895 16914
2895 24795
2895 20686
2895 20783
2895 12034
2895 12389
2895 16112
2895 19802
2895 26697
2896 22295
2896 23305
2896 25104
2896 13434
2896 13308
2896 18588
2896 17697
2896 13021
2896 15733
2896 16829
2896 17027
2896 24754
2896 25440
2896 17331
2896 15978
2896 11852
2896 27226
2896 14543
2896 17630
2896 16583
2896 14186
2896 13907
2896 11900
2896 15355
2896 27221
2896 19827
2896 23527
2896 18261
2896 16631
2896 25532
2896 16076
2896 22725
2896 17495
2896 27951
2896 27939
2896 24669
2897 19112
2897 15790
2897 27643
2897 13653
2897 16558
2897 15640
2897 26160
2898 19009
2898 21000
2898 22001
2898 25652
2898 24490
2898 23642
2898 26077
2898 26874
2898 26879
2898 27981
2899 16107
2899 21544
2899 15221
2899 19464
2899 12958
2899 25383
2900 12141
2900 18911
2900 25604
2900 26307
2900 15374
2900 22826
2900 24446
2900 24454
2900 12444
2900 15119
2900 22791
2900 24598
2900 25365
2900 25428
2900 20981
2900 23296
2900 23780
2900 24996
2900 27040
2900 21443
2900 27312
2901 13217
2901 13824
2901 22250
2901 26242
2901 13109
2901 18525
2901 16866
2901 26569
2901 26437
2901 27651
2902 12327
2902 17838
2902 23227
2902 25122
2902 17008
2902 20534
2903 12301
2903 16967
2903 21175
2903 19871
2903 20604
2903 15766
2903 19904
2903 15211
2903 14368
2903 16912
2903 20600
2903 16763
2903 23117
2903 20213
2903 23363
2903 18645
2903 24332
2903 23939
2903 24540
2903 20232
2903 26897
2903 26606
2903 26017
2903 26914
2903 26928
2903 25902
2903 27808
2903 27941
2903 27416
2903 27900
2903 27991
2903 27660
2904 26277
2904 25712
2904 12725
2904 26897
2904 11923
2904 27286
2904 27881
2904 27783
2905 12752
2905 19367
2905 15409
2905 14888
2905 17668
2905 22388
2905 18051
2905 23270
2905 18695
2905 16730
2905 25982
2905 18979
2905 18015
2905 25111
2905 13731
2905 22871
2905 26526
2905 13435
2905 23470
2906 12880
2906 11865
2906 18030
2906 13113
2906 19579
2906 14756
2906 12555
2907 17119
2907 18938
2907 15221
2907 18810
2907 19244
2908 19862
2908 15242
2908 25619
2908 19050
2908 13194
2908 24203
2908 24319
2909 12251
2909 13269
2909 11878
2909 11884
2909 11886
2909 11912
2909 11922
2909 13011
2909 13227
2909 11956
2909 12699
2909 12110
2909 12364
2909 20754
2909 21549
2909 17999
2909 18246
2909 22001
2909 24666
2909 17427
2909 14521
2909 25505
2909 26224
2909 26347
2909 24945
2909 23642
2909 27199
2909 27310
2909 26996
2909 15437
2909 19193
2909 19299
2909 20822
2909 16766
2909 25392
2909 27542
2909 27541
2909 27358
2909 27697
2909 27861
2909 15790
2909 25050
2909 28091
2910 19851
2910 15369
2910 23679
2910 18830
2910 13474
2910 14782
2910 19729
2910 12818
2910 24356
2910 17039
2910 12777
2910 16247
2910 16089
2910 16096
2911 21931
2911 20097
2911 13063
2911 17389
2911 21205
2911 17268
2911 26932
2911 25711
2912 24161
2912 25654
2912 26760
2912 26996
2912 27281
2912 27286
2912 27698
2912 27592
2913 23388
2913 18626
2913 19345
2913 15552
2913 19385
2913 14131
2913 16112
2913 17091
2913 13221
2913 16370
2913 22992
2914 16106
2914 14864
2914 17939
2914 16221
2914 17852
2914 20533
2914 21176
2914 23571
2914 13340
2914 23248
2914 25287
2914 25652
2914 20429
2914 26644
2914 26645
2914 26277
2914 26894
2914 11923
2914 25784
2914 27441
2914 27495
2914 25957
2914 27369
2914 26084
2914 27709
2914 27805
2914 27901
2914 28036
2914 24509
2914 21069
2915 23138
2915 26055
2915 22298
2915 22348
2915 22350
2915 26643
2915 27474
2916 12141
2916 13623
2916 12634
2916 12021
2916 12335
2916 15250
2916 15141
2916 13574
2916 12157
2916 20929
2916 26631
2916 24841
2916 24662
2916 27526
2916 27064
2916 28090
2917 13627
2917 15724
2917 21150
2917 22488
2917 24565
2917 14327
2917 16111
2918 13845
2918 15198
2918 14762
2918 14368
2918 12386
2918 12335
2918 13353
2918 17595
2918 18544
2918 14292
2918 18013
2918 13790
2918 16779
2918 13785
2918 22695
2918 17309
2918 22001
2918 16355
2918 22000
2918 18276
2918 20642
2918 26760
2918 21774
2918 17100
2918 24825
2918 21806
2918 26158
2918 24275
2918 25941
2918 25800
2918 26895
2918 26995
2918 26996
2918 21505
2918 27493
2919 15291
2919 21687
2919 17671
2919 26247
2919 24754
2920 14318
2920 21509
2920 13340
2920 24608
2920 24814
2920 23983
2920 26055
2920 25266
2920 26165
2920 26450
2920 27118
2920 27065
2920 27902
2920 27664
2921 19380
2921 12864
2921 21512
2921 23720
2921 13346
2921 22579
2921 23615
2921 25302
2921 26473
2921 19969
2921 19484
2921 27025
2922 21756
2922 14950
2922 23754
2922 11901
2922 12305
2922 12803
2922 15161
2922 22635
2922 26752
2922 26808
2922 13131
2923 20791
2923 19609
2923 13814
2923 21723
2923 20850
2923 23413
2923 20812
2923 22528
2924 15069
2924 12366
2924 22854
2924 12913
2924 16306
2925 13566
2925 16013
2925 22395
2925 12145
2925 13890
2925 17293
2925 25914
2925 19563
2925 21953
2925 12251
2925 13253
2925 14262
2925 15464
2925 16328
2925 22251
2925 12850
2925 13026
2925 18647
2925 19985
2925 22742
2925 26504
2925 24542
2925 26456
2925 12974
2925 24286
2925 24836
2925 26891
2925 20661
2925 21427
2925 24884
2925 17008
2925 18620
2925 13027
2925 23503
2925 25440
2925 19555
2925 26922
2925 15735
2925 20024
2925 27121
2925 19790
2926 12115
2926 12125
2926 12402
2926 15367
2926 14688
2926 20489
2926 15839
2926 20314
2926 16599
2926 24444
2926 13316
2926 13481
2926 15389
2926 19791
2926 21771
2926 23658
2926 19715
2926 24925
2927 14416
2927 23362
2927 21676
2927 25568
2927 25754
2927 25076
2927 26519
2927 27065
2927 27199
2927 27705
2927 27203
2927 27970
2928 15786
2928 22406
2928 13470
2928 14776
2928 15401
2928 20099
2928 19615
2928 25392
2928 12662
2928 23818
2928 23932
2929 12662
2929 15608
2929 15177
2929 24827
2929 12208
2929 15187
2929 25064
2929 23925
2929 13485
2929 16217
2929 27249
2930 12052
2930 19201
2930 14471
2930 14333
2930 15703
2930 20642
2930 12891
2931 12517
2931 13104
2931 13195
2931 23144
2931 18067
2931 14996
2932 13939
2932 15317
2932 16455
2932 13763
2932 27892
2932 27305
2932 27880
2932 28031
2932 12974
2932 19001
2932 25365
2932 25787
2933 17658
2933 19294
2933 12201
2933 20216
2933 25604
2934 20400
2934 24718
2934 15251
2934 15863
2934 19363
2934 26737
2934 25094
2935 14008
2935 16415
2935 18335
2935 18336
2935 19693
2935 21743
2935 22209
2935 22855
2935 26278
2935 17708
2936 21055
2936 24435
2936 23905
2936 24541
2936 23459
2936 26251
2936 25526
2936 22994
2936 26335
2936 26346
2936 26261
2936 26691
2936 26901
2936 27229
2936 27857
2936 27839
2936 28022
2936 27967
2937 14342
2937 14228
2937 11940
2937 20953
2937 24397
2937 15913
2937 23108
2937 21138
2937 17184
2937 22315
2937 15831
2937 25296
2937 25110
2937 12693
2937 18160
2937 16259
2937 27886
2938 12975
2938 16386
2938 13042
2938 13123
2938 26202
2938 27120
2938 14283
2938 26569
2939 14368
2939 22297
2939 21693
2939 25224
2939 27100
2939 21471
2939 18806
2939 22371
2939 18804
2939 26250
2940 19607
2940 19064
2940 23150
2940 23444
2940 23886
2941 14445
2941 15881
2941 20913
2941 25296
2941 20772
2941 18336
2942 22740
2942 23628
2942 24433
2942 24372
2942 21593
2942 22739
2942 20944
2942 24490
2942 27321
2942 18911
2942 25653
2942 27639
2943 12381
2943 16190
2943 15519
2943 20658
2943 20478
2943 20211
2943 22767
2943 21284
2943 24621
2943 23905
2943 26637
2943 26395
2943 27762
2943 27708
2943 24509
2944 12367
2944 14456
2944 20044
2944 12758
2944 22570
2944 23117
2944 18016
2944 23466
2944 24608
2944 22813
2944 24095
2944 25460
2944 24508
2944 24871
2944 16419
2944 26874
2944 27228
2944 26795
2944 27281
2944 26084
2944 27902
2944 27881
2944 27127
2944 27618
2944 27563
2945 22809
2945 11890
2945 18534
2945 19267
2945 19308
2945 20443
2945 23384
2945 24668
2945 20904
2945 11905
2945 12722
2945 20086
2945 22490
2945 13829
2945 18070
2945 20137
2945 23521
2945 23853
2945 24669
2945 24670
2945 25972
2945 26379
2945 26690
2945 16190
2945 17974
2945 17982
2945 18902
2945 23370
2945 24114
2945 18722
2945 20945
2945 22154
2945 25654
2945 17871
2945 18647
2945 21325
2945 22916
2945 15120
2945 27446
2945 27131
2946 22504
2946 21775
2946 11867
2946 22944
2946 20308
2946 17374
2946 19470
2946 23466
2946 24922
2947 24169
2947 24586
2947 23478
2947 23681
2947 24606
2947 25652
2947 19664
2947 25520
2947 25492
2947 25282
2947 25460
2947 26277
2947 26317
2947 25144
2947 25076
2947 26490
2947 26880
2947 26896
2947 27010
2947 20896
2947 27199
2947 26914
2947 27128
2947 27184
2947 27528
2947 22394
2947 27495
2947 27200
2947 27630
2947 27672
2947 26904
2947 27203
2947 21479
2947 26049
2947 27259
2947 27709
2947 27770
2947 27762
2947 27704
2947 27706
2947 27069
2947 27378
2947 27539
2947 26494
2948 16056
2948 22177
2948 22974
2948 22790
2948 24573
2948 12717
2948 21137
2949 17918
2949 21092
2949 24543
2949 26055
2949 25652
2949 22384
2949 18661
2949 22977
2949 25294
2949 11923
2949 22504
2950 17309
2950 21634
2950 21518
2950 22071
2950 24184
2950 25337
2950 24956
2950 24820
2950 23613
2950 24291
2950 23642
2950 25485
2950 25558
2950 26518
2950 27028
2950 27281
2950 24032
2950 26493
2950 27286
2950 27539
2950 27671
2950 14889
2951 16051
2951 22609
2951 12141
2951 17643
2951 18118
2951 23031
2951 13690
2951 16506
2952 21902
2952 16753
2952 13478
2952 23327
2952 20371
2953 19028
2953 18296
2953 13877
2953 17489
2953 15126
2953 12389
2953 27391
2954 18470
2954 19280
2954 21668
2954 25516
2954 18273
2955 20658
2955 17348
2955 22782
2955 19026
2955 19902
2955 24643
2955 26325
2955 26317
2955 11923
2955 16419
2955 27440
2955 27555
2955 27962
2955 25147
2955 27563
2956 21523
2956 24881
2956 25665
2956 26617
2956 12490
2956 21940
2956 27799
2957 18266
2957 21399
2957 22978
2957 23072
2957 20763
2958 13944
2958 16341
2958 19319
2958 12801
2958 22944
2958 19325
2958 21512
2958 22121
2958 15947
2958 19245
2958 19595
2958 24825
2958 16536
2958 16595
2958 21103
2958 26951
2959 14756
2959 17420
2959 15221
2959 24332
2959 26545
2959 17784
2959 27525
2959 27712
2959 27920
2959 28040
2959 28065
2960 15705
2960 19755
2960 19762
2960 12368
2960 16579
2960 16751
2960 14244
2960 14787
2961 12029
2961 14875
2961 12864
2961 16184
2961 14595
2961 21579
2961 15351
2961 13393
2961 22001
2961 24103
2961 15922
2961 18163
2961 16099
2961 12871
2961 22000
2961 15785
2961 20772
2961 18158
2961 25161
2961 25712
2961 21810
2961 26714
2961 27337
2961 25844
2961 27041
2961 22013
2962 17709
2962 16511
2962 15109
2962 21338
2962 23772
2962 14178
2962 22858
2962 25611
2962 26098
2962 27050
2962 12367
2963 17682
2963 16345
2963 21044
2963 15786
2963 19823
2963 18647
2963 19240
2963 19470
2963 11849
2963 23955
2963 24990
2963 25030
2963 12628
2963 20245
2963 26025
2963 25085
2963 26125
2963 27318
2963 26662
2964 12053
2964 23296
2964 17387
2964 17559
2964 21717
2964 23254
2964 23340
2964 18900
2965 24336
2965 24643
2965 27286
2965 27930
2965 27677
2966 15669
2966 16410
2966 15886
2966 20043
2966 24587
2966 24764
2966 16962
2966 25492
2966 25602
2966 24643
2966 24210
2966 27121
2966 27542
2966 25267
2966 27929
2967 19884
2967 20922
2967 13419
2967 20022
2967 14759
2967 25752
2967 12777
2967 13083
2967 16819
2967 18110
2967 19104
2967 25103
2967 25517
2968 20002
2968 11905
2968 23423
2968 13109
2968 25609
2968 13591
2968 15433
2969 12016
2969 13095
2969 16962
2969 21518
2969 13541
2969 16328
2969 14080
2969 25003
2969 16871
2970 12366
2970 24764
2970 24666
2970 22742
2970 25048
2970 12966
2970 24956
2970 26165
2970 14360
2970 27835
2970 23150
2970 19013
2970 12056
2970 13784
2970 16524
2971 14021
2971 19676
2971 26275
2971 25735
2971 24847
2971 22146
2971 16339
2971 20843
2971 19693
2971 15409
2971 19979
2971 22695
2972 13562
2972 13847
2972 18126
2972 14698
2972 13167
2972 16309
2973 15766
2973 23686
2973 24666
2973 25602
2973 15221
2973 23642
2973 25575
2973 26191
2973 26645
2973 26901
2973 26930
2973 27857
2974 12924
2974 11886
2974 12334
2974 14881
2974 12335
2974 22688
2974 22580
2974 26078
2974 18276
2975 15200
2975 21370
2975 25251
2975 26466
2975 12891
2976 24543
2976 25283
2976 25528
2976 22298
2976 27228
2976 26960
2976 28026
2977 15617
2977 15302
2977 17754
2977 14178
2977 15324
2977 22957
2977 23786
2978 12804
2978 14837
2978 17469
2978 12705
2978 14720
2978 18855
2978 18975
2978 25528
2978 26128
2978 25654
2978 26167
2978 26261
2978 26760
2978 15161
2978 26804
2978 27528
2978 27066
2978 26980
2979 12031
2979 12215
2979 16561
2979 13557
2979 15425
2979 20956
2979 12723
2979 20208
2979 23276
2979 18279
2979 23967
2979 17614
2979 26040
2979 22763
2979 18813
2980 15656
2980 22619
2980 21089
2980 15232
2980 17392
2980 19026
2980 23615
2980 19476
2980 27191
2980 24922
2981 17589
2981 22046
2981 13828
2981 13495
2981 20055
2981 24969
2981 26182
2981 16823
2981 20246
2981 22686
2981 13980
2981 19988
2982 16790
2982 12139
2982 12155
2982 13353
2982 13777
2982 18913
2982 19308
2982 19435
2982 21422
2982 14190
2982 16223
2982 19252
2982 25124
2982 15636
2982 23437
2982 22807
2982 16333
2982 13474
2982 14091
2982 19615
2982 21833
2982 12176
2982 21163
2982 21164
2982 25962
2983 20359
2983 19026
2983 25565
2983 19658
2983 26810
2983 11923
2983 26912
2983 26544
2983 27332
2984 19359
2984 12577
2984 13353
2984 13885
2984 18254
2984 27104
2985 22387
2985 21709
2985 13761
2985 24258
2985 25287
2985 25082
2985 26396
2985 26631
2985 26606
2985 26646
2985 25485
2985 26113
2985 26518
2985 27304
2985 27028
2985 20834
2985 27280
2985 26049
2985 27881
2985 27859
2985 19978
2986 15920
2986 25465
2986 19297
2986 20066
2986 22781
2987 12090
2987 18242
2987 18749
2987 17617
2987 22031
2987 27331
2987 12801
2987 13011
2987 13013
2987 14607
2987 16214
2987 16424
2987 19221
2987 20716
2987 19204
2987 22145
2987 22583
2988 21175
2988 23799
2988 25476
2988 16469
2988 24809
2988 15419
2988 23134
2989 14210
2989 15972
2989 19367
2989 17239
2989 17464
2989 19216
2989 15626
2989 12892
2989 18850
2989 16764
2989 18998
2989 18242
2989 24938
2989 25073
2989 26760
2989 22237
2989 26246
2989 12556
2989 27861
2990 12596
2990 14223
2990 19290
2990 20896
2990 23384
2990 16303
2990 18379
2990 19852
2990 24103
2990 24390
2990 24527
2990 27355
2990 27402
2990 17386
2990 21141
2990 25331
2990 26700
2991 13306
2991 14394
2991 12055
2991 20961
2991 12290
2991 18053
2991 22560
2991 19085
2991 26331
2992 16594
2992 20711
2992 22818
2992 22688
2992 24589
2992 24474
2992 18817
2992 26113
2993 12226
2993 19230
2993 16455
2993 22504
2993 21953
2993 23815
2993 25270
2993 25266
2993 26106
2993 23967
2993 26165
2993 25768
2993 26530
2993 20330
2993 26874
2993 11923
2993 26076
2993 26914
2993 26429
2993 25784
2993 15236
2993 23307
2993 27559
2993 27737
2993 25957
2993 27764
2993 24026
2993 27539
2994 18316
2994 15329
2994 14292
2994 18084
2994 17319
2994 23558
2994 23906
2994 21716
2994 24124
2994 19777
2994 21593
2994 21894
2994 26346
2994 26529
2994 27731
2994 27861
2995 18107
2995 18802
2995 13828
2995 14066
2995 22018
2995 11973
2995 27289
2996 14438
2996 18384
2996 12901
2996 18232
2996 23683
2996 23935
2996 19786
2996 25111
2996 25057
2996 13984
2996 27715
2996 27861
2997 24666
2997 26930
2997 27466
2997 27637
2997 27836
2997 27978
2997 27899
2998 21904
2998 20680
2998 21211
2998 27262
2998 27377
2998 27216
2999 14781
2999 17121
2999 22420
2999 13314
2999 14806
2999 25749
2999 12679
3000 24169
3000 24666
3000 22858
3000 24515
3000 26313
3000 18661
3000 26760
3000 27081
3000 12430
3000 27447
3000 27837
3000 23937
3000 27920
3001 21509
3001 18220
3001 22571
3001 22562
3001 24184
3001 24666
3001 25652
3001 26339
3001 18753
3001 26277
3001 26260
3001 22350
3001 11923
3001 27201
3001 26995
3001 27229
3001 27280
3001 27541
3001 24026
3001 27202
3002 15393
3002 20348
3002 16497
3002 14178
3002 16936
3002 15354
3002 17623
3002 15642
3002 12899
3002 19522
3002 22531
3002 14490
3002 26078
3002 14699
3002 23812
3002 26930
3002 25090
3002 27442
3002 11912
3002 28075
3002 27911
3003 13367
3003 14968
3003 12584
3003 12380
3003 14178
3003 17118
3003 12693
3003 14516
3003 14725
3003 11943
3003 12099
3003 12237
3003 13231
3003 13013
3003 12238
3003 14623
3003 12141
3003 15884
3004 16763
3004 23289
3004 14295
3004 12145
3004 21387
3004 18117
3004 15860
3004 17539
3004 19620
3004 22117
3004 23637
3004 23296
3004 16384
3004 17787
3004 24782
3004 12278
3004 15337
3004 20564
3005 12431
3005 17046
3005 24764
3005 22746
3005 21788
3005 22298
3005 22412
3005 26645
3005 24934
3005 19934
3005 11923
3005 19474
3005 14999
3005 14434
3005 27971
3005 28069
3006 25362
3006 18981
3006 12304
3006 16224
3006 22013
3006 17293
3006 20391
3006 24256
3007 22761
3007 12153
3007 12335
3007 12569
3007 25784
3007 22369
3007 19006
3007 26988
3008 18777
3008 22065
3008 24707
3008 25393
3008 15767
3008 25317
3008 23150
3008 25896
3009 15600
3009 20413
3009 13990
3009 15186
3009 21679
3009 14453
3009 19702
3009 24235
3010 20478
3010 22001
3010 26347
3010 26445
3010 27498
3010 27697
3010 26757
3010 28084
3011 24586
3011 24764
3011 19543
3011 18277
3011 26229
3011 18278
3011 26534
3011 23219
3011 26879
3011 27737
3011 27527
3011 27982
3011 27901
3011 27127
3011 25347
3012 17451
3012 23779
3012 12931
3012 16398
3012 24471
3012 19933
3012 14679
3012 18568
3012 15001
3012 19078
3012 24792
3012 13607
3012 17097
3012 12139
3013 24370
3013 25282
3013 27726
3013 26652
3013 27984
3014 16674
3014 24719
3014 15229
3014 19959
3014 26090
3014 26458
3014 12540
3014 27384
3014 26367
3014 21097
3014 27318
3014 27092
3014 19816
3014 24454
3014 19512
3014 20872
3014 20800
3014 22893
3014 24306
3014 26939
3014 21402
3014 15186
3014 19979
3014 13724
3014 17521
3015 27824
3015 27416
3015 27941
3015 12366
3015 27934
3015 27899
3015 27644
3016 12308
3016 12498
3016 15339
3016 16288
3016 24195
3016 24386
3016 27088
3016 17572
3016 27400
3017 20658
3017 19367
3017 20670
3017 22671
3017 24771
3017 25941
3017 25512
3017 26519
3017 27170
3017 27118
3017 27229
3017 27202
3017 27962
3018 18952
3018 20795
3018 18690
3018 15669
3018 18368
3018 22583
3019 21838
3019 26083
3019 19854
3019 23824
3019 16576
3019 15689
3020 11893
3020 17999
3020 17784
3020 25757
3020 27200
3020 25023
3020 27911
3021 15212
3021 14702
3021 19415
3021 22651
3021 24920
3021 22441
3022 12522
3022 17180
3022 24356
3022 21838
3022 16523
3022 23195
3022 17309
3022 25859
3022 18157
3023 17540
3023 24928
3023 25044
3023 17350
3023 13177
3023 16254
3023 23995
3023 24301
3023 27354
3023 17760
3023 25991
3023 27106
3024 14425
3024 22128
3024 20667
3024 21215
3024 21596
3024 20593
3024 22874
3024 12430
3024 15575
3024 16446
3024 18603
3024 14915
3024 24317
3024 12141
3024 19955
3024 22023
3024 25786
3024 12687
3024 19615
3024 24097
3024 22424
3025 27456
3025 26886
3025 24032
3025 27560
3025 27309
3025 27431
3025 25267
3025 26565
3025 27441
3025 27495
3025 27513
3025 27192
3025 27204
3025 27442
3025 26049
3025 26084
3025 27855
3025 27867
3025 21181
3025 27777
3025 27967
3025 27971
3026 18707
3026 20794
3026 15387
3026 17114
3026 19564
3026 21826
3026 12475
3026 23182
3026 12580
3026 20462
3026 23347
3026 22022
3026 21737
3026 26241
3026 13469
3026 21041
3026 15351
3026 15350
3026 25197
3026 16295
3026 18610
3026 26013
3026 21828
3026 19465
3026 21658
3026 24487
3026 24400
3026 26642
3027 15785
3027 16715
3027 21911
3027 21397
3027 23049
3027 21045
3027 16483
3027 17794
3028 24543
3028 25158
3028 25285
3028 14133
3028 26400
3028 24945
3028 11923
3028 27071
3028 27065
3028 25405
3028 25777
3028 27941
3028 27991
3028 27967
3029 15244
3029 20754
3029 16591
3029 14826
3029 26102
3029 26451
3029 26993
3029 27938
3029 28013
3030 13845
3030 14848
3030 14137
3030 20456
3030 19130
3030 23751
3030 24666
3030 23684
3030 19934
3030 24577
3030 23022
3030 23642
3030 26645
3030 26760
3030 25964
3030 27436
3030 27474
3031 23906
3031 24451
3031 17697
3031 24956
3031 11923
3031 25076
3031 24643
3031 24662
3031 27225
3031 27456
3031 27063
3031 27416
3031 28090
3031 28092
3032 16274
3032 13017
3032 18597
3032 21529
3032 13478
3032 21321
3032 23590
3032 23672
3032 12753
3032 18554
3032 13176
3032 18541
3032 20229
3032 25646
3032 18544
3032 17836
3032 24214
3032 25716
3032 26377
3032 26855
3033 16156
3033 15529
3033 18176
3033 16101
3033 25998
3033 16421
3033 20038
3034 21810
3034 23173
3034 20535
3034 12780
3034 14360
3034 14015
3034 20162
3034 12864
3034 23282
3035 15947
3035 13756
3035 16517
3035 15785
3035 19937
3035 18350
3035 15515
3035 21494
3035 19969
3035 22229
3036 12284
3036 14069
3036 12688
3036 15739
3036 12215
3036 21107
3036 24350
3036 21196
3036 15464
3036 13586
3037 23019
3037 20465
3037 11893
3037 14019
3037 17309
3037 18983
3037 20556
3037 21152
3037 12936
3037 17958
3037 15088
3037 22219
3037 15330
3037 18209
3037 18344
3037 15441
3037 16424
3037 24101
3037 15816
3037 16388
3037 26668
3038 25674
3038 24956
3038 24372
3038 26128
3038 26340
3038 26166
3038 22298
3038 23264
3038 26261
3038 21672
3038 26646
3038 22297
3038 21752
3038 26913
3038 25346
3038 17840
3038 25791
3038 26486
3038 26728
3038 27228
3038 26995
3038 18879
3038 27161
3038 27226
3038 23787
3038 13029
3038 22782
3038 25267
3038 27614
3038 27203
3038 27406
3038 27646
3038 24320
3038 27594
3038 27615
3038 28084
3039 21242
3039 17888
3039 21670
3039 18978
3039 25509
3039 26317
3040 17350
3040 14052
3040 23612
3040 19795
3040 15959
3040 21797
3040 21483
3040 19782
3040 14376
3040 25888
3040 20545
3040 13191
3040 24054
3040 21148
3040 24225
3040 21571
3041 20735
3041 23533
3041 16601
3041 24071
3041 15463
3041 19738
3041 20191
3041 23657
3041 13285
3041 24990
3041 14389
3041 12905
3041 22396
3041 23222
3042 27088
3042 26960
3042 27732
3042 27379
3042 27837
3042 25653
3043 12769
3043 25520
3043 21894
3043 19794
3043 27202
3044 13594
3044 20155
3044 18496
3044 16233
3044 26173
3044 27001
3044 23550
3044 20298
3044 25908
3044 21483
3044 21045
3044 21578
3044 23301
3045 13856
3045 15172
3045 19564
3045 21916
3045 25686
3045 25834
3045 26365
3046 20896
3046 21285
3046 23276
3046 18212
3046 25036
3046 23800
3046 26530
3046 19445
3046 28011
3046 24509
3047 19367
3047 12126
3047 14243
3047 14495
3047 22213
3047 13595
3048 17335
3048 19364
3048 20663
3048 12685
3048 21916
3048 26325
3048 11948
3048 27042
3049 23075
3049 18022
3049 21103
3049 24670
3049 24669
3049 13049
3049 23700
3049 25526
3049 21894
3049 25654
3049 26492
3049 25144
3049 12151
3049 17156
3049 22412
3049 12243
3049 19920
3049 16028
3049 18943
3049 21626
3049 22805
3049 11923
3049 22325
3049 21141
3049 18800
3049 24954
3049 25748
3049 27729
3049 27614
3049 16299
3049 27474
3049 21125
3049 27819
3049 25837
3049 27378
3049 28091
3050 18574
3050 15074
3050 15802
3050 18399
3050 16326
3050 19668
3050 19275
3050 13767
3051 14059
3051 15452
3051 23094
3051 21444
3051 22510
3051 27697
3052 15733
3052 19592
3052 12455
3052 12966
3052 17746
3052 16629
3052 14967
3052 16665
3052 16969
3052 21028
3052 19715
3052 18327
3052 21502
3052 16596
3052 22627
3052 12430
3052 18668
3052 23940
3052 12187
3052 25249
3052 12726
3053 12056
3053 17331
3053 21513
3053 22451
3053 25015
3053 25016
3054 16194
3054 14977
3054 20055
3054 18834
3054 16992
3054 25688
3055 14223
3055 20565
3055 18266
3055 22062
3055 26716
3055 12528
3055 12034
3056 23579
3056 23618
3056 26914
3056 27204
3056 28045
3057 18668
3057 24621
3057 26158
3057 27167
3057 22536
3057 26099
3058 22265
3058 19390
3058 16119
3058 18217
3058 22959
3058 23617
3058 17039
3058 19002
3058 25605
3058 19887
3058 21292
3058 20094
3058 24200
3058 17093
3059 16870
3059 26177
3059 23277
3059 22402
3059 22797
3059 25249
3060 19223
3060 22637
3060 22636
3060 23075
3060 24606
3060 24621
3060 24184
3060 24574
3060 22823
3060 23845
3060 25285
3060 26632
3060 26395
3060 26931
3060 27162
3060 27447
3060 26074
3060 26783
3060 27981
3060 27459
3061 21007
3061 23761
3061 16848
3061 17999
3061 22650
3062 23183
3062 21284
3062 24606
3062 24666
3062 24033
3062 16021
3062 24956
3062 26606
3062 27286
3062 27015
3062 27724
3062 27994
3062 28004
3062 28045
3063 12867
3063 17155
3063 18929
3063 22650
3063 24118
3063 23220
3064 22559
3064 21802
3064 25661
3064 25662
3064 12641
3064 13896
3064 15235
3064 18858
3065 14389
3065 14870
3065 19068
3065 20016
3065 22570
3065 17349
3065 25863
3065 21594
3065 27396
3065 20834
3065 27416
3065 28065
3065 28073
3066 14326
3066 21647
3066 14026
3066 21332
3066 25689
3066 25665
3067 17746
3067 14794
3067 15736
3067 17602
3067 21386
3067 23266
3067 23481
3067 19615
3067 20364
3067 12366
3067 22254
3067 18168
3067 17529
3067 14888
3067 24430
3067 13368
3068 12030
3068 16689
3068 13643
3068 14806
3068 22776
3068 20793
3068 19615
3068 20655
3068 14868
3068 26918
3068 21559
3068 26298
3068 18722
3068 25360
3068 24570
3068 27736
3069 23334
3069 24489
3069 17428
3069 20301
3069 20481
3069 15199
3070 13658
3070 15512
3070 19690
3070 22115
3070 25091
3070 25314
3071 24639
3071 24666
3071 25488
3071 18588
3071 26492
3071 15875
3071 22494
3071 26874
3071 27555
3071 27513
3071 27834
3071 27202
3071 27633
3071 28093
3072 20813
3072 12171
3072 18730
3072 21512
3072 19512
3072 12184
3072 12484
3072 18047
3072 11939
3072 12283
3072 14138
3072 15466
3072 15591
3072 17259
3072 18153
3072 18787
3072 24668
3072 24669
3072 27036
3072 22614
3072 24672
3072 19278
3072 26723
3073 24188
3073 25460
3073 26335
3073 26989
3073 24388
3073 15156
3073 27891
3073 25147
3073 28090
3074 20804
3074 19590
3074 25801
3074 24471
3074 25189
3074 15514
3074 21920
3074 20597
3075 15874
3075 16287
3075 16936
3075 26592
3075 12056
3075 14178
3076 23581
3076 16799
3076 20337
3076 23476
3076 24853
3076 12687
3076 15355
3077 18064
3077 22073
3077 19881
3077 12873
3077 19738
3078 25522
3078 12662
3078 25730
3078 21157
3078 20873
3078 18461
3078 21096
3079 25270
3079 26172
3079 18045
3079 18909
3079 12556
3079 27204
3079 27860
3079 28045
3080 13318
3080 13220
3080 13596
3080 18671
3080 12245
3080 18884
3080 20822
3080 15533
3080 18309
3080 19689
3080 26029
3080 14223
3080 26041
3080 19386
3081 15876
3081 16955
3081 18140
3081 13061
3081 21498
3081 13447
3081 27360
3081 27641
3082 18697
3082 13596
3082 11905
3082 12693
3082 19615
3083 20771
3083 26760
3083 27302
3083 27638
3083 27857
3084 12596
3084 12104
3084 15223
3084 12389
3084 12141
3084 15343
3084 22000
3084 26251
3084 18278
3084 11923
3084 27065
3085 12891
3085 19295
3085 23305
3085 24004
3085 15083
3085 21363
3086 21253
3086 12522
3086 19186
3086 14786
3086 15934
3086 18549
3086 12885
3086 26889
3086 28039
3087 20055
3087 18834
3087 20054
3087 20074
3087 23067
3087 15425
3087 18469
3087 12934
3087 14342
3087 16031
3087 16788
3087 18942
3087 19139
3087 21918
3087 12718
3087 16116
3087 17203
3087 19819
3087 19905
3087 16362
3087 14186
3087 20388
3087 14017
3087 20391
3087 21492
3087 22088
3087 22675
3087 25829
3087 15760
3087 13370
3087 15930
3087 25125
3087 27871
3088 23098
3088 17124
3088 16912
3088 13820
3088 12239
3088 18853
3089 11849
3089 16661
3089 12439
3089 12607
3089 12628
3089 12914
3089 14418
3089 17699
3089 24492
3090 19126
3090 21081
3090 21804
3090 20716
3090 22688
3090 24589
3090 24666
3090 24585
3090 25188
3090 23054
3090 25492
3090 25236
3090 25238
3090 26442
3090 24176
3090 24662
3090 26960
3090 25844
3090 27283
3090 23318
3090 25109
3090 27982
3090 27416
3090 28021
3091 12428
3091 19028
3091 14681
3091 20645
3091 20367
3091 19685
3091 15302
3091 13878
3091 16848
3092 15353
3092 14742
3092 14880
3092 16190
3092 13090
3092 21593
3092 18074
3093 16979
3093 18367
3093 14902
3093 17395
3093 17492
3093 18728
3093 20042
3093 16435
3093 11911
3093 15198
3093 16817
3093 18051
3093 27095
3094 20056
3094 22810
3094 13675
3094 20366
3094 19540
3094 22434
3094 13244
3094 16066
3094 17520
3094 14277
3094 15558
3094 25649
3094 22591
3094 15398
3094 13279
3094 13448
3094 16144
3094 22112
3094 17250
3094 20954
3094 23940
3094 27122
3094 23337
3094 12147
3094 20487
3094 20700
3094 23524
3094 25801
3094 25845
3094 12884
3094 13208
3094 24808
3095 12662
3095 13984
3095 18544
3095 21953
3095 24824
3095 22323
3095 15198
3095 15214
3095 23157
3095 23818
3096 25110
3096 25528
3096 26309
3096 26644
3096 11923
3096 27065
3096 27121
3096 27729
3096 27203
3097 18804
3097 12145
3097 17534
3097 19076
3097 20961
3097 20397
3097 15891
3097 16139
3097 24051
3097 27161
3098 15585
3098 23459
3098 25601
3098 25712
3098 27281
3099 12388
3099 12592
3099 14105
3099 12771
3099 20057
3099 18863
3099 12891
3099 15136
3099 17488
3099 20640
3099 22571
3099 15334
3099 23560
3099 11838
3099 11872
3099 24435
3099 25283
3099 27427
3099 27855
3100 19485
3100 12892
3100 21866
3100 12651
3100 14223
3100 12662
3100 21586
3101 12905
3101 19602
3101 12847
3101 13351
3101 17127
3101 19464
3102 12561
3102 13664
3102 14582
3102 18728
3102 21461
3102 18725
3102 18734
3102 14052
3102 16439
3102 15971
3102 25623
3102 18236
3102 19881
3102 23815
3102 17105
3102 13131
3102 17960
3102 20534
3102 25157
3103 25521
3103 18669
3103 20585
3103 24271
3103 19869
3103 26640
3103 27210
3103 14759
3103 27196
3103 18835
3103 22409
3103 17965
3103 20749
3103 25748
3103 26820
3103 23815
3103 27649
3103 27401
3103 27646
3103 27474
3103 25498
3103 20243
3103 27870
3103 27331
3103 26967
3103 27416
3103 27820
3103 27905
3103 27938
3103 27999
3103 12056
3103 17458
3103 25507
3103 27660
3103 28029
3103 28009
3103 27906
3103 28091
3103 15861
3104 13810
3104 16121
3104 21191
3104 21768
3104 18967
3104 20992
3105 15131
3105 18212
3105 18329
3105 18992
3105 19946
3105 20104
3105 24645
3105 26446
3105 23665
3106 20947
3106 16483
3106 22249
3106 14223
3106 26548
3107 15159
3107 24606
3107 24764
3107 25488
3107 26606
3107 26874
3108 22683
3108 16401
3108 21529
3108 12200
3108 26482
3108 14889
3108 21769
3108 22107
3108 25757
3108 21246
3109 22844
3109 25136
3109 21654
3109 17783
3109 27491
3109 19767
3109 27861
3109 24748
3109 13131
3109 19855
3109 14244
3109 18647
3109 12226
3109 27689
3109 27660
3110 13989
3110 12090
3110 18201
3110 12126
3110 17762
3110 11912
3110 21600
3110 21176
3110 22001
3110 21000
3110 24666
3110 25287
3110 22000
3110 24274
3110 23935
3110 16464
3110 26489
3110 25557
3110 11923
3110 27201
3110 25986
3110 27240
3110 26960
3110 27447
3110 27513
3110 27442
3110 27202
3110 27834
3110 27941
3110 27808
3110 27867
3110 18130
3110 27859
3110 27861
3110 28022
3110 28075
3111 26272
3111 26347
3111 27057
3111 27204
3111 27715
3111 28006
3112 11949
3112 12366
3112 14837
3112 13954
3112 19367
3112 14454
3112 19216
3112 11880
3112 11927
3112 18720
3112 16307
3112 12563
3112 23218
3112 24156
3112 26489
3112 22298
3112 11923
3112 27201
3112 27500
3112 27861
3112 27406
3112 28025
3113 18516
3113 12139
3113 19425
3113 16331
3113 22578
3113 18267
3113 14878
3113 18058
3113 12580
3113 23730
3113 22462
3113 19893
3113 13261
3113 19371
3113 15436
3113 15885
3113 24839
3113 16538
3113 21189
3113 19301
3113 15268
3113 16277
3113 22817
3113 26278
3114 17596
3114 22854
3114 22295
3114 27058
3114 27170
3115 19345
3115 15632
3115 12659
3115 12722
3115 13474
3115 17333
3116 12367
3116 26600
3116 24004
3116 12662
3116 13221
3117 13879
3117 20602
3117 16514
3117 13345
3117 20397
3117 14673
3118 14908
3118 23775
3118 22133
3118 26881
3118 16892
3118 12672
3118 16754
3119 13985
3119 18738
3119 25121
3119 19832
3119 13626
3119 24751
3119 14780
3119 18153
3119 20202
3119 20224
3119 23853
3119 16032
3119 20389
3119 21101
3120 12983
3120 23075
3120 12818
3120 25337
3120 25076
3120 23966
3120 23833
3120 27502
3120 27358
3120 22302
3120 23200
3120 21175
3121 13626
3121 25043
3121 17138
3121 21637
3121 13924
3122 19979
3122 25565
3122 26047
3122 24947
3122 25076
3122 23812
3122 19786
3122 26895
3122 25672
3122 25791
3122 27526
3122 13063
3122 13500
3122 13007
3122 14887
3122 27495
3122 21864
3122 12954
3122 21545
3122 24436
3122 28023
3123 24795
3123 23144
3123 28038
3123 27312
3123 27533
3123 27721
3123 27177
3123 27682
3123 28064
3124 12913
3124 12625
3124 12662
3124 23321
3124 17160
3124 26773
3124 17919
3125 12505
3125 21600
3125 23721
3125 26892
3125 26991
3125 12603
3125 25475
3125 12486
3125 17867
3125 25194
3125 27886
3126 22550
3126 26397
3126 26260
3126 26261
3126 26646
3126 11923
3126 27269
3126 26771
3126 27528
3126 27560
3126 21917
3126 27881
3126 28039
3126 13655
3127 13532
3127 24831
3127 19480
3127 24978
3127 25020
3127 22475
3127 26077
3127 12023
3127 17696
3127 13258
3127 16612
3127 23958
3127 27119
3127 16235
3127 16919
3127 13631
3127 18612
3128 24534
3128 24433
3128 25021
3128 25654
3128 26644
3128 26450
3128 26113
3128 27498
3128 27632
3128 27894
3129 13834
3129 14782
3129 14393
3129 16438
3129 12563
3129 15665
3129 17063
3129 12256
3129 12397
3129 12399
3129 13032
3129 13306
3129 12488
3129 20733
3129 20751
3129 13772
3129 12607
3129 15913
3129 17461
3129 12016
3129 13661
3129 13025
3130 17335
3130 14628
3130 17623
3130 14538
3130 27574
3131 14899
3131 13365
3131 17861
3131 27647
3131 12207
3131 12208
3131 13105
3131 14135
3131 17897
3131 26643
3131 27111
3131 18838
3131 13757
3131 15098
3131 17787
3132 15780
3132 13286
3132 13491
3132 15744
3132 20589
3132 13515
3132 19962
3132 12115
3132 12750
3132 12849
3132 13272
3132 14366
3132 14696
3132 15341
3132 15465
3132 15468
3132 15477
3132 17010
3132 20352
3132 21551
3132 22536
3133 14919
3133 13888
3133 15379
3133 19415
3133 13939
3133 20056
3133 11859
3133 25420
3133 18935
3133 13594
3133 18920
3133 16437
3133 17461
3133 19814
3133 18554
3133 24278
3134 17328
3134 18135
3134 17736
3134 19976
3134 21046
3134 16092
3134 21562
3134 14602
3134 19615
3134 21148
3134 24396
3134 14583
3134 25955
3134 18004
3134 21147
3134 20917
3134 12998
3134 19136
3134 22774
3134 17565
3134 15117
3134 25143
3134 13880
3134 14371
3134 18956
3134 23974
3134 13661
3134 22830
3134 16681
3134 16166
3134 19367
3134 26991
3134 15695
3135 12495
3135 22888
3135 22311
3135 24140
3135 15668
3136 13052
3136 14757
3136 16221
3136 17043
3136 20873
3136 22485
3136 22889
3136 18259
3137 14024
3137 15412
3137 11967
3137 13016
3137 13970
3137 17442
3137 20849
3137 13634
3137 16065
3138 14781
3138 14723
3138 15361
3138 17869
3138 17003
3138 18981
3138 14736
3139 16784
3139 20358
3139 24545
3139 25793
3139 26136
3139 26183
3140 23265
3140 24262
3140 14244
3140 16830
3140 25631
3140 26436
3140 12141
3140 24163
3140 14211
3140 12036
3140 13047
3140 22650
3140 13982
3141 16523
3141 22193
3141 21693
3141 12975
3141 22330
3141 24103
3141 22003
3141 15464
3141 16289
3141 16462
3141 22133
3141 25388
3141 14083
3141 19825
3141 24887
3141 20235
3141 16726
3141 21346
3141 27094
3141 16146
3141 26061
3141 26808
3141 15848
3141 27857
3142 22844
3142 13867
3142 19401
3142 17506
3142 12190
3142 25627
3142 20345
3142 20734
3142 12905
3142 14200
3142 17033
3142 16424
3142 13603
3142 15470
3142 14703
3142 17386
3142 12974
3142 19390
3142 26723
3142 19303
3142 19124
3142 22774
3142 26022
3142 21687
3142 25486
3142 15052
3142 21669
3142 25104
3142 22125
3142 17349
3142 25809
3142 27792
3143 16259
3143 23694
3143 24586
3143 26317
3143 27638
3143 21009
3144 24621
3144 25296
3144 25881
3144 12693
3144 16955
3144 23144
3144 21147
3144 21148
3144 23065
3144 25420
3144 19367
3144 13262
3144 12687
3145 19415
3145 21256
3145 16274
3145 16682
3145 21397
3145 27224
3146 18706
3146 12651
3146 13594
3146 17702
3146 14681
3146 15869
3146 17189
3146 21620
3146 14248
3146 21610
3146 19290
3146 19155
3146 14965
3147 12090
3147 21141
3147 20935
3147 12212
3147 22006
3147 14344
3147 21284
3147 13719
3147 15185
3147 19821
3147 23117
3147 14229
3147 24023
3147 24666
3147 19129
3147 22041
3147 21244
3147 26251
3147 15801
3147 17309
3147 20749
3147 19415
3147 26951
3147 25294
3147 17159
3147 24444
3147 23622
3147 11857
3147 27555
3147 16109
3147 27560
3147 19367
3147 27927
3147 26919
3147 27911
3148 17420
3148 12151
3148 13619
3148 16057
3148 20308
3148 26711
3148 23144
3148 22306
3148 26370
3148 26679
3148 23667
3148 26268
3148 15484
3149 24195
3149 24956
3149 26367
3149 22848
3149 24205
3149 28021
3150 14940
3150 20352
3150 21634
3150 21278
3150 21319
3150 12229
3150 13131
3150 13354
3150 17395
3150 17996
3150 21315
3150 24222
3150 25185
3150 24684
3150 17562
3150 18177
3150 23106
3150 27642
3150 27668
3150 12849
3150 14867
3150 16853
3150 16962
3150 18130
3150 22039
3150 24924
3150 13431
3150 14619
3150 18904
3150 22397
3150 23254
3150 26062
3150 26732
3151 16413
3151 17575
3151 13696
3151 24190
3151 21526
3151 25829
3151 20202
3151 15303
3151 14303
3151 16439
3151 26503
3151 16962
3151 12366
3152 22328
3152 22583
3152 18011
3152 13353
3152 26968
3153 16772
3153 24241
3153 12629
3153 22025
3153 25125
3153 25349
3153 26263
3153 19063
3153 22101
3153 15645
3153 26891
3153 24825
3153 13049
3153 20506
3153 23781
3153 11893
3153 25738
3153 27743
3153 16562
3153 21964
3154 17045
3154 15393
3154 12662
3154 18781
3154 25503
3154 25537
3154 25259
3154 15646
3155 16962
3155 18960
3155 19280
3155 19415
3155 12157
3155 22889
3155 18471
3155 22801
3155 22389
3155 23422
3155 17357
3155 18507
3155 21954
3155 15306
3155 19290
3155 16065
3155 22950
3155 25353
3155 24534
3155 24533
3155 21170
3155 17911
3156 14275
3156 15072
3156 19196
3156 20858
3156 24048
3156 11921
3156 21801
3156 19314
3156 15601
3156 25100
3156 25185
3157 13985
3157 12056
3157 21148
3157 21789
3157 14682
3157 20457
3157 21108
3157 19124
3158 23265
3158 22971
3158 13276
3158 27733
3158 19919
3159 22974
3159 17140
3159 22127
3159 22433
3159 13541
3159 13962
3159 18607
3160 12896
3160 12676
3160 22688
3160 24666
3160 25519
3160 26644
3160 27466
3160 27910
3161 18156
3161 21954
3161 13812
3161 15527
3161 12368
3161 22127
3161 27804
3161 16700
3162 15507
3162 18416
3162 22566
3162 23635
3162 26691
3162 22568
3162 12922
3162 27737
3162 12746
3162 12229
3163 13318
3163 12366
3163 15216
3163 13294
3163 13938
3163 15213
3163 13983
3163 21443
3163 24608
3163 24764
3163 25337
3163 25156
3163 25654
3163 24643
3163 25294
3163 11923
3163 26960
3163 26996
3163 27285
3164 20795
3164 22165
3164 16999
3164 16313
3164 23386
3164 17121
3164 25504
3164 21332
3164 23262
3164 23531
3164 21095
3164 24695
3165 25595
3165 13131
3165 13776
3165 17049
3165 14661
3165 12389
3165 12461
3165 14032
3165 16293
3165 17008
3165 17342
3165 17846
3165 20127
3165 20302
3165 22079
3165 24351
3165 27806
3166 27531
3166 18668
3166 24876
3166 15726
3166 20661
3166 23590
3166 26541
3166 13505
3166 12017
3166 18968
3166 22066
3166 25335
3166 27150
3166 27799
3166 27845
3166 27986
3166 26854
3166 27721
3166 27533
3167 27416
3167 27938
3167 27959
3167 27864
3167 27999
3167 27793
3167 27717
3167 27991
3167 27139
3167 27934
3167 21523
3167 27842
3167 27660
3167 26922
3167 27714
3167 27754
3167 28083
3167 28086
3167 28027
3167 28031
3167 28061
3167 28062
3167 28085
3167 28082
3167 27846
3167 28033
3167 28034
3167 17342
3167 27980
3167 28071
3168 15719
3168 24954
3168 16057
3168 17960
3168 20049
3168 27786
3169 11905
3169 11906
3169 11907
3169 12305
3169 12515
3169 12421
3169 12927
3169 15224
3169 14520
3169 11910
3169 23484
3169 24276
3169 24886
3169 27399
3170 12392
3170 13320
3170 12636
3170 14118
3170 19779
3170 15354
3170 14685
3170 19065
3170 25492
3170 17340
3170 27516
3171 12368
3171 12921
3171 16905
3171 12151
3171 25622
3171 25842
3171 14556
3171 24355
3171 24356
3171 23212
3171 23548
3171 20245
3171 27383
3171 12663
3171 13122
3171 14218
3171 19901
3171 13897
3171 22889
3171 23829
3171 27607
3171 18978
3171 16280
3171 16360
3171 25856
3171 16424
3171 19993
3171 16593
3171 20728
3171 27695
3171 24778
3171 20771
3171 21089
3171 21862
3171 27512
3171 21619
3171 26959
3172 14838
3172 15371
3172 19359
3172 13374
3172 26553
3172 23949
3173 16712
3173 20894
3173 21740
3173 24174
3173 20526
3173 25311
3174 12298
3174 18837
3174 13296
3174 22284
3174 12764
3175 15845
3175 18570
3175 15389
3175 18153
3175 22206
3175 19802
3175 12974
3175 17461
3175 21310
3175 22133
3175 26996
3175 27305
3175 16424
3175 20764
3175 21164
3176 12654
3176 12714
3176 12151
3176 11882
3176 12955
3176 12196
3176 12540
3176 12134
3176 14010
3176 12433
3176 13377
3176 14337
3176 13350
3176 12160
3176 13916
3176 14395
3176 13919
3176 11957
3176 21175
3176 12799
3176 16069
3176 13423
3176 16512
3176 15969
3176 18558
3176 14924
3176 19913
3176 20881
3176 13385
3176 21306
3176 25882
3176 18556
3176 17138
3177 24666
3177 11960
3177 13340
3177 14496
3177 18550
3177 12814
3177 24945
3177 26077
3177 19123
3177 25733
3177 15875
3177 21258
3177 27310
3177 27224
3177 17263
3177 25405
3177 27705
3177 27834
3177 27839
3177 27867
3177 27203
3177 27715
3177 28001
3177 27615
3178 18338
3178 22783
3178 22145
3178 12141
3178 14389
3178 19415
3178 25565
3178 25460
3178 22742
3178 25976
3178 27416
3179 14437
3179 17121
3179 16269
3179 17120
3179 13852
3179 18034
3179 14178
3179 15210
3179 17299
3179 21781
3179 19079
3179 16561
3179 12348
3179 23041
3179 23050
3179 15091
3180 19069
3180 16568
3180 16639
3180 14104
3180 14223
3180 25250
3181 26029
3181 25879
3181 20672
3181 15324
3181 24687
3182 19645
3182 15360
3182 13557
3182 25168
3182 12017
3182 21020
3182 25967
3182 13453
3182 13442
3182 25587
3183 12544
3183 15394
3183 20055
3183 23144
3183 14148
3183 12366
3183 17406
3183 20346
3183 13187
3183 14186
3183 18307
3183 19086
3183 20955
3183 12662
3183 12693
3183 16830
3183 17977
3183 22127
3183 22843
3183 26473
3183 16531
3183 12830
3183 18210
3183 19879
3183 21914
3183 22515
3183 26317
3183 25803
3183 20057
3183 13465
3183 20747
3183 25434
3183 26336
3183 14033
3183 15603
3183 26728
3183 16116
3183 21684
3183 23252
3183 18893
3183 25721
3183 27374
3184 13642
3184 19267
3184 20935
3184 21220
3184 23190
3184 21813
3184 24258
3184 21000
3184 23681
3184 24969
3184 24643
3184 24956
3184 25520
3184 23967
3184 25144
3184 26261
3184 25908
3184 25677
3184 24796
3184 25733
3184 26734
3184 26412
3184 27201
3184 27228
3184 27233
3184 27229
3184 25757
3184 27057
3184 27560
3184 15039
3184 18243
3184 27281
3184 27200
3184 27609
3184 25844
3184 27513
3184 27982
3184 27127
3184 28044
3185 12263
3185 14880
3185 17647
3185 17322
3185 11979
3185 14317
3185 18544
3185 23130
3185 27056
3185 26789
3185 22073
3185 21446
3185 27572
3185 21382
3185 27283
3185 27840
3185 27618
3185 17184
3185 27920
3186 27292
3186 25736
3186 26944
3186 22652
3186 27491
3186 28028
3186 27214
3186 27540
3186 23144
3186 27848
3186 27799
3186 27845
3186 27986
3186 27868
3187 13556
3187 17810
3187 23794
3187 13793
3187 17071
3187 15531
3187 26435
3187 21916
3188 12460
3188 21175
3188 25521
3188 18817
3188 24841
3188 27176
3188 27902
3188 28037
3188 27783
3189 13739
3189 24643
3189 20649
3189 12219
3189 14287
3190 18549
3190 22712
3190 23026
3190 18058
3190 21514
3190 23928
3190 24540
3190 25648
3190 24544
3190 26106
3190 26167
3190 15766
3190 25519
3190 26743
3190 27528
3190 27901
3190 27945
3191 12750
3191 12496
3191 12100
3191 15644
3191 17079
3191 12538
3191 25348
3191 26115
3191 11951
3191 12039
3191 12518
3191 14112
3191 12348
3191 20546
3192 11910
3192 19344
3192 24435
3192 24352
3192 24543
3192 26224
3192 26874
3192 25294
3192 26740
3193 16028
3193 16646
3193 21529
3193 23072
3193 15864
3193 17253
3193 12680
3193 18068
3193 22045
3193 22567
3194 12823
3194 20209
3194 22379
3194 23615
3194 26516
3195 21430
3195 25513
3195 19615
3195 23724
3195 18191
3196 16382
3196 20388
3196 12139
3196 13164
3196 16424
3196 19094
3196 23876
3196 24580
3196 27600
3197 17743
3197 21794
3197 19995
3197 17354
3197 19781
3197 21330
3197 21042
3197 23925
3197 26101
3197 19353
3197 20035
3197 20037
3197 27241
3198 16190
3198 20094
3198 13275
3198 23396
3198 20936
3199 19815
3199 23515
3199 24658
3199 21000
3199 17528
3199 25021
3199 25519
3199 20771
3199 18278
3199 25575
3199 24154
3199 26490
3199 24230
3199 25942
3199 14019
3199 15498
3199 27112
3199 27441
3199 27737
3199 25380
3199 27565
3199 27876
3199 27139
3199 27644
3199 27941
3200 17887
3200 13048
3200 13120
3200 14813
3200 22395
3200 26055
3200 25207
3200 25131
3201 27500
3201 27499
3201 27705
3201 27361
3201 27530
3201 27724
3201 26954
3201 20060
3201 23528
3201 25812
3201 27839
3201 27930
3201 27981
3201 26919
3201 28022
3201 28036
3201 28093
3202 13077
3202 22322
3202 21133
3202 16222
3202 17357
3202 21435
3202 25644
3202 16867
3202 17558
3202 19228
3202 19231
3202 19833
3202 25253
3202 12505
3202 13491
3203 12974
3203 24126
3203 24978
3203 12003
3203 23503
3204 12537
3204 13077
3204 16237
3204 18581
3204 20864
3204 21628
3204 22559
3204 12439
3204 13878
3204 25043
3204 12093
3204 12777
3204 15831
3204 12540
3205 22527
3205 17939
3205 19470
3205 25171
3205 14487
3206 12192
3206 24671
3206 16307
3206 20541
3206 22468
3207 11847
3207 17444
3207 17688
3207 13882
3207 18233
3208 18455
3208 16060
3208 17959
3208 13564
3208 16223
3208 16224
3208 22627
3208 26910
3209 17749
3209 16627
3209 17888
3209 14374
3209 21953
3209 21019
3209 19645
3209 22062
3209 19415
3209 15342
3209 24784
3209 18666
3209 14022
3209 20166
3209 22826
3209 16747
3209 20700
3210 15652
3210 20412
3210 12243
3210 14178
3210 18237
3210 21954
3210 14413
3210 16436
3210 17810
3210 12859
3211 12223
3211 23186
3211 24666
3211 20771
3211 25575
3211 25144
3211 26940
3211 25294
3211 18579
3211 27616
3212 12021
3212 14000
3212 22077
3212 23370
3212 13131
3212 13195
3212 20580
3212 26018
3212 20407
3212 20405
3212 24553
3212 12687
3212 13948
3212 14941
3212 15050
3212 27643
3212 12741
3212 12987
3212 19177
3212 23808
3212 24844
3212 25742
3212 16714
3212 23158
3212 13149
3212 17885
3212 20632
3212 21705
3212 27767
3212 21190
3212 27091
3212 14189
3212 20414
3212 12238
3212 14532
3212 15878
3212 23627
3212 27366
3212 16558
3213 21896
3213 14223
3213 19842
3213 15326
3213 18058
3213 25143
3213 21042
3213 17661
3214 13360
3214 21386
3214 21635
3214 13390
3214 22029
3214 23615
3214 11968
3214 20645
3214 14249
3214 15431
3214 24808
3214 11922
3214 19401
3214 25121
3214 11905
3214 22613
3214 11919
3214 15103
3214 23239
3214 19685
3214 14502
3214 19505
3214 19735
3214 20406
3214 12175
3214 11895
3214 15902
3214 13355
3215 14136
3215 18457
3215 13353
3215 18772
3215 16277
3215 17962
3215 13542
3215 23296
3215 15570
3215 19302
3215 27332
3215 24351
3215 27614
3215 27416
3215 27938
3215 20645
3215 27999
3215 27925
3215 27934
3215 28090
3216 25528
3216 18276
3216 24884
3216 27931
3216 28022
3217 15284
3217 13518
3217 17770
3217 16491
3217 22412
3217 23971
3217 15286
3217 15408
3217 24836
3217 22371
3217 16981
3217 27137
3217 13153
3217 15247
3217 17251
3217 21021
3218 24124
3218 24332
3218 25503
3218 25987
3218 27162
3218 27252
3218 25986
3218 24794
3218 27200
3218 25837
3218 27983
3218 25793
3218 27920
3219 13642
3219 16859
3219 19847
3219 24844
3219 25324
3220 17511
3220 16938
3220 19112
3220 21417
3220 21728
3221 14756
3221 15162
3221 12818
3221 18194
3221 21873
3221 18753
3221 21090
3221 24871
3221 15978
3221 15376
3221 20981
3221 27859
3222 15713
3222 12572
3222 26317
3222 19367
3222 21011
3222 14100
3223 21836
3223 22397
3223 12984
3223 15260
3223 20292
3224 20020
3224 15039
3224 16808
3224 12850
3224 25978
3224 25949
3224 17737
3225 12801
3225 15006
3225 20831
3225 22505
3225 22861
3226 21525
3226 24643
3226 26341
3226 21465
3226 27121
3226 26996
3226 26694
3227 12269
3227 12379
3227 11845
3227 13970
3227 13211
3227 16124
3227 12498
3227 19481
3227 21477
3227 12430
3227 18045
3227 19435
3227 20765
3227 21971
3227 15084
3227 22467
3227 22025
3227 27731
3227 14607
3227 12286
3227 27859
3228 13827
3228 18197
3228 19761
3228 22806
3228 23413
3228 21814
3228 15558
3228 22665
3228 23431
3228 25352
3228 26071
3228 19916
3229 17646
3229 16210
3229 18925
3229 19375
3229 20809
3229 23559
3229 24736
3229 24536
3229 21875
3229 23466
3229 25942
3229 26897
3229 13153
3229 25733
3229 27071
3229 12878
3229 13553
3229 17994
3229 11987
3229 13574
3229 14184
3229 23261
3229 27182
3229 14506
3229 26186
3229 27708
3229 27819
3229 17834
3229 27920
3230 23906
3230 24666
3230 23687
3230 19664
3230 16455
3231 13658
3231 23043
3231 24527
3231 14123
3231 18276
3231 20772
3232 12679
3232 14183
3232 16960
3232 17869
3232 19862
3233 12662
3233 13221
3233 13227
3233 13228
3233 14517
3233 21698
3233 24454
3233 15298
3233 17705
3233 20094
3234 13701
3234 18570
3234 20277
3234 24656
3234 22945
3234 23134
3234 19540
3234 11873
3234 22758
3234 23720
3234 16238
3235 24950
3235 17506
3235 17442
3235 13432
3235 12974
3235 21397
3235 21668
3235 21999
3235 24836
3236 14853
3236 23362
3236 24169
3236 24274
3236 23983
3236 25054
3236 23478
3236 26047
3236 24643
3236 14679
3236 18817
3236 23416
3236 26958
3236 11923
3236 26809
3236 27010
3236 26818
3236 27163
3236 26412
3236 27201
3236 27090
3236 26743
3236 27367
3236 27729
3236 26937
3236 27280
3236 27361
3236 26797
3236 27708
3236 18857
3236 25109
3236 27970
3236 28046
3237 22691
3237 24435
3237 24764
3237 24969
3237 26047
3237 22550
3237 27609
3237 26308
3237 27910
3238 20737
3238 13030
3238 23051
3238 18800
3238 22462
3238 25320
3238 26026
3238 12687
3238 26772
3239 19221
3239 12219
3239 13047
3239 13353
3239 14904
3239 15179
3239 16030
3239 16708
3239 17806
3239 19139
3239 19389
3239 20447
3239 20928
3239 24463
3239 25587
3239 24358
3240 16146
3240 23861
3240 12201
3240 15229
3240 22143
3240 18751
3240 23614
3240 22367
3240 15039
3240 27023
3240 12200
3241 15374
3241 23016
3241 21760
3241 23471
3241 27623
3241 26892
3241 16432
3241 19181
3241 27151
3241 18233
3241 22553
3241 24813
3241 25465
3241 27004
3241 27655
3241 17339
3241 19809
3241 22596
3241 24946
3241 23750
3241 25554
3241 26440
3241 18911
3242 19371
3242 18920
3242 25651
3242 22155
3242 17386
3242 21046
3242 13246
3242 23421
3242 25602
3242 12193
3242 23744
3242 26055
3242 13888
3242 25460
3242 21799
3242 24643
3242 26105
3242 26734
3242 21481
3242 25186
3242 27543
3242 26565
3242 27542
3242 27049
3242 23566
3242 27960
3243 12535
3243 25970
3243 21538
3243 22330
3243 15440
3243 25629
3243 19682
3243 12368
3244 12312
3244 14492
3244 13812
3244 20487
3244 25047
3245 18812
3245 26131
3245 21894
3245 26128
3245 26737
3246 21544
3246 15453
3246 18485
3246 20375
3246 25420
3246 22994
3246 24491
3247 15177
3247 14532
3247 19464
3247 16817
3247 23680
3247 23796
3247 23410
3247 24588
3247 24266
3247 23939
3247 26277
3247 20772
3247 27228
3247 27206
3247 27968
3248 12276
3248 19011
3248 18694
3248 12662
3248 23680
3248 18645
3248 26325
3248 24538
3248 27332
3248 27614
3248 27198
3248 14211
3248 28089
3249 14684
3249 15234
3249 12284
3249 15252
3249 13810
3249 14465
3249 12475
3249 13024
3249 16065
3250 17047
3250 19419
3250 12366
3250 19135
3250 14000
3250 24730
3250 27232
3250 13931
3250 19932
3251 15263
3251 24402
3251 17515
3251 25941
3251 27178
3251 23916
3251 16730
3251 21479
3251 23627
3251 12182
3251 26023
3251 19269
3251 25728
3251 27573
3251 18800
3251 25280
3251 12232
3251 12151
3251 19960
3251 24628
3251 26076
3252 12672
3252 13450
3252 13592
3252 16417
3252 25590
3252 20099
3252 23232
3252 16453
3252 19894
3252 23640
3252 16595
3252 12701
3252 16496
3252 17972
3252 18012
3252 20830
3252 22341
3252 19359
3252 25896
3253 21919
3253 12578
3253 17443
3253 25631
3253 25634
3253 16072
3253 26258
3253 17933
3254 12151
3254 13514
3254 16924
3254 18526
3254 27122
3254 26609
3255 18120
3255 23013
3255 20889
3255 15818
3255 20629
3255 17550
3255 25365
3255 15143
3255 20213
3255 22257
3255 26091
3255 25953
3255 14862
3255 19071
3255 26873
3255 26692
3255 24295
3255 23394
3255 12145
3256 26809
3256 27431
3256 27552
3256 27857
3256 27839
3256 28016
3256 28004
3256 27899
3256 27608
3257 13651
3257 20447
3257 11948
3257 18650
3257 18901
3257 19523
3257 22858
3257 14138
3257 21089
3257 19139
3257 23606
3257 15819
3257 12220
3257 25502
3257 25507
3257 21591
3257 13233
3258 12789
3258 19201
3258 18003
3258 23305
3258 16949
3258 18091
3258 19069
3258 15971
3258 23822
3258 13798
3258 26315
3258 21348
3259 16109
3259 25648
3259 26183
3259 13653
3259 19255
3259 14469
3259 21446
3259 18741
3259 20768
3259 12401
3259 15772
3259 26376
3260 15258
3260 17389
3260 18236
3260 21482
3260 17999
3260 19686
3260 22196
3260 20116
3260 19605
3260 18608
3261 20284
3261 27305
3261 27213
3261 27501
3261 27444
3261 27407
3261 27100
3261 27177
3261 27503
3261 27216
3261 27642
3261 27209
3261 27545
3261 27237
3261 24850
3261 27165
3261 23716
3261 24865
3261 18830
3261 27950
3262 25920
3262 20532
3262 16943
3262 25056
3262 21098
3263 14062
3263 17856
3263 13878
3263 16432
3263 17075
3263 19961
3263 22821
3263 16455
3263 13675
3263 20457
3263 19108
3263 15593
3263 20428
3263 25076
3263 20804
3263 16275
3263 26105
3263 23822
3263 14223
3263 14549
3263 26891
3263 21236
3263 15272
3263 22546
3264 18558
3264 16636
3264 21957
3264 16631
3264 20083
3264 20445
3264 12722
3264 24557
3264 24408
3264 16487
3264 25367
3264 17345
3264 27007
3265 20896
3265 21395
3265 26002
3265 18276
3265 20772
3265 18278
3265 27931
3266 19615
3266 21537
3266 22018
3266 22198
3266 25492
3266 23333
3266 24118
3266 18611
3266 25983
3266 21444
3266 27395
3266 12971
3266 19625
3266 23762
3266 16680
3267 26995
3267 13492
3267 26772
3267 13790
3267 27057
3267 26740
3267 27281
3267 14517
3267 27724
3267 27837
3267 27203
3267 17948
3267 27285
3267 27930
3267 27915
3267 25653
3267 28021
3267 27977
3267 12518
3267 28004
3267 27477
3267 23332
3267 28040
3267 28065
3267 28094
3268 12660
3268 12710
3268 14327
3268 19918
3268 22667
3269 15518
3269 12667
3269 16263
3269 20714
3269 15706
3269 14610
3269 24346
3269 25420
3269 13673
3269 24757
3269 24232
3270 21904
3270 21928
3270 14763
3270 15520
3270 25155
3270 19114
3271 19789
3271 25353
3271 12158
3271 13966
3271 21687
3271 12984
3271 16614
3271 25132
3271 24815
3271 26648
3271 17391
3271 23175
3271 17749
3271 24035
3271 25075
3271 25868
3271 26240
3272 23941
3272 25828
3272 25493
3272 16944
3272 23029
3272 26966
3273 12562
3273 16279
3273 14055
3273 14327
3273 14465
3273 17770
3273 15976
3273 12976
3273 25076
3273 26906
3274 18384
3274 19073
3274 17039
3274 20770
3274 13602
3274 13228
3274 19757
3274 18814
3274 19875
3274 22571
3274 23305
3274 20565
3274 14389
3274 22155
3274 21202
3274 23109
3274 26172
3274 26221
3274 26534
3274 12198
3274 28039
3275 12997
3275 18578
3275 12027
3275 15600
3275 22347
3275 12179
3275 20402
3275 21745
3275 25298
3275 25348
3276 14839
3276 22369
3276 18608
3276 18840
3276 20445
3276 13557
3276 20691
3276 27285
3277 17199
3277 16710
3277 18433
3277 21654
3277 21119
3277 13933
3277 22842
3277 14178
3277 13264
3277 25479
3277 23332
3277 20277
3277 12608
3277 24917
3277 15665
3277 26984
3277 23135
3277 24560
3278 21838
3278 21356
3278 21707
3278 19941
3278 22504
3278 15733
3278 15549
3278 13888
3278 16577
3278 19481
3278 25248
3278 18979
3278 21229
3278 12003
3278 16091
3278 16645
3278 25402
3278 17481
3278 12603
3278 19001
3278 20105
3278 22950
3278 21949
3278 18058
3279 12115
3279 12129
3279 11847
3279 12336
3279 13878
3279 12518
3279 18327
3279 16054
3279 13525
3279 15088
3279 15666
3279 14255
3279 19139
3279 23751
3279 24670
3279 24669
3279 22994
3279 25863
3279 25654
3279 26606
3280 12634
3280 24103
3280 21549
3280 21717
3280 14044
3280 15596
3280 22348
3280 13467
3280 16221
3280 17791
3280 21316
3280 22350
3280 16424
3280 20445
3280 23264
3280 23265
3280 16510
3280 18735
3280 25729
3280 15298
3280 20926
3280 22774
3280 26345
3280 14196
3280 18700
3280 17010
3280 21245
3280 26873
3281 16618
3281 13904
3281 12805
3281 18643
3281 19031
3281 18668
3281 19009
3281 19011
3281 13312
3281 17869
3281 19096
3281 14759
3281 16395
3281 25150
3281 15424
3282 20996
3282 21485
3282 23269
3282 12145
3282 22394
3282 19065
3282 11891
3282 12617
3282 26846
3283 12719
3283 16054
3283 15423
3283 23011
3283 25564
3284 18592
3284 17335
3284 16892
3284 18224
3284 16274
3284 21768
3284 20082
3284 16962
3284 24818
3284 14020
3284 25293
3284 26758
3285 17534
3285 15509
3285 20613
3285 18263
3285 21288
3286 19065
3286 21591
3286 22297
3286 20794
3286 26991
3287 20211
3287 23191
3287 19902
3287 24764
3287 13165
3287 25712
3287 26155
3287 25294
3287 25558
3287 17263
3287 27641
3287 27984
3287 27945
3288 12621
3288 12311
3288 21175
3288 23047
3288 16276
3288 19009
3288 18855
3288 20770
3288 14817
3288 19838
3288 18812
3288 14115
3288 20758
3288 20213
3288 16274
3288 22339
3288 23410
3288 24378
3288 24540
3288 26340
3288 26335
3288 26317
3288 26874
3288 26606
3288 26897
3288 18707
3288 27833
3288 27819
3288 27860
3288 27843
3288 23885
3288 27991
3288 27911
3289 25158
3289 25101
3289 23812
3289 22297
3289 25558
3289 26932
3290 20990
3290 17747
3290 19122
3290 20782
3290 19876
3290 20674
3290 19679
3290 13878
3290 21135
3290 22020
3290 18069
3290 19432
3290 15201
3290 25441
3290 16295
3290 17650
3290 16513
3290 26030
3290 25754
3290 13811
3290 25575
3290 15749
3290 12241
3290 18537
3290 18721
3290 23932
3290 25076
3290 26205
3290 16688
3290 27071
3290 27072
3290 27121
3290 15229
3290 26983
3290 25267
3290 27882
3291 19313
3291 25532
3291 14192
3291 14193
3291 19481
3291 12741
3291 26491
3292 16298
3292 19356
3292 23347
3292 25458
3292 19349
3292 22428
3292 23672
3292 12139
3292 22165
3292 22139
3292 18098
3292 21765
3292 26891
3293 12898
3293 16514
3293 19648
3293 24693
3293 13790
3293 11877
3293 12366
3293 13230
3293 13650
3293 15187
3293 25365
3293 13574
3293 13021
3293 22779
3293 11972
3294 12591
3294 13813
3294 16029
3294 17750
3294 19295
3294 19981
3294 20054
3294 20055
3294 22087
3294 23700
3294 19763
3294 21636
3294 22442
3294 11917
3294 12056
3294 12180
3294 12190
3294 12974
3294 14309
3294 15052
3294 16224
3294 16700
3294 17521
3294 17644
3294 18065
3294 18544
3294 19833
3294 22457
3294 22816
3294 23306
3294 16981
3294 27800
3295 18158
3295 18480
3295 20375
3295 12162
3295 17380
3296 17137
3296 14590
3296 18265
3296 19577
3296 21988
3296 24754
3296 22045
3296 23278
3296 21482
3296 21942
3296 26516
3296 26161
3296 25097
3296 17221
3296 22229
3296 20594
3296 21573
3296 15601
3297 23046
3297 27034
3297 25057
3297 25420
3297 12126
3297 19901
3297 22532
3297 24596
3297 25451
3297 25742
3297 21797
3298 14194
3298 22099
3298 24269
3298 25476
3298 22165
3298 12570
3299 20090
3299 19791
3299 15848
3299 20565
3299 22428
3300 13217
3300 13388
3300 25930
3300 27114
3300 21338
3301 14399
3301 27521
3301 12361
3301 17518
3301 21852
3301 12974
3301 22429
3301 26891
3302 13260
3302 22790
3302 12200
3302 18144
3302 13257
3302 16966
3302 23512
3302 15617
3302 16469
3302 21723
3302 16041
3302 17211
3302 26115
3302 23388
3302 24746
3302 25989
3303 17318
3303 20935
3303 21982
3303 22858
3303 23642
3303 19716
3303 27321
3303 26883
3303 14549
3303 19028
3304 20372
3304 16146
3304 17901
3304 22168
3304 17555
3305 14097
3305 12345
3305 14121
3305 12540
3305 14107
3305 17568
3305 20473
3305 15885
3305 16185
3305 17420
3305 12693
3305 20513
3306 11856
3306 12891
3306 13352
3306 13024
3306 16962
3306 17505
3306 13647
3306 13781
3306 19979
3306 16961
3306 16455
3306 24527
3306 26865
3306 26470
3306 13938
3306 22981
3306 13717
3306 19780
3306 16769
3307 11905
3307 12056
3307 12563
3307 13049
3307 13351
3307 14732
3307 15213
3307 16303
3307 18544
3307 20359
3307 24983
3307 25476
3307 27391
3308 19176
3308 18336
3308 16595
3308 23694
3308 22858
3309 12722
3309 25071
3309 24181
3309 25488
3309 15083
3309 14803
3309 13588
3309 16225
3310 17395
3310 15376
3310 24204
3310 13820
3310 23093
3310 19063
3310 20818
3310 12177
3310 18595
3311 11866
3311 11871
3311 11872
3311 12383
3311 22786
3311 22974
3311 26344
3312 19390
3312 22111
3312 21332
3312 24278
3312 15332
3312 18532
3312 21619
3312 23845
3312 15772
3312 20429
3312 26207
3312 26055
3312 26490
3312 15143
3312 26346
3312 18494
3312 26896
3312 26737
3312 26523
3312 20800
3312 13357
3312 18148
3312 20614
3312 20982
3312 12042
3312 17378
3312 27257
3312 26127
3312 18912
3312 22394
3312 26274
3312 27495
3312 16246
3312 17406
3312 19206
3312 20314
3312 27494
3312 18706
3312 19957
3312 26087
3312 27791
3312 27805
3312 27881
3313 12031
3313 15221
3313 15766
3313 19440
3313 15187
3313 14865
3313 18904
3313 22773
3313 24396
3313 27657
3313 17363
3313 19832
3313 26949
3313 27129
3313 27747
3314 13399
3314 13704
3314 20372
3314 16106
3314 25377
3315 13378
3315 13655
3315 14814
3315 14024
3315 21000
3315 22350
3315 23264
3315 25380
3315 26521
3315 13298
3316 20672
3316 22936
3316 25951
3316 25291
3316 27228
3316 20606
3316 14664
3316 17880
3316 26493
3316 19738
3316 14469
3316 26685
3316 27987
3316 26732
3317 26795
3317 27163
3317 27249
3317 25657
3317 27724
3317 27696
3317 27861
3317 28039
3318 17423
3318 19852
3318 14354
3318 12977
3318 13120
3318 24750
3319 22189
3319 24666
3319 15471
3319 16372
3319 17522
3319 15465
3319 17524
3319 17753
3319 19512
3320 13184
3320 13478
3320 13823
3320 20525
3320 23306
3321 18941
3321 22315
3321 24468
3321 24978
3321 25322
3321 26793
3322 12799
3322 15052
3322 20062
3322 22576
3322 23559
3322 24162
3322 21875
3322 26346
3322 27028
3322 27059
3322 27639
3323 22299
3323 17514
3323 20836
3323 16146
3323 16147
3324 24666
3324 18961
3324 27071
3324 27072
3324 27199
3324 26901
3324 26604
3324 27283
3324 27202
3324 28022
3324 27704
3324 26757
3324 27963
3325 15502
3325 22162
3325 23732
3325 22026
3325 24606
3325 23983
3325 27527
3325 27966
3325 27127
3325 28037
3325 27923
3326 20607
3326 15741
3326 22819
3326 16274
3326 20375
3326 23801
3326 26306
3326 13855
3326 16980
3327 25878
3327 13410
3327 15020
3327 25476
3327 15455
3327 17233
3327 24617
3327 25915
3327 17979
3327 17052
3327 19377
3327 26384
3327 17498
3327 24317
3327 19102
3327 20441
3327 16248
3327 26297
3327 18858
3327 13378
3328 12153
3328 12196
3328 16481
3328 12161
3328 16947
3328 20754
3328 23009
3328 21465
3328 26002
3328 26606
3328 24592
3328 27876
3328 27920
3329 15706
3329 12126
3329 19622
3329 15136
3329 25048
3329 12067
3329 13349
3329 15726
3329 12171
3329 16981
3329 15649
3329 21246
3329 21894
3329 15017
3329 14457
3330 17791
3330 13047
3330 17194
3330 23098
3330 20475
3330 25931
3331 17015
3331 19800
3331 16650
3331 23666
3331 19883
3331 25574
3331 14106
3331 17080
3331 21700
3331 27073
3332 16981
3332 25645
3332 23038
3332 16754
3332 19814
3333 15317
3333 14338
3333 12141
3333 23819
3333 27597
3334 11973
3334 12891
3334 17646
3334 22959
3334 25625
3335 19595
3335 15310
3335 21447
3335 19673
3335 12505
3336 18457
3336 20044
3336 11901
3336 18501
3336 22813
3336 22785
3336 11921
3336 23906
3336 24666
3336 17528
3336 26128
3336 27351
3336 27442
3337 12304
3337 15702
3337 13729
3337 20821
3337 23937
3337 20137
3337 12728
3337 14422
3337 15911
3337 24430
3338 15833
3338 19850
3338 16799
3338 14265
3338 14637
3338 16274
3339 14282
3339 16481
3339 17999
3339 13656
3339 14584
3339 16940
3339 22783
3339 22063
3339 21371
3339 21768
3339 23893
3339 25601
3339 27199
3339 27240
3339 26671
3339 27281
3339 25267
3339 27285
3339 27911
3340 12008
3340 18807
3340 19026
3340 20366
3340 15464
3340 14304
3340 16251
3340 16738
3340 17521
3340 18760
3340 22408
3340 16014
3340 25679
3340 13117
3340 13471
3340 14049
3340 14796
3340 15091
3340 15232
3340 15660
3340 16608
3340 16829
3340 16900
3340 20391
3340 20922
3340 21587
3340 23603
3340 15187
3340 17148
3340 24821
3341 18911
3341 13087
3341 17451
3341 21067
3341 26077
3341 27136
3342 20108
3342 22339
3342 22742
3342 27121
3342 26227
3343 15688
3343 15819
3343 22957
3343 23691
3343 25876
3343 14121
3343 19415
3343 15098
3343 26491
3343 11901
3344 18705
3344 15463
3344 22782
3344 14633
3344 11957
3344 13145
3344 22740
3344 11919
3344 17597
3344 26174
3344 26250
3345 18637
3345 19467
3345 20772
3345 22559
3345 23540
3346 15808
3346 18061
3346 17046
3346 15901
3346 22193
3347 27431
3347 27281
3347 12762
3347 27367
3347 25734
3347 27833
3347 27442
3347 12693
3347 27717
3347 27139
3347 27843
3347 27934
3347 27924
3347 25913
3347 27618
3347 23000
3347 27689
3347 27925
3347 27868
3347 28068
3347 15861
3347 27920
3347 17135
3347 28055
3347 28073
3347 28031
3348 15321
3348 26562
3348 17654
3348 23687
3348 12126
3349 14725
3349 20094
3349 26055
3349 25605
3349 13378
3349 25606
3349 12141
3349 22139
3350 15500
3350 15055
3350 19074
3350 13131
3350 13555
3350 12161
3350 18875
3350 13895
3350 15885
3350 13387
3350 17843
3350 14454
3350 12348
3350 23123
3350 16453
3350 15459
3350 13332
3350 14139
3350 14584
3350 20777
3350 15746
3350 13048
3350 20359
3350 20223
3350 15229
3350 23544
3351 25076
3351 26606
3351 27415
3351 27203
3351 26685
3352 15488
3352 15914
3352 16731
3352 19172
3352 24448
3352 25712
3352 22369
3352 26740
3352 17784
3352 16347
3352 25267
3352 27731
3352 27833
3352 25631
3352 13192
3352 26216
3352 27639
3352 27948
3352 14465
3352 21069
3353 11951
3353 12314
3353 12542
3353 21175
3353 19367
3353 19068
3353 20754
3353 22061
3353 23183
3354 22125
3354 22445
3354 25442
3354 15802
3354 19470
3354 21382
3354 17634
3355 14750
3355 25101
3355 26394
3355 18123
3355 27834
3355 15143
3356 27052
3356 14670
3356 17775
3356 27143
3356 21779
3356 11852
3357 16324
3357 18513
3357 12360
3357 13127
3357 15302
3357 13677
3357 25272
3357 20746
3357 27721
3358 11882
3358 12147
3358 18473
3358 22959
3358 23089
3359 12687
3359 20426
3359 20535
3359 22461
3359 13875
3359 13007
3359 18845
3360 12793
3360 12815
3360 12874
3360 12371
3360 12075
3360 12761
3360 11847
3360 19576
3360 15732
3360 13419
3360 15154
3360 13535
3360 20199
3360 17949
3360 17395
3360 20859
3360 14874
3360 15884
3360 14517
3360 14199
3360 17335
3360 25110
3360 26827
3360 26791
3361 18753
3361 24435
3361 24658
3361 24764
3361 24934
3361 25021
3361 25436
3361 18277
3361 22297
3361 22369
3361 23264
3361 23613
3361 27112
3361 27416
3362 22571
3362 24373
3362 24956
3362 25942
3362 26345
3362 27257
3363 22739
3363 21818
3363 18032
3363 25683
3363 19879
3363 12509
3363 19974
3363 22291
3363 22296
3364 21567
3364 13675
3364 17190
3364 20389
3364 20578
3364 24857
3365 19085
3365 14465
3365 16035
3365 17489
3365 23568
3365 23668
3366 26841
3366 16252
3366 16700
3366 20516
3366 25492
3366 13860
3366 20650
3367 18625
3367 19030
3367 16804
3367 22516
3367 22952
3367 23474
3367 21953
3367 24666
3367 22134
3367 24124
3367 23845
3367 25021
3367 26500
3367 16419
3367 26309
3367 24884
3367 27012
3367 26930
3367 26771
3367 27281
3367 27283
3367 27971
3367 27920
3367 27910
3368 16112
3368 12045
3368 15845
3368 18070
3368 19708
3368 16754
3368 16687
3368 16419
3368 18845
3368 21958
3368 13557
3368 13983
3368 15549
3368 15947
3368 18901
3368 19353
3368 23254
3368 19461
3368 21514
3368 23278
3368 27256
3368 17479
3368 19735
3368 16080
3368 23533
3368 22598
3369 13526
3369 23402
3369 24809
3369 25133
3369 26777
3369 15044
3369 13378
3369 25046
3369 21089
3369 19353
3369 16488
3369 19461
3369 24571
3369 17403
3369 25195
3369 24104
3369 25648
3369 21746
3369 25058
3369 15324
3370 12917
3370 18694
3370 18501
3370 12325
3370 17743
3370 18460
3370 13181
3370 18205
3370 20306
3370 22063
3370 20676
3370 12662
3370 19847
3370 11965
3370 16482
3370 21585
3370 18544
3370 12693
3370 25110
3370 23459
3370 12198
3370 19012
3370 13878
3370 25908
3370 15947
3370 23468
3370 26606
3370 19974
3370 25557
3370 23593
3370 26493
3370 27555
3370 14517
3370 27463
3370 20901
3370 25896
3370 14386
3370 25894
3370 27608
3371 19026
3371 24606
3371 21953
3371 24724
3371 25158
3371 24124
3371 24506
3371 26186
3371 26056
3371 24945
3371 26261
3371 15161
3371 11923
3371 24841
3371 25111
3371 20834
3371 27281
3371 14506
3371 27369
3371 27839
3371 27860
3371 27730
3372 21175
3372 18220
3372 22061
3372 24537
3372 24796
3372 23459
3372 25951
3372 25584
3372 26914
3372 27224
3372 27270
3372 27431
3372 26074
3372 27559
3372 26604
3372 27722
3372 27927
3372 27972
3372 27563
3373 17171
3373 23640
3373 15486
3373 19367
3373 22865
3373 14083
3373 13923
3373 12718
3373 18023
3373 13013
3373 19139
3373 22649
3373 16921
3373 24266
3373 22015
3373 20234
3374 18937
3374 19390
3374 18114
3374 19153
3374 20643
3374 18230
3374 24359
3374 12583
3374 26701
3374 22798
3375 24666
3375 24764
3375 26341
3375 26348
3375 20330
3375 27004
3375 26518
3376 24510
3376 25652
3376 24643
3376 26325
3376 24372
3376 24947
3376 21267
3376 27060
3376 23264
3376 25557
3376 26930
3376 22496
3376 24024
3376 27523
3376 16292
3376 26910
3376 27981
3376 12563
3376 27942
3377 17395
3377 18084
3377 24158
3377 25132
3377 27391
3377 17329
3377 17342
3377 24703
3378 12472
3378 12077
3378 11911
3378 12206
3378 22656
3378 21232
3379 23167
3379 18812
3379 23248
3379 24278
3379 22504
3379 26810
3379 26809
3379 18787
3379 16816
3379 23150
3379 27527
3379 27731
3379 27257
3379 20901
3379 26617
3379 26207
3379 27379
3380 15373
3380 15469
3380 25542
3380 25125
3380 25749
3380 19879
3380 18529
3380 26260
3381 25521
3381 26317
3381 22494
3381 27835
3381 27881
3382 25568
3382 24796
3382 26313
3382 16419
3382 26317
3382 22297
3382 22369
3382 11923
3382 25116
3382 27724
3382 27416
3382 28039
3382 27991
3382 21181
3382 27660
3383 13023
3383 16404
3383 16424
3383 18647
3383 18747
3383 19966
3383 21959
3383 13061
3383 15310
3383 15848
3383 18776
3383 19075
3383 19729
3383 19819
3383 21137
3383 22876
3383 23655
3383 24783
3383 14178
3383 23144
3383 16279
3383 13192
3383 13402
3383 15733
3383 16026
3383 18302
3383 12147
3383 12379
3383 12505
3383 15645
3383 17546
3383 17870
3383 20767
3383 24048
3383 11890
3383 12504
3383 18565
3383 18685
3383 19176
3383 14314
3383 14837
3383 22209
3383 24140
3383 20375
3383 21704
3384 19461
3384 24178
3384 25407
3384 15158
3384 15172
3384 15229
3385 26199
3385 25831
3385 23312
3385 21894
3385 22974
3385 24458
3385 15007
3385 16419
3385 24277
3385 21380
3385 27170
3385 27282
3385 27440
3385 27436
3385 25405
3385 28017
3385 28013
3386 13735
3386 13846
3386 16595
3386 25941
3386 13815
3387 13007
3387 19563
3387 23035
3387 14576
3387 15235
3387 16372
3387 17780
3388 15251
3388 16402
3388 17692
3388 21963
3388 16422
3388 16424
3388 14104
3388 12557
3388 16305
3388 17395
3388 18915
3388 24038
3388 15853
3388 15515
3388 15517
3388 18129
3388 12394
3388 13517
3388 15976
3388 20426
3388 25535
3388 19268
3388 20811
3388 19414
3388 19790
3388 23986
3388 26509
3389 12763
3389 15395
3389 16970
3389 20222
3389 23321
3390 13374
3390 14452
3390 16790
3390 19388
3390 18903
3390 17039
3390 18265
3390 12928
3390 14757
3390 17827
3390 18069
3390 16829
3390 23388
3390 22293
3390 18734
3390 18736
3390 19353
3390 20079
3390 24471
3390 25131
3390 11912
3390 12085
3390 14543
3390 16436
3390 22360
3390 24103
3391 16781
3391 15645
3391 16622
3391 22743
3391 23877
3391 19179
3391 22348
3391 23649
3391 21078
3391 25728
3391 26659
3391 20675
3391 24994
3391 12227
3391 13265
3391 25738
3391 24063
3391 12679
3391 22145
3392 24545
3392 26534
3392 13474
3392 26204
3392 19428
3393 18243
3393 12334
3393 17492
3393 17587
3393 20042
3393 20126
3393 20871
3393 17395
3393 12459
3393 13021
3393 13821
3393 14104
3393 23484
3393 18920
3393 12693
3393 18021
3393 12777
3393 18192
3393 14732
3393 18507
3393 24036
3393 24038
3393 24040
3393 21645
3394 14429
3394 20910
3394 23503
3394 23615
3394 19637
3395 15021
3395 18474
3395 22164
3395 24358
3395 26440
3396 24639
3396 25802
3396 26280
3396 23878
3396 19543
3396 15389
3396 20445
3396 22040
3397 11951
3397 12070
3397 12335
3397 12696
3397 12223
3397 12693
3397 15229
3397 16675
3397 19454
3397 24784
3397 25477
3398 21069
3398 22027
3398 25137
3398 17493
3398 24882
3398 23959
3399 23136
3399 23218
3399 21600
3399 24274
3399 26498
3399 24451
3399 26874
3399 25989
3399 27282
3399 27204
3399 27460
3399 27989
3400 20996
3400 16235
3400 17579
3400 20606
3400 23419
3400 12171
3400 13359
3400 15886
3400 17395
3400 18173
3400 22297
3400 24368
3400 26665
3400 26666
3400 25803
3400 26985
3400 16247
3400 13150
3400 19335
3400 22976
3400 27698
3400 25995
3401 12837
3401 17775
3401 16028
3401 22264
3401 14543
3401 18570
3402 15492
3402 24027
3402 24636
3402 16977
3402 15679
3402 24642
3402 12803
3402 12804
3402 15911
3402 16858
3402 21129
3402 21290
3402 22794
3402 24614
3402 25156
3402 23685
3402 22085
3402 14854
3402 16815
3402 17727
3402 24978
3402 26791
3403 15317
3403 14479
3403 16683
3403 14653
3403 16196
3403 14084
3403 14698
3403 14119
3403 23560
3403 24643
3403 25870
3403 22676
3403 16690
3403 19084
3403 17288
3403 14018
3403 26277
3403 16675
3403 16694
3403 14637
3403 25630
3403 19600
3403 24658
3403 25733
3403 11923
3403 25001
3403 12367
3403 27184
3403 27064
3403 25157
3403 26049
3403 27901
3403 27539
3403 27378
3403 27193
3403 27906
3403 21947
3404 17445
3404 17338
3404 18384
3404 15908
3404 15731
3404 13416
3404 18252
3404 18548
3404 19073
3404 12881
3404 16599
3404 19987
3404 22387
3404 23090
3404 20889
3404 22858
3404 16251
3404 21039
3404 25144
3404 26495
3404 18640
3404 25126
3404 27876
3404 25109
3405 19508
3405 15593
3405 14067
3405 22802
3405 18471
3405 18698
3405 24527
3405 25802
3405 18233
3405 18335
3405 12031
3406 16038
3406 19069
3406 12145
3406 18672
3406 13042
3406 13936
3406 16978
3406 17091
3406 21605
3407 12038
3407 12490
3407 12505
3407 11947
3407 11951
3407 12561
3407 12367
3407 12618
3407 14731
3407 14683
3407 13308
3407 12664
3407 15390
3407 12718
3407 16427
3407 16955
3407 17869
3407 15785
3407 15616
3407 20347
3407 23641
3407 21593
3407 19117
3407 17404
3407 22395
3407 25774
3407 18865
3407 11848
3407 12779
3407 25948
3407 21635
3407 20843
3407 17046
3407 24631
3407 17100
3407 27771
3407 18448
3407 26988
3407 18692
3408 18609
3408 15724
3408 21332
3408 15399
3408 16786
3408 12801
3408 22703
3409 21285
3409 19961
3409 23149
3409 14244
3409 25528
3409 24538
3409 25712
3409 20330
3409 26912
3409 26989
3409 27203
3409 27962
3409 27507
3410 19077
3410 19566
3410 21175
3410 24978
3410 27692
3410 23108
3411 13007
3411 13163
3411 17462
3411 17840
3411 20094
3411 19461
3411 20915
3412 12348
3412 13112
3412 15542
3412 24666
3412 25715
3412 26645
3412 11923
3413 12012
3413 12513
3413 12954
3413 15359
3413 19119
3413 17156
3413 15732
3413 13748
3413 13929
3413 14725
3413 13972
3413 24438
3413 11965
3413 12568
3413 18978
3413 13269
3413 19363
3413 14073
3413 23715
3413 14732
3413 23134
3413 20262
3414 15253
3414 15546
3414 22660
3414 15034
3414 13731
3415 12493
3415 26379
3415 26789
3415 27017
3415 15074
3415 19240
3415 18373
3415 26579
3416 12079
3416 12552
3416 12336
3416 12709
3416 11986
3416 12929
3416 12314
3416 21600
3416 19538
3416 20225
3416 20815
3416 19108
3416 22790
3416 15982
3416 23206
3416 25610
3416 16339
3416 19892
3416 25779
3416 27500
3416 27085
3416 27762
3416 22619
3416 27961
3416 27378
3416 27901
3417 15830
3417 18731
3417 22116
3417 22318
3417 15549
3417 15911
3417 22555
3417 26747
3417 16896
3417 17223
3417 19464
3417 24028
3417 18309
3417 22090
3417 26038
3417 15507
3417 21266
3418 12634
3418 12424
3418 12891
3418 15822
3418 17762
3418 11889
3418 23767
3418 24385
3418 24608
3418 25460
3418 21894
3418 26335
3418 26498
3418 21896
3418 22358
3418 26989
3418 26886
3418 27708
3418 27881
3418 27981
3418 27968
3418 27051
3419 22750
3419 26211
3419 19664
3419 24956
3419 25500
3419 26519
3420 16957
3420 12153
3420 16798
3420 17598
3420 14318
3420 18065
3420 16503
3420 14461
3420 13919
3420 17847
3420 16199
3420 21585
3420 18679
3420 17034
3420 26645
3420 25757
3420 27057
3420 25844
3420 25970
3420 27160
3420 18830
3420 27861
3421 26047
3421 26167
3421 27205
3421 27930
3421 26924
3421 25109
3421 27652
3422 26894
3422 16419
3422 25558
3422 26637
3422 25294
3422 26737
3422 22783
3422 26334
3422 26429
3422 26821
3422 27437
3422 18482
3422 25429
3422 26274
3422 26694
3422 25267
3422 21463
3422 27764
3422 27416
3422 27491
3422 27660
3422 21009
3422 27847
3422 27941
3422 25109
3422 27717
3422 27971
3422 23885
3423 15665
3423 13155
3423 24004
3423 13306
3423 25659
3424 23362
3424 23190
3424 24590
3424 24666
3424 17686
3424 24956
3424 23642
3424 25111
3424 27525
3424 26694
3424 27281
3424 27283
3425 11919
3425 15325
3425 16920
3425 15324
3425 18639
3425 12389
3425 14639
3425 15431
3425 24042
3425 25634
3425 27194
3426 11879
3426 17660
3426 23564
3426 16927
3426 15785
3426 27462
3427 13056
3427 13633
3427 18734
3427 14194
3427 14517
3427 15211
3427 15791
3427 12180
3427 15066
3427 15317
3427 19552
3427 12903
3427 14327
3427 15096
3427 17743
3427 13693
3427 20470
3427 12517
3428 12311
3428 12103
3428 15518
3428 14190
3428 14176
3428 14244
3428 13929
3428 15766
3428 16151
3428 12430
3428 19392
3428 19846
3429 14648
3429 16837
3429 15128
3429 17933
3429 16378
3429 25061
3429 18058
3429 19256
3429 12348
3429 14543
3429 16561
3429 17495
3429 27918
3429 19661
3429 25156
3429 26696
3429 26579
3429 13295
3429 19615
3429 15742
3429 25457
3429 15052
3429 26317
3430 23841
3430 22392
3430 23982
3430 16213
3430 13888
3430 16439
3430 23551
3431 18195
3431 16579
3431 12662
3431 13306
3431 22008
3431 24954
3431 16506
3431 22889
3432 18931
3432 17181
3432 15055
3432 24250
3432 17559
3432 27056
3433 22006
3433 22518
3433 24435
3433 17528
3433 26310
3433 25558
3433 11923
3433 26878
3433 27205
3433 27228
3433 21463
3433 27834
3433 27202
3433 27474
3433 25109
3433 27977
3433 28022
3433 27971
3434 14683
3434 12557
3434 12396
3434 11903
3434 13360
3434 12785
3434 21514
3434 25791
3434 26743
3434 27369
3434 27944
3435 22784
3435 24666
3435 20314
3435 12172
3435 27910
3436 19232
3436 17185
3436 20105
3436 20880
3436 25683
3436 19879
3436 21827
3436 24879
3436 19080
3436 19560
3436 25894
3437 13142
3437 18797
3437 20891
3437 13045
3437 13586
3437 24921
3437 27062
3438 16089
3438 16090
3438 16469
3438 20010
3438 18641
3438 22698
3438 20310
3438 22277
3438 12482
3438 15377
3438 25628
3438 27435
3439 12429
3439 21154
3439 18492
3439 15352
3439 26422
3439 27313
3440 27168
3440 27293
3440 27268
3440 27075
3440 27099
3440 27335
3440 27373
3440 27479
3440 27312
3440 27396
3440 20648
3440 21231
3440 27433
3440 27515
3440 27107
3440 27699
3440 27611
3440 27803
3440 27828
3440 14633
3440 27884
3440 27871
3440 27921
3440 27874
3440 27887
3440 27815
3440 27938
3440 27889
3440 27416
3440 27742
3440 27998
3440 27139
3440 27965
3440 26569
3440 28042
3440 28050
3440 28048
3440 27300
3440 19102
3440 28035
3440 27702
3441 13856
3441 19351
3441 19154
3441 26625
3441 14182
3441 15053
3441 17401
3442 14582
3442 25246
3442 26409
3442 14330
3442 21916
3443 20937
3443 15955
3443 17073
3443 14724
3443 25076
3443 25828
3443 22675
3443 23534
3443 26965
3443 27774
3444 13142
3444 23271
3444 18136
3444 21335
3444 14878
3444 12348
3444 16955
3444 19028
3444 23408
3444 22577
3444 24325
3445 14768
3445 18453
3445 11936
3445 16239
3445 18800
3445 22316
3445 16639
3445 25150
3445 25896
3445 22996
3445 26038
3445 17255
3445 18282
3446 19560
3446 17899
3446 19559
3446 18584
3446 27353
3446 25107
3446 12287
3446 19270
3446 26787
3446 16992
3446 17923
3446 21549
3446 27095
3446 27448
3447 16962
3447 22890
3447 25476
3447 17536
3447 25517
3448 26731
3448 11859
3448 12439
3448 17334
3448 20089
3448 19325
3448 25892
3448 26098
3448 20502
3448 21319
3448 21043
3448 13131
3448 16644
3448 23232
3448 14244
3448 13753
3448 15529
3449 21491
3449 24163
3449 24527
3449 14164
3449 14327
3449 16914
3449 22589
3449 26891
3450 14683
3450 11952
3450 14848
3450 23059
3450 15083
3450 18197
3450 21073
3451 19869
3451 23157
3451 22207
3451 26229
3451 25410
3451 25768
3451 26493
3451 27495
3451 26454
3451 28021
3451 28022
3452 21942
3452 20066
3452 21011
3452 12763
3452 13131
3452 14414
3453 15670
3453 16362
3453 20749
3453 21019
3453 22105
3453 16382
3453 16317
3453 22245
3453 24254
3453 21526
3453 16274
3453 20094
3453 17014
3453 20558
3454 16455
3454 18017
3454 17280
3454 24574
3454 13792
3455 14830
3455 13737
3455 16375
3455 19055
3455 18192
3455 13377
3455 13808
3455 12822
3455 13131
3455 12139
3455 23770
3456 13021
3456 15706
3456 17870
3456 11885
3456 15961
3456 12763
3456 16356
3456 12126
3456 24522
3456 13757
3456 27019
3457 21996
3457 12741
3457 22306
3457 14649
3457 25503
3457 19130
3458 20771
3458 26352
3458 11923
3458 27233
3458 26694
3458 27283
3458 27837
3459 14226
3459 19238
3459 16277
3459 20187
3459 20057
3459 17479
3459 19279
3459 20860
3459 22216
3459 18511
3459 19251
3459 21732
3459 27318
3460 20944
3460 25652
3460 26164
3460 26342
3460 23642
3460 25111
3460 25294
3460 11923
3460 18579
3460 26512
3460 27090
3460 26740
3461 24425
3461 26185
3461 25179
3461 26914
3461 27028
3461 27334
3461 27551
3461 27729
3461 26049
3461 27406
3462 13729
3462 13204
3462 19029
3462 12051
3462 22691
3462 21709
3462 24435
3462 24608
3462 26094
3462 26280
3462 23635
3462 26166
3462 26760
3462 26606
3462 11923
3462 27210
3462 27526
3462 27283
3462 20312
3462 27094
3462 27379
3462 24026
3462 27285
3462 26919
3462 27876
3462 27972
3463 11916
3463 12675
3463 12505
3463 21600
3463 22518
3463 21248
3463 24666
3463 17528
3463 18861
3463 26166
3463 23642
3463 25943
3463 26224
3463 25294
3463 25111
3463 27729
3463 27791
3463 27861
3463 27997
3464 18156
3464 15962
3464 12728
3464 20628
3464 24635
3464 21718
3464 15013
3464 14440
3465 13637
3465 16081
3465 16065
3465 13049
3465 13945
3466 19317
3466 13878
3466 20094
3466 21338
3466 23756
3466 24608
3466 21228
3467 16833
3467 22577
3467 18393
3467 27080
3467 22735
3467 27232
3468 19696
3468 16715
3468 17587
3468 16914
3468 22826
3468 24987
3469 27239
3469 14938
3469 16594
3469 21898
3469 22789
3470 11931
3470 14183
3470 13369
3470 22587
3470 20917
3470 23712
3470 24894
3470 27682
3471 18952
3471 13113
3471 15645
3471 24123
3471 14327
3471 24451
3471 23510
3471 26042
3471 12974
3471 24836
3472 22576
3472 22688
3472 23275
3472 24606
3472 24934
3472 24643
3472 25521
3472 25266
3472 21894
3472 24956
3472 26614
3472 11923
3472 18579
3472 27161
3472 27045
3472 27401
3472 27285
3472 27861
3472 27894
3472 28039
3473 20296
3473 23110
3473 26891
3473 26971
3473 13564
3474 12922
3474 13528
3474 14607
3474 17257
3474 17579
3474 22045
3474 26876
3474 19802
3475 19779
3475 12822
3475 23687
3475 18412
3475 16434
3475 20534
3475 21018
3475 22213
3475 17669
3475 25628
3475 25670
3475 26329
3475 20701
3475 22124
3475 25507
3475 26733
3475 12075
3475 13989
3475 20306
3475 26943
3475 27393
3475 16761
3475 15876
3475 21867
3475 26349
3475 27232
3475 27568
3475 25055
3475 27356
3476 23560
3476 24167
3476 24608
3476 24124
3476 27406
3477 21242
3477 19961
3477 22071
3477 24666
3477 22134
3477 26808
3477 26772
3477 27351
3477 27981
3477 28013
3478 16593
3478 12890
3478 16148
3478 12545
3478 15688
3478 17363
3478 20912
3478 21622
3478 25365
3478 12789
3478 16185
3478 17807
3478 18171
3478 13058
3478 15932
3478 23307
3478 26929
3478 19979
3479 13120
3479 15476
3479 18177
3479 13544
3479 17403
3479 14833
3479 17651
3479 20142
3479 20070
3479 20490
3479 13793
3479 14138
3479 26955
3479 18093
3479 24203
3480 15168
3480 14244
3480 12185
3480 12892
3480 13194
3481 25488
3481 26492
3481 18892
3481 26996
3481 26434
3481 12191
3481 28039
3482 11923
3482 26076
3482 27528
3482 26555
3482 27351
3482 27902
3482 27416
3482 27941
3482 27708
3482 27709
3482 27793
3482 27876
3482 17184
3483 15382
3483 17706
3483 20019
3483 14782
3483 14797
3483 19023
3483 12335
3483 14049
3483 17084
3483 17728
3483 21377
3483 16554
3483 16632
3483 23922
3484 13982
3484 16545
3484 17621
3484 21502
3484 22542
3484 22884
3484 24754
3484 12003
3484 20287
3484 12519
3484 13704
3485 17451
3485 17777
3485 12672
3485 12430
3485 13345
3485 19435
3485 20300
3485 14223
3485 22577
3485 13049
3485 22991
3485 19686
3485 18336
3485 11896
3486 14530
3486 21866
3486 21868
3486 20031
3486 25488
3486 24918
3486 26170
3486 27737
3487 15586
3487 21996
3487 24169
3487 19902
3487 23870
3487 25655
3487 25492
3487 22994
3487 25988
3487 26341
3487 25485
3487 27145
3487 27063
3487 27200
3487 27495
3487 27441
3487 27368
3487 27204
3487 27707
3487 27708
3487 27859
3487 27706
3487 27671
3488 13365
3488 25470
3488 20565
3488 22554
3488 22774
3488 24329
3489 12118
3489 14835
3489 12365
3489 22616
3489 25512
3489 17684
3490 17989
3490 23683
3490 24606
3490 25521
3490 24386
3490 25575
3490 26644
3490 21591
3490 27090
3490 17784
3490 27309
3490 20908
3490 26074
3490 20001
3490 12851
3490 27804
3490 27833
3490 27791
3490 27715
3490 27962
3490 27994
3490 27996
3490 21181
3490 16268
3491 21154
3491 24589
3491 24378
3491 25754
3491 25492
3491 25575
3491 11923
3491 23264
3491 22297
3491 22369
3491 27737
3491 27376
3491 15870
3491 27632
3491 25585
3491 27919
3491 28046
3492 11847
3492 12711
3492 13241
3492 14473
3492 16729
3492 21175
3492 20915
3492 21247
3492 13806
3492 21000
3492 21154
3492 26260
3492 21612
3493 21418
3493 25559
3493 12210
3493 12211
3493 26898
3494 14873
3494 24371
3494 13611
3494 20496
3494 14194
3494 12684
3494 27232
3494 15037
3494 15987
3494 26445
3494 12707
3494 13118
3494 18334
3494 21116
3494 13312
3494 17779
3494 11878
3494 15634
3494 25310
3494 24774
3494 22139
3495 22820
3495 25388
3495 26103
3495 26492
3495 26077
3495 25460
3495 18861
3495 26897
3495 26912
3495 25757
3495 22567
3495 25405
3495 26565
3495 21009
3495 27865
3495 27446
3495 25752
3496 12141
3496 24099
3496 23767
3496 24587
3496 24666
3496 25110
3496 25976
3496 27249
3496 26750
3496 27192
3496 27834
3496 15468
3496 26337
3496 19978
3496 27712
3497 17528
3497 25521
3497 24956
3497 21894
3497 25564
3497 26394
3497 23613
3497 18616
3497 21706
3497 12430
3497 15170
3497 21477
3497 25392
3497 27447
3497 27729
3497 27431
3497 27834
3497 27368
3497 27203
3497 27891
3497 27708
3497 28092
3497 28093
3498 13217
3498 12285
3498 13728
3498 12439
3498 17175
3498 12752
3498 15854
3498 13221
3498 19881
3498 12382
3498 15859
3498 14941
3498 18236
3498 20433
3498 28017
3498 24058
3499 24666
3499 24543
3499 25270
3499 25712
3499 22298
3499 23264
3499 26694
3499 27910
3500 12139
3500 12818
3500 13944
3500 12779
3500 12687
3500 16753
3500 13064
3500 16954
3500 22504
3501 13565
3501 19363
3501 13515
3501 13812
3501 13272
3501 16898
3501 16963
3501 20156
3501 12073
3501 12575
3501 14134
3501 12518
3501 22165
3501 23733
3501 26776
3501 27491
3501 12540
3501 24476
3501 26866
3502 21953
3502 14543
3502 16404
3502 19643
3502 27806
3502 13784
3502 14527
3502 20255
3502 22351
3502 22453
3502 24982
3502 24550
3503 23503
3503 23625
3503 21325
3503 17162
3503 14610
3503 23249
3503 16962
3504 26106
3504 21894
3504 23642
3504 24662
3504 27118
3504 27440
3504 26266
3504 27525
3504 27729
3504 27552
3504 27254
3504 27837
3504 21374
3504 27981
3504 28022
3504 12636
3504 27617
3504 23378
3505 19518
3505 16829
3505 21221
3505 24458
3505 12160
3505 15279
3505 16424
3505 13171
3505 22904
3505 26015
3505 22808
3505 24511
3505 12808
3505 16674
3505 17912
3505 26857
3505 27119
3505 16039
3506 12406
3506 12430
3506 13142
3506 14878
3506 15052
3506 16927
3506 16455
3506 17727
3506 12895
3506 21093
3506 24081
3506 18058
3506 14670
3507 14442
3507 15857
3507 20222
3507 13602
3507 23180
3507 15324
3507 21458
3508 12577
3508 15665
3508 24096
3508 26055
3508 22388
3508 26322
3508 26352
3508 17517
3508 13015
3508 18547
3508 27847
3508 25185
3508 13875
3508 27308
3508 24349
3508 28022
3508 27969
3508 28041
3508 26891
3508 21549
3508 26889
3508 19978
3509 13188
3509 16700
3509 19918
3509 17425
3509 13131
3509 13271
3509 13474
3509 16424
3509 20688
3509 25506
3509 15271
3509 16595
3509 25345
3509 13029
3509 25871
3509 23213
3509 26590
3509 22507
3509 27325
3510 21176
3510 23694
3510 24666
3510 23684
3510 23939
3510 24033
3510 16071
3510 26002
3510 25337
3510 25575
3510 26691
3510 23635
3510 22348
3510 22412
3510 11923
3510 25989
3510 27201
3510 27229
3510 27272
3510 27432
3510 27280
3510 27593
3510 25267
3510 27283
3510 27368
3510 27202
3510 27808
3510 27764
3510 26924
3510 27982
3510 27971
3511 24516
3511 25270
3511 26568
3511 11923
3511 27228
3511 27206
3511 27498
3511 27200
3511 27474
3511 27847
3511 25653
3511 28012
3511 27920
3511 27911
3512 21792
3512 18951
3512 23171
3512 25247
3512 13653
3512 19615
3512 18612
3513 22644
3513 14823
3513 18366
3513 18787
3513 20473
3513 20858
3513 20859
3513 20860
3513 20862
3513 21191
3513 22500
3513 26129
3513 13021
3513 14023
3514 14110
3514 18385
3514 21806
3514 26198
3514 25492
3514 27609
3515 22891
3515 24494
3515 22000
3515 21894
3515 22739
3515 23642
3515 25575
3515 26760
3515 24086
3515 26771
3515 27406
3515 27712
3515 27920
3516 17654
3516 21395
3516 16879
3516 24585
3516 24666
3516 24827
3516 26164
3516 22297
3516 22369
3516 25986
3516 27388
3516 27436
3517 22106
3517 21896
3517 16688
3517 19461
3517 22076
3517 26922
3518 22387
3518 23928
3518 25520
3518 25521
3518 26052
3518 26172
3518 24871
3518 26804
3518 24841
3518 25989
3518 27065
3518 27200
3518 27285
3518 27406
3519 22482
3519 19498
3519 14309
3519 18305
3519 19240
3520 14848
3520 15979
3520 15867
3520 18625
3520 21804
3520 22782
3520 23138
3520 22093
3520 24023
3520 24451
3520 24606
3520 17354
3520 24623
3520 20232
3520 23967
3520 24820
3520 26158
3520 24291
3520 25500
3520 27431
3521 18073
3521 13760
3521 22577
3521 15495
3521 22096
3521 16455
3521 16611
3521 15457
3521 18051
3521 24522
3522 13935
3522 14169
3522 14628
3522 15252
3522 15644
3522 16224
3522 16106
3522 19079
3522 11905
3522 15739
3522 19717
3523 17887
3523 17406
3523 19280
3523 13285
3523 18904
3523 20850
3523 13158
3523 23959
3523 20480
3523 17987
3523 13257
3523 26178
3523 20284
3523 20277
3523 23952
3523 26789
3523 24493
3523 11957
3523 27724
3523 15374
3523 21740
3523 25034
3523 15052
3523 27641
3523 18565
3523 26757
3524 21382
3524 19139
3524 12073
3524 11900
3524 12749
3525 13759
3525 16982
3525 20202
3525 22223
3525 22741
3525 22992
3525 24613
3525 25110
3525 11876
3525 11911
3525 11926
3525 12667
3525 13261
3525 16224
3525 17750
3525 21915
3525 11891
3525 11912
3525 12640
3525 15525
3525 18246
3525 18728
3525 13036
3525 17810
3525 23238
3526 17212
3526 21327
3526 24705
3526 24778
3526 23088
3527 17320
3527 19812
3527 21054
3527 24755
3527 25139
3527 14418
3527 16740
3527 25458
3527 13982
3527 15389
3527 15555
3527 15922
3527 16828
3527 17106
3527 19051
3527 17669
3527 18440
3527 18873
3527 19763
3527 16891
3527 20312
3527 21549
3528 14476
3528 13979
3528 14402
3528 14482
3528 13745
3528 21284
3528 13761
3528 11889
3528 23276
3528 22820
3528 25048
3528 26533
3528 25483
3528 27224
3528 27229
3528 26049
3528 25837
3528 26919
3528 27671
3528 26757
3529 13064
3529 13602
3529 16445
3529 16681
3529 17039
3529 17180
3529 21887
3529 17479
3529 22174
3529 15974
3529 18242
3529 11873
3529 11893
3529 16389
3529 23099
3530 17464
3530 18065
3530 20535
3530 15934
3530 21585
3530 17038
3530 17413
3531 24621
3531 13297
3531 16747
3531 23492
3531 22494
3531 24268
3531 23945
3531 14670
3531 21651
3531 26565
3531 26798
3531 11973
3531 28093
3532 26280
3532 26894
3532 23150
3532 22482
3532 14131
3532 25329
3532 22205
3532 17550
3532 18267
3532 21164
3532 23201
3532 23246
3532 12211
3532 24041
3532 12572
3532 26486
3532 26334
3532 27199
3532 18195
3532 24000
3532 15440
3532 16806
3532 27121
3532 25029
3532 26909
3532 16264
3532 12922
3532 13387
3532 13011
3532 24260
3532 17263
3532 11902
3532 27367
3532 27283
3532 13838
3532 20137
3532 21338
3533 22869
3533 21134
3533 25616
3533 13089
3533 15529
3533 20292
3533 22145
3533 24706
3533 25380
3534 12919
3534 25477
3534 12139
3534 13306
3534 12304
3534 20575
3534 19855
3534 26832
3534 22935
3535 21547
3535 24099
3535 23515
3535 21228
3535 28023
3536 26820
3536 27495
3536 26074
3536 25405
3536 14506
3536 25837
3536 27397
3536 27988
3537 16476
3537 21003
3537 27447
3537 14289
3537 15597
3537 16424
3537 25819
3537 26721
3537 27452
3537 19798
3537 12758
3537 16613
3537 19946
3538 26703
3538 22613
3538 14712
3538 25354
3538 13306
3538 21039
3538 11912
3538 15248
3538 16139
3538 19139
3538 20295
3538 20992
3538 25356
3538 27658
3539 25575
3539 22014
3539 17223
3539 25512
3539 24152
3539 22492
3539 16017
3539 26522
3539 16033
3539 24658
3539 24662
3539 26940
3539 27012
3539 27233
3539 22496
3539 24671
3539 12570
3539 27391
3539 25267
3539 27361
3539 27221
3539 27674
3539 27857
3539 27833
3539 27836
3539 27416
3539 27351
3539 27717
3539 27779
3539 28013
3539 28039
3539 28003
3539 28027
3539 28055
3539 27139
3539 27448
3539 27868
3539 27660
3540 14213
3540 15612
3540 21687
3540 21953
3540 22619
3540 23573
3540 22098
3540 18787
3540 22304
3540 22676
3540 14826
3540 20317
3540 15230
3540 24277
3540 11923
3540 26809
3540 27201
3540 20790
3540 27527
3540 14517
3540 27614
3540 27202
3540 25109
3540 25653
3540 27961
3540 28093
3541 23661
3541 11882
3541 12139
3541 19919
3541 20331
3541 21981
3541 23659
3542 20964
3542 12662
3542 17682
3542 23529
3542 25350
3542 23528
3542 25922
3542 26364
3542 13950
3542 14987
3542 16455
3542 22524
3542 25157
3542 27787
3543 14326
3543 14325
3543 14134
3543 14264
3543 17521
3543 20371
3543 23278
3543 13982
3543 21421
3543 21449
3543 14184
3543 15456
3543 20771
3543 15735
3543 11918
3543 25526
3543 27745
3543 13104
3543 17020
3543 21580
3543 12905
3543 14128
3543 20948
3543 21354
3543 23476
3544 15805
3544 16320
3544 17849
3544 21493
3544 22822
3544 19067
3544 24978
3544 13560
3544 19907
3544 27265
3544 26424
3545 15450
3545 26217
3545 22824
3545 22814
3545 22174
3545 27484
3545 21822
3546 23416
3546 25110
3546 24370
3546 26280
3546 27163
3546 27982
3547 13583
3547 24666
3547 24643
3547 12570
3547 20771
3547 26261
3547 25566
3547 26529
3547 27332
3547 27836
3547 28011
3547 27984
3547 27906
3547 27477
3547 28045
3548 12139
3548 12518
3548 14545
3548 20042
3548 20491
3548 18087
3548 24471
3549 20662
3549 22572
3549 21392
3549 16104
3549 20996
3549 14596
3549 26891
3550 25477
3550 19913
3550 15645
3550 25734
3550 25992
3550 13378
3550 25628
3551 14787
3551 13246
3551 14424
3551 13602
3551 17335
3551 24965
3552 26646
3552 11923
3552 26512
3552 27731
3552 14574
3552 27764
3552 27351
3552 27972
3552 28091
3553 23906
3553 24250
3553 24543
3553 24804
3553 25505
3553 27203
3554 11973
3554 13027
3554 13164
3554 13166
3554 15736
3554 18299
3554 22102
3554 22006
3554 21658
3554 23278
3554 24555
3554 24816
3554 26501
3555 12726
3555 14335
3555 11947
3555 24169
3555 14962
3555 27302
3556 13474
3556 19140
3556 25156
3556 20814
3556 16669
3556 22312
3556 23520
3556 24364
3556 12384
3556 14186
3556 12917
3556 18830
3556 18192
3557 16277
3557 24666
3557 15624
3557 19685
3557 13161
3557 23186
3557 22664
3557 17547
3557 18714
3557 25520
3557 24608
3557 25076
3557 26345
3557 21113
3557 23743
3557 26017
3557 27286
3557 15039
3557 15997
3557 15777
3557 25776
3557 16314
3558 27224
3558 26441
3558 19301
3558 14289
3558 26458
3559 25386
3559 23255
3559 21204
3559 27003
3559 17534
3559 14517
3559 16943
3560 24195
3560 12117
3560 18747
3560 22298
3560 26995
3560 28023
3561 15740
3561 15808
3561 16455
3561 17323
3561 18517
3561 18608
3561 15294
3561 21092
3561 12145
3561 24442
3561 16077
3561 21243
3561 21837
3561 19825
3562 21668
3562 21952
3562 24796
3562 25961
3562 27146
3562 27229
3562 26743
3562 27526
3562 27732
3562 27737
3563 12056
3563 18473
3563 12026
3563 13181
3563 13984
3563 15963
3563 16754
3563 24831
3563 19691
3563 14610
3563 18153
3563 20006
3563 13011
3563 24697
3563 14038
3563 17951
3563 19240
3563 18402
3563 13363
3563 18248
3563 19695
3563 11905
3563 19965
3563 20521
3563 16850
3563 16617
3563 17178
3563 19927
3563 20248
3563 13879
3563 12662
3563 24676
3563 12191
3563 16233
3563 22974
3563 15241
3563 13193
3563 22545
3563 23844
3563 22350
3563 22348
3563 11988
3563 17637
3563 24813
3564 21988
3564 20772
3564 22805
3564 24995
3564 12655
3564 14926
3564 23149
3565 14382
3565 12619
3565 12589
3565 21555
3565 12677
3565 21497
3565 20579
3565 19892
3566 12783
3566 20375
3566 13092
3566 18173
3566 22498
3566 13559
3566 23101
3567 17091
3567 22161
3567 23287
3567 22054
3567 13793
3568 14756
3568 15273
3568 16585
3568 23558
3568 23515
3568 24435
3568 24666
3568 24585
3568 25488
3568 25558
3568 26960
3568 27203
3568 27993
3568 27984
3568 27689
3569 18215
3569 20089
3569 24030
3569 20474
3569 21135
3569 24299
3569 13531
3569 12357
3569 17519
3569 21267
3569 20327
3570 15626
3570 14837
3570 23598
3570 26030
3570 20212
3571 17202
3571 23775
3571 25886
3571 12761
3571 14527
3572 15145
3572 19485
3572 19246
3572 13667
3572 15672
3572 14662
3572 13149
3572 20010
3572 15075
3572 22025
3573 21428
3573 21220
3573 23361
3573 16554
3573 21920
3573 22350
3573 22369
3573 26760
3573 21568
3573 27127
3574 22293
3574 23251
3574 13298
3574 19920
3574 16913
3574 17069
3574 12368
3574 12668
3574 21276
3574 12200
3574 24338
3574 12600
3574 17629
3574 13427
3574 25392
3574 24278
3574 26296
3575 18258
3575 18396
3575 13007
3575 15898
3575 20648
3575 22184
3575 20896
3575 26821
3576 17175
3576 18310
3576 19109
3576 20006
3576 20439
3576 13627
3577 24054
3577 12504
3577 21627
3577 21654
3577 23172
3577 25663
3578 20937
3578 12430
3578 22084
3578 20850
3578 19729
3578 19065
3578 24433
3578 22619
3578 26103
3578 24778
3578 11923
3578 26451
3578 27302
3578 26241
3578 26688
3578 26901
3578 20822
3578 27572
3578 27560
3578 25957
3578 27585
3578 27274
3578 27717
3578 27139
3578 27539
3578 21332
3578 21181
3578 19560
3578 28072
3579 14478
3579 14467
3579 22061
3579 24161
3579 19691
3579 26498
3579 26261
3579 26002
3579 24176
3579 27228
3579 20648
3579 27808
3579 27920
3580 12528
3580 15143
3580 19932
3580 19590
3580 27856
3581 15442
3581 19074
3581 14132
3581 14676
3581 21620
3581 15754
3581 23370
3582 13118
3582 20163
3582 16646
3582 24879
3582 18864
3582 20248
3582 22739
3583 17342
3583 22782
3583 21683
3583 23906
3583 24195
3583 24666
3583 24643
3583 22369
3583 25575
3583 25942
3583 27210
3583 27737
3583 27641
3583 27285
3583 25653
3583 28014
3583 27911
3583 28046
3584 13156
3584 14610
3584 18704
3584 13479
3584 26029
3584 16865
3585 14862
3585 14681
3585 12983
3585 17335
3585 16961
3585 15258
3586 15974
3586 22689
3586 13513
3586 21434
3586 18480
3586 16863
3586 17479
3586 25218
3587 12057
3587 14220
3587 19999
3587 22163
3587 25595
3587 16743
3587 19734
3587 11890
3587 11905
3587 13967
3587 15504
3587 17259
3587 17750
3587 19816
3587 21591
3587 22305
3587 23370
3587 27183
3588 21337
3588 20427
3588 22353
3588 21522
3588 26921
3588 22644
3589 14250
3589 18644
3589 14997
3589 18082
3589 17770
3589 11890
3589 14138
3589 17202
3589 17813
3589 18124
3589 15645
3589 18679
3589 12687
3589 18407
3589 19026
3589 20639
3589 17644
3589 14371
3589 20632
3589 21742
3590 14167
3590 16162
3590 17351
3590 18735
3590 15232
3590 16424
3590 17148
3591 16623
3591 13506
3591 21097
3591 25002
3591 22003
3591 13130
3591 13511
3591 14592
3591 14121
3591 23671
3591 13463
3591 23314
3591 25493
3591 20851
3591 19108
3591 13446
3591 13512
3591 15863
3591 16754
3591 18177
3591 21758
3591 23270
3591 16287
3591 19057
3592 12630
3592 15024
3592 17881
3592 20648
3592 19722
3592 11957
3592 27134
3592 22567
3592 20336
3592 17546
3592 13139
3592 15186
3592 14538
3592 13520
3592 16033
3592 26459
3592 13306
3592 12430
3592 25977
3592 17085
3592 24990
3593 25270
3593 25831
3593 19237
3593 25076
3593 20596
3593 17896
3593 25772
3593 26737
3593 26688
3593 11905
3593 27221
3593 14517
3593 27543
3593 27672
3593 27978
3593 27707
3593 27406
3593 27964
3593 28083
3593 14121
3593 27976
3593 26751
3594 19757
3594 20896
3594 22891
3594 22740
3594 21952
3594 21709
3594 24643
3594 25521
3594 25337
3594 24490
3594 26606
3594 27199
3594 27172
3594 27791
3594 27208
3594 27910
3595 20286
3595 12785
3595 22569
3595 22006
3595 16661
3595 24608
3595 25389
3595 25460
3595 25781
3595 26406
3595 26912
3595 26914
3595 27226
3595 27835
3595 27204
3595 28006
3595 28092
3596 25071
3596 12242
3596 22031
3596 20824
3596 25414
3596 27077
3597 12450
3597 18384
3597 22339
3597 23149
3597 24606
3597 24378
3597 23905
3597 25282
3597 25800
3597 24291
3597 26894
3597 11923
3597 26930
3597 27555
3597 27441
3597 27543
3597 27834
3597 26084
3598 15236
3598 18253
3598 18805
3598 25683
3598 19085
3598 12178
3598 27290
3598 12475
3598 17481
3598 23278
3598 24275
3598 16370
3598 18858
3598 19615
3598 19643
3598 19824
3598 21872
3598 24276
3598 13731
3599 15954
3599 13963
3599 23570
3599 25270
3599 18771
3599 24300
3599 26272
3599 27045
3599 27737
3600 12673
3600 14190
3600 16274
3600 25637
3600 19979
3600 23065
3601 16258
3601 12891
3601 21481
3601 21653
3601 17521
3601 21279
3601 12801
3601 16914
3601 14782
3601 14517
3601 23463
3601 23666
3601 16758
3601 25069
3601 26314
3601 17401
3601 19533
3601 24822
3601 27221
3601 27139
3601 27717
3601 27991
3601 27797
3601 28065
3601 28073
3601 28085
3601 27660
3601 27868
3602 20484
3602 20412
3602 21880
3602 13137
3602 17034
3602 15702
3602 24807
3602 25554
3602 13336
3602 20783
3602 21488
3602 15933
3602 22088
3602 22139
3602 14985
3602 27261
3603 13262
3603 15465
3603 19477
3603 22530
3603 16824
3603 18939
3604 20417
3604 12439
3604 24276
3604 25221
3604 24203
3604 21259
3604 25547
3604 19729
3604 20824
3604 27148
3604 21523
3604 22261
3605 21361
3605 15051
3605 15552
3605 24686
3605 18871
3605 12439
3605 20374
3606 15318
3606 16106
3606 16175
3606 16361
3606 19223
3606 13656
3606 13745
3606 17406
3606 12145
3606 15194
3606 15539
3606 20935
3606 24435
3606 24606
3606 25048
3606 25601
3606 25602
3606 24643
3606 26304
3606 26130
3606 27229
3606 12850
3606 22394
3606 26864
3606 25885
3606 25653
3606 27805
3607 16363
3607 18694
3607 22756
3607 23150
3607 12629
3607 13510
3607 21320
3607 18379
3607 24672
3607 22766
3608 16601
3608 21838
3608 22358
3608 20558
3608 26441
3608 21091
3608 12031
3608 22139
3609 12777
3609 13049
3609 17983
3609 19290
3609 22023
3609 23097
3609 24042
3609 13319
3609 22397
3610 14153
3610 24463
3610 23627
3610 19920
3610 18967
3610 12663
3610 16848
3610 22830
3610 22117
3610 16122
3611 14235
3611 20016
3611 22739
3611 26239
3611 24956
3612 15766
3612 24301
3612 17732
3612 19597
3612 20945
3612 24283
3613 12191
3613 13416
3613 16002
3613 25788
3613 15229
3613 16885
3613 17810
3613 14136
3613 25694
3613 17819
3614 23540
3614 12348
3614 24424
3614 17536
3614 19048
3614 19435
3614 19064
3614 22186
3614 16611
3614 17039
3614 21685
3614 23798
3614 13474
3614 25098
3614 18436
3614 22772
3615 22392
3615 12671
3615 13345
3615 15679
3615 20870
3615 13922
3615 20339
3615 22372
3616 12749
3616 13734
3616 13769
3616 15529
3616 16713
3616 11958
3616 13205
3616 16538
3616 12974
3616 13860
3616 13422
3616 24666
3616 25216
3616 25398
3616 18148
3616 27641
3616 27379
3616 28039
3617 20767
3617 24536
3617 25519
3617 24538
3617 22348
3617 26760
3617 26283
3617 24658
3617 26912
3617 26930
3617 26603
3617 27573
3617 27575
3617 27286
3617 27833
3617 27764
3617 27859
3618 12794
3618 14553
3618 15242
3618 17387
3618 20916
3618 15339
3618 16360
3619 14178
3619 18129
3619 25112
3619 16300
3619 15473
3619 16284
3619 15213
3619 16678
3619 25879
3619 24158
3620 15560
3620 25270
3620 25781
3620 18909
3620 26394
3620 26930
3620 27902
3621 12671
3621 14094
3621 18810
3621 12718
3621 23017
3621 23226
3621 24705
3621 24960
3622 25116
3622 27685
3622 27280
3622 27745
3622 27519
3622 27495
3622 27646
3622 27463
3622 27779
3622 27541
3622 27812
3622 27792
3622 27469
3622 25844
3622 21901
3622 27641
3622 27837
3622 27836
3622 20792
3622 25405
3622 27202
3622 27518
3622 27859
3622 28020
3622 27585
3622 25147
3622 27715
3622 26308
3622 27925
3622 27976
3622 17184
3622 26919
3622 27945
3622 27753
3622 28084
3622 27712
3623 12639
3623 12620
3623 12085
3623 16481
3623 17425
3623 12903
3623 25296
3623 19615
3623 27884
3623 27416
3623 20351
3623 28090
3623 13653
3623 27911
3623 28065
3624 20813
3624 18168
3624 12233
3624 22114
3624 17580
3624 19832
3624 17885
3624 26987
3624 14132
3625 12431
3625 12619
3625 14055
3625 14894
3625 14815
3625 13584
3625 24666
3625 25158
3625 24945
3625 17393
3625 26077
3625 22897
3625 14247
3625 15694
3625 15853
3625 12907
3626 14024
3626 16829
3626 13164
3626 14051
3626 14053
3627 13131
3627 21338
3627 13759
3627 16745
3627 17385
3628 15766
3628 19353
3628 26390
3628 24517
3628 25727
3628 25492
3628 14362
3628 16066
3628 26655
3628 12739
3628 12974
3628 19630
3628 12509
3628 13262
3628 15221
3628 16316
3628 17172
3628 15442
3629 24666
3629 26055
3629 25337
3629 26500
3629 22298
3629 20608
3629 15861
3630 24373
3630 23906
3630 25870
3630 26055
3630 26224
3630 26500
3630 19651
3630 26394
3630 25294
3630 23812
3630 23642
3630 24658
3630 28004
3631 21873
3631 24195
3631 25048
3631 16419
3631 26352
3631 27982
3631 27963
3631 28014
3632 14919
3632 24606
3632 24771
3632 16290
3632 23746
3632 24756
3632 18422
3632 23113
3632 16920
3632 21201
3632 14327
3632 21612
3632 23419
3632 25076
3632 26912
3632 26902
3632 16133
3632 27718
3632 27441
3632 27614
3632 16351
3632 26813
3632 27847
3632 27860
3632 23668
3632 27899
3632 26472
3633 15390
3633 17955
3633 15848
3633 14770
3633 13933
3633 27425
3634 13878
3634 13369
3634 13916
3634 14920
3634 14932
3634 16983
3634 26002
3634 19303
3634 28021
3634 26969
3634 27910
3635 16380
3635 19849
3635 20235
3635 23384
3635 24279
3635 26296
3636 14010
3636 12875
3636 12319
3636 18975
3636 19390
3636 15252
3636 17251
3636 12304
3636 25837
3636 12892
3637 11840
3637 14887
3637 14885
3637 18130
3637 26439
3638 12372
3638 12542
3638 16210
3638 11893
3638 13353
3638 11901
3638 15101
3638 15235
3638 12380
3638 12737
3638 12033
3638 12124
3638 12434
3638 12505
3638 12804
3638 15145
3638 17861
3638 12882
3638 14838
3638 11912
3638 13230
3638 12140
3638 12336
3638 12722
3638 12771
3638 13228
3638 18981
3638 11877
3638 16164
3638 13076
3638 11885
3638 16245
3638 12112
3638 18648
3638 17627
3638 21285
3638 23967
3638 27881
3638 27990
3639 16324
3639 23371
3639 19861
3639 17374
3639 18429
3639 13330
3639 14083
3639 16740
3639 23358
3639 12200
3640 12915
3640 18694
3640 18278
3640 21591
3640 27210
3640 26005
3641 21342
3641 21685
3641 26379
3641 27299
3641 27864
3642 21953
3642 23579
3642 24606
3642 24033
3642 18051
3642 18817
3642 18909
3642 26930
3642 27440
3642 27620
3642 27559
3642 26604
3642 27836
3642 27882
3642 27859
3642 27881
3642 23378
3642 27406
3643 14787
3643 13760
3643 14880
3643 16984
3643 15221
3643 22688
3643 21507
3643 21515
3643 16332
3643 22664
3643 21996
3643 26168
3643 15185
3643 15291
3643 22974
3643 17681
3643 19139
3643 21758
3643 24955
3643 13747
3643 15360
3643 27321
3643 22537
3643 27039
3643 19039
3643 22509
3643 27312
3643 12905
3643 26757
3644 13716
3644 14670
3644 15305
3644 15178
3644 16607
3644 23564
3644 14232
3644 24809
3644 24724
3644 15773
3644 17537
3644 25113
3644 25372
3645 13823
3645 19026
3645 23815
3645 24161
3645 24536
3645 15180
3645 21628
3645 13622
3645 26760
3645 27282
3645 27339
3645 20316
3645 17349
3645 27416
3645 27938
3645 27608
3645 27846
3646 21175
3646 21900
3646 22150
3646 19829
3646 19530
3646 12190
3646 19367
3646 13219
3646 13784
3646 27095
3647 24739
3647 24184
3647 25337
3647 26394
3647 26644
3647 27526
3647 22395
3647 27200
3647 27406
3648 17232
3648 25458
3648 25795
3648 12439
3648 14452
3648 22693
3648 18191
3649 26002
3649 26078
3649 26172
3649 24386
3649 13224
3649 16436
3649 18314
3649 28075
3650 26544
3650 27415
3650 16780
3650 27731
3650 27885
3651 13737
3651 11900
3651 22026
3651 25420
3651 22374
3651 23388
3651 17780
3652 13379
3652 21873
3652 20211
3652 22952
3652 23906
3652 24473
3652 24666
3652 24808
3652 24588
3652 25652
3652 26106
3652 24016
3652 26303
3652 19237
3652 26317
3652 26530
3652 26737
3652 25558
3652 26155
3652 27065
3652 27500
3652 27977
3653 16932
3653 20161
3653 17039
3653 12556
3653 26186
3654 12228
3654 12356
3654 12634
3654 13913
3654 13979
3654 12813
3654 13871
3654 12534
3654 14733
3654 14582
3654 17007
3654 17147
3654 16943
3654 11902
3654 17329
3654 20184
3654 15507
3654 17350
3654 18999
3654 16437
3654 12428
3654 20530
3655 14683
3655 14248
3655 20013
3655 22732
3655 18041
3656 19461
3656 12145
3656 12936
3656 14610
3656 15688
3656 16351
3656 19438
3656 19460
3656 22587
3656 23342
3656 25513
3656 25972
3656 26713
3656 27018
3656 17784
3656 25832
3656 27483
3657 12445
3657 17335
3657 13177
3657 17857
3657 22753
3657 22706
3657 21482
3658 20251
3658 15666
3658 18902
3658 21471
3658 15772
3659 15500
3659 18736
3659 18725
3659 15302
3659 18531
3659 16926
3659 14449
3660 16417
3660 19325
3660 19435
3660 20818
3660 26238
3661 16712
3661 17617
3661 23235
3661 15126
3661 15288
3661 16035
3661 17489
3661 23770
3661 18357
3662 21450
3662 27941
3662 27416
3662 20374
3662 27939
3662 27710
3662 27139
3662 26757
3662 19679
3662 13879
3662 27945
3662 28070
3662 27951
3662 28055
3662 28072
3662 28085
3663 11870
3663 11884
3663 11889
3663 11890
3663 11913
3663 12169
3663 12488
3663 12086
3663 14288
3663 14560
3663 14440
3663 12151
3663 16106
3663 19615
3663 14223
3663 16277
3663 20896
3663 17413
3663 15902
3663 21619
3663 12715
3663 17911
3664 19671
3664 12065
3664 14772
3664 15324
3664 19402
3665 17173
3665 22269
3665 11921
3665 12790
3665 12850
3665 18913
3665 22727
3665 13826
3665 14587
3665 26238
3665 18546
3665 13151
3666 12049
3666 21327
3666 18089
3666 24978
3666 27021
3667 11989
3667 13340
3667 20528
3667 14418
3667 26055
3667 15456
3667 15801
3667 21338
3667 15235
3668 16405
3668 15656
3668 14368
3668 11890
3668 15715
3669 18194
3669 20935
3669 15619
3669 23117
3669 22026
3669 24536
3669 25601
3669 25492
3669 25863
3669 25961
3669 25654
3669 24884
3669 26644
3669 26874
3669 22298
3669 26912
3669 27302
3669 27199
3669 27638
3669 27834
3669 25109
3669 27855
3669 28022
3669 27507
3670 16947
3670 12348
3670 18930
3670 23814
3670 13435
3670 25875
3670 13984
3670 14691
3670 15760
3670 16033
3670 17581
3670 23200
3670 23830
3670 25334
3671 24435
3671 14178
3671 23870
3671 16955
3671 13810
3671 14623
3671 26172
3671 19186
3671 25471
3671 19786
3671 24658
3671 27170
3671 25987
3671 27523
3671 17263
3671 13006
3671 25405
3671 27582
3671 27833
3671 15785
3671 27873
3671 27940
3671 28075
3672 14563
3672 20067
3672 14801
3672 17275
3672 21266
3672 13367
3672 14880
3672 23854
3672 15605
3672 26299
3672 12693
3672 24241
3672 26365
3672 27359
3673 12891
3673 13695
3673 14683
3673 14327
3673 13810
3673 19028
3673 12178
3673 14812
3673 26094
3673 25599
3673 22013
3673 18282
3673 23859
3673 25558
3673 26743
3673 27334
3673 27059
3673 27441
3673 22139
3674 12867
3674 13191
3674 13086
3674 14452
3674 22962
3674 16183
3674 15393
3674 20852
3674 23524
3674 21113
3674 15456
3674 22075
3674 24029
3674 18112
3674 22981
3674 21111
3674 15492
3674 20025
3675 14732
3675 15665
3675 19415
3675 16743
3675 19322
3675 22967
3675 13400
3675 14024
3675 27651
3676 18918
3676 19450
3676 13480
3676 18085
3676 15229
3676 20739
3676 24637
3677 11890
3677 15172
3677 18084
3677 12667
3677 16640
3677 18242
3677 21424
3677 22684
3677 23422
3677 20816
3677 15140
3677 12774
3677 18058
3678 15793
3678 16020
3678 20638
3678 13216
3678 17814
3678 20375
3678 21046
3678 13808
3678 12842
3678 12844
3678 18573
3678 16330
3678 12518
3678 18935
3678 23345
3678 17169
3678 14426
3678 13626
3678 27938
3678 27999
3678 27991
3678 27139
3678 27717
3678 28029
3678 27831
3678 28083
3678 27517
3678 27550
3678 27644
3678 27797
3678 27554
3678 27565
3678 27660
3678 27013
3678 27980
3678 28071
3678 28086
3679 20307
3679 17631
3679 14829
3679 18544
3679 25036
3679 25488
3679 25037
3679 14670
3679 17406
3679 26098
3679 27416
3679 27941
3679 27660
3679 27754
3679 27831
3679 27014
3679 27746
3679 27565
3679 28072
3680 12237
3680 14902
3680 12749
3680 16640
3680 17882
3680 18627
3680 19715
3680 21632
3680 20412
3680 24653
3680 25713
3680 16492
3680 16954
3680 18252
3680 20896
3680 23775
3680 26246
3680 17000
3680 17539
3680 20976
3680 21222
3680 27422
3680 27473
3680 21806
3680 27697
3680 12960
3680 27386
3680 15492
3680 25649
3681 25829
3681 15114
3681 13459
3681 19249
3681 21253
3681 22485
3681 26261
3682 13759
3682 25654
3682 16635
3682 17141
3682 18612
3682 24203
3682 12056
3682 25751
3683 17406
3683 21115
3683 22894
3683 20164
3683 20845
3684 21204
3684 25374
3684 13064
3684 23144
3684 24876
3684 27036
3684 22826
3684 26198
3684 27453
3684 26809
3684 18432
3684 23065
3684 23092
3684 28028
3684 27682
3684 27913
3684 27914
3684 25670
3684 27214
3684 27538
3684 27325
3684 27536
3684 27900
3684 28008
3684 27150
3684 27177
3684 27845
3684 14061
3684 27799
3684 27986
3684 27312
3684 27721
3684 26730
3684 27756
3684 27533
3684 28064
3684 21481
3684 24901
3684 27868
3684 27503
3684 27950
3684 28095
3685 16190
3685 12366
3685 22222
3685 12803
3685 19334
3685 20896
3686 12996
3686 19470
3686 22681
3686 20981
3686 24920
3686 25718
3686 24478
3687 13770
3687 14221
3687 22236
3687 24060
3687 26816
3687 27363
3688 13592
3688 17744
3688 23498
3688 21957
3688 25394
3688 27503
3688 13262
3688 13723
3688 14607
3688 15922
3688 16783
3688 24163
3689 12362
3689 12334
3689 12487
3689 12751
3689 11995
3689 12222
3689 12528
3689 14129
3689 14041
3689 12005
3689 14744
3689 12090
3689 15217
3689 14676
3689 18065
3689 18106
3689 13257
3689 13353
3689 19101
3689 19833
3689 22421
3689 19014
3690 12367
3690 24435
3690 24666
3690 23459
3690 23478
3690 25515
3690 22581
3690 16716
3690 26174
3690 26477
3690 22487
3690 26874
3690 26017
3690 25487
3690 27081
3690 27088
3690 27233
3690 26960
3690 27367
3690 27526
3690 27527
3690 27379
3690 25109
3690 27899
3690 28025
3691 19318
3691 15697
3691 23515
3691 12662
3691 21380
3691 22134
3691 23606
3691 24815
3691 24948
3691 26014
3691 22460
3691 26318
3691 27044
3691 25435
3691 26317
3691 23787
3691 27528
3691 20901
3691 27840
3691 27899
3691 26494
3692 14855
3692 16967
3692 22816
3692 12367
3692 25119
3693 13658
3693 15025
3693 16689
3693 15238
3693 21877
3693 13584
3693 21601
3693 23342
3693 25330
3693 12172
3693 27103
3693 12180
3693 12914
3693 16297
3693 23496
3693 25552
3693 26080
3694 14372
3694 14306
3694 16416
3694 16424
3694 24961
3694 18128
3694 20639
3694 23733
3694 17276
3694 27480
3694 16848
3694 27866
3695 23722
3695 19394
3695 24210
3695 25715
3695 12570
3695 15452
3695 22550
3695 20626
3695 24328
3695 23427
3695 24045
3695 20645
3696 19758
3696 23949
3696 11847
3696 19288
3696 12370
3696 12917
3696 22782
3696 21332
3696 24666
3696 14260
3696 17528
3696 18098
3696 25048
3696 19353
3696 21514
3696 25318
3696 15241
3696 15574
3696 26227
3696 26394
3696 18725
3696 25779
3696 19367
3696 26912
3696 24812
3696 17891
3696 22345
3696 22858
3696 27224
3696 20915
3696 26556
3696 27441
3696 27764
3696 26084
3696 24004
3696 26271
3697 22952
3697 19026
3697 24956
3697 24436
3697 26644
3697 26760
3697 26643
3697 27436
3697 15386
3697 26435
3698 13152
3698 17447
3698 27362
3698 22222
3698 22053
3698 23359
3698 27725
3699 24643
3699 24423
3699 16419
3699 18796
3699 17288
3699 20403
3699 27441
3699 15779
3699 27991
3700 19337
3700 22780
3700 23549
3700 25965
3700 13131
3700 26655
3701 16049
3701 23168
3701 25863
3701 26348
3701 18909
3701 26645
3701 27560
3701 27996
3702 14528
3702 21413
3702 16944
3702 22379
3702 25354
3703 15665
3703 25764
3703 20896
3703 18859
3703 27247
3703 23325
3703 13131
3703 21981
3704 23558
3704 26454
3704 19957
3704 13794
3704 22559
3705 13970
3705 13083
3705 13700
3705 18314
3705 24390
3706 13353
3706 19775
3706 22165
3706 13176
3706 18813
3706 15964
3706 21321
3706 15764
3706 15694
3706 18852
3706 18936
3706 14670
3706 22023
3706 23782
3706 21265
3706 17357
3706 25274
3706 18663
3707 27403
3707 21397
3707 11957
3707 15220
3707 26409
3707 26954
3707 25903
3707 12607
3707 27283
3707 27941
3707 27998
3707 18423
3707 12111
3707 22352
3707 20637
3707 20638
3707 12336
3707 26738
3707 17814
3707 27890
3707 23563
3707 15766
3707 28094
3707 27660
3707 27550
3707 27978
3708 15766
3708 19467
3708 13842
3708 22283
3708 15071
3709 12894
3709 11847
3709 14754
3709 16177
3709 14548
3709 14269
3710 16135
3710 12622
3710 22564
3710 23264
3710 28084
3710 27712
3711 26195
3711 18734
3711 20396
3711 17395
3711 27341
3712 15385
3712 19367
3712 12810
3712 16755
3712 18213
3712 21740
3712 17629
3712 16943
3713 16805
3713 23851
3713 17536
3713 18873
3713 25636
3713 13259
3713 20004
3713 22834
3714 12693
3714 17939
3714 15656
3714 16055
3714 17936
3714 20184
3714 23149
3714 21035
3714 23370
3714 16018
3715 19073
3715 15040
3715 20213
3715 14862
3715 14332
3715 21281
3715 21500
3715 17406
3715 18981
3716 23117
3716 24666
3716 24370
3716 25282
3716 24490
3716 20608
3716 25942
3716 13121
3716 14308
3716 21788
3716 26658
3716 26891
3716 26892
3717 22517
3717 23474
3717 11891
3717 24293
3717 17451
3717 24643
3717 22772
3717 22512
3717 27252
3717 25088
3717 14377
3717 15911
3717 18739
3717 17139
3717 27833
3717 27715
3717 27989
3718 24956
3718 26272
3718 24802
3718 25001
3718 25585
3718 28046
3719 17840
3719 19250
3719 21039
3719 18865
3719 22505
3720 15187
3720 20670
3720 21043
3720 22660
3720 27411
3721 23573
3721 14743
3721 14122
3721 22805
3721 19446
3722 12145
3722 12336
3722 12835
3722 13050
3722 13657
3722 13770
3722 13772
3722 13913
3722 14389
3722 14630
3722 14756
3722 15169
3722 11961
3722 13087
3722 14607
3722 15518
3722 18201
3722 17762
3722 13535
3722 14188
3722 15519
3722 18766
3722 13298
3722 17949
3722 19940
3723 18501
3723 20626
3723 12141
3723 12201
3723 12693
3723 16805
3723 15221
3723 12777
3723 20179
3723 21397
3723 15241
3723 19632
3723 17915
3723 14837
3723 27580
3723 13383
3723 14785
3723 22393
3724 13262
3724 19422
3724 21170
3724 13300
3724 15549
3724 20448
3724 21642
3724 23949
3724 25734
3724 26759
3724 20440
3725 11911
3725 15665
3725 27313
3725 20127
3725 15805
3725 19270
3725 27422
3725 25832
3726 17417
3726 12697
3726 19021
3726 14584
3726 20645
3727 12348
3727 14012
3727 24666
3727 23983
3727 25743
3727 24643
3727 26272
3727 26346
3727 25575
3727 25712
3727 22348
3727 25294
3727 25111
3727 22496
3727 23267
3727 27179
3727 21809
3727 19108
3727 25109
3727 28037
3727 19977
3727 13009
3727 15861
3727 17225
3727 27910
3727 28046
3728 14411
3728 18950
3728 19256
3728 20298
3728 18236
3728 17471
3728 22669
3728 13091
3728 13028
3728 13032
3728 19020
3728 19351
3728 19903
3728 20873
3728 21108
3728 13929
3728 21640
3728 12118
3728 13989
3728 22027
3728 24465
3728 24451
3728 14605
3728 18274
3729 26945
3729 27041
3729 26937
3729 27573
3729 26074
3729 27562
3729 27808
3729 22538
3729 26813
3729 25109
3729 24671
3729 27860
3729 14759
3729 27689
3729 27615
3729 26494
3729 19542
3729 27978
3730 14342
3730 15785
3730 12566
3730 12693
3730 12600
3730 22688
3730 26002
3730 20772
3730 18278
3731 19528
3731 19007
3731 20733
3731 20501
3731 21908
3731 15645
3731 19729
3731 26030
3731 15350
3732 22733
3732 23707
3732 16817
3732 20280
3732 14237
3732 21664
3732 20974
3732 22161
3732 22982
3733 20896
3733 21575
3733 23678
3733 15493
3733 23893
3733 22093
3733 24666
3733 23459
3733 25743
3733 21894
3733 26878
3733 26995
3733 27198
3733 27432
3733 27837
3733 27819
3733 27698
3734 14374
3734 22707
3734 13365
3734 22590
3734 25463
3734 22794
3734 22583
3734 13458
3734 16444
3735 18194
3735 14896
3735 21575
3735 20871
3735 21040
3735 14019
3735 16458
3735 25654
3735 23598
3736 20197
3736 20356
3736 18061
3736 17260
3736 15446
3737 19321
3737 21450
3737 15766
3737 24187
3737 24587
3737 21894
3737 25526
3737 18661
3737 24300
3737 26606
3737 25558
3737 22348
3737 22412
3737 21380
3737 27388
3737 27332
3737 26529
3737 27281
3737 27836
3737 27557
3738 12918
3738 18784
3738 15655
3738 23765
3738 19369
3738 22433
3739 19910
3739 21492
3739 16162
3739 20125
3739 20626
3739 26948
3739 17591
3739 23396
3739 20867
3739 17539
3740 12495
3740 12108
3740 13865
3740 22783
3740 19065
3740 23184
3740 13835
3740 15229
3740 25440
3740 26791
3740 21769
3741 22134
3741 25270
3741 24277
3741 26897
3741 27088
3741 27163
3741 27525
3741 27732
3741 28001
3741 27406
3742 14355
3742 22682
3742 20139
3742 13262
3742 19069
3742 26769
3742 28063
3743 12864
3743 16923
3743 25644
3743 20114
3743 20937
3743 27841
3743 20247
3743 24994
3743 26299
3744 15570
3744 12024
3744 12318
3744 12953
3744 12127
3744 15722
3744 12073
3744 12023
3744 20754
3744 11921
3744 11920
3744 20771
3744 12139
3745 11956
3745 12126
3745 21838
3745 15389
3745 18813
3745 24140
3746 15280
3746 20937
3746 22063
3746 22952
3746 24184
3746 22493
3746 26096
3746 27012
3746 21383
3746 27222
3746 27674
3746 27902
3746 27843
3746 27678
3746 27987
3747 14726
3747 12329
3747 15687
3747 12082
3747 23558
3747 23720
3747 24655
3747 25602
3747 15868
3747 23093
3748 12173
3748 23471
3748 24754
3748 20630
3748 17007
3748 12658
3748 18506
3748 13629
3748 14249
3748 27657
3749 26839
3749 27163
3749 27182
3749 27281
3749 27729
3749 27543
3749 27401
3749 27625
3749 26754
3749 27962
3749 27977
3749 27740
3749 28022
3749 27714
3749 27831
3749 27406
3749 27989
3749 28016
3749 25347
3750 18401
3750 14368
3750 12885
3750 19896
3750 25367
3750 19225
3751 12540
3751 13619
3751 17762
3751 16451
3751 19750
3751 20044
3751 17265
3751 23939
3751 25651
3751 18738
3751 25038
3751 24474
3751 23654
3751 25337
3751 26228
3751 23935
3751 25589
3751 25943
3751 26077
3751 26644
3751 25559
3751 25677
3751 26450
3751 23643
3751 27542
3751 27200
3751 27442
3751 13547
3751 25837
3751 27970
3752 13580
3752 17121
3752 15991
3752 18812
3752 21665
3752 23680
3752 24507
3752 23270
3752 23084
3752 25570
3752 25628
3752 25266
3752 22861
3752 23780
3752 25558
3752 27257
3752 27523
3752 27526
3752 27543
3752 27283
3752 27731
3752 27861
3752 27805
3752 27881
3752 27895
3752 27608
3752 28089
3753 14423
3753 12031
3753 13379
3753 17039
3753 14427
3753 15778
3753 19024
3753 20731
3753 24728
3754 21916
3754 21894
3754 26438
3754 26277
3754 12246
3754 25471
3754 16419
3754 20515
3754 18909
3754 22525
3754 15662
3754 23128
3754 21508
3754 18387
3754 27431
3754 27345
3754 27176
3754 27254
3754 27204
3754 27416
3754 27991
3754 27652
3754 27660
3755 12114
3755 18130
3755 17093
3755 22195
3755 18580
3755 18605
3755 19037
3755 20881
3755 14244
3755 25904
3756 15639
3756 24163
3756 15102
3756 18734
3756 27135
3756 20848
3757 18460
3757 13049
3757 16388
3757 22871
3757 24293
3757 20466
3758 12867
3758 12671
3758 14131
3758 14791
3758 19779
3758 20464
3758 11957
3758 12979
3758 16750
3758 18958
3758 19389
3758 21748
3758 24354
3758 25413
3758 25587
3759 26342
3759 25558
3759 24795
3759 26903
3759 24876
3759 27682
3759 27913
3759 27914
3759 28058
3760 17091
3760 15695
3760 17197
3760 21838
3760 21953
3760 24229
3760 20870
3761 24124
3761 23459
3761 26166
3761 22348
3761 23613
3761 25558
3761 27282
3761 28021
3761 28022
3762 14683
3762 13750
3762 18685
3762 20069
3762 15907
3762 11864
3762 15801
3762 18395
3762 21529
3762 15765
3762 19025
3762 13392
3762 15630
3762 13621
3762 16798
3762 20885
3762 19716
3762 13128
3763 14043
3763 19975
3763 17719
3763 11920
3763 19026
3763 14962
3763 24725
3763 21953
3763 15649
3763 25586
3763 26031
3763 21591
3763 11885
3763 27434
3763 16140
3763 25837
3763 26757
3763 27984
3763 27089
3764 27004
3764 23563
3764 13400
3764 18965
3764 20565
3764 23296
3765 18921
3765 19768
3765 18647
3765 11905
3765 15674
3765 18242
3765 19390
3765 25782
3765 13557
3765 14312
3765 17128
3765 13012
3765 20817
3765 19590
3765 25233
3765 12304
3765 12693
3765 14360
3765 14776
3765 14778
3765 15398
3765 18077
3765 21599
3765 16758
3765 16436
3765 18490
3765 21953
3765 12891
3765 13474
3766 15521
3766 16309
3766 25754
3766 24956
3766 24538
3766 23967
3766 26912
3766 20082
3766 28001
3767 12704
3767 16068
3767 12983
3767 20075
3767 21334
3767 18095
3768 15443
3768 16746
3768 17908
3768 18055
3768 22387
3768 25602
3769 15322
3769 21361
3769 21622
3769 22826
3769 25538
3769 15393
3769 16524
3769 18178
3769 17590
3769 24203
3769 21382
3769 11930
3770 15706
3770 19995
3770 12203
3770 21726
3770 17317
3770 23362
3770 12672
3770 24370
3770 23518
3770 18861
3770 25283
3770 24643
3770 26078
3770 26224
3770 26397
3770 12240
3770 26002
3770 18909
3770 26643
3770 13336
3770 26881
3770 25090
3770 27081
3770 26960
3770 27436
3770 27544
3770 27495
3770 27527
3770 27261
3770 25777
3770 28021
3770 28016
3770 27899
3771 17409
3771 19849
3771 15139
3771 15268
3771 24919
3771 15186
3772 20658
3772 20937
3772 20062
3772 22001
3772 22671
3772 22091
3772 23681
3772 24926
3772 25601
3772 25652
3772 25568
3772 26052
3772 24372
3772 25283
3772 26260
3772 22550
3772 26691
3772 24884
3772 26490
3772 27280
3772 27732
3772 25837
3772 28041
3772 13262
3772 27948
3773 19545
3773 13413
3773 17230
3773 24253
3773 24035
3774 14871
3774 13847
3774 21167
3774 16606
3774 13087
3774 24361
3774 18739
3774 17024
3774 17389
3774 15389
3774 20335
3774 27656
3775 14327
3775 22516
3775 23183
3775 19902
3775 25887
3775 19461
3775 19594
3775 22285
3776 16892
3776 21063
3776 25576
3776 25612
3776 13124
3776 16483
3776 16683
3776 17628
3776 18402
3776 13131
3776 16437
3776 16640
3776 25868
3776 21482
3776 16296
3776 16625
3776 18238
3776 24828
3776 25705
3776 16288
3776 21593
3776 22597
3776 24190
3777 26747
3777 18068
3777 21966
3777 12323
3777 25263
3777 26824
3778 11839
3778 12756
3778 24556
3778 24764
3778 12384
3778 24435
3778 25266
3778 18752
3778 25712
3778 21724
3778 27228
3778 27909
3779 14026
3779 18860
3779 20465
3779 20896
3779 21904
3779 25889
3779 26124
3779 22145
3779 23982
3780 12762
3780 16573
3780 21598
3780 17309
3780 15505
3780 14328
3780 24214
3781 19069
3781 16133
3781 27321
3781 26928
3781 21417
3781 17329
3781 27191
3781 27280
3781 27281
3781 24669
3781 25267
3781 27551
3781 14517
3781 27571
3781 27379
3781 27802
3781 26016
3781 26813
3781 27891
3781 27855
3781 25147
3781 27983
3781 25837
3781 27927
3781 27558
3781 27689
3782 27170
3782 17784
3782 19689
3782 20790
3782 27367
3782 27441
3782 27571
3782 21806
3782 27724
3782 12399
3782 26084
3782 17004
3782 26049
3782 27416
3782 27978
3782 27981
3782 17093
3782 17252
3782 27706
3782 27894
3782 26966
3782 27660
3782 28025
3782 27971
3782 27652
3783 18216
3783 14610
3783 17461
3783 16829
3783 18157
3783 17142
3783 12016
3783 12783
3783 13346
3783 13460
3783 17148
3783 17681
3783 19419
3783 21603
3783 13138
3783 19807
3783 21904
3783 24617
3783 24382
3783 14286
3783 17351
3783 16491
3783 20539
3783 14812
3783 14969
3783 21122
3783 25420
3783 15376
3783 23408
3783 16419
3783 15988
3784 12178
3784 13469
3784 13722
3784 15039
3784 20007
3784 20749
3784 20763
3784 20992
3784 21429
3784 18647
3784 21833
3784 23540
3784 17521
3784 19513
3784 23529
3784 13723
3785 20462
3785 23073
3785 19249
3785 24102
3785 21898
3785 20282
3785 14329
3785 14843
3785 17333
3785 25311
3785 17071
3785 25486
3785 20058
3785 22769
3785 26963
3785 15032
3785 24824
3785 20123
3785 23072
3786 13363
3786 17449
3786 17986
3786 19006
3786 19724
3786 23969
3786 17751
3786 17515
3787 19667
3787 18644
3787 11885
3787 24955
3787 18038
3787 19424
3787 16306
3787 27718
3787 21231
3787 22133
3788 13013
3788 15363
3788 12364
3788 12141
3788 12589
3788 17840
3788 22006
3788 11973
3788 19353
3788 12922
3788 13580
3788 14570
3788 21302
3788 20036
3788 13007
3788 24934
3788 26002
3788 24538
3788 20608
3788 22350
3788 25669
3788 21917
3788 27283
3788 27731
3788 13700
3788 23051
3788 13083
3788 27808
3788 24911
3789 12095
3789 25362
3789 21028
3789 16754
3789 14284
3790 17284
3790 18089
3790 19836
3790 23329
3790 23679
3790 24653
3790 13351
3790 26048
3790 23458
3790 11882
3790 12661
3790 13077
3790 13506
3790 15688
3790 20090
3790 21437
3790 27130
3790 15523
3790 18605
3791 12336
3791 12228
3791 12540
3791 18519
3791 18761
3791 17121
3791 18090
3791 18114
3791 18713
3791 20896
3791 22818
3791 23075
3791 23580
3791 23411
3791 22095
3791 26342
3791 26995
3791 20247
3791 27641
3791 27671
3792 23440
3792 23219
3792 24373
3792 23870
3792 26077
3792 26841
3792 27224
3792 25405
3792 27808
3792 25147
3792 27406
3793 16652
3793 11910
3793 19461
3793 20352
3793 18796
3793 21000
3793 25803
3793 13131
3793 15898
3793 23144
3793 13704
3794 23694
3794 12139
3794 24586
3794 12406
3794 12662
3794 21208
3794 21209
3794 21954
3794 22289
3794 19979
3794 16962
3794 25781
3794 26304
3794 18276
3794 16419
3794 12436
3794 11873
3794 24884
3794 11923
3794 19419
3794 26274
3794 27286
3794 27575
3794 21806
3794 27629
3794 21627
3794 27876
3794 16721
3794 21338
3794 27406
3794 12801
3795 25852
3795 17409
3795 19470
3795 20000
3795 20145
3796 13733
3796 22610
3796 18588
3796 23187
3796 18841
3796 14034
3796 20912
3797 12141
3797 26055
3797 18842
3797 25834
3797 22369
3797 22297
3797 24538
3797 27416
3797 27978
3797 28065
3798 14276
3798 13271
3798 15126
3798 15560
3798 22899
3798 18735
3798 20202
3799 20735
3799 22803
3799 21000
3799 24804
3799 25652
3799 24643
3799 26047
3799 26260
3799 22350
3799 25942
3799 25712
3799 26874
3799 26995
3799 27674
3800 16994
3800 21005
3800 12540
3800 12829
3800 23607
3800 12305
3800 18110
3800 15751
3800 13962
3800 19494
3801 14853
3801 16731
3801 16434
3801 17818
3801 14780
3801 22818
3801 17093
3801 21267
3801 13761
3801 21000
3801 17528
3801 22002
3801 26340
3801 22350
3801 26810
3801 24910
3801 26874
3801 18961
3801 26912
3801 27432
3801 24243
3801 20901
3801 14506
3801 27630
3801 28021
3801 27777
3801 27406
3802 19052
3802 16322
3802 15801
3802 13007
3802 16659
3802 19065
3802 17253
3802 22586
3802 22575
3802 18503
3802 16207
3802 27322
3802 22244
3802 24857
3803 12013
3803 13353
3803 14158
3803 14183
3803 14438
3803 17603
3803 20094
3803 21276
3803 22629
3803 17293
3803 17600
3803 19450
3803 19930
3803 16617
3803 23753
3804 27069
3804 21593
3804 25207
3804 27075
3804 27160
3804 22425
3804 27248
3804 27213
3804 21560
3805 19588
3805 15971
3805 15886
3805 16658
3805 23959
3805 22991
3805 22992
3806 13349
3806 15162
3806 19069
3806 13021
3806 12347
3806 12822
3806 17078
3806 17526
3806 20500
3806 16224
3806 19785
3806 20128
3806 15493
3806 14962
3806 22001
3806 17847
3806 11912
3806 15388
3806 13131
3806 13894
3806 22664
3806 25654
3806 22348
3806 26804
3806 11923
3806 17672
3806 11882
3806 16954
3806 20511
3806 21731
3806 24860
3806 25420
3806 13301
3806 24284
3806 17229
3806 26261
3806 12127
3806 23630
3807 14514
3807 17293
3807 14871
3807 12226
3807 12544
3807 19047
3807 19756
3807 17939
3807 18126
3807 22819
3807 18929
3807 23983
3807 20222
3807 26069
3807 26995
3808 12752
3808 17856
3808 22132
3808 16175
3808 23108
3808 26117
3809 14186
3809 17870
3809 13864
3809 12465
3809 17727
3809 24695
3809 13930
3809 18565
3809 17039
3809 12763
3809 16569
3809 16595
3809 21544
3809 26549
3809 17607
3810 25348
3810 15119
3810 23087
3810 11938
3810 12417
3810 15054
3810 23615
3811 12388
3811 12368
3811 14669
3811 15737
3811 22527
3811 18677
3811 18010
3811 15819
3811 20428
3812 14225
3812 16963
3812 21560
3812 22753
3812 25527
3812 12197
3812 12640
3812 13427
3812 14415
3812 19377
3812 19400
3812 19627
3812 20919
3812 22201
3812 24305
3812 12145
3812 20724
3812 24549
3812 26791
3812 26939
3812 27774
3812 16993
3812 18170
3812 19712
3812 20449
3812 21885
3812 22364
3812 23272
3812 27217
3812 27675
3812 21229
3812 16315
3812 18039
3813 14878
3813 16190
3813 12143
3813 15477
3813 20199
3813 19891
3813 20935
3813 19881
3813 21683
3813 22125
3813 24184
3813 24585
3813 24606
3813 23905
3813 19064
3813 23897
3813 24300
3813 22298
3813 26737
3813 25111
3813 17794
3813 21380
3813 27012
3813 26989
3813 22826
3813 13693
3813 27966
3813 25928
3813 23000
3813 27608
3814 27531
3814 23144
3814 27682
3814 28028
3814 27790
3814 24876
3814 23065
3814 27914
3814 27291
3814 27013
3814 27037
3814 27628
3814 27214
3814 28008
3814 23092
3814 28038
3814 27913
3814 27540
3814 27721
3814 26730
3814 27955
3815 17064
3815 12197
3815 15976
3815 20127
3815 14563
3815 14798
3815 16250
3815 27199
3815 27079
3816 15015
3816 18100
3816 14787
3816 19386
3816 22462
3816 23121
3817 11852
3817 14603
3817 25628
3817 12139
3817 14633
3817 21618
3817 12348
3817 15617
3817 14534
3817 19187
3817 26759
3817 16424
3817 23265
3817 27998
3817 28040
3817 28055
3817 28094
3818 12375
3818 13523
3818 13665
3818 15499
3818 16106
3818 19877
3819 19995
3819 17178
3819 21823
3819 12712
3819 18800
3819 21335
3819 24598
3820 14088
3820 15665
3820 17122
3820 19009
3820 17731
3820 16817
3820 14048
3820 11944
3820 22851
3820 21709
3820 24169
3820 22937
3820 24266
3820 24589
3820 24808
3820 17613
3820 25270
3820 21579
3820 24216
3820 25266
3820 18661
3820 22298
3820 26606
3820 20330
3820 26818
3820 27389
3820 27560
3820 27732
3820 17881
3820 27731
3820 27837
3820 27722
3820 17848
3820 27899
3821 21482
3821 11973
3821 12430
3821 12974
3821 14223
3821 16317
3821 16948
3821 17461
3821 20595
3821 22290
3821 24836
3821 26759
3821 13379
3821 24001
3821 26927
3821 17767
3821 22122
3821 14888
3821 19901
3821 20298
3821 25935
3821 26216
3821 26219
3821 26985
3821 25431
3822 23267
3822 12693
3822 23112
3822 23293
3822 20672
3822 21954
3822 18174
3822 24931
3823 25452
3823 14110
3823 21397
3823 22468
3823 23159
3823 26426
3824 20086
3824 23702
3824 12348
3824 14766
3824 19843
3824 22959
3824 16313
3824 21327
3824 16629
3824 22402
3824 17635
3824 21583
3824 12243
3824 25494
3824 16443
3824 17183
3824 19363
3824 19841
3824 20863
3825 27198
3825 27286
3825 27834
3825 21768
3825 27932
3826 18748
3826 12180
3826 15524
3826 22733
3826 23104
3827 27544
3827 16384
3827 27181
3827 27603
3827 27445
3828 15596
3828 11917
3828 25654
3828 27065
3828 26995
3828 27415
3828 27198
3828 27609
3828 27915
3829 19289
3829 24206
3829 25007
3829 25899
3829 13863
3829 22456
3829 26663
3829 13184
3829 24810
3829 15915
3829 17345
3830 13574
3830 13903
3830 11981
3830 12891
3830 17988
3830 18865
3830 20090
3830 12864
3830 24902
3830 17074
3830 16962
3830 12909
3830 26881
3830 22164
3830 22623
3830 12315
3830 24559
3830 15364
3830 21032
3830 23795
3830 17171
3830 17893
3830 20660
3831 12124
3831 12125
3831 18545
3831 12740
3831 12160
3831 15898
3831 23564
3831 27248
3832 17093
3832 19656
3832 13131
3832 21529
3832 12888
3832 20970
3833 16628
3833 20896
3833 13306
3833 23214
3833 12195
3833 19838
3833 25683
3834 12464
3834 15519
3834 18766
3834 12925
3834 19367
3834 19755
3834 19216
3834 20043
3834 19753
3834 19756
3834 20432
3834 24258
3834 22134
3834 26055
3834 26897
3835 19149
3835 16416
3835 20000
3835 14087
3835 17304
3835 19946
3835 24147
3835 18154
3835 23531
3835 20661
3836 16219
3836 23107
3836 23925
3836 21743
3836 12905
3836 19001
3836 25913
3836 23282
3836 25790
3836 13793
3836 17407
3836 18608
3836 23388
3836 15424
3836 26708
3837 27264
3837 14445
3837 26321
3837 13094
3837 23727
3837 13434
3838 14761
3838 17552
3838 20632
3838 21177
3838 19312
3838 25040
3838 13421
3838 13420
3838 16091
3838 18931
3838 19367
3838 12904
3838 21148
3838 25465
3839 12879
3839 13625
3839 24764
3839 24183
3839 26343
3839 24277
3839 27281
3840 18171
3840 21549
3840 23112
3840 25438
3840 20073
3841 20062
3841 13761
3841 15493
3841 21711
3841 21804
3841 24771
3841 22000
3841 24884
3841 26874
3841 24388
3841 27436
3841 27401
3841 27431
3841 25405
3841 27551
3841 27641
3841 27777
3841 27652
3842 22556
3842 12828
3842 15801
3842 12175
3842 20942
3843 12478
3843 22265
3843 12634
3843 16595
3843 21668
3843 22784
3843 19002
3843 24510
3843 23294
3843 25568
3843 23355
3843 26069
3843 24508
3843 26172
3843 22746
3843 24947
3843 25564
3843 25977
3843 20834
3843 27369
3843 27581
3843 27704
3843 27894
3843 26308
3844 18812
3844 23248
3844 26943
3844 27365
3844 27531
3844 23144
3844 28028
3844 25056
3844 27913
3844 23941
3844 27666
3844 27214
3844 27538
3844 27896
3844 28038
3844 27682
3844 28008
3844 27986
3845 11844
3845 12505
3845 18065
3845 19153
3845 12620
3845 14610
3845 18735
3845 20625
3845 15254
3845 20558
3845 21244
3845 11887
3845 11879
3845 12036
3845 18498
3845 24944
3845 17309
3845 26055
3845 26224
3845 26644
3845 18909
3845 22777
3845 23082
3845 16881
3845 22167
3845 25811
3845 26995
3845 25653
3845 28060
3845 27945
3845 27948
3845 27911
3845 28093
3845 27646
3846 12201
3846 20807
3846 17986
3846 20439
3846 19028
3846 19919
3846 26125
3847 14887
3847 20503
3847 17046
3847 19572
3847 22130
3847 18334
3847 23387
3847 20232
3847 18554
3848 22400
3848 26750
3848 27500
3848 27499
3848 27283
3848 21121
3848 28037
3848 28084
3848 21794
3849 20151
3849 19078
3849 26055
3849 25575
3849 25557
3849 22412
3850 17297
3850 16202
3850 15246
3850 15364
3850 19555
3850 20447
3850 21021
3851 17044
3851 23484
3851 19108
3851 19353
3851 19271
3851 16499
3851 23173
3851 26750
3852 15375
3852 20776
3852 14327
3852 14607
3852 15398
3853 13360
3853 16165
3853 16538
3853 17921
3853 23244
3853 17924
3854 14848
3854 15065
3854 15741
3854 23273
3854 19804
3854 20654
3854 12409
3854 19089
3855 14880
3855 15766
3855 26195
3855 18495
3855 19528
3855 12905
3856 21537
3856 14465
3856 12974
3856 12389
3856 20116
3856 20202
3856 20503
3856 23600
3857 12356
3857 12952
3857 13845
3857 14895
3857 14721
3857 12804
3857 15405
3857 15539
3857 17770
3857 21474
3857 24332
3857 22783
3857 24669
3857 18753
3857 25188
3858 17900
3858 12510
3858 19955
3858 18565
3858 24205
3858 12894
3859 19961
3859 24639
3859 24293
3859 24736
3859 24515
3859 26168
3859 26313
3859 25768
3859 26522
3859 27498
3859 27499
3859 27915
3859 28084
3860 15495
3860 12804
3860 13888
3860 18910
3860 20863
3860 19065
3860 21386
3860 14237
3860 14352
3860 16274
3860 14052
3860 25252
3860 17703
3860 19971
3860 17521
3860 16259
3860 20712
3860 15000
3860 16065
3860 18255
3860 13882
3860 15691
3860 15911
3861 18811
3861 16065
3861 18099
3861 13613
3861 12408
3861 14703
3861 21081
3861 14190
3861 25319
3861 24917
3861 25628
3861 22145
3862 15863
3862 20473
3862 15825
3862 11853
3862 20626
3862 18743
3862 19759
3862 17644
3863 14464
3863 19435
3863 14964
3863 18460
3863 25521
3863 24639
3863 15079
3863 12301
3863 11951
3863 23528
3863 27211
3863 12302
3863 27358
3863 14465
3863 19727
3864 13013
3864 14607
3864 22284
3864 13138
3864 23288
3864 15244
3864 13000
3864 27419
3865 21483
3865 25814
3865 25994
3865 16848
3865 20788
3865 13597
3865 27349
3865 20725
3865 18611
3865 19096
3865 21701
3865 24561
3865 24842
3865 26454
3866 15201
3866 26487
3866 11890
3866 12914
3866 14066
3866 15785
3866 19702
3866 17742
3866 26922
3866 15302
3866 22291
3866 21175
3866 20525
3866 25803
3866 12891
3866 17103
3866 19560
3867 14039
3867 16471
3867 12203
3867 13164
3867 13962
3867 15453
3867 25246
3867 23124
3867 14371
3867 17127
3867 24331
3867 21184
3867 22664
3867 16255
3868 14002
3868 14001
3868 12342
3868 12343
3868 12469
3868 12693
3868 13278
3868 16400
3868 16818
3868 22256
3868 24956
3868 18277
3868 24812
3868 23862
3869 14244
3869 15703
3869 16388
3869 22449
3869 22538
3869 15379
3869 12246
3869 19661
3869 12036
3869 23668
3869 20061
3869 22773
3869 11857
3869 14679
3869 24653
3869 14787
3870 25816
3870 20188
3870 21672
3870 16944
3870 15793
3870 22734
3870 24929
3870 27383
3870 27779
3870 27647
3871 14081
3871 13590
3871 14167
3871 17256
3871 18715
3871 22127
3871 19021
3871 24182
3872 24298
3872 26474
3872 12440
3872 26809
3872 21508
3872 27229
3872 22145
3872 27282
3872 27571
3872 25267
3872 24026
3872 27416
3872 27938
3872 27876
3872 15695
3872 27991
3872 18137
3872 27660
3872 28084
3872 25296
3872 27712
3873 12822
3873 19477
3873 18832
3873 13262
3873 23503
3873 24978
3874 12471
3874 24048
3874 25991
3874 12201
3874 14465
3874 13315
3875 12692
3875 16481
3875 23410
3875 25492
3875 25575
3875 26203
3875 16419
3875 27200
3876 19470
3876 19920
3876 22631
3876 23187
3876 21768
3876 22397
3876 14996
3876 23392
3877 15766
3877 15221
3877 12118
3877 14121
3877 18780
3877 19461
3877 25071
3877 27296
3877 27745
3877 27716
3877 27854
3877 27858
3877 27756
3877 28009
3877 28007
3877 28082
3877 28062
3877 28085
3877 28086
3877 28076
3877 28078
3877 28077
3877 28067
3877 28055
3878 13980
3878 17293
3878 13142
3878 16977
3878 16758
3878 21121
3878 23798
3878 17779
3878 13125
3878 13525
3878 15399
3878 16335
3878 24120
3878 26329
3879 25602
3879 26055
3879 26339
3879 27191
3879 26103
3879 27204
3879 27960
3880 24754
3880 18954
3880 26807
3880 12145
3880 23269
3880 24138
3880 25595
3880 26045
3881 23906
3881 22297
3881 22369
3881 22350
3881 27440
3881 26493
3881 27731
3881 28005
3882 21338
3882 25003
3882 22150
3882 23255
3882 14575
3882 18344
3882 18606
3882 27420
3882 13475
3882 14633
3882 15266
3882 19477
3882 26379
3882 12358
3882 12428
3882 17175
3882 13058
3882 17329
3882 26690
3882 22967
3882 15577
3882 13862
3882 15779
3882 12200
3882 13013
3882 27489
3882 24024
3882 27308
3882 15040
3882 13111
3882 19565
3882 15236
3882 28040
3883 23627
3883 26612
3883 15997
3883 14081
3883 19107
3883 13131
3883 22123
3884 25270
3884 26691
3884 27724
3884 27835
3884 15287
3884 19315
3884 27978
3884 27208
3884 27945
3884 15861
3884 28005
3885 21894
3885 24287
3885 26260
3885 26643
3885 26760
3885 21228
3885 27210
3886 18278
3886 24454
3886 26838
3886 12067
3886 12121
3886 12974
3886 13632
3886 13741
3886 19728
3886 20451
3886 16362
3886 25131
3887 22693
3887 17437
3887 18688
3887 18834
3887 19063
3887 21016
3887 21049
3887 19470
3887 22790
3887 19211
3887 21341
3887 26632
3887 15278
3887 24137
3887 26514
3887 20995
3887 16737
3887 11972
3887 14465
3887 16294
3887 26786
3888 20318
3888 23832
3888 12762
3888 12766
3888 12767
3888 13733
3888 20407
3888 21894
3888 24918
3889 12544
3889 15539
3889 13728
3889 14852
3889 16242
3889 18547
3889 21668
3889 22345
3889 18518
3889 14553
3889 12661
3889 14639
3889 15408
3889 20256
3889 18742
3889 11917
3889 24027
3889 13191
3889 25201
3889 19509
3890 28087
3890 21142
3890 24342
3890 21833
3890 23682
3890 24222
3891 22605
3891 21645
3891 14926
3891 18734
3891 22805
3891 25551
3891 25668
3891 19398
3892 22439
3892 18614
3892 14919
3892 13384
3892 16424
3892 25650
3892 12348
3892 14350
3892 11844
3892 17743
3892 24331
3893 12585
3893 16274
3893 18274
3893 19952
3893 12722
3893 27117
3893 24694
3894 12485
3894 12280
3894 19587
3894 12693
3894 14190
3894 12780
3894 15201
3894 15351
3895 15766
3895 20658
3895 21439
3895 12749
3895 18977
3895 19503
3895 17807
3895 23692
3895 26313
3895 26930
3895 26851
3895 27221
3895 27824
3895 27885
3895 26756
3895 27644
3895 27813
3895 27550
3896 19939
3896 19884
3896 22717
3896 18825
3896 12026
3897 14888
3897 20540
3897 19274
3897 23046
3897 16240
3897 16586
3897 16460
3897 25159
3897 26195
3897 26754
3897 22003
3897 25648
3897 27546
3898 12693
3898 15221
3898 14368
3898 22127
3898 15963
3898 12281
3898 14343
3898 23639
3898 26609
3898 17846
3898 18666
3898 18581
3898 23150
3898 25334
3898 25425
3898 27187
3898 23114
3898 27636
3898 23549
3898 16285
3898 25681
3898 27678
3899 12367
3899 14244
3899 13925
3899 23306
3899 25292
3899 26261
3899 25294
3899 13595
3899 20922
3899 15578
3899 24404
3899 25382
3899 21141
3899 14578
3899 27705
3900 17477
3900 15594
3900 24956
3900 25712
3900 27415
3900 26820
3901 15032
3901 15915
3901 13536
3901 15656
3901 15726
3901 19783
3902 16157
3902 17999
3902 15656
3902 12348
3902 26535
3902 27184
3902 27200
3902 27186
3902 21529
3902 18224
3902 27179
3902 27491
3902 20535
3902 12139
3902 27941
3902 26049
3902 27876
3902 27175
3903 12484
3903 15766
3903 14120
3903 15103
3903 22669
3903 12345
3903 12406
3903 21332
3903 21674
3903 13586
3903 21579
3903 23972
3903 14389
3903 12150
3903 13041
3903 19249
3903 26442
3903 15355
3903 18233
3903 18451
3903 22006
3903 25300
3903 27415
3903 18061
3904 12850
3904 24254
3904 20211
3904 22504
3904 25144
3904 25649
3904 26896
3904 26787
3904 27911
3905 20313
3905 19985
3905 18308
3905 19560
3905 12287
3905 16155
3906 22358
3906 18541
3906 21180
3906 15112
3906 23194
3907 23566
3907 22729
3907 26078
3907 18276
3907 27198
3907 28093
3908 14244
3908 17106
3908 14813
3908 25464
3908 16235
3908 21386
3908 25625
3908 17287
3908 24504
3908 25624
3908 26591
3908 12662
3908 17323
3908 17794
3908 20874
3908 19671
3908 21693
3908 22139
3908 22524
3908 23003
3908 24101
3908 26771
3908 27737
3908 27285
3908 24662
3909 20770
3909 22287
3909 22813
3909 16818
3909 25358
3909 11905
3909 14066
3909 17794
3909 23072
3909 18909
3909 27162
3909 16093
3909 20528
3909 14517
3909 25844
3909 27179
3909 15947
3909 12141
3909 27819
3910 21260
3910 18564
3910 24751
3910 21667
3910 22343
3910 23553
3910 14122
3910 26383
3910 26484
3910 27698
3911 16230
3911 24162
3911 24161
3911 25652
3911 25266
3911 26490
3911 26874
3911 27199
3911 27201
3911 27543
3911 27777
3911 27890
3912 12066
3912 12424
3912 14950
3912 12687
3912 12464
3912 17627
3912 12844
3912 23369
3912 12422
3912 25557
3913 12056
3913 13658
3913 11908
3913 23179
3913 11867
3913 18238
3913 18647
3913 20166
3913 15124
3913 20145
3913 14901
3913 17654
3913 18525
3914 24588
3914 24944
3914 25283
3914 26055
3914 25253
3914 22494
3915 14092
3915 17125
3915 20343
3915 23480
3915 17196
3915 20772
3916 21530
3916 17990
3916 25927
3916 26341
3916 26166
3916 12034
3916 27310
3916 21123
3916 27466
3917 22193
3917 23247
3917 19558
3917 19071
3917 26915
3917 23621
3917 20123
3917 15896
3917 24546
3917 17698
3917 12895
3917 26365
3917 25760
3917 20535
3917 17980
3917 19560
3917 15760
3918 16912
3918 11901
3918 13012
3918 14168
3918 18242
3918 14090
3918 12456
3918 13862
3918 16016
3918 16110
3918 16619
3918 17210
3918 22271
3918 15959
3918 15961
3918 16824
3918 23549
3918 14279
3918 17921
3918 18397
3918 22070
3918 26030
3918 14343
3918 23203
3918 18048
3918 22907
3918 20639
3918 14237
3918 22196
3919 16414
3919 13536
3919 12116
3919 14906
3919 17536
3919 23937
3919 13018
3919 16632
3919 18621
3919 23354
3919 26247
3920 20859
3920 19435
3920 23123
3920 16215
3920 23368
3921 16611
3921 14916
3921 12290
3921 15470
3921 16481
3921 16616
3921 17046
3921 18364
3921 18616
3921 19470
3921 20976
3921 22826
3921 23137
3921 15267
3921 25030
3921 19127
3921 23138
3921 17243
3921 19821
3921 20318
3921 15766
3921 15185
3921 21814
3921 12141
3921 17183
3921 17985
3921 26929
3921 20094
3921 25639
3922 14072
3922 12796
3922 12543
3922 17705
3922 24652
3922 20192
3922 13485
3922 16217
3922 20031
3922 26906
3922 26851
3923 21175
3923 25229
3923 18476
3923 13025
3923 14247
3923 27396
3923 14052
3923 11982
3923 11984
3923 16245
3923 19092
3923 26844
3923 21727
3923 27595
3923 24339
3923 28039
3923 19584
3924 12579
3924 18529
3924 18263
3924 27295
3924 16828
3924 24044
3924 23003
3924 16107
3924 22139
3924 17394
3924 25595
3924 17826
3924 27069
3924 23264
3924 22933
3925 24724
3925 24606
3925 24214
3925 25501
3925 18080
3925 22746
3925 26691
3925 24022
3925 11923
3925 26113
3925 27121
3925 27249
3925 20834
3925 27285
3925 18830
3925 27416
3925 27865
3925 27715
3925 17190
3925 27660
3925 18857
3925 28026
3925 27955
3925 28046
3925 28040
3925 28065
3925 28094
3926 22545
3926 19598
3926 19488
3926 25380
3926 25591
3926 22420
3927 14002
3927 14572
3927 12912
3927 13328
3927 14392
3927 18917
3927 21220
3927 11909
3927 11947
3927 12017
3927 13146
3927 13391
3927 13436
3927 13807
3927 13980
3927 14310
3927 14645
3927 14926
3927 15961
3927 16121
3927 16887
3927 16995
3927 17301
3927 18918
3927 19323
3927 19595
3927 19693
3927 21163
3927 22429
3927 27552
3927 17046
3927 17343
3927 19046
3928 15300
3928 17911
3928 23178
3928 12750
3928 22836
3929 11934
3929 20891
3929 15775
3929 16830
3929 25534
3929 18089
3929 23822
3930 16818
3930 14590
3930 13507
3930 15130
3930 19353
3930 17517
3931 13670
3931 13218
3931 17307
3931 16066
3931 12707
3931 22174
3931 23782
3931 26040
3932 21338
3932 23978
3932 24085
3932 14691
3932 18526
3932 16085
3932 17949
3932 23988
3932 24961
3932 27587
3932 13265
3932 13266
3932 13862
3932 15468
3932 15645
3932 16743
3932 19262
3932 20239
3932 25111
3932 26609
3932 15132
3932 16972
3932 22221
3932 24264
3932 12011
3932 26854
3933 11847
3933 17335
3933 16195
3933 12522
3933 27224
3934 12154
3934 18096
3934 13051
3934 17554
3934 23403
3934 12430
3934 13756
3935 12073
3935 13424
3935 15178
3935 13239
3935 23063
3935 20690
3935 13202
3935 13389
3935 20564
3935 24668
3935 24669
3935 24673
3935 26240
3935 27170
3935 12007
3935 12444
3935 13324
3935 13545
3935 21148
3935 23150
3935 26719
3935 11896
3935 13461
3935 16013
3935 21141
3935 21205
3935 21491
3935 26787
3935 14719
3935 15863
3935 13455
3935 21806
3936 12366
3936 21667
3936 22782
3936 23680
3936 24169
3936 24666
3936 24574
3936 23845
3936 25266
3936 25188
3936 22568
3936 26412
3936 27171
3936 27582
3936 27978
3936 27616
3936 27969
3937 13479
3937 15989
3937 13984
3937 20357
3937 21560
3938 20937
3938 25441
3938 25492
3938 25471
3938 27201
3938 27351
3938 27902
3938 22354
3938 28036
3939 11959
3939 14327
3939 13004
3939 24184
3939 24643
3939 19028
3939 25866
3939 26260
3940 15645
3940 16225
3940 11916
3940 14026
3940 14815
3940 18053
3940 13981
3940 16359
3940 20749
3940 13754
3940 15938
3940 23558
3940 13146
3940 17131
3940 15870
3940 21589
3940 12489
3940 18187
3940 18901
3940 11867
3940 20815
3940 15495
3940 20688
3940 12581
3940 12017
3940 15946
3940 21746
3940 23379
3940 11860
3941 23642
3941 26644
3941 22412
3941 27205
3941 27226
3941 16133
3941 27184
3941 25068
3941 27188
3941 27560
3941 27731
3941 27551
3941 27770
3941 25653
3941 27989
3941 27899
3941 28046
3942 13237
3942 20937
3942 23808
3942 24505
3942 14683
3942 15883
3942 23384
3942 15624
3942 25519
3942 25683
3942 20793
3942 15399
3942 22808
3942 14138
3942 12171
3942 15777
3942 20146
3943 20426
3943 15301
3943 21517
3943 24079
3943 24103
3944 25579
3944 17293
3944 16382
3944 25213
3944 26861
3944 12819
3945 22413
3945 20202
3945 21916
3945 27224
3945 24808
3945 12208
3945 13611
3945 14110
3945 22536
3945 22704
3945 21663
3945 27381
3945 13676
3945 27903
3946 24017
3946 25708
3946 16772
3946 16065
3946 11863
3946 24807
3946 13284
3946 18834
3946 27092
3946 27859
3947 19145
3947 12687
3947 17464
3947 24577
3947 13757
3947 25527
3947 12540
3947 20312
3947 13096
3947 18544
3947 18708
3948 20356
3948 22164
3948 18763
3948 25392
3948 23634
3949 18913
3949 13727
3949 17519
3949 20507
3949 21591
3949 16292
3949 24652
3949 25392
3949 24978
3949 25699
3949 23281
3949 21636
3950 12913
3950 24109
3950 23603
3950 13825
3950 22217
3950 26294
3950 17479
3950 24189
3950 14885
3951 19224
3951 22570
3951 22750
3951 21709
3951 13761
3951 24589
3951 23702
3951 25035
3951 20771
3951 26895
3951 25557
3951 27440
3951 27198
3951 20901
3951 27221
3951 25957
3951 27416
3951 27941
3951 27704
3951 19367
3951 27660
3951 28090
3951 20535
3951 27550
3951 27978
3952 12699
3952 15255
3952 15644
3952 14795
3952 14168
3952 14167
3952 12474
3952 21031
3952 18089
3952 12096
3952 14914
3952 19295
3952 14052
3952 13283
3952 20496
3952 17750
3952 19283
3952 17610
3952 13353
3953 12917
3953 14684
3953 14726
3953 12652
3953 18289
3953 19319
3953 16815
3953 23515
3953 24017
3953 20790
3953 27526
3953 26757
3954 19538
3954 21828
3954 23017
3954 19510
3954 17814
3954 13350
3954 22186
3954 17486
3954 16915
3954 12499
3954 23813
3955 24666
3955 24183
3955 25487
3955 26996
3955 27609
3955 27704
3956 19361
3956 13893
3956 17886
3956 24243
3956 24978
3956 26667
3956 27458
3956 26414
3957 12917
3957 14327
3957 16585
3957 15096
3957 14804
3957 14315
3957 14316
3957 14314
3957 16259
3957 15783
3957 23088
3957 18689
3957 22209
3957 25415
3957 25726
3957 17392
3958 20431
3958 20432
3958 23075
3958 23560
3958 24666
3958 23518
3958 26341
3959 17057
3959 13748
3959 23714
3959 17335
3959 22816
3959 20366
3959 26601
3959 23873
3959 23878
3959 24822
3959 25855
3959 18627
3959 26994
3959 19847
3959 27174
3959 16595
3959 23770
3959 26677
3959 27107
3959 21259
3959 27139
3959 27112
3959 27207
3959 27519
3959 27221
3959 27518
3959 27444
3959 27941
3959 26246
3959 27905
3959 27991
3960 19224
3960 27171
3960 27552
3960 14506
3960 26726
3960 27721
3960 27581
3960 27762
3960 27855
3960 27625
3960 27881
3960 27901
3960 26695
3960 27991
3960 26919
3960 27539
3960 28029
3960 14985
3960 27594
3960 24509
3960 27628
3961 11901
3961 13791
3961 12700
3961 12243
3961 17762
3961 19263
3961 17938
3961 20217
3961 20030
3961 11895
3961 12438
3961 20929
3961 16922
3961 19527
3962 11984
3962 15156
3962 17290
3962 24195
3962 17591
3962 25652
3962 23815
3962 26796
3963 13655
3963 17629
3963 19894
3963 12495
3963 21724
3963 23065
3963 20948
3963 23144
3963 13704
3963 25863
3963 26343
3963 25848
3963 24802
3963 26760
3963 26523
3963 24916
3963 15961
3963 26995
3963 26960
3963 27436
3963 27615
3963 15758
3963 26246
3964 22174
3964 19493
3964 26759
3964 25595
3964 17042
3965 12719
3965 12271
3965 23474
3965 24186
3965 23518
3965 25054
3965 21894
3965 26167
3965 26486
3965 26995
3965 26928
3965 27280
3965 25653
3965 28044
3966 13437
3966 21612
3966 22727
3966 14862
3966 17612
3966 21218
3967 24577
3967 24494
3967 25800
3967 26106
3967 25654
3967 25978
3967 19390
3967 26894
3967 26897
3967 18579
3967 27198
3967 27222
3967 27544
3967 24107
3967 27581
3967 27861
3967 25653
3967 26757
3967 27920
3968 14024
3968 15022
3968 13725
3968 17381
3968 20065
3968 11896
3968 24666
3968 22742
3968 26260
3968 19703
3968 21165
3968 22057
3968 22728
3968 26412
3968 25837
3969 13327
3969 14756
3969 15258
3969 16933
3969 17022
3969 18981
3969 19438
3969 20915
3969 21216
3969 16821
3969 23622
3969 24064
3969 22998
3969 17309
3969 15259
3969 17116
3969 24856
3969 13306
3969 17675
3969 19353
3969 25135
3969 15805
3969 19832
3969 26556
3969 26497
3969 12141
3969 15536
3969 22294
3969 16339
3969 22407
3969 20973
3969 23303
3969 15234
3969 26003
3969 14502
3969 16137
3969 19733
3969 25762
3970 13759
3970 17273
3970 20386
3970 23579
3970 21833
3970 11905
3970 23040
3970 20486
3970 25400
3970 23732
3970 12151
3970 12801
3970 15947
3970 14603
3970 17631
3970 17869
3971 24590
3971 19008
3971 23945
3971 25520
3971 23642
3971 26896
3971 27560
3971 24026
3971 27722
3971 26685
3972 23921
3972 12139
3972 13301
3972 14412
3972 15430
3972 15892
3972 21272
3972 23370
3972 21487
3972 11912
3972 16776
3972 21645
3972 19629
3972 22373
3972 13478
3972 19818
3972 15976
3972 20749
3972 25131
3972 15998
3972 20754
3972 16366
3972 16740
3972 20760
3972 24919
3972 25226
3972 27416
3972 16481
3972 26900
3973 23906
3973 24543
3973 24643
3973 22550
3973 26313
3973 26164
3973 23292
3973 26937
3973 25405
3973 27560
3973 14236
3973 14240
3973 27618
3973 27899
3974 12167
3974 21369
3974 25266
3974 26523
3974 13482
3974 27646
3974 27978
3975 15615
3975 18147
3975 19560
3975 21769
3975 23882
3975 26873
3976 19048
3976 14939
3976 22678
3976 27221
3976 17810
3977 22974
3977 25903
3977 21891
3977 18000
3977 23650
3977 14725
3977 12993
3978 14288
3978 24581
3978 12687
3978 16595
3978 19065
3978 23065
3979 19858
3979 12030
3979 15109
3979 20313
3979 14110
3980 26394
3980 18909
3980 22568
3980 25557
3980 25757
3980 26740
3980 27638
3980 28021
3981 13935
3981 14261
3981 18220
3981 24590
3981 24435
3982 12434
3982 12269
3982 16681
3982 13255
3982 14158
3982 16274
3982 19470
3982 22845
3982 15783
3982 26130
3982 15161
3983 18234
3983 23236
3983 21199
3983 22676
3983 25387
3984 27842
3984 27831
3984 27754
3984 27714
3984 28065
3984 28067
3984 28056
3984 28074
3984 28076
3984 20912
3984 23629
3984 26772
3984 27517
3984 27797
3984 24216
3984 28070
3984 27789
3984 27740
3984 18475
3984 20298
3984 15885
3984 27550
3984 28071
3984 28095
3985 19065
3985 19949
3985 14150
3985 21474
3985 22505
3985 23747
3985 24186
3985 22091
3985 21887
3985 24808
3985 24213
3986 22573
3986 12348
3986 21812
3986 20766
3986 16831
3986 19087
3986 13011
3986 21121
3986 20937
3986 14190
3986 16033
3986 14225
3986 20253
3986 24306
3986 14543
3986 26594
3986 15167
3986 15228
3986 20720
3986 20936
3986 26605
3986 16032
3987 22633
3987 13658
3987 18708
3987 18162
3987 23540
3987 12693
3987 15587
3987 23570
3987 23798
3987 18276
3987 20753
3987 13961
3987 20375
3987 25125
3987 12850
3987 16538
3988 20646
3988 21296
3988 24588
3988 22939
3988 21710
3988 24162
3988 24643
3988 21593
3988 26912
3988 27579
3988 27431
3988 27685
3988 20901
3988 27565
3988 27649
3988 27819
3988 27938
3988 27941
3988 27709
3988 27707
3988 27991
3988 27999
3988 27717
3988 27988
3988 27238
3988 28083
3988 27563
3988 28074
3988 27517
3988 27554
3988 27797
3988 28018
3988 28056
3989 20213
3989 18212
3989 23906
3989 24537
3989 24534
3989 26055
3989 26348
3989 25677
3989 27065
3989 27200
3989 27964
3989 27507
3989 27885
3989 28091
3990 16149
3990 15343
3990 25590
3990 25841
3990 14223
3990 20818
3991 13798
3991 23095
3991 20950
3991 14412
3991 15665
3991 16895
3991 20145
3992 13660
3992 12105
3992 12438
3992 16277
3992 12334
3992 20159
3992 15694
3992 21507
3992 24274
3992 14826
3992 26880
3992 18941
3992 27085
3992 25142
3992 27857
3992 27709
3992 27707
3992 27706
3992 28012
3993 15241
3993 19191
3993 14025
3993 14026
3993 13203
3993 20628
3993 25057
3993 16290
3993 22326
3993 13131
3993 21170
3993 12348
3993 18811
3993 25111
3993 15905
3993 16032
3993 25613
3993 19589
3993 22016
3994 23517
3994 25388
3994 25270
3994 25283
3994 26620
3994 27388
3994 27437
3994 27145
3994 27379
3994 27983
3994 26494
3995 14062
3995 15524
3995 13463
3995 16486
3995 18165
3995 19176
3995 22583
3996 18535
3996 26034
3996 14454
3996 26556
3996 14428
3996 25860
3997 18626
3997 19248
3997 13011
3997 15044
3997 17693
3997 17089
3997 14217
3997 13306
3998 14781
3998 17335
3998 24687
3998 17867
3998 14757
3998 25866
3998 21380
3999 15303
3999 17956
3999 22428
3999 24790
3999 16562
4000 14343
4000 20426
4000 24988
4000 12114
4000 12903
4000 13116
4000 14200
4001 13374
4001 23672
4001 18634
4001 20989
4001 12864
4002 15106
4002 17708
4002 21027
4002 14390
4002 22145
4002 26687
4003 15441
4003 22400
4003 17271
4003 19590
4003 23748
4003 24620
4004 14438
4004 17999
4004 11953
4004 14048
4004 15301
4004 20571
4004 15427
4004 17717
4004 14538
4004 23913
4004 18389
4004 12864
4004 15354
4004 15753
4004 16827
4004 17381
4004 12662
4005 24666
4005 20772
4005 25337
4005 27835
4005 27722
4006 15502
4006 19074
4006 12801
4006 14400
4006 25070
4006 25281
4006 13862
4006 17309
4006 21246
4006 26068
4006 15398
4006 19499
4006 23988
4006 15961
4006 17273
4007 20896
4007 24174
4007 23216
4007 26810
4007 17103
4007 16991
4008 19657
4008 16056
4008 28063
4008 13040
4008 25639
4008 12389
4008 19289
4009 17923
4009 18611
4009 18192
4009 15678
4009 12397
4009 12054
4009 12376
4009 12255
4009 25194
4010 18220
4010 20889
4010 22657
4010 22134
4010 23683
4010 24956
4010 25565
4010 26342
4010 26940
4010 23787
4011 11972
4011 12545
4011 14438
4011 15344
4011 13013
4011 12968
4011 14052
4011 16106
4011 12295
4011 13738
4011 22557
4011 25526
4011 25601
4011 12626
4011 23264
4011 25294
4011 25557
4011 11923
4011 27286
4011 26796
4011 27064
4011 26798
4011 14506
4011 27285
4011 28021
4012 18870
4012 12409
4012 17811
4012 21959
4012 16424
4012 21483
4012 22646
4012 20728
4012 21505
4012 22656
4012 15597
4012 20099
4013 12440
4013 19937
4013 19903
4013 13014
4013 27735
4014 22001
4014 19388
4014 24123
4014 25101
4014 22412
4014 23264
4014 24841
4014 25294
4014 11923
4014 26180
4014 26678
4014 27376
4014 22645
4015 13982
4015 12662
4015 25812
4015 17309
4015 18267
4015 23858
4015 26051
4016 11841
4016 24827
4016 24926
4016 25512
4016 23459
4016 25617
4016 25516
4016 25515
4016 25575
4016 19226
4016 24450
4016 25648
4016 19979
4016 22348
4016 26874
4016 12814
4016 13553
4016 20767
4016 11923
4016 27121
4016 27573
4016 17263
4016 20834
4016 25405
4016 27286
4016 27559
4016 26604
4016 27513
4016 27833
4016 13793
4016 13825
4016 27348
4016 20292
4017 14062
4017 14416
4017 17942
4017 20200
4017 20885
4017 21667
4017 22400
4017 23377
4017 15863
4017 23002
4017 17539
4017 24276
4017 25896
4018 15915
4018 19011
4018 20770
4018 23474
4018 13761
4018 21647
4018 21848
4019 12367
4019 13672
4019 15338
4019 14024
4019 21903
4019 13049
4019 18946
4019 18947
4019 19335
4019 27271
4019 19461
4019 21520
4019 25713
4019 15221
4019 28093
4020 12215
4020 16724
4020 24533
4020 21492
4020 23278
4020 23560
4020 20684
4021 12516
4021 21952
4021 24739
4021 24606
4021 25500
4021 27726
4021 27855
4021 25147
4022 12944
4022 19010
4022 18812
4022 21176
4022 16647
4022 24666
4023 18330
4023 18737
4023 21108
4023 25758
4023 25982
4023 17623
4023 18153
4023 21505
4023 21852
4023 22871
4023 23013
4023 25300
4023 15922
4023 26142
4023 26800
4023 12230
4023 16524
4024 11981
4024 23171
4024 23548
4024 23538
4024 18908
4024 20993
4024 14235
4024 20061
4024 26445
4024 25925
4025 12243
4025 16152
4025 21979
4025 12786
4025 19325
4025 16817
4026 20007
4026 23521
4026 26830
4026 24816
4026 24092
4026 25740
4026 21806
4026 25555
4026 26279
4026 14143
4026 19461
4026 26025
4026 26657
4027 22294
4027 21145
4027 22523
4027 19279
4027 16601
4027 24394
4027 24808
4027 19115
4027 25763
4028 21832
4028 24186
4028 13378
4028 21248
4028 25601
4028 26239
4028 25076
4028 25943
4028 26958
4028 27081
4028 27199
4028 26995
4028 27332
4028 27280
4028 27560
4028 27367
4028 25267
4028 27543
4028 28004
4029 17831
4029 14122
4029 27039
4029 12458
4029 15717
4029 23414
4030 12660
4030 14416
4030 17426
4030 16147
4030 20685
4031 27310
4031 25757
4031 27057
4031 26820
4031 27541
4031 27542
4031 25267
4031 27764
4031 21009
4031 27460
4031 27859
4031 26919
4031 27860
4031 22470
4031 27617
4032 14517
4032 15477
4032 16242
4032 18543
4032 21591
4032 21635
4032 22029
4032 22397
4032 22877
4032 23364
4032 24229
4032 15766
4032 13163
4032 19415
4032 19503
4033 20323
4033 26145
4033 23051
4033 12246
4033 18743
4033 21852
4033 14444
4033 12693
4033 24666
4034 21281
4034 18002
4034 22084
4034 23666
4034 23276
4034 23638
4034 24590
4034 24623
4034 23206
4034 24372
4034 23642
4034 26810
4034 27271
4034 27339
4034 27045
4034 27182
4034 27338
4034 27586
4034 27202
4034 27902
4034 27644
4034 27139
4034 28073
4034 27036
4034 27660
4035 21431
4035 12693
4035 22114
4035 15645
4035 19377
4035 25902
4036 13657
4036 14563
4036 20756
4036 20935
4036 16660
4036 21828
4036 24372
4036 21000
4036 23870
4036 24606
4036 20017
4036 24184
4036 25521
4036 13536
4036 25306
4036 22000
4036 18276
4036 26335
4036 23635
4036 18278
4036 16419
4036 24658
4036 27182
4036 27495
4036 15213
4036 15946
4036 17999
4036 25777
4036 25837
4036 12974
4036 21740
4036 27885
4036 26757
4037 15694
4037 19955
4037 25668
4037 15665
4037 19415
4038 18153
4038 25523
4038 18830
4038 25209
4038 25963
4038 17316
4038 15364
4039 17587
4039 19690
4039 12239
4039 18130
4039 21635
4040 15484
4040 15454
4040 16835
4040 12335
4040 17680
4040 12026
4040 13021
4040 12333
4040 16947
4040 14389
4040 13011
4040 14609
4040 13016
4040 13227
4040 16981
4040 14563
4040 12184
4040 12056
4040 13498
4040 14955
4040 22871
4040 12103
4040 23217
4040 24138
4041 18044
4041 19139
4041 25238
4041 26413
4041 25429
4042 14327
4042 23692
4042 24435
4042 24796
4042 24434
4042 12612
4043 23152
4043 21894
4043 25076
4043 25253
4043 26643
4043 24662
4043 26352
4043 24290
4043 27556
4044 12386
4044 15342
4044 15344
4044 15745
4044 13810
4044 17999
4044 13936
4044 13946
4044 18950
4044 18567
4044 12260
4044 12620
4044 18487
4044 14677
4044 15006
4044 21571
4044 13011
4044 14138
4044 15374
4044 17963
4044 19628
4044 17770
4044 21700
4044 13578
4044 13602
4044 15967
4044 14023
4044 20770
4044 22384
4044 21175
4045 11992
4045 21581
4045 13351
4045 14572
4045 14774
4045 15733
4045 22832
4045 18717
4045 22798
4045 23359
4046 23275
4046 22729
4046 23117
4046 24161
4046 25492
4046 16955
4046 25076
4046 26523
4046 25557
4046 24662
4046 27071
4046 27835
4046 26919
4046 27970
4046 27972
4047 13843
4047 23440
4047 23275
4047 24332
4047 24186
4047 22287
4047 26808
4047 27304
4047 26671
4047 27591
4047 27833
4047 27203
4047 27977
4047 28006
4048 19482
4048 12973
4048 24229
4048 20430
4048 13472
4048 14827
4048 15733
4048 13069
4048 16395
4048 16424
4048 16468
4048 25475
4049 26224
4049 23649
4049 24802
4049 25557
4049 26691
4049 24662
4049 26180
4049 23787
4049 26996
4049 16065
4049 20060
4049 20103
4049 25299
4049 19922
4049 26284
4049 17711
4049 25797
4050 13942
4050 14985
4050 18736
4050 20810
4050 16781
4050 20192
4050 13172
4050 17805
4050 20447
4051 13281
4051 13446
4051 13509
4051 13519
4051 19415
4051 25449
4051 25643
4052 13763
4052 12147
4052 16844
4052 22843
4052 18978
4052 21964
4052 21988
4052 12056
4052 20672
4052 12026
4052 16224
4052 20504
4052 13011
4052 25859
4052 17544
4052 18128
4052 15465
4052 15934
4052 26696
4052 12764
4052 20956
4052 16717
4052 12151
4052 14905
4052 24993
4052 25555
4052 12540
4052 25197
4052 16784
4052 16622
4052 19367
4053 17610
4053 12707
4053 17606
4053 17901
4053 15474
4053 14829
4053 12151
4053 24296
4053 13353
4053 26439
4053 16204
4053 13354
4053 13356
4053 22025
4053 22960
4053 26922
4053 20113
4053 24297
4054 25870
4054 26172
4054 24947
4054 26170
4054 25487
4054 22369
4054 25733
4054 24658
4054 27012
4054 27201
4054 27171
4054 26555
4054 27764
4054 27202
4054 27843
4054 27928
4054 27664
4054 27992
4055 22231
4055 23270
4055 12761
4055 22619
4055 23054
4055 21328
4055 11998
4055 11999
4055 21434
4055 15668
4055 14757
4055 21958
4055 23512
4055 24665
4055 16700
4055 18536
4056 12430
4056 15091
4056 20741
4056 12428
4056 19615
4056 12936
4056 13424
4056 24857
4056 22990
4056 24004
4056 24522
4056 26776
4056 27812
4056 27787
4056 27853
4057 15507
4057 16949
4057 18690
4057 24025
4057 24358
4057 25587
4057 15665
4057 15669
4057 22025
4057 12974
4057 13181
4057 17536
4057 21580
4058 23722
4058 24588
4058 25158
4058 24425
4058 24945
4058 22369
4058 24176
4058 11923
4058 27210
4058 25519
4058 26995
4058 26820
4058 27562
4058 28004
4058 28068
4059 18911
4059 12445
4059 13785
4059 14121
4059 15664
4059 19879
4059 24102
4059 18935
4059 22416
4059 24493
4059 19296
4059 15958
4059 16444
4059 18373
4059 19618
4059 24732
4059 26566
4060 18088
4060 19969
4060 21990
4060 17331
4060 18306
4060 19461
4060 19600
4061 12865
4061 22398
4061 17886
4061 22369
4061 23399
4061 25217
4061 12864
4061 22659
4061 17835
4061 25665
4062 21228
4062 11923
4062 24176
4062 17293
4062 26818
4062 15819
4062 27495
4062 24202
4062 26414
4062 27724
4062 26954
4062 27204
4062 26972
4062 27978
4062 27859
4062 28020
4062 23627
4062 26919
4062 16797
4062 28043
4062 27925
4062 18423
4062 27535
4062 21069
4062 28092
4063 18417
4063 13446
4063 13447
4063 15344
4063 21452
4063 19908
4063 15911
4063 21599
4063 15198
4063 20318
4063 12198
4063 23248
4063 24184
4063 23540
4063 25683
4063 27128
4064 14683
4064 15441
4064 17001
4064 19716
4064 21014
4065 12955
4065 14617
4065 20635
4065 13086
4065 17459
4065 23151
4065 21594
4065 25371
4065 18981
4065 21904
4066 13379
4066 15552
4066 21186
4066 20126
4066 18671
4066 15616
4066 18022
4066 22921
4066 23722
4066 17451
4066 12859
4066 20923
4066 23193
4066 12139
4066 15818
4066 25481
4066 27737
4066 25837
4067 16169
4067 13010
4067 16764
4067 18456
4067 21813
4067 24439
4067 24105
4067 20378
4067 23812
4067 14517
4067 15470
4067 27905
4067 27847
4067 27608
4067 28069
4067 20379
4068 25557
4068 23181
4068 20968
4068 20635
4068 11923
4068 15885
4068 27090
4068 15775
4068 27200
4068 27543
4068 27261
4068 26751
4068 27513
4068 27862
4068 27839
4068 26469
4068 25837
4068 27859
4068 27991
4068 27976
4068 28029
4068 27753
4068 27550
4068 27992
4068 27565
4069 14213
4069 15926
4069 22751
4069 13400
4069 24276
4069 24485
4069 25855
4069 22055
4069 23180
4069 15389
4069 17618
4070 19066
4070 15529
4070 14102
4070 17342
4070 14235
4070 17567
4070 13728
4070 23025
4070 11890
4070 18677
4070 17615
4070 12175
4070 13245
4070 14614
4070 23479
4070 19064
4070 15302
4070 17705
4070 18448
4070 20259
4070 16146
4070 20767
4070 19052
4070 15591
4071 28087
4071 11911
4071 14314
4071 14837
4071 21964
4071 25491
4071 20132
4071 11876
4071 12655
4071 12725
4071 16098
4071 16126
4071 22693
4071 17331
4071 19631
4071 24342
4071 27884
4071 11878
4071 13539
4072 13573
4072 20330
4072 26260
4072 24669
4072 25558
4072 26897
4072 26643
4072 25485
4072 26809
4072 27201
4072 27500
4072 13450
4072 14587
4072 27286
4072 27376
4072 27543
4072 27460
4072 23802
4072 27706
4072 28021
4072 27678
4072 27945
4072 27689
4073 18147
4073 18256
4073 21460
4073 21693
4073 21897
4073 19310
4073 13388
4073 15645
4073 19581
4073 20922
4073 21051
4073 23627
4073 24851
4073 24852
4073 12680
4073 16424
4073 22830
4073 25038
4073 24879
4073 12175
4073 12762
4073 13007
4073 13204
4073 13974
4073 14004
4073 17672
4073 17705
4073 19085
4073 24004
4073 13385
4073 21957
4073 12217
4073 12922
4073 24836
4073 27947
4074 27037
4074 28008
4074 27214
4074 27719
4074 28038
4075 15074
4075 15452
4075 18552
4075 14062
4075 14394
4075 16962
4075 20543
4075 13306
4075 17406
4075 21979
4075 27112
4075 15317
4075 15882
4075 16640
4075 18828
4075 22284
4076 15666
4076 25547
4076 25079
4076 16630
4076 17133
4076 18293
4076 18315
4076 19478
4076 20204
4076 24894
4076 22478
4076 13985
4076 20661
4077 13207
4077 20431
4077 20658
4077 16640
4077 19017
4077 20670
4077 24606
4077 23206
4077 11923
4077 26821
4077 27641
4077 27902
4078 12493
4078 16944
4078 14329
4078 14563
4078 18967
4078 19450
4078 14328
4078 20438
4079 13374
4079 12682
4079 14619
4079 17644
4079 15498
4079 14783
4079 13671
4079 16831
4079 19736
4079 24822
4079 23946
4079 14056
4079 13892
4079 11953
4080 15185
4080 14328
4080 24057
4080 27216
4080 18800
4080 12139
4080 18507
4080 25758
4080 18137
4080 23099
4080 23100
4080 26611
4081 13032
4081 13939
4081 23563
4081 22125
4081 25401
4081 27061
4081 12255
4081 12679
4081 13000
4081 23125
4082 23398
4082 21507
4082 23424
4082 17856
4082 19590
4082 15347
4083 13982
4083 12974
4083 14729
4083 23778
4083 19479
4083 14543
4083 15371
4084 22382
4084 17505
4084 21806
4084 24259
4084 23216
4085 19553
4085 17348
4085 19528
4085 15785
4085 19290
4085 17244
4085 12281
4085 17313
4085 26492
4085 25130
4085 15593
4085 17335
4085 22240
4085 24333
4085 27579
4085 17281
4085 14561
4085 19301
4085 19425
4085 12680
4085 17109
4086 12721
4086 12087
4086 12021
4086 12719
4086 14881
4086 15215
4086 13061
4086 14476
4086 14864
4086 12366
4086 14389
4086 15464
4086 21284
4086 24574
4086 25652
4086 15258
4086 21916
4086 25526
4086 26498
4086 26606
4086 22398
4086 26503
4086 26818
4086 23070
4086 24008
4086 26620
4086 27222
4086 20834
4086 22938
4086 13039
4086 27491
4086 27824
4086 27781
4086 27889
4086 28060
4086 28083
4086 27938
4087 12516
4087 14155
4087 16656
4087 20155
4087 26735
4087 18360
4087 21838
4087 25255
4087 22655
4087 24701
4087 22104
4087 24430
4088 12801
4088 13989
4088 20873
4088 16660
4088 14465
4088 16880
4088 12691
4088 13353
4088 16336
4088 20042
4088 12679
4088 22001
4088 15495
4088 25601
4088 14187
4088 21154
4088 13914
4088 14532
4088 19879
4088 20979
4088 21653
4088 19467
4088 20904
4088 26390
4088 25111
4088 22412
4088 14240
4088 23264
4088 12752
4088 21623
4088 16892
4088 26996
4088 25748
4088 27059
4088 17218
4088 25365
4088 22979
4088 22830
4088 25319
4088 26707
4088 27386
4089 22908
4089 18276
4089 19813
4089 23765
4089 19297
4089 25710
4089 18029
4089 18363
4089 27767
4089 25173
4090 12348
4090 24614
4090 13335
4090 17357
4090 20590
4090 25269
4091 16585
4091 15247
4091 17251
4091 19611
4091 15703
4091 14318
4091 23694
4091 15529
4091 15091
4092 15436
4092 19661
4092 19702
4092 23899
4092 13479
4092 13675
4092 26723
4093 13306
4093 15317
4093 23442
4093 22504
4093 22468
4093 22789
4093 20541
4093 12510
4093 19226
4094 18068
4094 18900
4094 23054
4094 25410
4094 12936
4094 16668
4094 17625
4094 15790
4094 17822
4094 24793
4094 25420
4095 17480
4095 21800
4095 19204
4095 14341
4095 17022
4095 18267
4095 19461
4095 12540
4095 19249
4095 23201
4095 11921
4095 12681
4095 13195
4095 15676
4096 16413
4096 12184
4096 12539
4096 14112
4096 15696
4096 16443
4096 16452
4096 16457
4096 16487
4096 18071
4096 18776
4096 19832
4096 20152
4096 21742
4096 25772
4097 19390
4097 13847
4097 21734
4097 26969
4097 24362
4097 25132
4097 16489
4098 11847
4098 14055
4098 13024
4098 15200
4098 23183
4098 24332
4098 24162
4098 24956
4098 25526
4098 12003
4098 24841
4098 26960
4099 18465
4099 16991
4099 20603
4099 20420
4099 15858
4099 19570
4099 25080
4099 13192
4099 12428
4100 17335
4100 14880
4100 17652
4100 19928
4100 27703
4100 26223
4100 19367
4101 19807
4101 22600
4101 13630
4101 22044
4101 22360
4102 12223
4102 14216
4102 14701
4102 14423
4102 14702
4102 13734
4102 12348
4102 12602
4102 12693
4102 12791
4102 12659
4102 14966
4102 19223
4102 17418
4102 20478
4102 14160
4102 23168
4102 22872
4102 23683
4102 13023
4102 24169
4102 24186
4102 24023
4102 21154
4102 22657
4102 17653
4103 16572
4103 18437
4103 13793
4103 16136
4103 17644
4103 19069
4103 18076
4104 17406
4104 18698
4104 19867
4104 19735
4104 17246
4104 17877
4104 20068
4104 16443
4104 17234
4104 21386
4105 14137
4105 21835
4105 24178
4105 22801
4105 24575
4105 25880
4105 25076
4105 26645
4105 18961
4105 25986
4105 26902
4105 27286
4105 15785
4105 27859
4106 20222
4106 19578
4106 20481
4106 22741
4106 25287
4106 23138
4106 16927
4106 24820
4106 25069
4106 27331
4106 27221
4106 26815
4106 27550
4106 27644
4106 27564
4106 27792
4106 27472
4106 27471
4106 27469
4106 27518
4106 27868
4106 27938
4106 26049
4106 27966
4106 27991
4106 27049
4106 27794
4106 27378
4106 28027
4106 28024
4106 28071
4107 16342
4107 13603
4107 22397
4107 18800
4107 13077
4107 13750
4107 24474
4107 12814
4107 25800
4107 23264
4107 25437
4107 22412
4107 16953
4107 27201
4107 27310
4107 25392
4107 27705
4107 27571
4107 27400
4107 25837
4107 27722
4107 26919
4108 16132
4108 17401
4108 12118
4108 13700
4108 13989
4108 18468
4108 14829
4108 15331
4108 22348
4108 24176
4109 18694
4109 14043
4109 19339
4109 14107
4109 15446
4109 18915
4109 20805
4109 12067
4109 12528
4109 11912
4109 13116
4109 19708
4109 20749
4109 25095
4109 24170
4109 24915
4109 17300
4109 20763
4109 23264
4109 23265
4109 25133
4109 13939
4109 14718
4109 11882
4109 12171
4109 13476
4109 14955
4109 16104
4109 19645
4109 20056
4109 22039
4109 22252
4109 25688
4109 18647
4109 25803
4109 15842
4109 15887
4109 16514
4110 27063
4110 25405
4110 27731
4110 26864
4110 27724
4110 27715
4110 27193
4111 22813
4111 22688
4111 19934
4111 14289
4111 19301
4111 25602
4111 24480
4111 13660
4111 14826
4111 22709
4111 15874
4111 26723
4111 22394
4111 27441
4111 14543
4111 12509
4111 27983
4111 15862
4111 17578
4111 27689
4111 27911
4112 23027
4112 23959
4112 18071
4112 22426
4112 23143
4113 16962
4113 12942
4113 12780
4113 12380
4113 25108
4113 15775
4114 12526
4114 22131
4114 23937
4114 19958
4114 22504
4115 23361
4115 24152
4115 22412
4115 27638
4115 26494
4116 16740
4116 12724
4116 15201
4116 15059
4116 18621
4116 19996
4116 13699
4116 12823
4116 13011
4116 17521
4116 19534
4116 16981
4116 11893
4116 15630
4116 19271
4116 18948
4116 18946
4116 15817
4116 13763
4116 17894
4116 21875
4116 17842
4116 12141
4116 25043
4116 19578
4117 15387
4117 15254
4117 13039
4117 13195
4117 12672
4117 19390
4117 16636
4117 22448
4117 18705
4117 15091
4117 26000
4117 27169
4118 14454
4118 18103
4118 16707
4118 25443
4118 25110
4118 14906
4118 22985
4119 21242
4119 25285
4119 22348
4119 22350
4119 22784
4119 26643
4119 21228
4119 21463
4119 27857
4119 27770
4119 28023
4120 26302
4120 22798
4120 11858
4120 13474
4120 17628
4120 17840
4120 18079
4120 25367
4120 21351
4121 20535
4121 17456
4121 15855
4121 16225
4121 13642
4121 26264
4121 24104
4121 24562
4122 20589
4122 18335
4122 19718
4122 12364
4122 20277
4122 13741
4122 18097
4122 20374
4122 24836
4122 25058
4122 12178
4122 12190
4122 16788
4122 20708
4122 25010
4122 26664
4123 23924
4123 24806
4123 23810
4123 21701
4123 25758
4123 19508
4123 21779
4123 19290
4123 23846
4123 27683
4124 13374
4124 12659
4124 22264
4124 20135
4124 14161
4124 21039
4124 13047
4124 18282
4124 16517
4124 15957
4124 19045
4124 21353
4124 17880
4124 21693
4124 19847
4124 20052
4124 14159
4124 12518
4124 13370
4124 14149
4124 23065
4124 24159
4124 16943
4124 15801
4124 15039
4124 22030
4124 21842
4124 18924
4124 17589
4124 17358
4124 27416
4124 12229
4124 23144
4125 12229
4125 21045
4125 27484
4125 12698
4125 24202
4125 13164
4125 26286
4125 16424
4125 13878
4125 20060
4126 14495
4126 18021
4126 19407
4126 24548
4126 26029
4127 14001
4127 15021
4127 16244
4127 17019
4127 12813
4127 19512
4127 12056
4127 19845
4127 22339
4127 11957
4127 20713
4127 24515
4127 13729
4127 26055
4127 24956
4127 22000
4127 11923
4127 12791
4127 26585
4127 27778
4127 27981
4127 14181
4127 17539
4127 27920
4128 19605
4128 20444
4128 22702
4128 24624
4128 17282
4128 20770
4128 20708
4128 16139
4129 15593
4129 15673
4129 22031
4129 16315
4129 20421
4129 22025
4129 13880
4129 26721
4130 14055
4130 18812
4130 22664
4130 16419
4130 22493
4130 26352
4130 26821
4130 27334
4131 12313
4131 12773
4131 16455
4131 15529
4131 20057
4131 12031
4131 12366
4131 18232
4131 21928
4131 19762
4131 25837
4131 25122
4131 27860
4132 18270
4132 12922
4132 21181
4132 21700
4132 22479
4133 12110
4133 12920
4133 12261
4133 12336
4133 14291
4133 16637
4133 15250
4133 12030
4133 22515
4133 13080
4133 22889
4133 23680
4133 14376
4133 18461
4133 22114
4133 22431
4133 24685
4133 25542
4133 15947
4134 25179
4134 23655
4134 15772
4134 21110
4134 16688
4134 26881
4134 25668
4134 25683
4135 16979
4135 16235
4135 16637
4135 21642
4135 23235
4135 18152
4135 15898
4135 26478
4135 12031
4135 26962
4135 23456
4136 14890
4136 15505
4136 14683
4136 14880
4136 25672
4136 19170
4136 12662
4136 21864
4136 23906
4136 12891
4136 27609
4136 27855
4137 15302
4137 24603
4137 23770
4137 13949
4137 15386
4137 20593
4138 15441
4138 16968
4138 23109
4138 26215
4138 14757
4138 22494
4138 26334
4138 27228
4138 27861
4138 27960
4138 27776
4138 26139
4138 27920
4138 28026
4139 15621
4139 12944
4139 17603
4139 18182
4139 15785
4139 11969
4139 18935
4139 23398
4139 20022
4139 17771
4139 14033
4139 15880
4140 17039
4140 17063
4140 13156
4140 15463
4140 17777
4141 15973
4141 18416
4141 25150
4141 13580
4141 20094
4142 14706
4142 12880
4142 17039
4142 22800
4142 17422
4142 24891
4142 12234
4142 26533
4142 27233
4142 20105
4142 17214
4142 21586
4142 25653
4142 15861
4143 23689
4143 17160
4143 21635
4143 22397
4143 23011
4143 13446
4143 14060
4143 14623
4143 15291
4143 15735
4143 15911
4143 16927
4143 16977
4143 21338
4143 22737
4143 24907
4143 17080
4143 21386
4143 19935
4143 26831
4143 27696
4144 14843
4144 14265
4144 12788
4144 14211
4144 26299
4144 20496
4144 22702
4144 23776
4144 22178
4144 14521
4144 20148
4144 25683
4144 15533
4145 14377
4145 17469
4145 19526
4145 20782
4145 25806
4145 21894
4145 26056
4145 26606
4145 11923
4145 26914
4145 26995
4145 27229
4145 27541
4145 27614
4145 27358
4145 27902
4145 27859
4145 26919
4145 27594
4146 22517
4146 23580
4146 22094
4146 18645
4146 26260
4146 26734
4146 27090
4146 28037
4147 17939
4147 21380
4147 21374
4147 12656
4147 26265
4147 23322
4147 14663
4147 15809
4147 12851
4147 13878
4147 20652
4147 14543
4148 14927
4148 11893
4148 13076
4148 12009
4148 15210
4148 15976
4148 14731
4148 12215
4148 11920
4148 14733
4148 22952
4148 23906
4148 25110
4148 25270
4148 25519
4148 26002
4148 26995
4148 27226
4148 27240
4148 26798
4148 27495
4148 27833
4149 12117
4149 12239
4149 24990
4149 25803
4149 16966
4149 17070
4149 23389
4149 24836
4149 25419
4149 26867
4149 19139
4149 23716
4149 14736
4149 14737
4149 20394
4149 23031
4149 14125
4149 16594
4149 26146
4149 22987
4149 27083
4149 19773
4149 23842
4149 27751
4150 12406
4150 12805
4150 14576
4150 17469
4150 16623
4150 24435
4150 27456
4150 27528
4150 27731
4150 27416
4150 27991
4150 27962
4150 27139
4150 27717
4151 22379
4151 12712
4151 20503
4151 20127
4151 23384
4151 23641
4151 17105
4151 17140
4151 17964
4152 15522
4152 17657
4152 15947
4152 21691
4152 20937
4153 16040
4153 15785
4153 19290
4153 22388
4153 25155
4153 15081
4153 21446
4153 12237
4153 13999
4153 14827
4153 21721
4153 25379
4153 21298
4153 15634
4153 18938
4153 27606
4154 14670
4154 22515
4154 21317
4154 26423
4154 22711
4154 26541
4154 19886
4154 25296
4154 12722
4155 11893
4155 14289
4155 17809
4155 19564
4155 13042
4155 19232
4155 22384
4155 12246
4155 19618
4156 22580
4156 22134
4156 23729
4156 11860
4156 14774
4156 22943
4156 25101
4156 25285
4156 22369
4156 19786
4156 27079
4156 23455
4157 14681
4157 13553
4157 15721
4157 18202
4157 20167
4157 15014
4157 20069
4157 18448
4157 14511
4157 15700
4157 16901
4157 21703
4157 19577
4157 16310
4157 24186
4157 26744
4157 18238
4157 25931
4157 26570
4157 25481
4157 20125
4157 21746
4157 25928
4157 27128
4157 16481
4157 24698
4157 23852
4157 19202
4157 12555
4157 14837
4157 20946
4157 25973
4157 21495
4157 21290
4157 22025
4157 27697
4157 24314
4157 23775
4158 14726
4158 14725
4158 12130
4158 12427
4158 13935
4158 15507
4158 15510
4158 15653
4158 14706
4158 15727
4158 16975
4158 15618
4158 18637
4158 11920
4158 11921
4158 11872
4158 24300
4158 15864
4158 18068
4158 25380
4159 16394
4159 16294
4159 17692
4159 23605
4159 26136
4159 15874
4159 16595
4159 18390
4159 22826
4160 19395
4160 20438
4160 12093
4160 26592
4160 20490
4160 20745
4161 12693
4161 25557
4161 26203
4161 24662
4161 27731
4161 27732
4161 22388
4161 27715
4162 18841
4162 21653
4162 19256
4162 14964
4162 19497
4162 25759
4162 27221
4162 17495
4162 12667
4162 16007
4162 25420
4162 27541
4162 27129
4162 15531
4162 20475
4162 16066
4162 11878
4162 19135
4162 17134
4162 19360
4162 25155
4162 18361
4162 23706
4162 27136
4162 21050
4162 27689
4162 28086
4163 12700
4163 18267
4163 21393
4163 15665
4163 25458
4163 25696
4164 19032
4164 18092
4164 26047
4164 25558
4164 24658
4165 23928
4165 25076
4165 25712
4165 22348
4165 26760
4165 18562
4165 19478
4165 16083
4165 11912
4165 20598
4166 12161
4166 13596
4166 19389
4166 22608
4166 22864
4167 12290
4167 22387
4167 24666
4167 21916
4167 24543
4167 25505
4167 25791
4167 27198
4167 27526
4167 14517
4167 25267
4167 27813
4168 21709
4168 23666
4168 24435
4168 25549
4168 26645
4168 26606
4168 11923
4168 26960
4169 15857
4169 15539
4169 17794
4169 21898
4169 12405
4169 17420
4169 23913
4169 25141
4169 27416
4169 24057
4170 24516
4170 24183
4170 25492
4170 24956
4170 16419
4170 22412
4170 26233
4170 20790
4170 14517
4170 27899
4171 24764
4171 25227
4171 25266
4171 25558
4171 26155
4171 26412
4171 27065
4171 27310
4171 27474
4171 20792
4171 27697
4172 15892
4172 12765
4172 13718
4172 18735
4172 13123
4172 20928
4172 21427
4172 21336
4172 27773
4173 14880
4173 25051
4173 18647
4173 17395
4173 11890
4173 21998
4173 25111
4173 20952
4174 20963
4174 21205
4174 23213
4174 25018
4174 25019
4175 14485
4175 14719
4175 15934
4175 16422
4175 17691
4175 18694
4175 22156
4175 13553
4176 12022
4176 20435
4176 14178
4176 24666
4176 21008
4176 14037
4176 14599
4176 17184
4176 27885
4176 16981
4177 19813
4177 20336
4177 21482
4177 21896
4177 23364
4177 13007
4177 19967
4177 14702
4177 24121
4178 15498
4178 22688
4178 23560
4178 24584
4178 25101
4178 22298
4178 19186
4178 23264
4178 27525
4178 27460
4178 28084
4178 28046
4178 28023
4179 24035
4179 13690
4179 14538
4179 27280
4179 27295
4180 21647
4180 23422
4180 12591
4180 22559
4180 17880
4181 15702
4181 21281
4181 23906
4181 24666
4181 25492
4181 26492
4181 26691
4181 24841
4181 22412
4181 27065
4181 20901
4181 27707
4181 27873
4181 27706
4181 25585
4181 28075
4181 28005
4182 18111
4182 20318
4182 22193
4182 14981
4182 15833
4182 15831
4182 22581
4182 14683
4182 24808
4182 23564
4182 16586
4182 23648
4182 16962
4182 24812
4182 13526
4182 24069
4183 13608
4183 20094
4183 26368
4183 20178
4183 12201
4183 12348
4184 17690
4184 13478
4184 26152
4184 27170
4184 27587
4185 14792
4185 11924
4185 19595
4185 17595
4185 22428
4185 19604
4185 15259
4185 16439
4185 17039
4185 14060
4185 20937
4185 18734
4185 19205
4185 24422
4185 14340
4185 15236
4185 24835
4185 23147
4185 21672
4186 19832
4186 21953
4186 24266
4186 24688
4186 19367
4186 23115
4186 11840
4186 20144
4186 13090
4186 13567
4186 14592
4186 18348
4186 19615
4186 23814
4186 13119
4186 15669
4186 18730
4186 20731
4186 21958
4186 20145
4186 25392
4186 22805
4186 21806
4186 13938
4186 24564
4186 25845
4186 26611
4187 16056
4187 16698
4187 13603
4187 24268
4187 12662
4187 23945
4188 12235
4188 16848
4188 18399
4188 22479
4188 13537
4188 17960
4188 24046
4188 18720
4188 22139
4188 18423
4188 18721
4188 18743
4188 26581
4188 12671
4188 17675
4188 20036
4188 22817
4188 24831
4189 17556
4189 19033
4189 17121
4189 19903
4189 20211
4189 14543
4189 22001
4189 24764
4189 25048
4189 15302
4189 25651
4189 13087
4189 13365
4189 24006
4189 24436
4189 23859
4189 23642
4189 25712
4189 26261
4189 26897
4189 21775
4189 22348
4189 26737
4189 22350
4189 25294
4189 25733
4189 27004
4189 11923
4189 26333
4189 12510
4189 22054
4189 26901
4189 27257
4189 27286
4189 22858
4189 26074
4189 22840
4189 26142
4189 26734
4189 27673
4189 27844
4189 27406
4189 27608
4190 19501
4190 17605
4190 12809
4190 24029
4190 25035
4190 13131
4190 20041
4190 25601
4190 22133
4190 23138
4190 25602
4190 25870
4190 25285
4190 15160
4190 22297
4190 24820
4190 26906
4190 11972
4190 18909
4190 26989
4190 27320
4190 27059
4190 12279
4190 19560
4190 15424
4190 23439
4190 12073
4190 12200
4190 27633
4190 27855
4190 27861
4190 27539
4190 27894
4190 26757
4190 27594
4190 27945
4191 12493
4191 17153
4191 18621
4191 17702
4191 26789
4192 24277
4192 26644
4192 16419
4192 27205
4192 18640
4192 14287
4192 21948
4193 16909
4193 20772
4193 21154
4193 15848
4193 20771
4193 13228
4193 23037
4193 16476
4193 25757
4193 27057
4193 18691
4193 15549
4193 15898
4193 19735
4193 20870
4194 24679
4194 12280
4194 14188
4194 21585
4194 12208
4194 18267
4194 18701
4194 14037
4194 23627
4194 26611
4195 20213
4195 21676
4195 24378
4195 26874
4195 27560
4195 27283
4195 27777
4195 27909
4196 13587
4196 15786
4196 14155
4196 22540
4196 12141
4196 18568
4196 20092
4196 12903
4196 19415
4196 12059
4197 25034
4197 13617
4197 11866
4197 21669
4197 21671
4197 21670
4197 15710
4197 13152
4197 16284
4197 14990
4197 15465
4197 14607
4197 22045
4197 13009
4198 16817
4198 18544
4198 13690
4198 20218
4198 21298
4198 21896
4198 16685
4198 14018
4198 25399
4198 20702
4199 12141
4199 12234
4199 12822
4199 19477
4199 20280
4199 20992
4199 22538
4199 16981
4199 19685
4199 20281
4199 17398
4199 15935
4199 26247
4199 14364
4199 18074
4200 20514
4200 16056
4200 19879
4200 21440
4200 25298
4200 24471
4201 13304
4201 18754
4201 27326
4201 26152
4201 14517
4201 15961
4201 14024
4201 24755
4201 17451
4201 19065
4201 21352
4201 17085
4201 19362
4201 27975
4201 27872
4201 27954
4201 24077
4202 15711
4202 24843
4202 12266
4202 15503
4202 14197
4202 24801
4203 24666
4203 16893
4203 24956
4203 25654
4203 18909
4204 14059
4204 15198
4204 16235
4204 16292
4204 14336
4204 17204
4204 24003
4204 16352
4204 16424
4204 22660
4204 21742
4205 22873
4205 25809
4205 19209
4205 21472
4205 22632
4205 25369
4205 27235
4205 22821
4205 22826
4205 14674
4206 14268
4206 14829
4206 12983
4206 17701
4206 14783
4206 14007
4206 19891
4206 22485
4206 13049
4206 19044
4206 21828
4206 17314
4206 16205
4206 25071
4206 27763
4207 12916
4207 18943
4207 18153
4207 11976
4207 19747
4207 18610
4207 22877
4207 18416
4207 23413
4207 19014
4207 12152
4207 15775
4207 24835
4208 14088
4208 15252
4208 15253
4208 24956
4208 26022
4208 22974
4208 25677
4208 27474
4209 11949
4209 15302
4209 12175
4209 19118
4209 13986
4209 19934
4209 19210
4209 24934
4209 25565
4209 25575
4209 14999
4209 23613
4209 25558
4209 26937
4209 11923
4209 12505
4209 23051
4209 27213
4210 14377
4210 23293
4210 16346
4210 16892
4210 25426
4210 27004
4210 23646
4210 13262
4211 15135
4211 12175
4211 23149
4211 22339
4211 12324
4211 13663
4211 22640
4211 22786
4211 12404
4211 14901
4211 14614
4211 21380
4211 12994
4211 12315
4211 12219
4212 22063
4212 23440
4212 23168
4212 23751
4212 26343
4212 25253
4212 22348
4212 27176
4212 27892
4212 28021
4213 12988
4213 14603
4213 22062
4213 22162
4213 15493
4213 24588
4213 16419
4213 22350
4213 22412
4213 18065
4213 23787
4213 26671
4213 26491
4213 13658
4213 22305
4213 27928
4214 15487
4214 12828
4214 15007
4214 15377
4214 24033
4214 19579
4214 21775
4214 15593
4214 23505
4214 26334
4214 17939
4214 18348
4214 28021
4214 26494
4215 18008
4215 19595
4215 14737
4215 21787
4215 24340
4215 22834
4215 11890
4215 19997
4215 14148
4215 19743
4215 21419
4215 22815
4216 12440
4216 21602
4216 18719
4216 24956
4216 19186
4216 22297
4216 26960
4216 19301
4216 18223
4216 27885
4217 13602
4217 16771
4217 20260
4217 21477
4217 21424
4217 18278
4217 23222
4217 14014
4217 15058
4217 17623
4217 18179
4217 18787
4217 20123
4217 22286
4217 23769
4217 18186
4218 13985
4218 13211
4218 18218
4218 14468
4218 16098
4218 16142
4218 12804
4218 12662
4218 20634
4218 15354
4218 21709
4218 20913
4218 23220
4218 18514
4218 22826
4218 24666
4218 21115
4218 25388
4218 20317
4218 23918
4218 19390
4218 20010
4218 26230
4218 12201
4218 26874
4218 24910
4218 23162
4218 24790
4218 17263
4218 27650
4218 27565
4218 27646
4218 27709
4218 16962
4218 26791
4218 27625
4218 23814
4218 27784
4218 23108
4219 12662
4219 12693
4219 16595
4219 17178
4219 19565
4220 23017
4220 23929
4220 19727
4220 25157
4220 26789
4221 25142
4221 16796
4221 20438
4221 23265
4221 16830
4221 27599
4221 20119
4222 25863
4222 26163
4222 21549
4222 27065
4222 27388
4222 27415
4222 27437
4222 27416
4222 27139
4222 27660
4223 12981
4223 15459
4223 15064
4223 12247
4223 15496
4223 26789
4223 26543
4223 15487
4223 18229
4224 21898
4224 20514
4224 22462
4224 18685
4224 24571
4225 20058
4225 24153
4225 18800
4225 24316
4225 12661
4225 14126
4225 23493
4225 18691
4225 19150
4225 23453
4225 19108
4225 12744
4225 21806
4225 23505
4226 12141
4226 16416
4226 14327
4226 19026
4226 23579
4226 21813
4226 24096
4226 15329
4226 24666
4226 24572
4226 14803
4226 25441
4226 25021
4226 25549
4226 25806
4226 24643
4226 26224
4226 26166
4226 26335
4226 26691
4226 22348
4226 23812
4226 25487
4226 14935
4226 26561
4226 27012
4226 27163
4226 26928
4226 27280
4226 26937
4226 27379
4226 27715
4226 16139
4226 20992
4226 28021
4226 28022
4227 14880
4227 15766
4227 23749
4227 12145
4227 15221
4227 23271
4227 17125
4227 14468
4227 16395
4227 23016
4227 27649
4227 17807
4227 26003
4227 27221
4227 27717
4227 27746
4228 12430
4228 20718
4228 24465
4228 24675
4228 18981
4228 21507
4228 23057
4229 12841
4229 12327
4229 14289
4229 14010
4229 14567
4229 20686
4229 14497
4229 14051
4229 12707
4229 15809
4229 14244
4229 20496
4229 18647
4229 20831
4229 18216
4229 22783
4229 21898
4229 24169
4229 15324
4229 25831
4229 12570
4229 22992
4229 13175
4229 26164
4229 26896
4229 15235
4229 13271
4229 21857
4229 27589
4229 17256
4229 17699
4229 27689
4230 18975
4230 17420
4230 25519
4230 21431
4230 27572
4230 25844
4230 27518
4230 27991
4231 16729
4231 12471
4231 15533
4231 12032
4231 13228
4231 20496
4231 16537
4231 16763
4231 12037
4231 13365
4231 21175
4231 22871
4231 15229
4231 24800
4231 24978
4231 17160
4231 23924
4232 27756
4232 27214
4232 27533
4232 27177
4232 27312
4232 27540
4232 28038
4233 14889
4233 21471
4233 22782
4233 17925
4233 18460
4233 21000
4233 18224
4233 23267
4234 26606
4234 15334
4234 26207
4234 24722
4234 19836
4234 21508
4234 26818
4234 16740
4234 20390
4234 21532
4234 25185
4234 20391
4234 14861
4234 27526
4234 26937
4234 27182
4234 25405
4234 21916
4234 22305
4234 27400
4234 27630
4234 22003
4234 27356
4234 19988
4234 27978
4234 27805
4234 27861
4234 17757
4234 27898
4234 26445
4234 24509
4234 27341
4234 25476
4235 24724
4235 27320
4235 28062
4235 27660
4235 27646
4236 12864
4236 14801
4236 14253
4236 15561
4236 13943
4236 16065
4236 12638
4236 16557
4236 19779
4236 19392
4236 22970
4236 12139
4236 16618
4236 21983
4236 14085
4236 23416
4236 25727
4236 12762
4236 21338
4236 13306
4236 12662
4236 14368
4236 13253
4236 18561
4237 23057
4237 16986
4237 26058
4237 26039
4237 19566
4237 23305
4237 26092
4237 22654
4237 23510
4237 14290
4237 26844
4237 13594
4237 21301
4237 12139
4237 23940
4237 24471
4237 25644
4237 23150
4237 17256
4237 22116
4237 22318
4237 24850
4237 19619
4237 11885
4237 19477
4237 20181
4237 26035
4237 26981
4237 27773
4237 25982
4237 16700
4237 25121
4237 27280
4237 14518
4237 25131
4238 23410
4238 24670
4238 22569
4238 24606
4238 24585
4238 24033
4238 25519
4238 23480
4238 25831
4238 24643
4238 25526
4238 18534
4238 23935
4238 25144
4238 26691
4238 20608
4238 22369
4238 26914
4238 26633
4238 27224
4238 16547
4238 27182
4238 27376
4238 25267
4238 27552
4238 27351
4238 21603
4238 27834
4238 27791
4238 27770
4238 27861
4238 17578
4238 25525
4238 24276
4238 27783
4238 28026
4238 27978
4239 19373
4239 26106
4239 26394
4239 25940
4239 26310
4239 22348
4239 27933
4240 26556
4240 12582
4240 23676
4240 25939
4240 23219
4240 23299
4240 16551
4241 19359
4241 24451
4241 25036
4241 20496
4241 25266
4241 12484
4241 26400
4241 25076
4241 22297
4241 27210
4241 23262
4241 19158
4242 21587
4242 19689
4242 21537
4242 13023
4242 18058
4243 20677
4243 19901
4243 13353
4243 19661
4243 19733
4243 15499
4243 15472
4243 18252
4243 21615
4243 15562
4243 24502
4243 25465
4243 18409
4243 17772
4243 19249
4243 20995
4243 23829
4243 26390
4243 23658
4243 22858
4243 19833
4243 25879
4243 15529
4243 18826
4243 27152
4243 25798
4243 21523
4244 21250
4244 19668
4244 21507
4244 24652
4244 26109
4244 15913
4245 12141
4245 14249
4245 15002
4245 16010
4245 16685
4245 17110
4245 13023
4245 14670
4245 15863
4245 18041
4245 16886
4245 12243
4245 17743
4245 17564
4246 12713
4246 16891
4246 17669
4246 13099
4246 18173
4246 20730
4246 12023
4246 12281
4246 12337
4246 13246
4246 16998
4246 19991
4246 20861
4246 22431
4246 24251
4246 18787
4246 20866
4246 22297
4246 25672
4246 12011
4246 23416
4246 20221
4246 12024
4246 14685
4247 13602
4247 18734
4247 14709
4247 16588
4247 11905
4247 13586
4247 17386
4247 18292
4247 19190
4247 16457
4247 19605
4248 24831
4248 13552
4248 16261
4248 21491
4248 11988
4248 14795
4248 15201
4248 17555
4248 13614
4248 23413
4248 12056
4248 17309
4248 15848
4248 16953
4248 17999
4248 18000
4248 19385
4248 23942
4248 21953
4248 12693
4248 24210
4248 21979
4248 16962
4248 22558
4248 24779
4248 11902
4248 13784
4248 14757
4248 15962
4248 15964
4248 17007
4248 14106
4248 20273
4248 22619
4248 12145
4248 21194
4248 17885
4248 18410
4248 25758
4248 24901
4248 25826
4248 24775
4248 15282
4248 27801
4249 15987
4249 24956
4249 13557
4249 25676
4249 26275
4250 14186
4250 13627
4250 20062
4250 22402
4250 21537
4250 22670
4250 24586
4250 26168
4250 24608
4250 26523
4250 27184
4250 27495
4250 27441
4250 27791
4250 27867
4250 26652
4250 19560
4250 27899
4251 21175
4251 15211
4251 15419
4251 13744
4251 15221
4251 15427
4251 17493
4251 17175
4252 15864
4252 23123
4252 17117
4252 13938
4252 16883
4252 14024
4253 15174
4253 20547
4253 16274
4253 19470
4253 23860
4253 27304
4253 15768
4253 16672
4253 27555
4253 17309
4253 27527
4253 14024
4253 16886
4254 12428
4254 14048
4254 15463
4254 17725
4254 16262
4254 23296
4254 14223
4254 17144
4255 22504
4255 21284
4255 23276
4255 24543
4255 24796
4255 26606
4255 14549
4255 27835
4255 27837
4255 27964
4255 28036
4256 12955
4256 21175
4256 13210
4256 23105
4256 23192
4256 21536
4256 23844
4256 26946
4256 22462
4256 25566
4256 13837
4256 15418
4256 20300
4256 23793
4256 23941
4256 18266
4256 20361
4256 22099
4256 22133
4256 13853
4256 18736
4256 21769
4256 25595
4257 14759
4257 22332
4257 26116
4257 26726
4257 18098
4258 27818
4258 15981
4258 18929
4258 14123
4258 17834
4258 12047
4258 24931
4258 24433
4258 23224
4258 17629
4258 22002
4258 11934
4258 18494
4259 25270
4259 24956
4259 25528
4259 24287
4259 26623
4259 26930
4259 27253
4260 25157
4260 19813
4260 22436
4260 26775
4260 27723
4260 23326
4260 21827
4260 22630
4261 25013
4261 14110
4261 20909
4261 16283
4261 16645
4261 22522
4261 22551
4261 12509
4261 20036
4261 21019
4261 23857
4261 13510
4261 19560
4262 19026
4262 23361
4262 18645
4262 24666
4262 25831
4262 26014
4262 26078
4262 26128
4262 26172
4262 25654
4262 25943
4262 26056
4262 22298
4262 25076
4262 18961
4262 26737
4262 11923
4262 26519
4262 24788
4262 27199
4262 27415
4262 20901
4262 27705
4262 26604
4262 27179
4262 27834
4262 27358
4262 27707
4262 27962
4262 27876
4262 26919
4262 28025
4262 27955
4262 28092
4263 25814
4263 21043
4263 12770
4263 12984
4263 13273
4263 13325
4263 14215
4263 15097
4263 18418
4263 22079
4263 22097
4263 24110
4263 20084
4263 16224
4263 17529
4263 24929
4263 12026
4263 12160
4263 12801
4263 14138
4263 14718
4263 14837
4263 15645
4263 16424
4263 17948
4263 18130
4263 21962
4263 22877
4263 24048
4263 27640
4263 16066
4263 16949
4263 12190
4263 12509
4263 15695
4263 19431
4263 25864
4263 27306
4263 21776
4264 17444
4264 16392
4264 20369
4264 16962
4264 20228
4264 16395
4264 22353
4265 13340
4265 24258
4265 24243
4265 25806
4265 26131
4265 19651
4265 23812
4265 19186
4265 27764
4265 17161
4265 26783
4265 26919
4265 27775
4265 27911
4266 15652
4266 12364
4266 12730
4266 18180
4266 18642
4266 14757
4266 13076
4266 14374
4266 16933
4266 16125
4266 15125
4266 12622
4266 24956
4266 25528
4266 18909
4266 25557
4266 11923
4267 12053
4267 13878
4267 25673
4267 16044
4267 19290
4267 12405
4267 21828
4267 17802
4267 24555
4267 24816
4267 13627
4267 17982
4267 19879
4267 27219
4268 12576
4268 13713
4268 20209
4268 15286
4268 13352
4268 20558
4268 11917
4268 17728
4268 19709
4268 21883
4268 13983
4268 16566
4268 13673
4268 13013
4268 11880
4268 11905
4268 18051
4268 18063
4268 18502
4268 20758
4268 22774
4268 12459
4268 24002
4268 25879
4268 13474
4268 27346
4268 27347
4268 24862
4269 17046
4269 16817
4269 13738
4269 12978
4269 21928
4269 14241
4269 19902
4269 21819
4269 27023
4270 13628
4270 21529
4270 17087
4270 13180
4270 21118
4271 19439
4271 12577
4271 15373
4271 20674
4271 20517
4271 22790
4271 18647
4271 21764
4271 23305
4272 22767
4272 17528
4272 23905
4272 24819
4272 25942
4272 26841
4272 27229
4272 26901
4272 23503
4272 15140
4272 26772
4272 26820
4272 27964
4273 20049
4273 17657
4273 14669
4273 17031
4273 19702
4274 12044
4274 14272
4274 13093
4274 15929
4274 16553
4274 13535
4275 12722
4275 15786
4275 14232
4275 11961
4275 15641
4275 16975
4275 15615
4275 17053
4275 18455
4276 22127
4276 16455
4276 15384
4276 15385
4276 17795
4276 20097
4276 22023
4277 20965
4277 26270
4277 13273
4277 14626
4277 22936
4277 13440
4277 25594
4277 13887
4277 12384
4277 20503
4277 24015
4277 20818
4277 12408
4277 12409
4277 13441
4277 15532
4277 19582
4277 13236
4277 14924
4277 15984
4277 24648
4277 25828
4277 15126
4277 12183
4277 20612
4277 14397
4277 16532
4277 22367
4277 24050
4277 17451
4278 15493
4278 26106
4278 25471
4278 26130
4278 25940
4278 26914
4278 27415
4278 27456
4278 27063
4278 27495
4278 27469
4278 27214
4278 28038
4278 28041
4278 27175
4279 18414
4279 22939
4279 18277
4279 22298
4279 26734
4279 26519
4279 27210
4279 26995
4279 25844
4279 27836
4279 27861
4279 27406
4280 23986
4280 16989
4280 15228
4280 21428
4280 19691
4280 23200
4281 13080
4281 14151
4281 12916
4281 14071
4281 17967
4281 12366
4281 25661
4281 25730
4281 26599
4282 19415
4282 17528
4282 24669
4282 18938
4282 24954
4283 24492
4283 11953
4283 20532
4283 22959
4283 26159
4284 17205
4284 19415
4284 22691
4284 22952
4284 22002
4284 20429
4284 26324
4284 25076
4284 26094
4284 26644
4284 23264
4284 26498
4284 26896
4284 26874
4284 26017
4284 18579
4284 27199
4284 27228
4284 27434
4284 27333
4284 25844
4284 27474
4284 26919
4284 27775
4284 27963
4285 14724
4285 18625
4285 18194
4285 19073
4285 13392
4285 15868
4285 15302
4285 24537
4285 19204
4285 14305
4285 17258
4285 25064
4285 26809
4285 18519
4285 27228
4285 13400
4285 13918
4285 14517
4285 16548
4285 24783
4285 17934
4285 19117
4285 25230
4285 26949
4286 19064
4286 12379
4286 19430
4286 21642
4286 14468
4287 20967
4287 22577
4287 17316
4287 20866
4287 26195
4288 23275
4288 24195
4288 24507
4288 24739
4288 26166
4288 26760
4288 27228
4288 27191
4288 27915
4288 25109
4288 27617
4288 28093
4289 19208
4289 11884
4289 16196
4289 20645
4289 15928
4290 18236
4290 17280
4290 17281
4290 16848
4290 16611
4291 21454
4291 23562
4291 19214
4291 15900
4291 27004
4292 15539
4292 17418
4292 19961
4292 23362
4292 23666
4292 19892
4292 26185
4292 26184
4292 22888
4292 25253
4292 18981
4292 15785
4292 22294
4292 27221
4292 15221
4292 21544
4292 27416
4292 27991
4292 28009
4292 28029
4292 28060
4292 28083
4292 28007
4292 28070
4292 27517
4292 27797
4292 28072
4292 28078
4292 28086
4292 28077
4292 27858
4292 28010
4292 27741
4292 27846
4292 27980
4292 28071
4293 21154
4293 15109
4293 19280
4293 24315
4293 26566
4293 26626
4293 11934
4293 12741
4293 22591
4294 27218
4294 15278
4294 16775
4294 22174
4294 22447
4294 24917
4294 26020
4294 26980
4294 27375
4294 27510
4294 19853
4294 21857
4294 22155
4294 23649
4294 25576
4294 26483
4294 21862
4294 24781
4295 12223
4295 12356
4295 12634
4295 23276
4295 24666
4295 25575
4295 26241
4295 27525
4295 27495
4295 27705
4295 27617
4296 19664
4296 16217
4296 18882
4296 13259
4296 12145
4296 12822
4296 14610
4296 14611
4296 21748
4296 12119
4296 18879
4296 22533
4296 24091
4296 16509
4296 25476
4296 26438
4296 15645
4296 18343
4296 25905
4297 12112
4297 24487
4297 15266
4297 21653
4297 13263
4297 23549
4298 15526
4298 20658
4298 20372
4298 16515
4298 13855
4298 15569
4298 24639
4298 15317
4298 12024
4298 24587
4298 18775
4298 21481
4298 22671
4298 20103
4298 24543
4298 12151
4298 23817
4298 26342
4298 25677
4298 26304
4298 26357
4298 23296
4298 22366
4298 18722
4298 21607
4298 18579
4298 25396
4298 26412
4298 25068
4298 15991
4298 27200
4298 27804
4298 27902
4299 22822
4299 21126
4299 13757
4299 22858
4299 22951
4300 12761
4300 14377
4300 23851
4300 14795
4300 18769
4300 22566
4300 25565
4300 22439
4301 12118
4301 14394
4301 16490
4301 20259
4301 23566
4301 17836
4301 17138
4301 25796
4301 23326
4301 24978
4301 22515
4301 23564
4301 24628
4301 17115
4301 20449
4301 24010
4301 16479
4301 24305
4301 17751
4302 12160
4302 12794
4302 14394
4302 13261
4302 19689
4302 18756
4302 18892
4302 19063
4302 21577
4302 24966
4302 27946
4302 25639
4303 23187
4303 11929
4303 20418
4303 12648
4303 24533
4303 26305
4303 21150
4303 19665
4303 16032
4303 19290
4303 26778
4304 15979
4304 20313
4304 21143
4304 18554
4304 13793
4305 12305
4305 16943
4305 14423
4305 16149
4305 11888
4305 20125
4305 12139
4305 15737
4305 14232
4306 12191
4306 24161
4306 24011
4306 13746
4306 25521
4306 25076
4306 27498
4306 27552
4306 27722
4306 16976
4306 22783
4306 21157
4307 15500
4307 16996
4307 15443
4307 20108
4307 17155
4307 21166
4307 21148
4307 23278
4307 23771
4308 15515
4308 12908
4308 17901
4308 21515
4308 17913
4308 17271
4308 11859
4308 17244
4308 25365
4308 21154
4308 13353
4308 21482
4308 24433
4308 12198
4308 24859
4308 21121
4309 12087
4309 12464
4309 14580
4309 17901
4309 17053
4309 18648
4309 14828
4309 13791
4309 18115
4309 12018
4309 19471
4309 14902
4309 20658
4309 24969
4309 26394
4309 26996
4309 26783
4310 15664
4310 19216
4310 15090
4310 21296
4310 22516
4310 20061
4310 22750
4310 23906
4310 24589
4310 24213
4310 25441
4310 25021
4310 26069
4310 25520
4310 25652
4310 26310
4310 26771
4310 26901
4310 14543
4310 26960
4310 25405
4310 27182
4310 27609
4310 27861
4310 27730
4311 20039
4311 21440
4311 21387
4311 16469
4311 22984
4311 23014
4311 11975
4311 25155
4311 12727
4311 16857
4311 19470
4311 24984
4311 20230
4311 16667
4312 20744
4312 18800
4312 19763
4312 12974
4312 22779
4312 13131
4313 12763
4313 19234
4313 20602
4313 16170
4313 24649
4313 26750
4313 26601
4313 16595
4314 12528
4314 15258
4314 12868
4314 14006
4314 12662
4314 17778
4314 15785
4314 25896
4315 19306
4315 26347
4315 25987
4315 27456
4315 27063
4315 27837
4315 26924
4315 27416
4315 27139
4315 27717
4315 27924
4315 27660
4316 15258
4316 21928
4316 18507
4316 15574
4316 15976
4316 23009
4316 26888
4317 20632
4317 14277
4317 26147
4317 18273
4317 26420
4318 25021
4318 12570
4318 22348
4318 26874
4318 22298
4318 24662
4318 21508
4318 27525
4318 27724
4318 27351
4318 27915
4318 27902
4318 27876
4318 28017
4318 28001
4318 28004
4319 16219
4319 18400
4319 21228
4319 27724
4319 12200
4319 27406
4320 12339
4320 13064
4320 14186
4320 14196
4320 15669
4320 12693
4320 19879
4320 17977
4320 15961
4320 16903
4320 16895
4320 25404
4320 27916
4321 12149
4321 12094
4321 26644
4321 26645
4321 26521
4321 22350
4322 12697
4322 14037
4322 14195
4322 14196
4322 14197
4322 15957
4322 25016
4322 27026
4322 12509
4322 12780
4323 12505
4323 12253
4323 14111
4323 14645
4323 17580
4323 18974
4323 22750
4323 24808
4323 25147
4324 13650
4324 13791
4324 13936
4324 17395
4324 20290
4324 19752
4324 21873
4324 21453
4324 23217
4324 20005
4324 24639
4324 24336
4324 23983
4324 25110
4324 25617
4324 16955
4324 25602
4324 14178
4324 25101
4324 25337
4324 26172
4324 25076
4324 27911
4325 15941
4325 17825
4325 23382
4325 17770
4325 21587
4326 24538
4326 24176
4326 27361
4326 26555
4326 17751
4326 24060
4326 27978
4326 27664
4326 28005
4326 28023
4327 19390
4327 18276
4327 19439
4327 16516
4327 16864
4328 19120
4328 19661
4328 23972
4328 12246
4328 13009
4328 13929
4328 15447
4328 15653
4329 20094
4329 17760
4329 22569
4329 12553
4329 12582
4329 17454
4329 18859
4329 11857
4329 13191
4329 20096
4330 13716
4330 14084
4330 15502
4330 20010
4330 21711
4330 14878
4330 21775
4330 24827
4330 18258
4330 25602
4330 24700
4330 26309
4330 23291
4330 26165
4330 19794
4330 23642
4330 26896
4330 25557
4330 25294
4330 20915
4330 27201
4330 26930
4330 27161
4330 27281
4330 27571
4330 27672
4330 27857
4330 27962
4330 21141
4331 21804
4331 23740
4331 23410
4331 24736
4331 19464
4331 23762
4331 21439
4331 24510
4331 24427
4331 24796
4331 24643
4331 25870
4331 26622
4331 25069
4331 25238
4331 20832
4331 26606
4331 24822
4331 26328
4331 19910
4331 26912
4331 27302
4331 27161
4331 27383
4331 24032
4331 27575
4331 27685
4331 21259
4331 27221
4331 27518
4331 27779
4331 27644
4331 27871
4331 27868
4331 27938
4331 27959
4331 23318
4331 25653
4331 25194
4331 28040
4331 28055
4331 28076
4331 23000
4331 27941
4332 13674
4332 17900
4332 20029
4332 20250
4332 20812
4333 25665
4333 12603
4333 12629
4333 13137
4333 14389
4333 21171
4333 12339
4333 23837
4333 25713
4334 14327
4334 19560
4334 15984
4334 25713
4334 18291
4334 21870
4334 15549
4335 22972
4335 17809
4335 24114
4335 24999
4335 17567
4335 21896
4335 16970
4335 17446
4335 27230
4335 26992
4336 14946
4336 24669
4336 19181
4336 19575
4336 25357
4336 13326
4336 17626
4336 19295
4336 18670
4336 26609
4337 14360
4337 21638
4337 22814
4337 16830
4337 12185
4337 26789
4338 12173
4338 12174
4338 14213
4338 20535
4338 25890
4339 16571
4339 23628
4339 24666
4339 24808
4339 26055
4339 12130
4339 26172
4339 22350
4339 22297
4339 25558
4339 24662
4339 22493
4339 25519
4339 26005
4339 27434
4340 11947
4340 12508
4340 13878
4340 18648
4340 17762
4340 17351
4340 25863
4340 26078
4340 18276
4340 20772
4340 22369
4340 22412
4340 26261
4340 25557
4340 26429
4340 27028
4340 27541
4340 14506
4340 27762
4340 25837
4341 23391
4341 12024
4341 14066
4341 20135
4341 22501
4341 16728
4341 26403
4341 17614
4341 15186
4341 21482
4341 14889
4342 18812
4342 18753
4342 24187
4342 24666
4342 24606
4342 25076
4342 26313
4342 26810
4342 26839
4342 26930
4342 27085
4342 27638
4342 27379
4342 27836
4342 27933
4342 27899
4343 13816
4343 12685
4343 14552
4343 19028
4343 21940
4343 22849
4343 12287
4344 14205
4344 15894
4344 20548
4344 15913
4344 21954
4344 12185
4344 18804
4344 20992
4344 12280
4344 22221
4344 17012
4344 12801
4344 15656
4344 12191
4344 17811
4344 23527
4344 26243
4344 13892
4344 27074
4344 12233
4344 15593
4344 15926
4344 16283
4344 20445
4344 24978
4344 25517
4344 14759
4344 16869
4344 19496
4344 16769
4344 21953
4344 12139
4344 17259
4344 22537
4344 17100
4344 13128
4344 15287
4344 22545
4345 16929
4345 13374
4345 15194
4345 19771
4345 15785
4345 15966
4345 14878
4345 15221
4345 17647
4345 21430
4345 23065
4345 18103
4345 17013
4345 20306
4345 20676
4345 19469
4345 12200
4345 24492
4346 25804
4346 15053
4346 15665
4346 22987
4346 24967
4346 24976
4346 25701
4346 25960
4347 18648
4347 15598
4347 15721
4347 19351
4347 17204
4347 20447
4347 12201
4348 16940
4348 20325
4348 12974
4348 19271
4348 22605
4349 12693
4349 26613
4349 12034
4349 12572
4349 17582
4349 17317
4350 15186
4350 23046
4350 26162
4350 14970
4350 24618
4350 13793
4350 22193
4350 25185
4350 26744
4351 27097
4351 21259
4351 27367
4351 27519
4351 27562
4351 27315
4351 27675
4351 27870
4351 27905
4351 27862
4351 27585
4351 27959
4351 27416
4351 27902
4351 27444
4351 27854
4351 27876
4351 23318
4351 27816
4351 27756
4351 27864
4351 28009
4351 27406
4351 27976
4351 17184
4351 28007
4351 28074
4351 28076
4351 28040
4351 28027
4351 19978
4351 28078
4351 21069
4352 16784
4352 20665
4352 25332
4352 26118
4352 13293
4352 13507
4352 16619
4353 25896
4353 13429
4353 24156
4353 24649
4353 26275
4353 25296
4353 19070
4353 21344
4353 23003
4353 16802
4353 18357
4353 21838
4353 22021
4353 24476
4353 24562
4353 25042
4353 19959
4353 23391
4353 23547
4353 18519
4353 23643
4353 18093
4353 21336
4353 19195
4353 15746
4353 16370
4353 23375
4353 11890
4353 13666
4353 17388
4353 22547
4353 24622
4353 14744
4353 26182
4353 23250
4353 26991
4353 14132
4353 26992
4353 21332
4353 25628
4353 23729
4353 16720
4354 23369
4354 12293
4354 21397
4354 23286
4354 24088
4354 26124
4354 19601
4354 12298
4354 19083
4354 20759
4354 19740
4354 24927
4354 18794
4354 24851
4354 26483
4354 25206
4354 22662
4354 12812
4354 17592
4354 19134
4354 20322
4355 18302
4355 19906
4355 25896
4355 22595
4355 20224
4355 22921
4355 11890
4355 14556
4355 25156
4355 19225
4355 23788
4355 26635
4355 20503
4355 20937
4355 21643
4355 23590
4355 17869
4355 12973
4355 23144
4355 21928
4355 27900
4355 25131
4355 12160
4355 27221
4356 13846
4356 16294
4356 21815
4356 12891
4356 23223
4356 12011
4356 12163
4356 16953
4356 16262
4356 25932
4356 14513
4356 17666
4356 25933
4357 17093
4357 16761
4357 19652
4357 12845
4357 14742
4357 17342
4357 23614
4357 24998
4357 25873
4357 22183
4357 19208
4357 25319
4358 26906
4358 17493
4358 27233
4358 27321
4358 26928
4358 20834
4358 27673
4358 27285
4358 27902
4358 27861
4358 27632
4358 27968
4358 19353
4358 25688
4358 27911
4359 25724
4359 15231
4359 21582
4359 26855
4359 14576
4359 12791
4359 15412
4360 21046
4360 12016
4360 20521
4360 20759
4360 21170
4360 22577
4361 13655
4361 20305
4361 22071
4361 19026
4361 23168
4361 21704
4361 25110
4361 20199
4361 26492
4361 22974
4361 11923
4361 26500
4361 26874
4361 21917
4361 27891
4362 12166
4362 12261
4362 12296
4362 12393
4362 12611
4362 13703
4362 13816
4362 19367
4362 17528
4362 24608
4362 24103
4362 25521
4362 27440
4362 27575
4362 27982
4362 27704
4362 27956
4363 21786
4363 25125
4363 13416
4363 13447
4363 23157
4363 24356
4363 25680
4363 26882
4363 27411
4363 15924
4363 18780
4363 21045
4363 26080
4363 18611
4363 24354
4363 16474
4363 19512
4363 20046
4363 23663
4363 15645
4363 19702
4363 26724
4364 12754
4364 21549
4364 25815
4364 21355
4364 20810
4364 22400
4365 12570
4365 13107
4365 13763
4365 17540
4365 20292
4365 20867
4365 21082
4365 22029
4365 23180
4365 23227
4365 23229
4365 23570
4365 24147
4365 24812
4365 25113
4365 27048
4365 16224
4365 26984
4366 18989
4366 19239
4366 16848
4366 19219
4366 12085
4366 23003
4366 27496
4366 24190
4366 13421
4366 17296
4366 16316
4366 25650
4366 13741
4366 25636
4366 12067
4367 13242
4367 13361
4367 12763
4367 12540
4367 13580
4367 17058
4367 15401
4367 18350
4367 13011
4368 18467
4368 20282
4368 15313
4368 17309
4368 24398
4368 15885
4368 19543
4368 18554
4369 14810
4369 18648
4369 17469
4369 19153
4369 18090
4369 15999
4369 16806
4369 13472
4369 22891
4369 23361
4369 24266
4369 24666
4370 15310
4370 17354
4370 19026
4370 25411
4370 26912
4370 18879
4370 22709
4370 24205
4370 27395
4370 14719
4370 23885
4370 27956
4370 26494
4371 22619
4371 14244
4371 15507
4371 22843
4371 18734
4371 20229
4371 25749
4371 26888
4371 25225
4371 26013
4372 13405
4372 15269
4372 15738
4372 12716
4372 17469
4372 18648
4372 12864
4372 21667
4372 22891
4372 23440
4372 20224
4372 22688
4372 26199
4372 26227
4372 25505
4372 26229
4372 26400
4372 24891
4372 25503
4372 25986
4372 27145
4372 27441
4372 27581
4372 27704
4373 13049
4373 24341
4373 25933
4373 27405
4373 12905
4373 18335
4373 20982
4373 22650
4373 27390
4374 27817
4374 12891
4374 20849
4374 14532
4374 14715
4374 20845
4375 21458
4375 19579
4375 13042
4375 13936
4375 17306
4375 23471
4375 17869
4376 16452
4376 19329
4376 23906
4376 24956
4376 27228
4376 27065
4377 18753
4377 14211
4377 20670
4377 24187
4377 17231
4377 20937
4377 20105
4377 19847
4377 25648
4377 26055
4377 24956
4377 22994
4377 25575
4377 25677
4377 25768
4377 19727
4377 21591
4377 13430
4377 16419
4377 22826
4377 27541
4377 27542
4377 27377
4377 20672
4377 23780
4377 27336
4377 27193
4377 23483
4378 18876
4378 15393
4378 15574
4378 20297
4378 22809
4378 22145
4379 13658
4379 12944
4379 15701
4379 20875
4379 16979
4379 16455
4379 23967
4379 14888
4379 24480
4379 23606
4379 22409
4379 25942
4379 26040
4379 15360
4379 20822
4379 12467
4379 24047
4379 27981
4379 25615
4379 14887
4379 23645
4380 15500
4380 16052
4380 20935
4380 24435
4380 24266
4380 24669
4380 18909
4380 19786
4381 19979
4381 18632
4381 23989
4381 18217
4381 23983
4381 20277
4381 20391
4381 24510
4381 25652
4381 25227
4381 24643
4381 26004
4381 16199
4381 25008
4381 26396
4381 26163
4381 25943
4381 26406
4381 17209
4381 22412
4381 26038
4381 26646
4381 26477
4381 25487
4381 11923
4381 25483
4381 26113
4381 27161
4381 27271
4381 16133
4381 26820
4381 27401
4381 26937
4381 25405
4381 27582
4381 27791
4381 27633
4381 27819
4381 27859
4381 27618
4381 28084
4382 12667
4382 14178
4382 16953
4382 17354
4382 21828
4382 23862
4382 20772
4382 14029
4382 22310
4383 11845
4383 11950
4383 12344
4383 13726
4383 15334
4383 21020
4383 25418
4383 20953
4383 18889
4383 18273
4383 23829
4384 12368
4384 15710
4384 15959
4384 19367
4384 13545
4384 25557
4385 13111
4385 15624
4385 14513
4385 14573
4385 16625
4385 18893
4385 19252
4385 21894
4385 19914
4385 20020
4385 16324
4386 13478
4386 24790
4386 26759
4386 22826
4386 18022
4386 25752
4387 13277
4387 17357
4387 18276
4387 20755
4387 14202
4387 17430
4387 18727
4387 20772
4387 21856
4387 14880
4387 21544
4387 23570
4387 13602
4387 14223
4387 15882
4387 26215
4387 25110
4387 12750
4387 12942
4387 17408
4387 17743
4387 19461
4387 20312
4387 20915
4387 22428
4387 26750
4387 27749
4387 16992
4387 23864
4387 22119
4387 25991
4388 13210
4388 15324
4388 17334
4388 26179
4388 22537
4389 16133
4389 17317
4389 24178
4389 15920
4389 15871
4389 23478
4389 22822
4389 25519
4389 12814
4389 24658
4389 24700
4389 26396
4389 25179
4389 27010
4389 26929
4389 27206
4389 27028
4389 27184
4389 27834
4389 24991
4389 27843
4389 27608
4390 23928
4390 24666
4390 25110
4390 25492
4390 22550
4390 26401
4390 25558
4390 27270
4390 27637
4390 27609
4391 23191
4391 17528
4391 23459
4391 25743
4391 25652
4391 26251
4391 24643
4391 18277
4391 18278
4391 25558
4391 22412
4391 25294
4391 26002
4391 26412
4391 27560
4391 25267
4391 27983
4391 27722
4391 27885
4391 14889
4392 18528
4392 12552
4392 17527
4392 17161
4392 18296
4392 17880
4392 19825
4392 19595
4392 13328
4392 21664
4392 19069
4392 14737
4392 23724
4392 24171
4392 22889
4392 23924
4392 23653
4393 18095
4393 21073
4393 23836
4393 16954
4393 25825
4394 14683
4394 22380
4394 25383
4394 13999
4394 16255
4394 23563
4394 18636
4394 18924
4394 23497
4394 25296
4394 13763
4394 13854
4394 24209
4395 26606
4395 12720
4395 26430
4395 26820
4395 27309
4395 14517
4395 27441
4395 15645
4395 12707
4395 27491
4395 27203
4395 16016
4395 27285
4395 26813
4395 26783
4395 27901
4395 27906
4395 26757
4395 27689
4395 28093
4395 27660
4395 27644
4395 27517
4395 27797
4395 27550
4396 14223
4396 27434
4396 27112
4396 27565
4396 27644
4396 15234
4396 21041
4396 25844
4396 27345
4396 27470
4396 27471
4396 27672
4396 27203
4396 24836
4396 27808
4396 15571
4396 24629
4396 27416
4396 27938
4396 27358
4396 27444
4396 27660
4396 27139
4396 27539
4396 27984
4396 27990
4396 27976
4396 14782
4396 27753
4396 27831
4396 28082
4396 27550
4396 27554
4396 28023
4396 28071
4396 27978
4397 13704
4397 17513
4397 20454
4397 21404
4397 11916
4397 14126
4397 20863
4397 12160
4397 19866
4397 19959
4397 24783
4397 17395
4397 16775
4397 19280
4398 12052
4398 15644
4398 12316
4398 15258
4398 14837
4398 17420
4398 21568
4398 25174
4398 24608
4399 15489
4399 15651
4399 19223
4399 20432
4399 20782
4399 18929
4399 21450
4399 20935
4399 23906
4399 21676
4399 18876
4399 23681
4399 19837
4399 25285
4399 26186
4399 24404
4399 24884
4399 22348
4399 22298
4399 26352
4399 27199
4399 17832
4399 12580
4399 27045
4399 28005
4400 18171
4400 19130
4400 27447
4400 12000
4400 27605
4401 14600
4401 12287
4401 12105
4401 15574
4401 22659
4401 16712
4401 18945
4402 25654
4402 23264
4402 26529
4402 27332
4402 25109
4402 27899
4402 28005
4403 12152
4403 12716
4403 14634
4403 12478
4403 16056
4403 16856
4403 19697
4403 20602
4403 17469
4403 17762
4403 17627
4403 15911
4403 16618
4403 27764
4404 13726
4404 12566
4404 14009
4404 22012
4404 24666
4404 12099
4404 27525
4404 27909
4404 27813
4405 14627
4405 18948
4405 18949
4405 20916
4405 20980
4405 12635
4405 13661
4405 18668
4405 20922
4405 23428
4405 19438
4405 14557
4405 14745
4405 16598
4405 18249
4405 27731
4406 23775
4406 25701
4406 20096
4406 21321
4406 23834
4406 26038
4406 25604
4407 19687
4407 12477
4407 13988
4407 12778
4407 15408
4407 16362
4407 22728
4407 18948
4407 22057
4407 17905
4408 21832
4408 13011
4408 13061
4408 15475
4408 19353
4408 25883
4408 19590
4409 17444
4409 17770
4409 22504
4409 18895
4409 22692
4409 23275
4409 24124
4409 17335
4409 25863
4409 26224
4409 25394
4409 22742
4409 19738
4409 26310
4409 20330
4409 26606
4409 27199
4409 26412
4409 27270
4409 13790
4409 27418
4409 27450
4409 27705
4409 27929
4410 15384
4410 20937
4410 13752
4410 22895
4410 22498
4410 21894
4410 18051
4411 15908
4411 20130
4411 19697
4411 22129
4411 12909
4412 13238
4412 15712
4412 16781
4412 19359
4412 21593
4412 18949
4412 12367
4412 17418
4412 16065
4412 19942
4412 23856
4412 18423
4412 26001
4413 20937
4413 21281
4413 20944
4413 23815
4413 24606
4413 25601
4413 24884
4413 24176
4413 27876
4413 27678
4413 27616
4414 12031
4414 15645
4414 15922
4414 18413
4414 11897
4414 23765
4415 27199
4415 27205
4415 25267
4415 25844
4415 24026
4415 27203
4415 23471
4415 27933
4415 27696
4415 27876
4416 26760
4416 26606
4416 25558
4416 16025
4416 21542
4416 25884
4416 26434
4416 17207
4416 18868
4416 20469
4417 14894
4417 16330
4417 16679
4417 15512
4417 13671
4418 16182
4418 15270
4418 26390
4418 23065
4418 27682
4418 27491
4418 27538
4418 23092
4418 28008
4418 27214
4418 28058
4418 27759
4418 28038
4418 27756
4418 28064
4418 16677
4418 25624
4419 19415
4419 22511
4419 18451
4419 25330
4419 25374
4420 14375
4420 25258
4420 20087
4420 25548
4420 26750
4420 21655
4420 20094
4420 17749
4420 20247
4420 20488
4420 24669
4420 14593
4420 16664
4420 12461
4421 14223
4421 17735
4421 19690
4421 20473
4421 17394
4421 20336
4421 12078
4421 17270
4421 26552
4422 11891
4422 18981
4422 23522
4422 23627
4422 25845
4422 13658
4422 15266
4423 11867
4423 22240
4423 12056
4423 18652
4423 23269
4423 15524
4423 16827
4423 21570
4423 20095
4423 20996
4424 25190
4424 25844
4424 27582
4424 27630
4424 27902
4424 24514
4424 28041
4425 17345
4425 17680
4425 12213
4425 22544
4425 19489
4425 12975
4425 17682
4425 13173
4425 15127
4425 13042
4425 25587
4425 13985
4425 15978
4425 17644
4425 18153
4426 19429
4426 21380
4426 19353
4426 12514
4426 19461
4426 18787
4426 24850
4426 23372
4427 24666
4427 14295
4427 20872
4427 20202
4427 25520
4427 14743
4427 25654
4427 24947
4427 17933
4427 23564
4427 25238
4427 24042
4427 23812
4427 26760
4427 26691
4427 11923
4427 26113
4427 27221
4427 24345
4427 17331
4427 25348
4427 25349
4427 12620
4427 20767
4427 27073
4427 25771
4427 23032
4427 27646
4427 28083
4428 24507
4428 26167
4428 23812
4428 26896
4428 27729
4428 25844
4428 28022
4428 27945
4429 12518
4429 25441
4429 25672
4429 26340
4429 24643
4429 26691
4429 26894
4429 27226
4429 27436
4429 27200
4429 27764
4429 27847
4429 25961
4430 16504
4430 15999
4430 12139
4430 12974
4430 19304
4430 25133
4430 26655
4430 19479
4430 23554
4431 18673
4431 21139
4431 15286
4431 23408
4431 23826
4431 26716
4432 15510
4432 17374
4432 19861
4432 18276
4432 11916
4432 11918
4432 17125
4432 18103
4432 18278
4432 19540
4432 26078
4432 26002
4432 24871
4432 12333
4432 17886
4432 18263
4432 20626
4432 20847
4432 25952
4432 17335
4432 25941
4432 24152
4432 26646
4432 22248
4432 23732
4432 25884
4432 27527
4432 14506
4432 22422
4433 16611
4433 23183
4433 24621
4433 23138
4433 24820
4433 24658
4433 21595
4433 27673
4433 27674
4433 27762
4433 27901
4433 27378
4434 12164
4434 12579
4434 13007
4434 14223
4434 14897
4434 14052
4434 20229
4434 23575
4434 17374
4435 12493
4435 13374
4435 17551
4435 17047
4435 15426
4435 17172
4435 22782
4435 14757
4435 19371
4435 16601
4435 27900
4436 13032
4436 16116
4436 16595
4436 21549
4436 22703
4436 23527
4436 25318
4436 26584
4436 12777
4436 12974
4436 20645
4436 16416
4436 24080
4436 12905
4436 21513
4436 13630
4436 14368
4436 12593
4436 13076
4436 16261
4436 19631
4436 26922
4436 15389
4436 25133
4436 25884
4436 17049
4436 20230
4436 21491
4437 14542
4437 25025
4437 20291
4437 13680
4437 27659
4438 19735
4438 16813
4438 12420
4438 16983
4438 19675
4438 12216
4438 13790
4438 15126
4438 17489
4438 20943
4438 21660
4438 23144
4438 22189
4438 18944
4438 19441
4438 11912
4438 18699
4438 21024
4438 22659
4438 14290
4438 17451
4438 20412
4438 16986
4438 13824
4438 18121
4438 18507
4438 21057
4438 24647
4438 17898
4438 20849
4438 22408
4438 22694
4438 22738
4438 25214
4438 23931
4438 12572
4439 12518
4439 14121
4439 11980
4439 23618
4439 23571
4439 20632
4439 23638
4439 15915
4439 22783
4439 20772
4439 26017
4439 27833
4439 20878
4439 28021
4439 27906
4439 26922
4439 28075
4440 15187
4440 27408
4440 16866
4440 24485
4440 26403
4441 11890
4441 14467
4441 14478
4441 24826
4441 16984
4441 22873
4441 24902
4441 20746
4441 25801
4441 26046
4441 16068
4441 25086
4441 25185
4442 19146
4442 19744
4442 22683
4442 15389
4442 18804
4442 27425
4442 24749
4443 22444
4443 25076
4443 12145
4443 19849
4443 26626
4444 21296
4444 25270
4444 26030
4444 22000
4444 27633
4445 13818
4445 12233
4445 13881
4445 13809
4445 12434
4445 20632
4445 17371
4445 19123
4445 14623
4445 19364
4445 22822
4445 22704
4445 13864
4445 26605
4446 23518
4446 25521
4446 25655
4446 25863
4446 25528
4446 25394
4446 24436
4446 26348
4446 25503
4446 26016
4446 25146
4446 27118
4446 26740
4446 25844
4446 27463
4446 27368
4446 27204
4446 26813
4446 26924
4446 27891
4446 27722
4446 28021
4446 28036
4446 27963
4446 27899
4446 27689
4447 17091
4447 21953
4447 16281
4447 18039
4447 23339
4448 14645
4448 14757
4448 19110
4448 17335
4448 20677
4448 17592
4448 17995
4448 21728
4448 13605
4448 15435
4448 12966
4448 15785
4448 13428
4448 21985
4448 18046
4448 25300
4448 23370
4448 15062
4448 20630
4448 22830
4448 12830
4448 25535
4448 20103
4448 14352
4448 19558
4448 25745
4448 17342
4448 19099
4448 23398
4448 21416
4448 25731
4448 26125
4448 20961
4448 19256
4448 22031
4448 25414
4448 27337
4448 12671
4448 17224
4449 12618
4449 17173
4449 19729
4449 24604
4449 26388
4449 18189
4449 20800
4449 17521
4449 22154
4449 22751
4449 24867
4449 15952
4449 13773
4449 15183
4450 12160
4450 13007
4450 22773
4450 24346
4450 27056
4451 20444
4451 18517
4451 20274
4451 15086
4451 23112
4451 20686
4451 16088
4451 20250
4452 22783
4452 19415
4452 12944
4452 24666
4452 24764
4452 22002
4452 25675
4452 25712
4452 25558
4452 27302
4452 26772
4452 27551
4452 27203
4452 27641
4452 15373
4452 26919
4452 27985
4452 27990
4452 27929
4452 23000
4452 27955
4452 27712
4452 27978
4453 12785
4453 12540
4453 20644
4453 21225
4453 12801
4454 23017
4454 12016
4454 15831
4454 20767
4454 21441
4455 18519
4455 24666
4455 25557
4455 11923
4455 24662
4455 27072
4455 27071
4455 27302
4455 27280
4455 27255
4455 27513
4455 27835
4455 27847
4455 25653
4455 28022
4455 28001
4455 27175
4456 26622
4456 22298
4456 22350
4456 12192
4456 25001
4456 25503
4456 19833
4456 23349
4456 18130
4456 12151
4456 27406
4457 12090
4457 21898
4457 25578
4457 16681
4457 24518
4457 24683
4457 16360
4457 20539
4457 20733
4457 25801
4457 26548
4457 15324
4457 16014
4458 23815
4458 24169
4458 24456
4458 24606
4458 19270
4458 26047
4458 21894
4458 26128
4458 24458
4458 25712
4458 26077
4458 23812
4458 26643
4458 11923
4458 27199
4458 27228
4458 27440
4458 27339
4458 27182
4458 27281
4458 27560
4458 25267
4458 27614
4458 27844
4458 27876
4459 13910
4459 12361
4459 16803
4459 18704
4459 25767
4459 15726
4459 16398
4459 13675
4459 13944
4459 15896
4459 22465
4459 13999
4459 16844
4459 12147
4459 16815
4459 19691
4459 25131
4459 12439
4459 18804
4460 12620
4460 14327
4460 15913
4460 13365
4460 15533
4460 22854
4460 11966
4460 12184
4460 12420
4460 12439
4460 13493
4460 13858
4460 18877
4460 19903
4460 12975
4460 18152
4460 11905
4461 15191
4461 12602
4461 13855
4461 13917
4461 14808
4461 19068
4461 20043
4461 20016
4461 19752
4461 20782
4461 24574
4462 13211
4462 18052
4462 17644
4462 18020
4462 18975
4462 15237
4462 15260
4462 14905
4462 12493
4462 15666
4462 14913
4462 26401
4463 12464
4463 12398
4463 27100
4463 23765
4463 25581
4464 12261
4464 13989
4464 18452
4464 18979
4464 14718
4464 21903
4464 12571
4464 20219
4464 21081
4464 11934
4464 22220
4464 18463
4464 21769
4464 21874
4464 16912
4464 23924
4465 18329
4465 14557
4465 15596
4465 12026
4465 16014
4465 21671
4465 26891
4465 19715
4466 24277
4466 26760
4466 25429
4466 18614
4466 27552
4467 21514
4467 12016
4467 13040
4467 18088
4467 22210
4467 27095
4468 22836
4468 23084
4468 21647
4468 17259
4468 18612
4468 18276
4468 23003
4469 12801
4469 19643
4469 22559
4469 16114
4469 14670
4469 15389
4469 17093
4469 23505
4469 14289
4469 19301
4470 26953
4470 27428
4470 26198
4470 28028
4470 27491
4470 27214
4470 27540
4471 12891
4471 17068
4471 17744
4471 24351
4471 14190
4471 13306
4471 14468
4471 19002
4471 19560
4471 13195
4472 18065
4472 20884
4472 18616
4472 21998
4472 19915
4472 13351
4473 18394
4473 22403
4473 14328
4473 12151
4473 25595
4474 21804
4474 22750
4474 21284
4474 21519
4474 23186
4474 20284
4474 23413
4474 26014
4474 21894
4474 26335
4474 25769
4474 21640
4474 24325
4474 13752
4474 21764
4474 26940
4474 21398
4474 24658
4474 27370
4474 26628
4475 14878
4475 20042
4475 19518
4475 15605
4475 22139
4475 26243
4475 18830
4475 16826
4476 26759
4476 14608
4476 16998
4476 19560
4476 24819
4476 25595
4477 12566
4477 11911
4477 12780
4477 13380
4477 12777
4477 12954
4477 13353
4477 12571
4477 14121
4477 16055
4477 12366
4477 13704
4477 16812
4477 17412
4477 19900
4477 20054
4477 12139
4477 12732
4477 15785
4477 23881
4477 18525
4477 18879
4477 11860
4477 25177
4477 19555
4477 25875
4477 27069
4477 24839
4477 21019
4477 21021
4478 11970
4478 15375
4478 12752
4478 14733
4478 16141
4478 17828
4478 22891
4478 24771
4478 19390
4478 23726
4478 25964
4478 22297
4478 23264
4478 26412
4478 16536
4478 27674
4478 27733
4478 26757
4478 28025
4478 27617
4478 27971
4479 12719
4479 24643
4479 26344
4479 27210
4479 27440
4479 27609
4479 27930
4480 23666
4480 23185
4480 24584
4480 26106
4480 26344
4480 26498
4480 26644
4480 26412
4480 27043
4480 27498
4480 27281
4480 27560
4480 27203
4480 27984
4481 25845
4481 12959
4481 23627
4481 25042
4481 12449
4482 22226
4482 20849
4482 22379
4482 22380
4482 22296
4482 15252
4482 15254
4482 21884
4482 11910
4482 18739
4482 21960
4482 19386
4482 27017
4483 19512
4483 20297
4483 23230
4483 13334
4483 19860
4484 12176
4484 20884
4484 25628
4484 26542
4484 26857
4485 17433
4485 12840
4485 21477
4485 23904
4485 20415
4485 21903
4485 13282
4485 17292
4485 21505
4485 24310
4485 19334
4485 12280
4485 17534
4485 18901
4485 14941
4485 17906
4485 15995
4485 17999
4485 12789
4485 22616
4485 25157
4485 24902
4485 12085
4485 15947
4485 19894
4485 21479
4485 26373
4485 26417
4485 25751
4485 23055
4485 12914
4485 15487
4485 24978
4485 25463
4485 14327
4485 12304
4485 20304
4485 21877
4485 23413
4485 23653
4485 24569
4485 25414
4485 27494
4486 24868
4486 15645
4486 25096
4486 22247
4486 23340
4486 21492
4487 17019
4487 12366
4487 21937
4487 24606
4487 22785
4487 22252
4487 25289
4487 25519
4487 12781
4487 22746
4487 24945
4487 26260
4487 25238
4487 26102
4487 24077
4487 27081
4487 27249
4487 14517
4487 27285
4487 27762
4487 27966
4488 13753
4488 23096
4488 24791
4488 18000
4488 17354
4488 15695
4488 22145
4489 18950
4489 15331
4489 14725
4489 18385
4489 20039
4489 21990
4489 15133
4490 14797
4490 12567
4490 15948
4490 13460
4490 23613
4491 14475
4491 12012
4491 12693
4491 12151
4491 12160
4491 15386
4491 13694
4491 13175
4491 13353
4491 22864
4492 14778
4492 14210
4492 19424
4492 12905
4492 19415
4492 14242
4492 20002
4492 21953
4492 23370
4492 12217
4492 24754
4493 11892
4493 24043
4493 15283
4493 17825
4493 17454
4493 20941
4493 13133
4493 14878
4493 14880
4493 15766
4493 21544
4493 13338
4493 20767
4493 19361
4493 14555
4493 13131
4494 14893
4494 18753
4494 24435
4494 25270
4494 22550
4494 26017
4494 27416
4494 27660
4495 17767
4495 20375
4495 17046
4495 17682
4495 17784
4496 12596
4496 13716
4496 12560
4496 15006
4496 13878
4496 14565
4496 14588
4496 16638
4496 20896
4496 16261
4496 19918
4496 24148
4496 16747
4496 24166
4496 14412
4496 20458
4496 14905
4496 13982
4496 26039
4496 25453
4496 15942
4497 21235
4497 12030
4497 26276
4497 13023
4497 13749
4497 24742
4498 19779
4498 26369
4498 18089
4498 25911
4498 26705
4498 21509
4498 13179
4498 19475
4499 14327
4499 16425
4499 22666
4499 22243
4499 16538
4499 21177
4499 14363
4499 22426
4499 21053
4500 13498
4500 13004
4500 12832
4500 17279
4500 18299
4500 21261
4500 18830
4501 20442
4501 22060
4501 22455
4501 16436
4501 23919
4501 20645
4501 13539
4501 20308
4502 19367
4502 14683
4502 18010
4502 23872
4502 15478
4503 24585
4503 25158
4503 24939
4503 23459
4503 22550
4503 24945
4503 26260
4503 15161
4503 11923
4503 15664
4503 25519
4503 26930
4503 27045
4503 26074
4503 21481
4503 27513
4503 14506
4503 27132
4503 27764
4503 27984
4503 14889
4503 27592
4503 21069
4503 27813
4504 23615
4504 25601
4504 14639
4504 25557
4504 26180
4504 27910
4505 20041
4505 11935
4505 19024
4505 25485
4505 12752
4505 21160
4505 22322
4505 24004
4506 16313
4506 20515
4506 17567
4506 20020
4506 20590
4506 24928
4506 27424
4507 14911
4507 22538
4507 18470
4507 18679
4507 21596
4507 11867
4507 15130
4507 19367
4507 20314
4507 20323
4507 13064
4507 14024
4507 14196
4507 24356
4507 25318
4507 16351
4507 13295
4507 13447
4507 13793
4507 16972
4507 16979
4507 19085
4507 15934
4507 17256
4508 25108
4508 17241
4508 16385
4508 24838
4508 24305
4509 24378
4509 24956
4509 27705
4509 27726
4509 28021
4510 19579
4510 20116
4510 17101
4510 22367
4510 25607
4511 15057
4511 26311
4511 24836
4511 27130
4511 12444
4512 19665
4512 21536
4512 14394
4512 24790
4512 25137
4512 16829
4513 14880
4513 15556
4513 18645
4513 16274
4513 15597
4513 19757
4513 11882
4513 19598
4513 22284
4513 23935
4513 26172
4513 25940
4513 22006
4513 24841
4513 18404
4514 20707
4514 21274
4514 12922
4514 21969
4514 27256
4514 16479
4514 13780
4514 12963
4515 15509
4515 17062
4515 26438
4515 20506
4515 24542
4516 16631
4516 24623
4516 25054
4516 25521
4516 22673
4516 23466
4516 24460
4516 24508
4516 22742
4516 25943
4516 23642
4516 26614
4516 22412
4516 26113
4516 26643
4516 26913
4516 25557
4516 26734
4516 11923
4516 26914
4516 26996
4516 27415
4516 20601
4516 27309
4516 14517
4516 27791
4516 27460
4516 27928
4516 28075
4516 27978
4517 23500
4517 23502
4517 14499
4517 11979
4517 14719
4517 14603
4517 15465
4517 24273
4518 25035
4518 12693
4518 20284
4518 24804
4518 18045
4518 12151
4518 14327
4518 26728
4518 24390
4518 27253
4518 25068
4518 27808
4518 27876
4519 11867
4519 17039
4519 27065
4519 18490
4519 18879
4519 27731
4519 22886
4519 23088
4520 22507
4520 21523
4520 24754
4520 15426
4520 18487
4520 12322
4521 20749
4521 24019
4521 12801
4521 17257
4521 18591
4521 22783
4521 23306
4522 19875
4522 19026
4522 23168
4522 24666
4522 27334
4523 18431
4523 23566
4523 25054
4523 20869
4523 24508
4523 26317
4523 16419
4523 25733
4523 26797
4523 25147
4523 28092
4524 14563
4524 18457
4524 19030
4524 18933
4524 16561
4524 21175
4525 19268
4525 20444
4525 18713
4525 26569
4525 25481
4525 18584
4526 12577
4526 12935
4526 15696
4526 14190
4526 12333
4526 16829
4526 13203
4526 12202
4526 19567
4527 16087
4527 15766
4527 23823
4527 27210
4527 27938
4527 26757
4528 12794
4528 15569
4528 17606
4528 16983
4528 18468
4528 19028
4528 21458
4528 20061
4528 21952
4528 23478
4528 24435
4528 21912
4528 25674
4528 19892
4528 26821
4528 26743
4528 27281
4528 27731
4528 27839
4528 27285
4528 27539
4528 24509
4528 21441
4528 14610
4528 13918
4528 19925
4529 27075
4529 27126
4529 27109
4529 27195
4529 27221
4529 27213
4529 27070
4529 27178
4529 27215
4529 27101
4529 27216
4529 27234
4529 27545
4529 27501
4529 25950
4529 20756
4530 18810
4530 20523
4530 15468
4530 15465
4530 12636
4530 13660
4530 15477
4530 12617
4531 14880
4531 19969
4531 19600
4531 20937
4531 17288
4531 14994
4531 14006
4531 19339
4531 18764
4531 12406
4531 20259
4531 16087
4531 22260
4531 17794
4531 22353
4531 22165
4532 21101
4532 15078
4532 20140
4532 20209
4532 26249
4532 22974
4532 26949
4532 16499
4532 13154
4532 17046
4532 26599
4532 13155
4532 20236
4532 18556
4532 27308
4532 16510
4532 18719
4532 22101
4532 24035
4532 26981
4532 16681
4532 12160
4532 24147
4532 19475
4532 12795
4532 12287
4532 15324
4532 19140
4532 14670
4532 15024
4532 17749
4532 21664
4532 27570
4532 16225
4532 16632
4532 16639
4532 20818
4532 12198
4532 14017
4532 13066
4532 27004
4532 16380
4532 24058
4533 16393
4533 12533
4533 12160
4533 20268
4533 21374
4533 24855
4534 23560
4534 23117
4534 23191
4534 24590
4534 23871
4534 24162
4534 24161
4534 25617
4534 24576
4534 22673
4534 22494
4534 26643
4534 26303
4534 27228
4534 26914
4534 27271
4534 27637
4534 27933
4534 27940
4534 27592
4535 24666
4535 21000
4535 25652
4535 24494
4535 24643
4535 24490
4535 23292
4535 26808
4535 11923
4536 18576
4536 27518
4536 21259
4536 27737
4536 27187
4536 27530
4536 25267
4536 27434
4536 24990
4536 27125
4536 27253
4536 20358
4536 20359
4536 27202
4536 17085
4536 27442
4536 27581
4536 13446
4536 17960
4536 27797
4536 27098
4536 27358
4536 27762
4536 27839
4536 27770
4536 27861
4536 26919
4536 27860
4536 28021
4536 12011
4536 27051
4536 15786
4536 17251
4536 17180
4536 23937
4536 26494
4536 23332
4536 27783
4536 27689
4537 12368
4537 11847
4537 13777
4537 12139
4537 15674
4537 14698
4537 12133
4537 17627
4537 13302
4537 24639
4537 17114
4537 25492
4537 24643
4537 25557
4537 27630
4537 27834
4537 27982
4537 27507
4537 28021
4537 28022
4538 13011
4538 19615
4538 11866
4538 13320
4538 25480
4538 26256
4538 25803
4538 20645
4538 22848
4538 26803
4538 25879
4538 19685
4538 16415
4538 18448
4539 15074
4539 13023
4539 15171
4539 27310
4539 23710
4540 13066
4540 18036
4540 19615
4540 17309
4540 15165
4540 12973
4541 13981
4541 16154
4541 19537
4541 13733
4541 19176
4541 16538
4541 13868
4541 13888
4541 19689
4541 25061
4542 18626
4542 19002
4542 18084
4542 24566
4542 17238
4542 21352
4542 19435
4542 20545
4542 25746
4542 16216
4542 26873
4542 27393
4542 19092
4542 20509
4542 16395
4542 21635
4542 25142
4542 25879
4542 23733
4542 24886
4543 14097
4543 12662
4543 19108
4543 17109
4543 23906
4543 24666
4543 21940
4543 23355
4543 26055
4543 24956
4543 21894
4543 19892
4543 19560
4543 17456
4543 25748
4543 20155
4543 27652
4544 25285
4544 21228
4544 27593
4544 26312
4544 27857
4544 28093
4545 17532
4545 17784
4545 25628
4545 13023
4545 21141
4545 15122
4545 22025
4545 19316
4545 20535
4545 19114
4546 20062
4546 23191
4546 25270
4546 25568
4546 26047
4546 26500
4546 26344
4546 23264
4546 22369
4546 13092
4546 20256
4546 19415
4546 27731
4546 28039
4546 17184
4547 12389
4547 12836
4547 14725
4547 12003
4547 12001
4547 15191
4547 13357
4547 17729
4547 16230
4547 16978
4547 22045
4547 21693
4547 24000
4547 18800
4547 23644
4547 20510
4547 24912
4547 20508
4547 21589
4547 25419
4547 24669
4547 25395
4547 24204
4548 12153
4548 19415
4548 25169
4548 27004
4548 24278
4549 24435
4549 11901
4549 14190
4549 20199
4549 25158
4549 19224
4549 24125
4549 25521
4549 24494
4549 25961
4549 24956
4549 26056
4549 24945
4549 25076
4549 20771
4549 25111
4549 11923
4549 26821
4549 26937
4549 27286
4549 25844
4549 27495
4549 27283
4549 21917
4549 27724
4549 27416
4549 27677
4549 28091
4549 28090
4549 27920
4549 28083
4550 18447
4550 22688
4550 23191
4550 24180
4550 25101
4550 22350
4550 26895
4550 27526
4550 27283
4550 27722
4551 27554
4551 27564
4551 27565
4551 27644
4551 27221
4551 27685
4551 21259
4551 25234
4551 27550
4551 27567
4551 27361
4551 27779
4551 20763
4551 21429
4551 27824
4551 27763
4551 27792
4551 27870
4551 27518
4551 27781
4551 27820
4551 27938
4551 26084
4551 27953
4551 27634
4551 27635
4551 27854
4551 27858
4551 27816
4551 27784
4551 25749
4551 28009
4551 28007
4551 27594
4551 23000
4551 28091
4552 23560
4552 23694
4552 26912
4552 17263
4552 18001
4552 22318
4552 27819
4552 27406
4553 22570
4553 21676
4553 24183
4553 24386
4553 26352
4553 21508
4553 26820
4553 26694
4553 24026
4553 17604
4553 27646
4554 12956
4554 17625
4554 13813
4554 12387
4554 17194
4554 12060
4554 20445
4554 18199
4554 14779
4554 15465
4554 22963
4554 24742
4554 11852
4554 27590
4555 15766
4555 22397
4555 15711
4555 25836
4555 19114
4555 23471
4555 23894
4556 17199
4556 14665
4556 17121
4556 21806
4556 24586
4556 22820
4556 23248
4556 23459
4556 24643
4556 25076
4556 25575
4556 26280
4556 26310
4556 25601
4556 26897
4556 22412
4556 25111
4556 26894
4556 11923
4556 25483
4556 25503
4556 26996
4556 27560
4557 23909
4557 24278
4557 24516
4557 26069
4557 26313
4557 26345
4557 26523
4557 27146
4557 27717
4557 27139
4557 27951
4557 27644
4558 16339
4558 23732
4558 26629
4558 27321
4558 26864
4558 27862
4558 15571
4558 24629
4558 27982
4558 21119
4558 22079
4558 27313
4558 27509
4558 26757
4558 27906
4558 27660
4558 28033
4558 28034
4559 18625
4559 19030
4559 23416
4559 21711
4559 23870
4559 26055
4559 23276
4559 24871
4559 25627
4559 26620
4559 20263
4559 27059
4559 27707
4559 27709
4559 21824
4559 23152
4559 27963
4559 28039
4560 13217
4560 18014
4560 17436
4560 12911
4560 15641
4560 17188
4560 22738
4560 18261
4560 23515
4560 21000
4560 14539
4560 24669
4560 25441
4560 22742
4560 26691
4560 15161
4560 25111
4560 26155
4560 11923
4560 27201
4560 21591
4560 26995
4560 27206
4560 27447
4560 19533
4560 27808
4560 27776
4560 27899
4560 28044
4561 12840
4561 12936
4561 20306
4561 25275
4561 16815
4561 22288
4561 25649
4561 15586
4561 18735
4561 25125
4561 26002
4561 17161
4561 22779
4561 25274
4562 20526
4562 19800
4562 14048
4562 16395
4562 16235
4562 20960
4562 13484
4562 22988
4562 13064
4562 14458
4562 15695
4562 18738
4562 12192
4562 13631
4562 24640
4562 23577
4563 22826
4563 12633
4563 13433
4563 22504
4563 22963
4563 18481
4563 25308
4563 22222
4563 22974
4564 18544
4564 12651
4564 19200
4564 23687
4564 23720
4564 23732
4564 15542
4564 17539
4564 14389
4564 19371
4564 18888
4564 12891
4564 26512
4564 27339
4564 15806
4564 26638
4564 14978
4564 27700
4564 15202
4565 12196
4565 16792
4565 17308
4565 16341
4565 19351
4565 23941
4565 18276
4565 26540
4565 18714
4565 19466
4565 17451
4565 24847
4565 24730
4566 17603
4566 16102
4566 17282
4566 17598
4566 24869
4566 14884
4566 21680
4566 25519
4567 12439
4567 14266
4567 12762
4567 20155
4567 12672
4568 12388
4568 14137
4568 12879
4568 12961
4568 13213
4568 13216
4568 18519
4568 19281
4568 21993
4568 25166
4568 25652
4568 22823
4568 14967
4568 16233
4568 25575
4568 26317
4568 26103
4568 26912
4568 26451
4568 22394
4568 25957
4568 25837
4568 15861
4569 12794
4569 12711
4569 14368
4569 16595
4569 14335
4569 25812
4569 13236
4570 21595
4570 17093
4570 24826
4570 24957
4570 21482
4570 26337
4570 20412
4570 26454
4570 26579
4571 18194
4571 25654
4571 24956
4571 24662
4571 25536
4572 17569
4572 21446
4572 25108
4572 25871
4572 19897
4572 21298
4572 13520
4572 26136
4572 15133
4572 26984
4572 27103
4572 12540
4572 15166
4572 18064
4572 11937
4572 12160
4572 13322
4572 20365
4572 22175
4572 24319
4572 24527
4572 25625
4572 27501
4573 20307
4573 24934
4573 25283
4573 25837
4573 26757
4574 26928
4574 27345
4574 27513
4574 27724
4574 14506
4574 18459
4574 26518
4574 27770
4574 27802
4574 19659
4574 27972
4574 27923
4575 12105
4575 17077
4575 12961
4575 16132
4575 17401
4575 19281
4575 11867
4575 14791
4575 13882
4575 16274
4575 20937
4575 22670
4575 24764
4575 25158
4575 25602
4575 25652
4575 21338
4575 14178
4575 26348
4575 25076
4575 18909
4575 17860
4575 20879
4575 27691
4575 27283
4575 27855
4576 14880
4576 12335
4576 16806
4576 18141
4576 14584
4576 15915
4576 21793
4576 24869
4576 20175
4576 18236
4576 16002
4576 15926
4576 26682
4577 19833
4577 22967
4577 24222
4577 15221
4577 13790
4577 19689
4577 26849
4577 13048
4577 17648
4578 20023
4578 22727
4578 23972
4578 17778
4578 25990
4578 24870
4578 14702
4578 24463
4578 25117
4578 23647
4578 26554
4578 12402
4579 23515
4579 24162
4579 24543
4579 26056
4579 22350
4579 21574
4579 24176
4579 26995
4579 26996
4579 25844
4579 28092
4580 16940
4580 24455
4580 15891
4580 14163
4580 11975
4580 12977
4580 22031
4581 21450
4581 21665
4581 22505
4581 24184
4581 24606
4581 24808
4581 24378
4581 22095
4581 26095
4581 25779
4581 26172
4581 25487
4581 27437
4581 27415
4581 27176
4581 27620
4581 27865
4581 27867
4581 27406
4582 20896
4582 23276
4582 24666
4582 24536
4582 26069
4582 25270
4582 22550
4582 24871
4582 22350
4582 25500
4582 26523
4582 26937
4582 27981
4582 27406
4583 21873
4583 21296
4583 22516
4583 23908
4583 12722
4583 17798
4583 25048
4583 16700
4583 25270
4583 23831
4583 24643
4583 26224
4583 18268
4583 26462
4583 26760
4583 22348
4583 23264
4583 26671
4583 14517
4583 25741
4583 26652
4584 14851
4584 15213
4584 13579
4584 14746
4584 14837
4585 12197
4585 13963
4585 18118
4585 23306
4585 25595
4586 23046
4586 21405
4586 25962
4586 27092
4586 25224
4587 13933
4587 19011
4587 17713
4587 20216
4587 24666
4587 26130
4587 26394
4587 27229
4587 27203
4587 23885
4587 27406
4587 19978
4587 28090
4587 27813
4588 12946
4588 14923
4588 17464
4588 12888
4588 15310
4588 26150
4589 18267
4589 12338
4589 21953
4589 12083
4589 13286
4590 12141
4590 12852
4590 26040
4590 12208
4590 15520
4591 19505
4591 24662
4591 26930
4591 22974
4591 19504
4591 17309
4591 28015
4591 28069
4592 15908
4592 17016
4592 18613
4592 17420
4592 13983
4592 23149
4592 23678
4592 24435
4592 24439
4592 15596
4592 26894
4592 26897
4592 27121
4592 27310
4592 18388
4592 27555
4592 27541
4592 27808
4592 25109
4592 27963
4593 13036
4593 12801
4593 13485
4593 11939
4593 17395
4593 25164
4593 18800
4593 22254
4593 12609
4593 24506
4593 12085
4593 20645
4593 26476
4593 19832
4594 16714
4594 13153
4594 13441
4594 23440
4594 19076
4594 26044
4594 26051
4594 18909
4594 25595
4595 14204
4595 13181
4595 13984
4595 19026
4595 12891
4595 24606
4595 26340
4595 23264
4595 22297
4595 24662
4595 23970
4595 27731
4595 25455
4595 27202
4595 27707
4595 25147
4596 17880
4596 13629
4596 13762
4596 20522
4596 23296
4596 25855
4597 13529
4597 18192
4597 24167
4597 25048
4597 24474
4597 24372
4597 22994
4597 26166
4597 23613
4597 21274
4597 27200
4597 27715
4597 28021
4597 28041
4598 26372
4598 22659
4598 26329
4598 25734
4598 19986
4598 26074
4598 27667
4598 19325
4598 27260
4598 27841
4598 18356
4599 14190
4599 13773
4599 17520
4599 18628
4599 25125
4599 24241
4599 20209
4599 21591
4599 15071
4599 12693
4599 25701
4599 17039
4599 24577
4599 11912
4599 17750
4600 11904
4600 19360
4600 22088
4600 22139
4600 25046
4600 20160
4600 16044
4600 17614
4600 23667
4601 22110
4601 12498
4601 19965
4601 16385
4601 26977
4602 25134
4602 25804
4602 12139
4602 13878
4602 14051
4602 15039
4602 19879
4603 13738
4603 19249
4603 20086
4603 17045
4603 21668
4603 15078
4603 21414
4603 21522
4603 22912
4603 19336
4604 24915
4604 20191
4604 25648
4604 19671
4604 20670
4604 26278
4604 25628
4605 12693
4605 15384
4605 15457
4605 21649
4605 23627
4605 27319
4605 27485
4605 18894
4606 19032
4606 19424
4606 20583
4606 25038
4606 23469
4606 25476
4606 11963
4606 25628
4606 22225
4606 24445
4606 18255
4606 18524
4606 12304
4606 19090
4606 25420
4606 21370
4606 22881
4607 13741
4607 18051
4607 14852
4607 14942
4607 15480
4607 26317
4607 12430
4607 11922
4607 14742
4608 14783
4608 23626
4608 24666
4608 25158
4608 25602
4608 26106
4608 25712
4608 27911
4609 16259
4609 16193
4609 13413
4609 17850
4609 21395
4610 19920
4610 23909
4610 23908
4610 24666
4610 25069
4610 26521
4610 26960
4610 27112
4610 27413
4610 27628
4610 28085
4611 15187
4611 25657
4611 17496
4611 17625
4611 16430
4611 22136
4611 26876
4611 19335
4611 21529
4611 21932
4611 22826
4611 27515
4612 18045
4612 18456
4612 17150
4612 16645
4612 17685
4612 25739
4613 20944
4613 23628
4613 23694
4613 15493
4613 24417
4613 24543
4613 24623
4613 23466
4613 24796
4613 25521
4613 26304
4613 26498
4613 26913
4613 24662
4613 20601
4613 27286
4613 27280
4613 25405
4613 27541
4613 27495
4613 27204
4613 27722
4613 27985
4613 27984
4614 11905
4614 21441
4614 15839
4614 22145
4614 24256
4614 18086
4614 13036
4614 16066
4614 16576
4614 18029
4614 18544
4614 19689
4614 20712
4614 15524
4614 21139
4614 24835
4614 22770
4614 24506
4615 19461
4615 16349
4615 16517
4615 17282
4615 23272
4615 25279
4615 26034
4616 16983
4616 17859
4616 12176
4616 19204
4616 24829
4617 16272
4617 17615
4617 19272
4617 21530
4617 22569
4617 22038
4617 11853
4617 22063
4617 19164
4617 12693
4617 19687
4617 22670
4617 23626
4617 20166
4617 21133
4617 22093
4617 20094
4617 24621
4617 15465
4617 17945
4617 25113
4617 26931
4617 17820
4617 27224
4617 27286
4617 27981
4617 26919
4617 27989
4618 21831
4618 21383
4618 14327
4618 15023
4618 18092
4618 25814
4618 24698
4618 25933
4618 17816
4618 19879
4618 19600
4619 15193
4619 16670
4619 15197
4619 12570
4619 19073
4619 19068
4619 16665
4619 17401
4619 20213
4619 21804
4619 22783
4619 24666
4619 17077
4619 23025
4619 24328
4619 26304
4619 16483
4619 22861
4619 26897
4619 25715
4619 26522
4619 26076
4619 25549
4619 14394
4619 27198
4619 17263
4619 20834
4619 27575
4619 27441
4619 27285
4619 27696
4619 25653
4620 12687
4620 13333
4620 15497
4620 17536
4620 21770
4620 22113
4621 20630
4621 13180
4621 14675
4621 18526
4621 26267
4621 24654
4621 13011
4621 17135
4621 21845
4621 22049
4622 13888
4622 14783
4622 24902
4622 27189
4622 27413
4622 22140
4622 22727
4623 21482
4623 24857
4623 26053
4623 27016
4623 22990
4623 26487
4624 22740
4624 20670
4624 24490
4624 12366
4624 27722
4624 26652
4624 27983
4625 25125
4625 18795
4625 25477
4625 15549
4625 25131
4625 13116
4625 23625
4625 26722
4626 13184
4626 21763
4626 13675
4626 12974
4626 17536
4626 19182
4626 22486
4627 15738
4627 18519
4627 11905
4627 13071
4627 19027
4628 14059
4628 25792
4628 20673
4628 24968
4628 16481
4628 16484
4628 17223
4628 19874
4628 25521
4628 18590
4628 18170
4628 18962
4628 15383
4628 16267
4628 21402
4628 22088
4628 16129
4628 21920
4628 16328
4628 14131
4628 18167
4628 26923
4628 24077
4628 15571
4628 24629
4628 25857
4628 13389
4628 25472
4628 27404
4628 24244
4628 15772
4628 25367
4628 20367
4628 20368
4628 17401
4628 19428
4628 25931
4628 19629
4628 22005
4628 14327
4628 18976
4628 16818
4628 17672
4629 18541
4629 16886
4629 23471
4629 14453
4629 25492
4629 17280
4629 21623
4629 19964
4629 26513
4630 22785
4630 23579
4630 18467
4630 23361
4630 24670
4630 24669
4630 24666
4630 25110
4630 11999
4630 25188
4630 25101
4630 25654
4630 26394
4630 26490
4630 26166
4630 25111
4630 26804
4630 25557
4630 26486
4630 26818
4630 26630
4630 27440
4630 27280
4630 27281
4630 27641
4630 26813
4630 25109
4630 26766
4630 25837
4630 28021
4630 17395
4630 19533
4630 27911
4630 27978
4631 16202
4631 24319
4631 14290
4631 20499
4631 24527
4631 22299
4632 12111
4632 13366
4632 15709
4632 14371
4632 16061
4632 12505
4632 17618
4632 22097
4632 14765
4633 15369
4633 22714
4633 19490
4633 22878
4633 25519
4634 23678
4634 24666
4634 25190
4634 24183
4634 24494
4634 23935
4634 26340
4634 24884
4634 24662
4634 26489
4634 27525
4634 27729
4634 27855
4634 26766
4634 27967
4634 27928
4635 21514
4635 12915
4635 14104
4635 17710
4635 19969
4635 17278
4635 13317
4635 21911
4635 27358
4635 24812
4635 19426
4635 27532
4635 27807
4635 20651
4636 21242
4636 22287
4636 23219
4636 24169
4636 24939
4636 27434
4636 26252
4636 25585
4636 28012
4636 27920
4637 15533
4637 16473
4637 26615
4637 18882
4637 19870
4637 19116
4637 22270
4638 11847
4638 17429
4638 17057
4638 15377
4638 19415
4638 15383
4638 17451
4638 16277
4638 15533
4638 19595
4638 18565
4638 25266
4638 25492
4638 25076
4638 26166
4638 24841
4638 25586
4638 19779
4638 27367
4638 20010
4638 27571
4638 27861
4638 12034
4638 26494
4638 28091
4639 14962
4639 22927
4639 25519
4639 12130
4639 19114
4639 24436
4639 25179
4639 23292
4639 22297
4639 26734
4639 27302
4639 13046
4640 19895
4640 22265
4640 13066
4640 15628
4640 22960
4640 17698
4641 26082
4641 27392
4641 14265
4641 16905
4641 21492
4641 21806
4641 24140
4641 26981
4641 14295
4641 15785
4641 18353
4641 21364
4641 15052
4641 17443
4641 13574
4641 17911
4641 21274
4641 25114
4641 14181
4641 16906
4641 21386
4642 12098
4642 15785
4642 15393
4642 19696
4642 25751
4642 15085
4643 13472
4643 17118
4643 13324
4643 12237
4643 13090
4643 13300
4643 12318
4643 12438
4643 15645
4643 15970
4643 15775
4643 18065
4643 24831
4643 20488
4643 15536
4643 13495
4643 22221
4643 19139
4643 23260
4643 18470
4643 20357
4643 18614
4643 15302
4643 20992
4643 22987
4643 12941
4643 18108
4643 23448
4643 26759
4643 26697
4643 22127
4643 26432
4643 27998
4644 12737
4644 12145
4644 15046
4644 13252
4644 19921
4644 12407
4644 23268
4644 18277
4644 18278
4644 24884
4644 15709
4644 24662
4644 27320
4644 26960
4644 27280
4644 14670
4644 28093
4645 19390
4645 20489
4645 22619
4645 15664
4645 16178
4645 27198
4645 24550
4645 12448
4645 20763
4645 13306
4646 12464
4646 17073
4646 23906
4646 24385
4646 23983
4646 24643
4646 22746
4646 26346
4646 26096
4646 25144
4646 22412
4646 25111
4646 26874
4646 27228
4646 27118
4646 27199
4646 26901
4646 19474
4646 27737
4646 25957
4646 24026
4646 25653
4646 27698
4646 27982
4646 27459
4646 28005
4647 20108
4647 23529
4647 18909
4647 18267
4647 19318
4647 21591
4647 27902
4647 12587
4647 15779
4647 13131
4647 15861
4648 12782
4648 12582
4648 14084
4648 15223
4648 12304
4648 14223
4648 13548
4648 24705
4649 17870
4649 16601
4649 21591
4649 15039
4649 16932
4649 25537
4649 25125
4649 15221
4649 20224
4649 25756
4650 12123
4650 12153
4650 12577
4650 12826
4650 12331
4650 11859
4650 18204
4650 17469
4650 16571
4650 17762
4650 14438
4650 19223
4650 14133
4650 14517
4651 17615
4651 12423
4651 16775
4651 22296
4651 20445
4651 24321
4651 17449
4652 13096
4652 20714
4652 14223
4652 13546
4652 22127
4652 17408
4652 16013
4652 17770
4652 22462
4652 12600
4652 13321
4652 14553
4652 16476
4652 16978
4652 21898
4652 23799
4652 24253
4652 13530
4652 13148
4652 13276
4652 14582
4652 17490
4652 22991
4653 23058
4653 17126
4653 16292
4653 21397
4653 19039
4653 28061
4654 11846
4654 14945
4654 14169
4654 14271
4654 20044
4654 11921
4654 23906
4654 26930
4654 27041
4654 23353
4654 25844
4654 27971
4655 13132
4655 15370
4655 14758
4655 14465
4655 14334
4655 26401
4655 25991
4655 25125
4655 16439
4656 16265
4656 12333
4656 14368
4656 17870
4656 15820
4656 23681
4656 13302
4656 23894
4656 26218
4657 13323
4657 22576
4657 24939
4657 23845
4657 25601
4657 24460
4657 26172
4657 25943
4657 25144
4657 26804
4657 24086
4657 27271
4657 27560
4657 14517
4657 27527
4657 27495
4657 27971
4658 15144
4658 18745
4658 13152
4658 16014
4658 23413
4658 12147
4658 12801
4658 17022
4658 18549
4658 25150
4658 26036
4658 24808
4658 14131
4658 16424
4658 17159
4658 18668
4658 20733
4658 13011
4658 13506
4658 15468
4658 20763
4659 19295
4659 24666
4659 21896
4659 24540
4659 23983
4659 25398
4659 22297
4659 22369
4659 22412
4659 26881
4659 25487
4659 27281
4659 27729
4659 27982
4660 14531
4660 14043
4660 16878
4660 17528
4660 25337
4660 26014
4660 24480
4660 18961
4660 26810
4660 26960
4661 14531
4661 14829
4661 15766
4661 18554
4661 16351
4661 18556
4662 16998
4662 16035
4662 12200
4662 23644
4662 25191
4662 22194
4662 28015
4662 20753
4663 24864
4663 26980
4663 26280
4663 20912
4663 13704
4664 19464
4664 17395
4664 17770
4664 23908
4664 15185
4664 27631
4664 16230
4665 14441
4665 23482
4665 21727
4665 19129
4665 21200
4665 24795
4666 19537
4666 19665
4666 16261
4666 21491
4666 20818
4666 26299
4667 18625
4667 16262
4667 25337
4667 26345
4667 26346
4667 25772
4667 26645
4667 26760
4667 26912
4667 15039
4667 19833
4667 20679
4667 14389
4667 27899
4667 23332
4667 27922
4668 12233
4668 12366
4668 14854
4668 25071
4668 21045
4668 27148
4669 12681
4669 13670
4669 14048
4669 14104
4669 14136
4669 15427
4669 16795
4669 19750
4669 21804
4669 18544
4669 22071
4669 23185
4669 23580
4669 24435
4669 12575
4669 24666
4669 23983
4669 24934
4669 23800
4670 16481
4670 13976
4670 18910
4670 21046
4670 25102
4670 27771
4670 14313
4670 25452
4671 12614
4671 14357
4671 14464
4671 16194
4671 13484
4671 12518
4671 18694
4671 16777
4671 15648
4671 19467
4671 15706
4671 20772
4671 18804
4671 18909
4671 18624
4671 27171
4671 14305
4671 13917
4671 27317
4671 13329
4671 14956
4671 19187
4671 27906
4672 11984
4672 12041
4672 13571
4672 23361
4672 23906
4672 23989
4672 26079
4673 17180
4673 16277
4673 14880
4673 14633
4673 17856
4673 13308
4673 18045
4673 14092
4673 19890
4673 13892
4673 21004
4673 23714
4673 25683
4673 23875
4673 22738
4673 25133
4673 19290
4673 17775
4674 17731
4674 17444
4674 12428
4674 12262
4674 12149
4674 16759
4674 19351
4674 15915
4674 16347
4674 16844
4674 17598
4674 17603
4674 17596
4674 21768
4674 13090
4674 18446
4674 20441
4674 27069
4675 21386
4675 12666
4675 15911
4675 18207
4675 23823
4675 24266
4675 21170
4675 16595
4675 24956
4675 21990
4675 25712
4675 26304
4675 17794
4675 16436
4675 27410
4675 21445
4675 15428
4675 27004
4675 15922
4675 27236
4675 19393
4675 23443
4676 12398
4676 22571
4676 24126
4676 19540
4676 25734
4677 24255
4677 20337
4677 24993
4677 13220
4677 15019
4678 20317
4678 25492
4678 23942
4678 26180
4678 15848
4678 26229
4678 25505
4678 25575
4678 22348
4678 26808
4678 20972
4678 24373
4678 25558
4678 27010
4678 25588
4678 21748
4678 14812
4678 16099
4678 25131
4678 16088
4678 24071
4678 16770
4678 27376
4678 20691
4678 22038
4678 27351
4678 22583
4678 22929
4678 26924
4678 26919
4678 27910
4679 12662
4679 16429
4679 14747
4679 22992
4679 26966
4679 21523
4679 11867
4679 17642
4679 14460
4679 14759
4679 20739
4679 23615
4680 19415
4680 24612
4680 20314
4680 14260
4680 21953
4680 17885
4680 12904
4680 12118
4680 21427
4680 25157
4680 13021
4680 14146
4680 22703
4680 26759
4680 17329
4680 22522
4680 14432
4680 23857
4680 21619
4681 15743
4681 13306
4681 17045
4681 20209
4681 20632
4681 13476
4681 14244
4681 14585
4681 17683
4681 17713
4681 19192
4681 22489
4681 17874
4681 18760
4681 24808
4681 15741
4681 17973
4681 18763
4681 17511
4681 19311
4681 24812
4681 13653
4681 15933
4681 17197
4681 23615
4681 11928
4681 17161
4681 23193
4681 23479
4681 25292
4681 25376
4681 12176
4681 13052
4681 19888
4681 25401
4681 19931
4681 17814
4681 25174
4681 14888
4681 22979
4681 27232
4681 23296
4681 14610
4681 27854
4681 20349
4682 16192
4682 19894
4682 17917
4682 17851
4682 20590
4682 24061
4682 14103
4682 24527
4682 26543
4682 17292
4682 21514
4682 20872
4682 22038
4682 14603
4682 27089
4683 23186
4683 25283
4683 25521
4683 26394
4683 27283
4684 12368
4684 13107
4684 15177
4684 13011
4684 19051
4684 24643
4684 17112
4684 25558
4684 26960
4684 27731
4684 27460
4684 27111
4685 16065
4685 26461
4685 19852
4685 25649
4685 27588
4685 21141
4685 20794
4685 25061
4686 19330
4686 20727
4686 17511
4686 18084
4686 18639
4686 23744
4686 24082
4686 24737
4686 16954
4686 16595
4686 24694
4686 13195
4686 16646
4686 17519
4686 19763
4686 26200
4686 26508
4686 25167
4686 24526
4686 26187
4687 16949
4687 23118
4687 19324
4687 15354
4687 12493
4687 22013
4688 14762
4688 22001
4688 17490
4688 24103
4688 23417
4688 22783
4688 25076
4688 26331
4688 13406
4688 21742
4688 24141
4688 22348
4688 26401
4688 26645
4688 22583
4688 27065
4688 27240
4688 27833
4688 25941
4689 15766
4689 11939
4689 17085
4689 18798
4689 23476
4689 25340
4689 17794
4689 12834
4689 19339
4689 25229
4689 19367
4689 12012
4689 20116
4689 16238
4689 12304
4689 14532
4689 24577
4689 18681
4689 24050
4689 22178
4689 24000
4689 24444
4689 14023
4689 21175
4689 20115
4689 26298
4690 12687
4690 14287
4690 15896
4690 21367
4690 19613
4691 15242
4691 12259
4691 12974
4691 18807
4691 21621
4691 25128
4691 13023
4691 18110
4691 24884
4691 19385
4691 23742
4691 20371
4691 20300
4691 18242
4691 23419
4691 25991
4691 27216
4691 19283
4691 27057
4691 12672
4691 21385
4691 25787
4692 22709
4692 14309
4692 17335
4692 17524
4692 17689
4692 21196
4692 21510
4692 22535
4692 22710
4692 23615
4692 25450
4692 14024
4692 25956
4692 15219
4693 17847
4693 24162
4693 24574
4693 24427
4693 26016
4693 27630
4693 24026
4693 28039
4693 28084
4694 15221
4694 16259
4694 11912
4694 21357
4694 21359
4695 24666
4695 25076
4695 24538
4695 26260
4695 27203
4695 27902
4695 25653
4695 27984
4696 25436
4696 26396
4696 14887
4696 20513
4696 26310
4696 23326
4696 23920
4696 25069
4696 25677
4696 12851
4696 25558
4696 20737
4696 26328
4696 27012
4696 27233
4696 26795
4696 21658
4696 26881
4696 24993
4696 20790
4696 27182
4696 27572
4696 16523
4696 27527
4696 26620
4696 27491
4696 27379
4696 27192
4696 24101
4696 27926
4696 28020
4696 28039
4696 26756
4697 20199
4697 19353
4697 20576
4697 24048
4697 17536
4697 20922
4698 13114
4698 19413
4698 22301
4698 22443
4698 12595
4698 20073
4698 12760
4698 15467
4698 22822
4698 16288
4698 17837
4698 24557
4698 25970
4699 25733
4699 26429
4699 26975
4699 13961
4699 17463
4699 19645
4699 27560
4699 27182
4699 27280
4699 27551
4699 25058
4699 27370
4699 27442
4699 27214
4699 27203
4699 27808
4699 27285
4699 25109
4699 27991
4699 28022
4699 13918
4699 14538
4699 17247
4699 20088
4699 20488
4699 11972
4699 19879
4699 19923
4699 27987
4699 27988
4699 26925
4699 27885
4699 27899
4699 21069
4699 28091
4699 27955
4699 28073
4700 14289
4700 19400
4700 25457
4700 21737
4700 23801
4700 25366
4700 15857
4700 18680
4700 19702
4700 21927
4700 24241
4700 17360
4700 27250
4701 16538
4701 21242
4701 19065
4701 19621
4701 22504
4701 20213
4701 16897
4701 24606
4701 23459
4701 25021
4701 26317
4701 26808
4701 25485
4701 18579
4701 21508
4701 21591
4701 27434
4701 16962
4701 27609
4701 27441
4701 27674
4701 27966
4702 17309
4702 15645
4702 17536
4702 24825
4702 20863
4702 20864
4702 24545
4702 19367
4702 21642
4703 12246
4703 18263
4703 19661
4703 19861
4703 20675
4703 22090
4703 22291
4703 22936
4703 23770
4703 26238
4703 27387
4704 23432
4704 23361
4704 23751
4704 23767
4704 24096
4704 21676
4704 23906
4704 24124
4704 24796
4704 24510
4704 23897
4704 25283
4704 24956
4704 24372
4704 19651
4704 25976
4704 26096
4704 26341
4704 20330
4704 26760
4704 24658
4704 27224
4704 26914
4704 25986
4704 27367
4704 27447
4704 27286
4704 27376
4704 27729
4704 27737
4704 21917
4704 27724
4704 27351
4704 27614
4704 27847
4704 27697
4704 27873
4704 26919
4704 27906
4705 17988
4705 11891
4705 21294
4705 18954
4705 22193
4705 15014
4705 12936
4705 27296
4705 27004
4705 14603
4705 12540
4706 22894
4706 15899
4706 16498
4706 12145
4706 20649
4707 23144
4707 19388
4707 22535
4707 12822
4707 22530
4707 12139
4707 13049
4707 17684
4707 14278
4708 14128
4708 12428
4708 17336
4708 20496
4708 12693
4708 11893
4708 13277
4708 16947
4708 19560
4708 21180
4708 19685
4708 20445
4708 25490
4708 15067
4708 15265
4708 16030
4709 18812
4709 17406
4709 21000
4709 25602
4709 23812
4709 25521
4710 16909
4710 17095
4710 18933
4710 15324
4710 19967
4710 23906
4710 24666
4710 25076
4710 26343
4710 22298
4710 22350
4710 23264
4710 26606
4710 21508
4711 21296
4711 23683
4711 24448
4711 24490
4711 23264
4711 27199
4711 27015
4711 27724
4712 15785
4712 12139
4712 27462
4712 14000
4712 12204
4712 16401
4712 23413
4712 12556
4712 20075
4712 22145
4712 27487
4712 20923
4713 16949
4713 14188
4713 15309
4713 17809
4713 15726
4713 21769
4713 25616
4713 14026
4713 23003
4713 14223
4713 18094
4713 19069
4713 16750
4713 25895
4713 13131
4713 17126
4714 12488
4714 20891
4714 11975
4714 16200
4714 22397
4715 24764
4715 23939
4715 24608
4715 26055
4715 25655
4715 25337
4715 26172
4715 26341
4715 26406
4715 22412
4715 24819
4715 23812
4715 25559
4715 25111
4715 25294
4715 25558
4715 19367
4715 26076
4715 27229
4715 27249
4715 27111
4715 24419
4715 27401
4715 26697
4715 27200
4715 26798
4715 27283
4715 27614
4715 27624
4715 25702
4715 16486
4715 22667
4715 25837
4715 27843
4715 26757
4715 27911
4715 28090
4716 12141
4716 16245
4716 13446
4716 20282
4716 19280
4716 22036
4716 21362
4716 23960
4716 12940
4716 14659
4716 18735
4716 20300
4716 16962
4717 25488
4717 26772
4717 18276
4717 21569
4717 12707
4717 18926
4717 26771
4718 22528
4718 12198
4718 22428
4718 25320
4718 14386
4718 26370
4719 23901
4719 24638
4719 23076
4719 25524
4719 25329
4719 26904
4720 24586
4720 24536
4720 19664
4720 23292
4720 25772
4720 26352
4721 21698
4721 24825
4721 16351
4721 16833
4721 24237
4722 20423
4722 24096
4722 24608
4722 22051
4722 27221
4722 12243
4722 27416
4722 26924
4722 27639
4723 20896
4723 16081
4723 22792
4723 21571
4723 27073
4723 22675
4723 13658
4723 24712
4723 20652
4723 18739
4724 12047
4724 21332
4724 19606
4724 26750
4724 15221
4725 15392
4725 12130
4725 17662
4725 19996
4725 14557
4725 13506
4725 20208
4725 12614
4725 15242
4725 22537
4725 13479
4725 12785
4725 25868
4725 17787
4725 17046
4725 23834
4725 27225
4726 11890
4726 15296
4726 17966
4726 20318
4726 23924
4726 23035
4727 13531
4727 12663
4727 16636
4727 19903
4727 23144
4727 17900
4727 25020
4727 18299
4728 13128
4728 18045
4728 21015
4728 23976
4728 26821
4729 12053
4729 13168
4729 15533
4729 13923
4729 15272
4729 15354
4729 18318
4729 18792
4729 21732
4729 11905
4729 25220
4729 25426
4729 18806
4729 14974
4729 24836
4729 13985
4729 14008
4729 24860
4729 17630
4729 24889
4729 25549
4729 27415
4729 13568
4730 16455
4730 22032
4730 23748
4730 19059
4730 26114
4731 15369
4731 22784
4731 23906
4731 11847
4731 27835
4731 27416
4731 28083
4732 15265
4732 19082
4732 19310
4732 21740
4732 25490
4732 13733
4732 14134
4732 15383
4732 20143
4732 22025
4732 24371
4732 24842
4732 12139
4732 14314
4732 15480
4732 17505
4732 19615
4732 21279
4732 23814
4732 12851
4732 16576
4732 19453
4732 21673
4732 12333
4732 14523
4732 17207
4732 27409
4733 17809
4733 18610
4733 24323
4733 20334
4733 20710
4734 16867
4734 22298
4734 25111
4734 24798
4734 27416
4734 27696
4734 27717
4734 27991
4734 27139
4734 25147
4734 27934
4734 27577
4735 14541
4735 22782
4735 22071
4735 20304
4735 26930
4735 26064
4735 27285
4735 26757
4736 15373
4736 19546
4736 19880
4736 24144
4736 24808
4736 27535
4737 12164
4737 12634
4737 12876
4737 13563
4737 17680
4737 22863
4737 24592
4737 25549
4737 25266
4737 25528
4737 26172
4737 26691
4737 25989
4737 11923
4737 18084
4737 27808
4737 26806
4737 26919
4737 23885
4737 27406
4738 23362
4738 24666
4738 17528
4738 24161
4738 24956
4739 15490
4739 19636
4739 20008
4739 25644
4739 20672
4739 15176
4739 26759
4739 17298
4739 24705
4739 12439
4739 20445
4739 22145
4739 24847
4740 14438
4740 14925
4740 15302
4740 12618
4740 14104
4740 16535
4740 18522
4740 13548
4740 20794
4740 12667
4740 23370
4740 22974
4740 18505
4740 20055
4740 24128
4740 24129
4740 15072
4740 18120
4740 19929
4740 20085
4740 25384
4740 16595
4741 18522
4741 13353
4741 18291
4741 16798
4741 22265
4741 17733
4741 20589
4741 19487
4741 22767
4741 19838
4741 23678
4741 21570
4741 15869
4741 19928
4741 26069
4741 25712
4741 21941
4741 26260
4741 12428
4741 25908
4741 25584
4741 21942
4741 11923
4741 25146
4741 27079
4741 26285
4742 13675
4742 23587
4742 26038
4742 21115
4742 25865
4742 27216
4743 19989
4743 11912
4743 12801
4743 13076
4743 13663
4743 16487
4743 16981
4743 20719
4743 20764
4743 25549
4744 14226
4744 25018
4744 20430
4744 20227
4744 21335
4744 15536
4744 15775
4744 17156
4744 19715
4744 22626
4744 20273
4744 23869
4744 21165
4744 27305
4745 27682
4745 27037
4745 23144
4745 23092
4745 28028
4745 27491
4745 24876
4745 25056
4745 27914
4745 27214
4745 28008
4745 27759
4745 24838
4745 27150
4745 27986
4745 27799
4745 27845
4745 27912
4745 27848
4745 27177
4745 27721
4745 27312
4745 27913
4745 27533
4745 27290
4745 27756
4745 28064
4745 24901
4745 27863
4745 27868
4745 28058
4745 27503
4745 27950
4746 26335
4746 12246
4746 17692
4746 18661
4746 25772
4746 26637
4746 26894
4746 24910
4746 26450
4746 11923
4746 26809
4746 27233
4746 26989
4746 27121
4746 17904
4746 26960
4746 26945
4746 19702
4746 27367
4746 24629
4746 27182
4746 22826
4746 27171
4746 27527
4746 27724
4746 27370
4746 14506
4746 27379
4746 27285
4746 27819
4746 17454
4746 27978
4746 25653
4746 17578
4746 27923
4747 17706
4747 17860
4747 22816
4747 23808
4747 12359
4747 12367
4747 26751
4748 23906
4748 24586
4748 22820
4748 24724
4748 13621
4748 20772
4748 23605
4748 24666
4748 24510
4748 16456
4748 23478
4748 25337
4748 26166
4748 22742
4748 15329
4748 21801
4748 24643
4748 25144
4748 19351
4748 23812
4748 26896
4748 22861
4748 25111
4748 26016
4748 26017
4748 21508
4748 27121
4748 20706
4748 27572
4748 25157
4748 23353
4748 27176
4748 27543
4748 26074
4748 27835
4749 22691
4749 23186
4749 24666
4749 18053
4749 26056
4749 26397
4749 26643
4749 25558
4749 22412
4749 24662
4749 26412
4749 27229
4749 26960
4749 27145
4749 27544
4749 27525
4749 27559
4749 27351
4749 27881
4749 28021
4749 27775
4749 27899
4749 27920
4749 28045
4750 18705
4750 21290
4750 21443
4750 17046
4750 12348
4750 19059
4750 23134
4750 19076
4750 22974
4750 24484
4751 17375
4751 24350
4751 27170
4751 25458
4751 24730
4751 12668
4752 16962
4752 19959
4752 15864
4752 17698
4752 18190
4752 20051
4752 14878
4752 26464
4753 13845
4753 14653
4753 14119
4753 14199
4753 12728
4753 13882
4753 13769
4753 17963
4753 13980
4753 14132
4753 20306
4753 20676
4753 13644
4753 21139
4753 17076
4753 22903
4753 13664
4753 21655
4753 13499
4753 25982
4753 19435
4753 25612
4753 23624
4753 20747
4753 22826
4753 22965
4753 13763
4753 21677
4753 24755
4753 26186
4753 20323
4753 17039
4753 20005
4753 15239
4753 12160
4753 25876
4753 14521
4753 18325
4753 22438
4753 26773
4753 16207
4753 25145
4753 14250
4754 12366
4754 15803
4754 22186
4754 23730
4754 19001
4754 12430
4754 20277
4754 12707
4754 23261
4754 12672
4754 25949
4754 13705
4755 12662
4755 23683
4755 24814
4755 14880
4755 26168
4755 26345
4755 25942
4755 27876
4756 12558
4756 24666
4756 17528
4756 24086
4756 12583
4756 27541
4756 27542
4756 27706
4756 27996
4756 27956
4756 22034
4756 28075
4757 19615
4757 15733
4757 22709
4757 15074
4757 13879
4757 16263
4757 22628
4757 12672
4757 15910
4757 23265
4757 13763
4757 22350
4757 12974
4757 26415
4757 16895
4757 22442
4757 27766
4758 15186
4758 14523
4758 12936
4758 13627
4758 15464
4758 17039
4758 24730
4758 26403
4759 20937
4759 23117
4759 24623
4759 23722
4759 25388
4759 22000
4759 26317
4759 16419
4759 26810
4759 26914
4759 27729
4759 27969
4759 28036
4760 20345
4760 12965
4760 18122
4760 19415
4760 23506
4761 13819
4761 18360
4761 12160
4761 15701
4761 19295
4762 19217
4762 22533
4762 24091
4762 19982
4762 14190
4762 19879
4762 23791
4762 12693
4762 20733
4762 23627
4762 19814
4762 26611
4763 25066
4763 12645
4763 13131
4763 12263
4763 27898
4764 21546
4764 16937
4764 23906
4764 24589
4764 25602
4764 25575
4765 15611
4765 16107
4765 27383
4765 12348
4765 13168
4765 13190
4765 16657
4765 18981
4765 24598
4765 25192
4765 26566
4765 16476
4766 14090
4766 13421
4766 18337
4766 11892
4766 21344
4766 22767
4766 16447
4766 19388
4766 20516
4766 20979
4766 14247
4766 12562
4766 13603
4766 15128
4766 13553
4766 11920
4766 11921
4766 18375
4766 11889
4766 22001
4766 25133
4766 21382
4766 23073
4766 25483
4766 26325
4766 14837
4766 20103
4766 16434
4766 17800
4766 26260
4766 26261
4766 19186
4766 21806
4766 26016
4766 13878
4766 17417
4766 23353
4766 21917
4766 22889
4766 27706
4766 13837
4766 18732
4766 27689
4767 20375
4767 12351
4767 12979
4767 21502
4767 27198
4768 12239
4768 24270
4768 17807
4768 24550
4768 25328
4768 25380
4768 19734
4768 23370
4768 20625
4768 21119
4768 25969
4769 12642
4769 17612
4769 20281
4769 13134
4769 21045
4769 25604
4769 24905
4769 15474
4769 13878
4769 23413
4769 24356
4770 15992
4770 21847
4770 14750
4770 16274
4770 13882
4770 20670
4770 23088
4770 26827
4771 20258
4771 17416
4771 24493
4771 12133
4771 12207
4771 15507
4771 15511
4772 14532
4772 24163
4772 25316
4772 13175
4772 22992
4772 25442
4772 22566
4772 24397
4772 13704
4772 16051
4773 14235
4773 16756
4773 17949
4773 14936
4773 12538
4773 20770
4773 24636
4773 16848
4773 11875
4773 18694
4774 18694
4774 20372
4774 19677
4774 15221
4774 18013
4774 13049
4774 20221
4774 23663
4774 19353
4774 23428
4774 26462
4775 13731
4775 15726
4775 17026
4775 19879
4775 23539
4775 26860
4775 14607
4776 25594
4776 20763
4776 12074
4776 20415
4776 12359
4776 21957
4776 26527
4776 27092
4776 19637
4776 26314
4776 14121
4776 17468
4776 25985
4776 18021
4776 12392
4776 15665
4777 13728
4777 18656
4777 18311
4777 19966
4777 26669
4777 12570
4777 15596
4777 13993
4777 16147
4777 25926
4778 17963
4778 14301
4778 15186
4778 16990
4778 17357
4779 14464
4779 14605
4779 12850
4779 15536
4779 26540
4779 25071
4779 21313
4779 13259
4779 13741
4779 27326
4780 21023
4780 13658
4780 18282
4780 20720
4780 20724
4780 12974
4780 12809
4780 16459
4780 12138
4780 15591
4780 22785
4780 13253
4780 24762
4780 24476
4780 14538
4780 27000
4780 12662
4780 12801
4780 17145
4780 13675
4780 27074
4780 24533
4780 23716
4780 26569
4780 25164
4780 26888
4780 12207
4781 24734
4781 19529
4781 16165
4781 25301
4781 20835
4781 21801
4781 20482
4781 16439
4781 13478
4782 12638
4782 18521
4782 16110
4782 14892
4782 20059
4782 22891
4782 23618
4782 25521
4782 18611
4782 21653
4782 18268
4782 26172
4782 26164
4782 23776
4782 26874
4782 22719
4782 19352
4782 21144
4782 26640
4782 21259
4782 14776
4782 17578
4782 27592
4782 27987
4782 17184
4782 19978
4782 15861
4783 20583
4783 12193
4783 25514
4783 12974
4783 13594
4783 18733
4783 24775
4784 16855
4784 17479
4784 17840
4784 18446
4784 18562
4784 21518
4784 23046
4784 24101
4784 25296
4785 14327
4785 15765
4785 16192
4785 22715
4785 26585
4786 22461
4786 17451
4786 26570
4786 27298
4786 18951
4786 20298
4786 26983
4786 22772
4786 20123
4786 14796
4786 20301
4786 27212
4787 23117
4787 14327
4787 16790
4787 23666
4787 24439
4787 24764
4787 18515
4787 22823
4787 25831
4787 26317
4787 25111
4787 24658
4787 27228
4787 27206
4787 27764
4787 27805
4787 26919
4787 27051
4787 27899
4787 21069
4788 20642
4788 13557
4788 20921
4788 22652
4788 18744
4788 20823
4788 12845
4788 19081
4788 17982
4788 12750
4788 23051
4788 17161
4788 20500
4788 17141
4788 17150
4788 20469
4788 19703
4788 22519
4789 18428
4789 22262
4789 23086
4789 12348
4789 20231
4790 14440
4790 12368
4790 23904
4790 20049
4790 15003
4790 14061
4790 14491
4790 17880
4790 17586
4790 17213
4790 21444
4790 23541
4790 20661
4790 12607
4790 21141
4790 17647
4790 16700
4790 16292
4790 21204
4790 18541
4790 22759
4790 24896
4790 23533
4790 23570
4791 17920
4791 23017
4791 23528
4791 24330
4791 24693
4791 11901
4791 15898
4791 20760
4791 24904
4791 25300
4791 22605
4792 19390
4792 24100
4792 21636
4792 11885
4792 14881
4792 16700
4792 19684
4792 18775
4792 16488
4793 23986
4793 25514
4793 16277
4793 24665
4793 12668
4793 12368
4793 20647
4793 18252
4794 22939
4794 24643
4794 13345
4794 25558
4794 16810
4794 21173
4794 12563
4794 16806
4794 27859
4794 26685
4794 28039
4795 12290
4795 18276
4795 12675
4795 18964
4795 20833
4795 20108
4795 15161
4795 22069
4795 21849
4795 19487
4796 13883
4796 14042
4796 14234
4796 14164
4796 12368
4796 15648
4796 19591
4796 21000
4796 24103
4796 25365
4796 23479
4796 12577
4796 25557
4796 26671
4796 20834
4796 27614
4796 27358
4796 27920
4797 11885
4797 13411
4797 14535
4797 14183
4797 24608
4797 23681
4797 24103
4797 24274
4797 23459
4797 25568
4797 25610
4797 26164
4797 26896
4797 25516
4797 26113
4797 27233
4797 27115
4797 27367
4797 27379
4797 27672
4797 27968
4798 17282
4798 20369
4798 15665
4798 14368
4798 15373
4798 25020
4798 25982
4799 23274
4799 12855
4799 24449
4799 13939
4799 24837
4799 12278
4799 12287
4799 12288
4799 17395
4799 17492
4799 18665
4799 20042
4799 12202
4799 15039
4799 18730
4799 24695
4800 24666
4800 17317
4800 18645
4800 24543
4800 24722
4800 25166
4800 22823
4800 25270
4800 26500
4800 26346
4800 26335
4800 22297
4800 25557
4800 11923
4800 26637
4800 26519
4800 26841
4800 27228
4800 26795
4800 18707
4800 26772
4800 27286
4800 26604
4800 14517
4800 27732
4800 27630
4800 27204
4800 25109
4800 27876
4800 28001
4800 27860
4801 12300
4801 18384
4801 19535
4801 20305
4801 19947
4801 22576
4801 22767
4801 22793
4801 24188
4801 19784
4801 24425
4801 25989
4801 15393
4801 19415
4801 27441
4801 27802
4801 27819
4801 27981
4802 18812
4802 20935
4802 23678
4802 26105
4802 24884
4802 26014
4802 27270
4802 27528
4802 26937
4802 27571
4802 26924
4802 27991
4802 27928
4802 27712
4803 16473
4803 24666
4803 23201
4803 12974
4803 18909
4803 26930
4803 20717
4803 28021
4804 22320
4804 21729
4804 22112
4804 12494
4804 18317
4804 21350
4804 21658
4804 16455
4804 23157
4804 26640
4804 27745
4804 27650
4804 21901
4804 14242
4804 27870
4804 22961
4804 27518
4804 27871
4804 27550
4804 27820
4804 27416
4804 27951
4804 27939
4804 27248
4804 27858
4804 27717
4804 27991
4804 27814
4805 14689
4805 18014
4805 14369
4805 21395
4805 26760
4805 24966
4806 15633
4806 18556
4806 15928
4806 24877
4806 19990
4806 23260
4806 21916
4806 25672
4806 26777
4807 19669
4807 15108
4807 15891
4807 12229
4807 26211
4807 19586
4808 17072
4808 23720
4808 27124
4808 15793
4808 18606
4808 23494
4809 14389
4809 25609
4809 13036
4809 17964
4809 24471
4809 24955
4810 21296
4810 22516
4810 24372
4810 24195
4810 24608
4810 23845
4810 25460
4810 26277
4810 26623
4810 26310
4810 20232
4810 26914
4810 26252
4810 27431
4810 27064
4810 27964
4810 27775
4811 14222
4811 14895
4811 13122
4811 15502
4811 14936
4811 20292
4811 17023
4811 17558
4811 16933
4811 20426
4811 20904
4811 20632
4811 21171
4811 15864
4811 23270
4811 24152
4811 21737
4811 26760
4811 26180
4811 20094
4811 11849
4811 16962
4812 14683
4812 20155
4812 24258
4812 26002
4812 25791
4812 26743
4812 26820
4813 22023
4813 17809
4813 21668
4813 24141
4813 11857
4813 11891
4813 19579
4813 19581
4813 22775
4813 23144
4813 25199
4813 24612
4813 19161
4813 20003
4813 21402
4813 25036
4813 23408
4813 14249
4813 21089
4813 22029
4813 21653
4813 17197
4813 16481
4813 24853
4813 26147
4813 19735
4813 17246
4813 12804
4813 25037
4813 25365
4813 15054
4813 17539
4813 27999
4813 27188
4813 17128
4813 16636
4813 14728
4813 27418
4813 26491
4813 25476
4813 14837
4814 14469
4814 13490
4814 17656
4814 21426
4814 26437
4814 17161
4814 20105
4814 19959
4814 13820
4814 21537
4814 22893
4814 25604
4814 24042
4814 20298
4814 22201
4815 13878
4815 20213
4815 22570
4815 21904
4815 23871
4815 23321
4815 23361
4815 26047
4815 24956
4815 27415
4815 25160
4815 25267
4815 27729
4815 27459
4815 15861
4816 17172
4816 18296
4816 23406
4816 24545
4816 15241
4816 25420
4816 14803
4817 15074
4817 14291
4817 19264
4817 18186
4817 12452
4817 18184
4817 15481
4817 13734
4817 17777
4817 27818
4817 16450
4817 20322
4817 18507
4817 24266
4817 14757
4818 16390
4818 21025
4818 21103
4818 20813
4818 21373
4818 14793
4818 20489
4818 13723
4818 19886
4818 24661
4818 20992
4818 22589
4818 19080
4818 17002
4818 21141
4819 13159
4819 13553
4819 14318
4819 19574
4819 21478
4819 26104
4820 24527
4820 25092
4820 26011
4820 26012
4820 20328
4820 12139
4820 17230
4820 14308
4820 21179
4820 23428
4820 26549
4820 18397
4820 18171
4820 26851
4821 16186
4821 15722
4821 15961
4821 17195
4821 14880
4821 24687
4822 23680
4822 26167
4822 23264
4822 26352
4822 27715
4822 27945
4823 13763
4823 22537
4823 20090
4823 23720
4823 20802
4824 12721
4824 13142
4824 13739
4824 23906
4824 24435
4824 25521
4824 24956
4824 25076
4824 25558
4824 26632
4824 21508
4824 27199
4824 27198
4824 27555
4824 27368
4824 20792
4824 27836
4824 26813
4824 26924
4824 28023
4825 17813
4825 18880
4825 19224
4825 22056
4825 21864
4825 14014
4825 22212
4825 19065
4825 14285
4825 13564
4825 24729
4825 27094
4825 17511
4825 18421
4825 23908
4825 19894
4825 21645
4825 18487
4825 15777
4825 15602
4825 21171
4825 15911
4825 23100
4825 27279
4826 23680
4826 23722
4826 24516
4826 26078
4826 25846
4826 25863
4826 18278
4826 25943
4826 25575
4826 18909
4826 24022
4826 11923
4826 27228
4826 27229
4826 27280
4826 21397
4826 25157
4826 27543
4826 27731
4826 27833
4826 22475
4826 23120
4826 27406
4826 22826
4826 27712
4827 12983
4827 18625
4827 15324
4827 24385
4827 24639
4827 24926
4827 24494
4827 25492
4827 24576
4827 25715
4827 26251
4827 24841
4827 27090
4827 27523
4827 27406
4828 14311
4828 22080
4828 21116
4828 25033
4828 20726
4828 25929
4828 16918
4828 25064
4829 21175
4829 24643
4829 26874
4829 26412
4829 20834
4829 27696
4829 27899
4830 13087
4830 21774
4830 24109
4830 26030
4830 13129
4830 14625
4830 18705
4830 18352
4830 26778
4830 27696
4830 24809
4831 23217
4831 24188
4831 23741
4831 18571
4831 15329
4831 20771
4831 25575
4831 25528
4831 26052
4831 26643
4831 26737
4831 26406
4831 22981
4831 27228
4831 27271
4831 24808
4831 20834
4831 27280
4831 27431
4831 14517
4831 27171
4831 22462
4831 27624
4831 27902
4831 28022
4831 27208
4831 27704
4831 27752
4831 28075
4831 27911
4832 14262
4832 19619
4832 11888
4832 11920
4832 11921
4832 11866
4833 14096
4833 13661
4833 24372
4833 24666
4833 15760
4833 25520
4833 25076
4833 21508
4833 25986
4834 12744
4834 15641
4834 20496
4834 18399
4834 20733
4834 15078
4834 15926
4835 16231
4835 12752
4835 18521
4835 15526
4835 13761
4835 26317
4835 26103
4835 26643
4835 26737
4835 11923
4835 27065
4835 24419
4835 24032
4835 27708
4835 27709
4835 27861
4835 27894
4835 27860
4836 13257
4836 15367
4836 20252
4836 20415
4836 23986
4836 22702
4836 24809
4836 19359
4836 22103
4836 20184
4836 21381
4836 16403
4836 20689
4836 17825
4837 20812
4837 21237
4837 14394
4837 27343
4837 23301
4838 13602
4838 15954
4838 12262
4838 13013
4838 14702
4838 17527
4839 25595
4839 25488
4839 25818
4839 23065
4839 15777
4839 28028
4839 26439
4839 27682
4839 12509
4839 12974
4839 27914
4839 24901
4840 11899
4840 11905
4840 12803
4840 15862
4840 16424
4840 17915
4840 18813
4840 26103
4840 22889
4841 13902
4841 13306
4841 24481
4841 22790
4841 17197
4841 17955
4841 23383
4841 24285
4841 13198
4841 15389
4841 14100
4841 23658
4841 20152
4841 27534
4841 15695
4841 22945
4841 13675
4841 26944
4842 17590
4842 19179
4842 27015
4842 22466
4842 25063
4842 13148
4842 17476
4842 19512
4842 23971
4842 24961
4842 15160
4842 17525
4842 23296
4842 24301
4842 24000
4842 26694
4842 14138
4842 18177
4842 18605
4842 20103
4842 20202
4842 20430
4842 21492
4842 23851
4842 24448
4842 24490
4842 24491
4842 24978
4842 25213
4843 13512
4843 13543
4843 16280
4843 13528
4843 15373
4843 23639
4843 25803
4844 23864
4844 16374
4844 11957
4844 18734
4844 19274
4845 14146
4845 21205
4845 24117
4845 25911
4845 26549
4846 12936
4846 22734
4846 22727
4846 14186
4846 15976
4847 19702
4847 17987
4847 26314
4847 12667
4847 12988
4847 18647
4847 26301
4847 22958
4848 19010
4848 16914
4848 21653
4848 13673
4848 15425
4848 22029
4848 11901
4848 11905
4848 11911
4848 16818
4848 20723
4848 22268
4848 12900
4848 23829
4848 11859
4848 14032
4848 14062
4848 18348
4848 17400
4848 17492
4848 23370
4848 24038
4848 18882
4848 12666
4848 13082
4848 13227
4848 17395
4848 27663
4848 21518
4849 17613
4849 17825
4849 21183
4849 12243
4849 16209
4849 15252
4849 21483
4849 22410
4849 22804
4849 23462
4849 17088
4849 18936
4849 22805
4849 22980
4849 27645
4849 24699
4850 22891
4850 23626
4850 26239
4850 27552
4850 27835
4850 27999
4850 27717
4850 27991
4850 27924
4850 28060
4850 19978
4850 28005
4850 28073
4850 27868
4850 28083
4850 27660
4850 28033
4850 28034
4851 12528
4851 16736
4851 23217
4851 24188
4851 25048
4851 20645
4851 25001
4851 26737
4851 26995
4851 15735
4851 27432
4851 27513
4851 26813
4851 25109
4852 12794
4852 20127
4852 12860
4852 15766
4852 16632
4852 19540
4852 19872
4852 21959
4852 25614
4852 14108
4852 14276
4852 12152
4852 26329
4853 24126
4853 24896
4853 24266
4853 22908
4853 20936
4854 16538
4854 15465
4854 13704
4854 20818
4854 11911
4854 26579
4855 12243
4855 17762
4855 14816
4855 19223
4855 19281
4855 12084
4855 18119
4855 14687
4855 20016
4855 20305
4855 22062
4855 23363
4855 24621
4855 24425
4855 25488
4855 25048
4855 26130
4855 26131
4855 22994
4855 24947
4855 25549
4855 26063
4855 20429
4855 26796
4855 27157
4856 12696
4856 13307
4856 15036
4856 13032
4856 15110
4856 16536
4856 12145
4856 14568
4856 13982
4857 18504
4857 16297
4857 16105
4857 14889
4857 17908
4857 19538
4857 19539
4857 20306
4857 16219
4857 25834
4857 19928
4857 18560
4857 24278
4858 14995
4858 13294
4858 13272
4858 12693
4858 19689
4858 24702
4858 11901
4858 15665
4858 19415
4859 14054
4859 13129
4859 18111
4859 17024
4859 22100
4859 13918
4859 17185
4859 23531
4859 14273
4859 14764
4859 14503
4860 21402
4860 12081
4860 20596
4860 22406
4860 23976
4860 24594
4860 12143
4860 24333
4860 17332
4860 12145
4860 15911
4860 24529
4860 24571
4860 13285
4860 15171
4860 15803
4860 26751
4861 12226
4861 18235
4861 22237
4861 19424
4861 20879
4861 18647
4861 13826
4861 24669
4861 26046
4862 15413
4862 24578
4862 12367
4862 14759
4862 17386
4862 15463
4862 15803
4862 23629
4862 25420
4862 14228
4862 26958
4862 12850
4862 26285
4862 12145
4862 25595
4862 26701
4862 27653
4863 16517
4863 22702
4863 21521
4863 14543
4863 26269
4863 13875
4864 24588
4864 25601
4864 24643
4864 25575
4864 27229
4864 27704
4865 21474
4865 21575
4865 21284
4865 21668
4865 22785
4865 24796
4865 26606
4865 25294
4865 24086
4865 25844
4865 27705
4865 27834
4865 25109
4865 17184
4865 27051
4865 15761
4865 22296
4865 22367
4865 28026
4866 23219
4866 23751
4866 24666
4866 22550
4866 25940
4866 26201
4866 25157
4867 16009
4867 12378
4867 23338
4867 23398
4867 19482
4867 23253
4867 24004
4867 25157
4867 15065
4867 13357
4868 16626
4868 14899
4868 13478
4868 23371
4868 14875
4868 13365
4868 15364
4868 17025
4868 16514
4868 18909
4868 11923
4868 23428
4868 26462
4868 24080
4869 21000
4869 17528
4869 23459
4869 26401
4869 22298
4869 26017
4869 27332
4869 28039
4870 22782
4870 23248
4870 25515
4870 25516
4870 26055
4870 26277
4870 26280
4870 26396
4870 23416
4870 27233
4870 27121
4870 27528
4871 17590
4871 20301
4871 20663
4871 12434
4871 12472
4871 18460
4872 15938
4872 14375
4872 15184
4872 16261
4872 17426
4872 17085
4872 15292
4872 26677
4872 12505
4872 18246
4872 14787
4872 15984
4872 17144
4872 16979
4872 18403
4872 13809
4872 11910
4872 14130
4872 16631
4872 15040
4872 18581
4872 24076
4872 14818
4872 21964
4872 17683
4872 12726
4872 12908
4872 12319
4872 15864
4873 22599
4873 22858
4873 11967
4873 12103
4873 18450
4873 14803
4873 23395
4874 13425
4874 19973
4874 24218
4874 19290
4874 24592
4874 24676
4874 20909
4875 14201
4875 14508
4875 16638
4875 22974
4875 15252
4875 25801
4875 16815
4875 13262
4875 18934
4875 12974
4875 20306
4875 21866
4875 22145
4875 12509
4875 12762
4875 12763
4875 13936
4875 15253
4875 18214
4875 26492
4876 15601
4876 14860
4876 17750
4876 19270
4876 22253
4876 17395
4876 16176
4876 21836
4876 14368
4876 21816
4876 12944
4876 14314
4876 23250
4876 20177
4876 13146
4876 13499
4876 19374
4877 12145
4877 16456
4877 15302
4877 23662
4877 19441
4877 25392
4878 15683
4878 14018
4878 14469
4878 11922
4878 16395
4878 22985
4878 24241
4878 16685
4879 24954
4879 16524
4879 16991
4879 22451
4879 25015
4879 25016
4879 27288
4880 22992
4880 24178
4880 19589
4880 21971
4880 14704
4880 15946
4880 18583
4881 14809
4881 23906
4881 26227
4881 25987
4881 19105
4881 21143
4881 27834
4881 27945
4881 28092
4882 19907
4882 21906
4882 18800
4882 12753
4882 16986
4882 19359
4882 21848
4882 21868
4882 23601
4882 23945
4882 26791
4882 21170
4882 25073
4883 16262
4883 19947
4883 26388
4883 22284
4883 25164
4883 20375
4883 17832
4884 19628
4884 18033
4884 14976
4884 19415
4884 14862
4884 21788
4884 18666
4884 24915
4884 12435
4884 13448
4884 15645
4884 18780
4884 19743
4884 23968
4884 25799
4884 16027
4884 14314
4884 26473
4884 17563
4884 23782
4884 19359
4884 26316
4884 27252
4884 14469
4884 18068
4884 20284
4884 20800
4884 23097
4884 23512
4885 13586
4885 13882
4885 18533
4885 20978
4885 21534
4886 26106
4886 20798
4886 26304
4886 19415
4886 16419
4886 25236
4886 25069
4886 25238
4886 27416
4886 26919
4886 27139
4886 27717
4886 27660
4886 27948
4886 27754
4886 27714
4886 28070
4886 28040
4886 28072
4886 28074
4886 27741
4887 17480
4887 20535
4887 21560
4887 22077
4887 22595
4887 23531
4887 24902
4887 21169
4888 17175
4888 17116
4888 25156
4888 20071
4888 26641
4888 15507
4888 19521
4888 24577
4888 24836
4888 27105
4888 26696
4888 19182
4888 20738
4888 27220
4888 26965
4888 27862
4889 15998
4889 12823
4889 15198
4889 16727
4889 20323
4889 23533
4889 22801
4890 14140
4890 13903
4890 12591
4890 16419
4890 18923
4890 24574
4890 23787
4890 24982
4890 27442
4890 24275
4890 16836
4891 13878
4891 12034
4891 24103
4891 24956
4891 25076
4891 14190
4891 26629
4891 26960
4891 21917
4891 28022
4891 25837
4891 27873
4891 27798
4892 15649
4892 18276
4892 18277
4892 18278
4892 22369
4892 22298
4892 18909
4892 20608
4892 27855
4892 27615
4893 25601
4893 26047
4893 25021
4893 11923
4893 25405
4894 14176
4894 13374
4894 12864
4894 20194
4894 24832
4894 19778
4894 20911
4894 19262
4894 15938
4894 14520
4894 16065
4894 16746
4894 13470
4895 22783
4895 13658
4895 12145
4895 19371
4895 19590
4895 22870
4895 13606
4896 24796
4896 24494
4896 25610
4896 24956
4896 21894
4896 25951
4896 23292
4896 26940
4896 11923
4896 27088
4896 27737
4896 27255
4896 17507
4896 28006
4897 23413
4897 25155
4897 25097
4897 15024
4897 23551
4897 27264
4897 26827
4897 15988
4897 22139
4897 22558
4897 26196
4897 21304
4897 22438
4897 13357
4897 18909
4897 26578
4897 14935
4897 24276
4898 16970
4898 13817
4898 14880
4898 17522
4898 20658
4898 20244
4898 16554
4898 25048
4898 25652
4898 21864
4898 25712
4898 11923
4898 21228
4898 26820
4898 27463
4898 27562
4898 27585
4898 25653
4898 27698
4898 15402
4899 17046
4899 20049
4899 23213
4899 22653
4899 13277
4899 18263
4900 17797
4900 20228
4900 18602
4900 13626
4900 20812
4900 20424
4900 27511
4901 12080
4901 14985
4901 14118
4901 23752
4901 13653
4901 20066
4901 21954
4901 17093
4901 23271
4901 17932
4901 14536
4901 25494
4901 14332
4901 17091
4901 16499
4901 20236
4901 22018
4901 26240
4901 26258
4902 12287
4902 12741
4902 13636
4902 14649
4902 15096
4902 16412
4903 12105
4903 15785
4903 22959
4903 11873
4903 18959
4904 19442
4904 19658
4904 15165
4904 12428
4904 15497
4904 15504
4904 19461
4904 26481
4904 27353
4904 14377
4904 12749
4904 25330
4904 18813
4904 24506
4905 13891
4905 13013
4905 12905
4905 21594
4905 19415
4905 19771
4905 16219
4906 23780
4906 14426
4906 23570
4906 26365
4906 12642
4906 13744
4906 18544
4906 26922
4906 19615
4907 19224
4907 14384
4907 14607
4907 18550
4907 22809
4907 24472
4907 27692
4908 19384
4908 18045
4908 13466
4908 13467
4908 19001
4908 21397
4908 22494
4908 22959
4908 24842
4909 18058
4909 16747
4909 18463
4909 19850
4909 22873
4909 13820
4909 18236
4909 13853
4909 22773
4909 24210
4910 26683
4910 12662
4910 26897
4910 12100
4910 26180
4910 18026
4910 26359
4910 15775
4910 26901
4910 27304
4910 16962
4910 16604
4910 27571
4910 26991
4910 25828
4910 26084
4910 25338
4910 25109
4910 27859
4910 26652
4910 27715
4910 28022
4910 28025
4910 27923
4910 27955
4910 27978
4910 28075
4911 12890
4911 17358
4911 19544
4911 18729
4911 18610
4911 20148
4911 22974
4912 11933
4912 14178
4912 13077
4912 19817
4912 15934
4912 22742
4912 20291
4913 19628
4913 17100
4913 20291
4913 23422
4913 16962
4914 12248
4914 12417
4914 13077
4914 13351
4914 14676
4914 16955
4914 17321
4914 19161
4914 21628
4914 15645
4914 20794
4914 15385
4914 16286
4914 18728
4914 13118
4914 13447
4914 23955
4914 20160
4914 24048
4914 18069
4914 24990
4914 12693
4914 14211
4914 20002
4915 17024
4915 24103
4915 25602
4915 25337
4915 28045
4916 18262
4916 12200
4916 13131
4916 13985
4916 18045
4916 27026
4917 16065
4917 19964
4917 20822
4917 18968
4917 27355
4918 15502
4918 12366
4918 22676
4918 16133
4918 25405
4918 27724
4918 19588
4918 26125
4918 26602
4918 27865
4919 12198
4919 13947
4919 14438
4919 13287
4919 17284
4919 16830
4919 14667
4919 21064
4919 16804
4919 11891
4919 17197
4919 15463
4919 17101
4919 21636
4919 24711
4919 24484
4920 13985
4920 13049
4920 22671
4920 16542
4920 21996
4920 17020
4920 25058
4920 12151
4920 26364
4921 13022
4921 14919
4921 12566
4921 14873
4921 19224
4921 16171
4921 17630
4921 20108
4921 19031
4921 17627
4921 14837
4921 19139
4921 20658
4921 22821
4921 22062
4921 21683
4921 24608
4921 24103
4921 23459
4921 25048
4921 15472
4921 14549
4921 27941
4921 26447
4921 26308
4921 27644
4921 28012
4921 27660
4922 17479
4922 16263
4922 12280
4922 22790
4922 14195
4922 15300
4922 23241
4922 13346
4922 17842
4922 23726
4923 15011
4923 24666
4923 24068
4923 18661
4923 18909
4923 26760
4923 25791
4923 27633
4923 28015
4923 27906
4924 20860
4924 25650
4924 13262
4924 23615
4924 25932
4924 21964
4924 27810
4924 21334
4924 21462
4924 27679
4925 15186
4925 20535
4925 15637
4925 24766
4925 26831
4925 17150
4925 20407
4926 12606
4926 12427
4926 12564
4926 16634
4926 21175
4926 13565
4926 15903
4926 24077
4926 26789
4926 27018
4927 12799
4927 14725
4927 13207
4927 14880
4927 22516
4927 22517
4927 22729
4927 24666
4927 24808
4927 25521
4927 22350
4927 26688
4927 27376
4927 27731
4927 27370
4927 27882
4927 27981
4927 27406
4927 28013
4928 20299
4928 19180
4928 24516
4928 22152
4928 22358
4928 21838
4928 15846
4928 24510
4928 21055
4928 24474
4928 25460
4928 22543
4928 12790
4928 26317
4928 25589
4928 26165
4928 24910
4928 26737
4928 25483
4928 23154
4928 25435
4928 26076
4928 27252
4928 26740
4928 27057
4928 22394
4928 27729
4928 16891
4928 14232
4928 27513
4928 27844
4928 20706
4928 21911
4928 27698
4928 26731
4928 19631
4928 22727
4928 26925
4928 28040
4928 28094
4929 25602
4929 22493
4929 27199
4929 26937
4929 27182
4929 27560
4929 27731
4930 14878
4930 15377
4930 19137
4930 12785
4930 17703
4930 19069
4930 18495
4930 13715
4930 17430
4930 12979
4930 17324
4930 14136
4930 15926
4930 15997
4930 12803
4930 20284
4930 18234
4930 26056
4930 24436
4930 25575
4930 19982
4930 17340
4930 23940
4930 17587
4930 27065
4930 23780
4930 23781
4930 27724
4930 19289
4930 11885
4930 27482
4930 28046
4931 14279
4931 25599
4931 26590
4931 16514
4931 23071
4931 25041
4931 26754
4932 11951
4932 12437
4932 12335
4932 12596
4932 16276
4932 16999
4933 13594
4933 20073
4933 22964
4933 20123
4933 15410
4933 27004
4934 13810
4934 14756
4934 23075
4934 24739
4934 12198
4934 12249
4934 13519
4934 13936
4934 21894
4934 22369
4934 22412
4934 25111
4934 26412
4934 27764
4934 17578
4935 14702
4935 11884
4935 12705
4935 11921
4935 15616
4935 13145
4935 13740
4935 15900
4936 19622
4936 18812
4936 24764
4936 22742
4936 25943
4936 23642
4936 18909
4936 25557
4936 11923
4936 24910
4936 26880
4936 27028
4936 27184
4936 27499
4936 26820
4936 27200
4936 25844
4936 27204
4936 26049
4936 27442
4936 26813
4936 27762
4936 27358
4936 27416
4936 27991
4936 25837
4936 27722
4936 27406
4936 27539
4936 27990
4936 28092
4937 11972
4937 23411
4937 23751
4937 23906
4937 24587
4937 19934
4937 12202
4937 14670
4937 25521
4937 24480
4937 25627
4937 25943
4937 25779
4937 24354
4937 24891
4937 27004
4937 26412
4937 27310
4937 27085
4937 25860
4937 27641
4937 27876
4937 28011
4937 25473
4938 23747
4938 23580
4938 22091
4938 23466
4938 25549
4938 26029
4938 22412
4938 25558
4938 26113
4938 21508
4938 27915
4938 28017
4938 26494
4938 28046
4939 19351
4939 19367
4939 20091
4939 13545
4939 19766
4939 20007
4939 18741
4939 19461
4939 18779
4939 22174
4939 13409
4939 18869
4939 12145
4939 20314
4939 24577
4940 12600
4940 12693
4940 12773
4940 18152
4940 14507
4940 24435
4940 25048
4940 26339
4941 14104
4941 19879
4941 11867
4941 12367
4941 13357
4941 14314
4941 15664
4941 16224
4941 17960
4941 18534
4941 18714
4941 20230
4941 20511
4941 12056
4941 14312
4941 16424
4941 19339
4941 12151
4942 17003
4942 18366
4942 23702
4942 24003
4942 16458
4942 16714
4943 13393
4943 16553
4943 17901
4943 17740
4943 20123
4944 12025
4944 16177
4944 16571
4944 14079
4944 14387
4944 14870
4944 15246
4944 13294
4944 13670
4944 14389
4944 20754
4944 18220
4944 22784
4944 11872
4944 11923
4945 24939
4945 25521
4945 24956
4945 25768
4945 26606
4945 25966
4945 27202
4945 20792
4945 20915
4945 28021
4945 27639
4946 19229
4946 19616
4946 24352
4946 24716
4946 21127
4947 27159
4947 19832
4947 13230
4947 13142
4947 21380
4947 12171
4947 19453
4947 25519
4947 21479
4947 20054
4947 21017
4947 21514
4947 26344
4947 25779
4947 20314
4947 22297
4947 22298
4947 26349
4947 23613
4947 24910
4947 25557
4947 26734
4947 16996
4947 17004
4947 27210
4947 26740
4947 14517
4947 11912
4947 15645
4947 13422
4947 16225
4947 25837
4947 27860
4947 26757
4947 28039
4947 16654
4947 27689
4948 22974
4948 12707
4948 12085
4948 25132
4948 24978
4949 21448
4949 26799
4949 18544
4949 22469
4949 24788
4950 12634
4950 12388
4950 13979
4950 14449
4950 16421
4950 21175
4950 13684
4950 23117
4950 17528
4950 25520
4950 25285
4950 26341
4950 26606
4950 25733
4950 27495
4950 27981
4950 28092
4951 17362
4951 17420
4951 15006
4951 23117
4951 23515
4951 25270
4951 22298
4951 22348
4951 24022
4951 26005
4951 27609
4951 27202
4951 27491
4951 26685
4952 15192
4952 15766
4952 20718
4952 20821
4952 25780
4952 17207
4952 26787
4952 25440
4953 20573
4953 12974
4953 19468
4953 21033
4953 15408
4953 12034
4953 12118
4953 12121
4953 12188
4953 14121
4953 15406
4953 21740
4953 16655
4953 23337
4953 26244
4953 12672
4953 13131
4953 15263
4953 21533
4953 25510
4953 26663
4953 26891
4953 25011
4954 21281
4954 21450
4954 21683
4954 24666
4954 25048
4954 25519
4954 24287
4954 24662
4954 25326
4954 27087
4954 27855
4954 28017
4955 12518
4955 18131
4955 15553
4955 11847
4955 13011
4955 18433
4956 13658
4956 16962
4956 20447
4956 27286
4956 27541
4957 28063
4957 16778
4957 14983
4957 14253
4957 12337
4957 15408
4957 12687
4957 13775
4957 13681
4958 24359
4958 26893
4958 14100
4958 16279
4958 23296
4958 24233
4959 14689
4959 12430
4959 16151
4959 23606
4959 23813
4959 25558
4959 27233
4959 27228
4959 27065
4959 27229
4959 26688
4959 25844
4959 27834
4959 26049
4959 27902
4959 25109
4959 26084
4959 27873
4959 28021
4959 27901
4959 27175
4959 28084
4960 12118
4960 24116
4960 24435
4960 22939
4960 25337
4960 25654
4960 22861
4960 23642
4960 25111
4960 27705
4960 25109
4960 27697
4961 13566
4961 21610
4961 19957
4961 20009
4961 12251
4961 12905
4961 11919
4961 15172
4961 15882
4961 16460
4961 21732
4962 17909
4962 13428
4962 18350
4962 25432
4962 16277
4963 19031
4963 12270
4963 22562
4963 24188
4963 24725
4963 24515
4963 24516
4963 19979
4963 24187
4963 25964
4963 26732
4963 26994
4963 27331
4963 27015
4963 27283
4963 27463
4963 27737
4963 20002
4963 27204
4964 18847
4964 18881
4964 17059
4964 21854
4964 12147
4964 18967
4964 21662
4964 21833
4964 12139
4964 17042
4964 11885
4964 13306
4964 23772
4965 16611
4965 19415
4965 18736
4965 12505
4965 17770
4965 14464
4965 12200
4965 16216
4965 17192
4965 20938
4965 24580
4965 19671
4965 24855
4966 16309
4966 17278
4966 12687
4966 13586
4966 13717
4966 12259
4966 12151
4966 17938
4966 13061
4966 15671
4966 19446
4966 15808
4966 12138
4966 15060
4966 15393
4966 17864
4966 20233
4966 23533
4966 22240
4966 19086
4966 16955
4966 20040
4966 25839
4966 22589
4966 12693
4966 15111
4967 21401
4967 22817
4967 20648
4967 12971
4967 22861
4967 24821
4967 26455
4967 24451
4968 27628
4968 27538
4968 27214
4968 27719
4968 24795
4968 27759
4968 28038
4968 27312
4968 27848
4968 28064
4968 27868
4969 19591
4969 22063
4969 23474
4969 23559
4969 24427
4969 25652
4969 25870
4969 26277
4969 26691
4969 17178
4969 18236
4969 26778
4969 26880
4969 26633
4969 27226
4969 26887
4969 27249
4969 25748
4969 25847
4969 27281
4969 27560
4969 18907
4969 18380
4969 21462
4969 27179
4969 27581
4969 15039
4969 12680
4969 27993
4969 27860
4969 27988
4969 27929
4969 27156
4970 18808
4970 21152
4970 18813
4970 20363
4970 14775
4970 16685
4970 19678
4970 19671
4971 11951
4971 12297
4971 12093
4971 12113
4971 12394
4971 14889
4971 18414
4971 17869
4971 14186
4971 16996
4971 11920
4971 18724
4971 14132
4971 18443
4971 17749
4971 14672
4971 13011
4971 12432
4971 13078
4971 15058
4971 12139
4972 23595
4972 20306
4972 25071
4972 20374
4972 18829
4972 19289
4972 22779
4972 25805
4973 13031
4973 14196
4973 18733
4973 18843
4973 21483
4973 12970
4973 17074
4973 19503
4973 24824
4973 15766
4973 12204
4973 18911
4973 22118
4973 26732
4973 18223
4973 23255
4973 23637
4973 24249
4973 14131
4973 11905
4973 15221
4973 15677
4973 19626
4973 21204
4973 21205
4973 21738
4973 26789
4973 23131
4974 15187
4974 17868
4974 19256
4974 21416
4974 26038
4974 11867
4974 16408
4974 27023
4975 24456
4975 24666
4975 25021
4975 22638
4975 18961
4975 27726
4976 22459
4976 13003
4976 13936
4976 18870
4976 24471
4976 23937
4977 24577
4977 25183
4977 20266
4977 23309
4977 26905
4978 23663
4978 19303
4978 22233
4978 16339
4978 17656
4978 27164
4978 12240
4979 17987
4979 21579
4979 23972
4979 17309
4979 20323
4980 22298
4980 27072
4980 27280
4980 25267
4980 27732
4980 20792
4980 27930
4981 12153
4981 13322
4981 21285
4981 16768
4981 18812
4981 18962
4981 23692
4981 20022
4981 20922
4981 24124
4981 25712
4981 24643
4981 26317
4981 21870
4981 14132
4981 17982
4981 25506
4981 27697
4981 27860
4981 27395
4981 28089
4982 12145
4982 17911
4982 25168
4982 16012
4982 20073
4983 12998
4983 23928
4983 24608
4983 23138
4983 25488
4983 24956
4983 12229
4983 26492
4983 24871
4983 22297
4983 15161
4983 26412
4983 26743
4983 26563
4983 26620
4983 14561
4983 16850
4983 18153
4983 19088
4983 26084
4983 27697
4983 15274
4983 17578
4983 28004
4983 26242
4984 12944
4984 21633
4984 17536
4984 19314
4984 25834
4985 17170
4985 12662
4985 21549
4985 14418
4985 18894
4985 24020
4985 25502
4985 16859
4985 17600
4985 18652
4985 15469
4985 23563
4986 12540
4986 11965
4986 14398
4986 19204
4986 16736
4986 24642
4986 16235
4986 22589
4987 24481
4987 13015
4987 13450
4987 18743
4987 18819
4987 19188
4987 22779
4987 26687
4988 12923
4988 27462
4988 17517
4988 14040
4988 26717
4988 24527
4988 18843
4989 12909
4989 17750
4989 11912
4989 21397
4989 11872
4989 24584
4989 22134
4989 24510
4989 12554
4989 25652
4989 21953
4989 11973
4989 25870
4989 24956
4989 14860
4989 25976
4989 13296
4989 18799
4989 25769
4989 24048
4989 21056
4989 18879
4989 13952
4989 14922
4989 20545
4989 27281
4989 27334
4989 27732
4989 27400
4989 12304
4989 27474
4989 22935
4989 27285
4989 26813
4989 18153
4989 13144
4989 26967
4989 27644
4989 12801
4989 27615
4989 23000
4990 12662
4990 13168
4990 13189
4990 13191
4990 13402
4990 20259
4990 21707
4990 22502
4990 11972
4990 13164
4990 15987
4990 18196
4991 16611
4991 20533
4991 14058
4991 21395
4991 21711
4991 23459
4991 26490
4991 26683
4991 26880
4991 27304
4991 27184
4991 27367
4991 27609
4991 26049
4991 27902
4991 27378
4992 13263
4992 15671
4992 21937
4992 23416
4992 23680
4992 24099
4992 21683
4992 23906
4992 24274
4992 19289
4992 25627
4992 26343
4992 20056
4992 24884
4992 26734
4992 26902
4992 27560
4992 21670
4992 26796
4992 27254
4992 27859
4992 27970
4992 27920
4993 12031
4993 12877
4993 15205
4993 14244
4993 16413
4993 18088
4993 21076
4993 21549
4993 21717
4993 22556
4993 17539
4993 22277
4993 14319
4993 18102
4993 13323
4993 22530
4993 22545
4993 24546
4993 24542
4994 14465
4994 12663
4994 17770
4994 26002
4994 22357
4994 25294
4994 27474
4995 25200
4995 19958
4995 15704
4995 17046
4995 13164
4995 26281
4996 19068
4996 16633
4996 19752
4996 21175
4996 21296
4996 15676
4996 11921
4996 23893
4996 23219
4996 25568
4996 25492
4996 22746
4996 25712
4996 12595
4996 22947
4996 12850
4996 12936
4996 26606
4996 11923
4996 26016
4996 27065
4996 15039
4996 25122
4996 21303
4996 14888
4996 27705
4996 12648
4996 27861
4996 28093
4997 14522
4997 18149
4997 19701
4997 27078
4997 12478
4997 27406
4998 11915
4998 12563
4998 15317
4998 18901
4998 19453
4998 20143
4998 21429
4998 24043
4998 12801
4998 14786
4998 21774
4998 16898
4998 18041
4999 12151
4999 12246
4999 12474
4999 15329
4999 15665
4999 18813
4999 19464
4999 22854
4999 23622
4999 24630
4999 25801
4999 25869
4999 26136
4999 26891
4999 26922
4999 17704
4999 26986
5000 18218
5000 16184
5000 19009
5000 11920
5000 14892
5000 13557
5000 14295
5000 14160
5000 14938
5000 19619
5000 12741
5000 13353
5000 12287
5000 23149
5000 15453
5000 23275
5000 20944
5000 21599
5000 23011
5000 24666
5000 18128
5000 24005
5000 24179
5000 22823
5000 14989
5000 26128
5000 18276
5000 19651
5000 24078
5000 26535
5000 26504
5000 26180
5001 19467
5001 23540
5001 13233
5001 22294
5001 14670
5001 19702
5001 26567
5001 26281
5001 22871
5002 25537
5002 21613
5002 21259
5002 27519
5002 27685
5002 27518
5002 27938
5002 27642
5002 27049
5002 27999
5002 19415
5002 21141
5002 19852
5002 27139
5002 22826
5002 27900
5002 26881
5002 27991
5002 27842
5002 12662
5002 27646
5002 27941
5003 14830
5003 12878
5003 12936
5003 15803
5003 12499
5003 15530
5003 16949
5004 16374
5004 22577
5004 24532
5004 24577
5004 20396
5004 13262
5004 14368
5004 20616
5004 21635
5004 22326
5005 12667
5005 14754
5005 12818
5005 17177
5005 18344
5005 11987
5005 23612
5005 19203
5005 24151
5006 20213
5006 17091
5006 22891
5006 24537
5006 23459
5006 25617
5006 23800
5006 26304
5006 26166
5006 26335
5006 25144
5006 26912
5006 15797
5006 20713
5006 27071
5006 27072
5006 26630
5006 26817
5006 27191
5006 25713
5006 19177
5006 26518
5006 27175
5006 27929
5006 23522
5006 27678
5006 13007
5006 28044
5006 28045
5007 18694
5007 14019
5007 16448
5007 23558
5007 17613
5007 12069
5007 16224
5007 19371
5007 23822
5007 18664
5007 20885
5007 25496
5008 12949
5008 15923
5008 18516
5008 22451
5008 22887
5008 25016
5008 25802
5008 12905
5008 15739
5008 17915
5009 25405
5009 27376
5009 24045
5009 24730
5009 27551
5009 27552
5009 27583
5009 27469
5009 27685
5009 27641
5009 27868
5009 27416
5009 27567
5009 27770
5009 27864
5009 13306
5009 27862
5009 19767
5009 19759
5009 27444
5009 27751
5009 28020
5009 27889
5009 27860
5009 27660
5009 27893
5009 27753
5009 28055
5009 28074
5009 27741
5009 28033
5009 28091
5009 28092
5009 27646
5010 15221
5010 26789
5010 15114
5010 17343
5010 24742
5011 18453
5011 12461
5011 19872
5011 13365
5011 18647
5011 19832
5011 14085
5011 16790
5011 21504
5011 22783
5011 17097
5011 19013
5011 20134
5011 26116
5011 18488
5011 19904
5011 26877
5012 15628
5012 18056
5012 21667
5012 27318
5012 15456
5013 18132
5013 17403
5013 25631
5013 26644
5013 20564
5013 25157
5013 25745
5014 17639
5014 20267
5014 21483
5014 21549
5014 20731
5014 25580
5015 13382
5015 24207
5015 12707
5015 15052
5015 21423
5015 12684
5015 16722
5016 22006
5016 23678
5016 26260
5016 25283
5016 26760
5017 13666
5017 21665
5017 14269
5017 22063
5017 24666
5017 25270
5018 12936
5018 27523
5018 14549
5018 27573
5018 27729
5018 14517
5018 27543
5018 27345
5018 27204
5018 27855
5018 27285
5018 27358
5018 25837
5018 26990
5018 27885
5018 21181
5018 15861
5018 27507
5019 16513
5019 21843
5019 12139
5019 15961
5019 16275
5019 27983
5019 25457
5020 20197
5020 11923
5020 15524
5020 18601
5020 15120
5020 21853
5020 23095
5020 13626
5020 22342
5020 19395
5020 24656
5021 21322
5021 21428
5021 22526
5021 12680
5021 16287
5021 15740
5021 13064
5021 18554
5021 25595
5021 19350
5021 20398
5021 14309
5021 15373
5021 18612
5021 15924
5021 25027
5021 27484
5021 13478
5022 16044
5022 24031
5022 17470
5022 17860
5022 21290
5022 21294
5022 23351
5022 19131
5022 18905
5022 24033
5023 14244
5023 19583
5023 26729
5023 22813
5023 22830
5024 12897
5024 14463
5024 17420
5024 21154
5024 18738
5024 25043
5024 25348
5024 13083
5024 19361
5024 14196
5024 20945
5024 23658
5024 24672
5024 20848
5025 20044
5025 20754
5025 11863
5025 14571
5025 22162
5025 21230
5025 24103
5025 24944
5025 25667
5025 24956
5025 16507
5025 26342
5025 20771
5025 25575
5025 22298
5025 25559
5025 25294
5025 23317
5025 26113
5025 27081
5025 26390
5025 20143
5025 15221
5025 14549
5025 24032
5025 27283
5025 25267
5025 27527
5025 25653
5025 27873
5025 27706
5025 27899
5025 19978
5025 27608
5026 11949
5026 12896
5026 13923
5026 15164
5026 16081
5026 15502
5026 16567
5026 17700
5026 14837
5026 16820
5026 18034
5026 21327
5026 25601
5026 20772
5026 26760
5026 20790
5026 27543
5026 24346
5027 20353
5027 24423
5027 26266
5027 14880
5027 21396
5027 16234
5027 20479
5027 25440
5027 19685
5027 20645
5028 15766
5028 22746
5028 26170
5028 24819
5028 26521
5028 27989
5029 17528
5029 25558
5029 11923
5029 27087
5029 27466
5029 27983
5029 27406
5029 27945
5029 27910
5029 28084
5030 19680
5030 24580
5030 16829
5030 27474
5030 27835
5030 21141
5030 27660
5030 15695
5030 23318
5030 25109
5030 21768
5030 27868
5031 16821
5031 19807
5031 21170
5031 18007
5031 19467
5031 21019
5032 21178
5032 19585
5032 27478
5032 27353
5032 27480
5033 12588
5033 11847
5033 25362
5033 19661
5033 25711
5033 19470
5033 19823
5034 14097
5034 14862
5034 22567
5034 20715
5034 19317
5034 23164
5034 22907
5035 19339
5035 20686
5035 21668
5035 22856
5035 20464
5035 16424
5036 13989
5036 14539
5036 21583
5036 24931
5036 21089
5036 20452
5037 19435
5037 19390
5037 20535
5037 17854
5037 12201
5038 16774
5038 12905
5038 20145
5038 22965
5038 16395
5038 24401
5039 14862
5039 16769
5039 18813
5039 20911
5039 22165
5039 13912
5039 20289
5039 21410
5039 19923
5039 24744
5039 12178
5039 12348
5039 14313
5039 15717
5039 16324
5039 16424
5039 18981
5039 20438
5039 23471
5039 23570
5039 13937
5039 14565
5039 21335
5039 21507
5039 23350
5040 12176
5040 13565
5040 22026
5040 18985
5040 19138
5040 22214
5040 25246
5041 13666
5041 12804
5041 22504
5041 19651
5041 25575
5041 13230
5041 16259
5041 18089
5041 24755
5041 26077
5042 22547
5042 21904
5042 13589
5042 26125
5042 22983
5042 24545
5042 26745
5043 17528
5043 25652
5043 25076
5043 25144
5043 27983
5043 14715
5043 26685
5044 14190
5044 13810
5044 21838
5044 16955
5044 12975
5044 12439
5044 23625
5044 26444
5044 27306
5044 16263
5044 18844
5045 15221
5045 18410
5045 26540
5045 17267
5045 22488
5045 16401
5046 14888
5046 16362
5046 16661
5046 20601
5046 14059
5046 15735
5046 15616
5046 16385
5046 16146
5046 17357
5046 12679
5046 13195
5046 17219
5046 24836
5046 19969
5046 27418
5047 14295
5047 20013
5047 16920
5047 14438
5047 21593
5047 23704
5047 12399
5047 15331
5048 19280
5048 23796
5048 22786
5048 24608
5048 21324
5048 24386
5048 23812
5048 26629
5048 26895
5049 12431
5049 15221
5049 18928
5049 19973
5049 12197
5049 26019
5049 21601
5049 25913
5050 13819
5050 19615
5050 20872
5050 15078
5050 19249
5050 21601
5050 18160
5051 21668
5051 23117
5051 23191
5051 23515
5051 25166
5051 25610
5051 26342
5051 22492
5051 26913
5051 26241
5051 27170
5051 26795
5051 27731
5051 28046
5051 19978
5052 23183
5052 23906
5052 22350
5052 26930
5052 27198
5052 25844
5052 27724
5052 24475
5052 27962
5052 25076
5053 23843
5053 14985
5053 25461
5053 19879
5053 15115
5053 21658
5053 25194
5054 16435
5054 12872
5054 19415
5054 19155
5054 26117
5055 15078
5055 14186
5055 12750
5055 21887
5055 23669
5055 23082
5055 11916
5055 23370
5056 23579
5056 24621
5056 26130
5056 22974
5056 22298
5056 27205
5056 26991
5056 17292
5057 24643
5057 26131
5057 26317
5057 26325
5057 26096
5057 25076
5057 25483
5057 26760
5057 26643
5057 26645
5057 25558
5057 25557
5057 26778
5057 14880
5057 27118
5057 27090
5057 27121
5057 27229
5057 24032
5057 27555
5057 27281
5057 25844
5057 27808
5057 27442
5057 27938
5057 27416
5057 27717
5057 27139
5057 27618
5057 27934
5057 27660
5058 23875
5058 18761
5058 19126
5058 23075
5058 24810
5058 26055
5059 18572
5059 19206
5059 17406
5059 15187
5059 17826
5059 15065
5059 15836
5059 20031
5059 23312
5059 18224
5059 14742
5059 23267
5059 19477
5059 26888
5059 17511
5059 21561
5059 21339
5059 27232
5059 24694
5059 12809
5059 24935
5059 19052
5059 14129
5059 21294
5059 27938
5059 26977
5060 13752
5060 19603
5060 21383
5060 25511
5060 16440
5060 23204
5061 20435
5061 11969
5061 13436
5061 19139
5061 20339
5061 22019
5061 23419
5061 25842
5061 12975
5061 13021
5061 14470
5061 24534
5062 13793
5062 23566
5062 14243
5062 26821
5062 25405
5062 25109
5063 15091
5063 15504
5063 17357
5063 12944
5063 18056
5063 12661
5063 14435
5063 17268
5063 22367
5064 13071
5064 14314
5064 16954
5064 19787
5064 12246
5064 12243
5064 22127
5064 21685
5064 13777
5064 26524
5065 22605
5065 20085
5065 14844
5065 22771
5065 24553
5065 23479
5065 27065
5066 19647
5066 27007
5066 24177
5066 13820
5066 23083
5066 24844
5067 16424
5067 19367
5067 22139
5067 24414
5067 26721
5067 27188
5068 23478
5068 24658
5068 24808
5068 24427
5068 25227
5068 27163
5068 27434
5069 15055
5069 22192
5069 18429
5069 27783
5069 28057
5070 21906
5070 19840
5070 12662
5070 22417
5070 24158
5071 12488
5071 19223
5071 16592
5071 16687
5071 19871
5071 13001
5071 13002
5071 26320
5071 16704
5071 18453
5071 21721
5071 27920
5071 23465
5071 14663
5071 27910
5072 12714
5072 13816
5072 12371
5072 16842
5072 20875
5072 18000
5072 23680
5072 16426
5072 20429
5072 25076
5073 13860
5073 12886
5073 13909
5073 18830
5073 20770
5073 24606
5073 24534
5073 25521
5073 24956
5073 26324
5073 25144
5073 23642
5074 17622
5074 18008
5074 22404
5074 24334
5074 11893
5074 13515
5074 16385
5075 17869
5075 19729
5075 18264
5075 20436
5075 12034
5076 16886
5076 17282
5076 19470
5076 15093
5076 19286
5076 22428
5076 21663
5076 17950
5077 15141
5077 13374
5077 13373
5077 13584
5077 22640
5077 26782
5077 19280
5077 12074
5077 20415
5077 12898
5078 24721
5078 24214
5078 23322
5078 27391
5078 18482
5078 13348
5079 16554
5079 23023
5079 22231
5079 17332
5079 23408
5079 25803
5079 22779
5079 24057
5079 23104
5079 14527
5079 24836
5080 16477
5080 16032
5080 14223
5080 12936
5080 15160
5080 19290
5080 19414
5080 21456
5080 24530
5080 26269
5080 26703
5080 12145
5080 16001
5080 22992
5081 20602
5081 24666
5081 24543
5081 24808
5081 26304
5081 22369
5081 22412
5081 26901
5081 27045
5081 27609
5081 27732
5081 27835
5081 27791
5081 27867
5081 27978
5081 27616
5081 28004
5081 28041
5081 25347
5082 14829
5082 12942
5082 15360
5082 23471
5082 14567
5082 16688
5082 17892
5083 16740
5083 20749
5083 13491
5083 16140
5083 16766
5083 20149
5083 20511
5083 20598
5083 22416
5083 17161
5083 20990
5083 13353
5083 15393
5083 21551
5083 12693
5083 14196
5083 19070
5083 15006
5083 14432
5083 16688
5083 16693
5083 19097
5083 13790
5083 15187
5083 19343
5083 13359
5083 21158
5083 24481
5083 18438
5083 15751
5083 17085
5083 18079
5083 19974
5083 23222
5083 13330
5083 21898
5083 14232
5083 17826
5083 22075
5083 23326
5083 17569
5083 21860
5083 12933
5083 17145
5083 14818
5084 13720
5084 16431
5084 12056
5084 14778
5084 15214
5084 14122
5084 16456
5084 16940
5084 16776
5084 19749
5084 22740
5084 23579
5085 25747
5085 14193
5085 14679
5085 20639
5085 23336
5085 14178
5085 18813
5085 20835
5085 22165
5085 25330
5085 13410
5085 17614
5085 18242
5085 24034
5085 24037
5085 12185
5085 21420
5085 15096
5085 25075
5085 23817
5085 25891
5085 13023
5085 15895
5085 23932
5085 26802
5085 11893
5085 12139
5085 17911
5085 15055
5085 19849
5085 16429
5085 18173
5085 21614
5085 27004
5085 13088
5085 17062
5085 25907
5085 26051
5085 18554
5085 17897
5086 12394
5086 18129
5086 21515
5086 21108
5086 16876
5086 23722
5086 24666
5086 24956
5086 23264
5086 26412
5086 25748
5086 27705
5086 27764
5086 26757
5086 13888
5086 27676
5087 24388
5087 27396
5087 27612
5087 27685
5087 22556
5087 23353
5087 26796
5087 27808
5087 27634
5087 27635
5087 27139
5087 26919
5087 28025
5087 21181
5087 27652
5087 28082
5087 27814
5087 27714
5087 27740
5087 28074
5088 24161
5088 25166
5088 25601
5088 13306
5088 19415
5088 18919
5088 19697
5088 12584
5088 23348
5088 22783
5088 18961
5088 26450
5088 23725
5088 11923
5088 11921
5088 27028
5088 27257
5088 22394
5088 26049
5088 27707
5088 27941
5089 16276
5089 15339
5089 23826
5089 18129
5089 23615
5089 18324
5089 19665
5089 26152
5089 12117
5089 20103
5089 22400
5089 27568
5090 16341
5090 14522
5090 12428
5090 13717
5090 21704
5090 17624
5090 12234
5090 26233
5091 16205
5091 25259
5091 13048
5091 21411
5091 15830
5091 25227
5092 13605
5092 16559
5092 15091
5092 15465
5092 22987
5092 26721
5093 11847
5093 12079
5093 12312
5093 12110
5093 12113
5093 12106
5093 12839
5093 14479
5093 15320
5093 16660
5093 23683
5093 25652
5093 26055
5093 13826
5093 24668
5093 24669
5093 24670
5094 15722
5094 12634
5094 16136
5094 14748
5094 14878
5094 12597
5094 12732
5094 13257
5094 16296
5094 22673
5094 14702
5094 14652
5094 15562
5094 15823
5094 19096
5094 22303
5094 20451
5094 13932
5094 20535
5094 14965
5094 11844
5094 22781
5094 20238
5094 18854
5094 14394
5094 15201
5094 14985
5094 19856
5094 24608
5095 13472
5095 22139
5095 15749
5095 18573
5095 20849
5096 24490
5096 16486
5096 22667
5096 26760
5096 16220
5096 27283
5096 27609
5096 21924
5097 15501
5097 18914
5097 20555
5097 21598
5097 12201
5097 16498
5097 19234
5097 16424
5097 21103
5097 21104
5097 26778
5097 26977
5097 13449
5097 21369
5097 26976
5098 22093
5098 23324
5098 22493
5098 25076
5098 26901
5098 27737
5098 27835
5098 12891
5098 25178
5098 27051
5098 27616
5099 14788
5099 11988
5099 13351
5099 13478
5099 13987
5099 20075
5099 19469
5099 18978
5099 18252
5099 20603
5099 16485
5099 24083
5099 24087
5099 23075
5099 24903
5099 15952
5099 23656
5099 25843
5099 12569
5099 23393
5100 20664
5100 25467
5100 13129
5100 16981
5100 14381
5100 13792
5100 27812
5101 20506
5101 12832
5101 17109
5101 24424
5101 12936
5101 19397
5101 25937
5101 19378
5101 18860
5101 25387
5102 19375
5102 15007
5102 14265
5102 18730
5102 17335
5102 14653
5102 23726
5102 20800
5102 15608
5102 18225
5102 12254
5102 20302
5102 12921
5102 22041
5102 14597
5102 26212
5102 26214
5103 27201
5103 27228
5103 13131
5103 26995
5103 27198
5103 14538
5103 27609
5103 16359
5103 27308
5103 27283
5103 15408
5103 27513
5103 13192
5103 24902
5103 21017
5103 27069
5103 21054
5103 15865
5103 27204
5103 25653
5103 25941
5103 27261
5103 16548
5103 27416
5103 27966
5103 27969
5103 27660
5104 15929
5104 17405
5104 22185
5104 16869
5104 20793
5104 21598
5104 13446
5104 15569
5104 19637
5104 13121
5104 15994
5104 25966
5104 13540
5104 16039
5104 17039
5104 18835
5104 14307
5104 12801
5105 21000
5105 24643
5105 22550
5105 25942
5105 26477
5105 27128
5105 27286
5105 27431
5105 27836
5105 27585
5105 26919
5105 28039
5105 27988
5106 19009
5106 15006
5106 12518
5106 12348
5106 18234
5106 14656
5106 13255
5106 22803
5106 24293
5106 24435
5106 25285
5106 24956
5106 24945
5106 11923
5106 26996
5107 13658
5107 13989
5107 16729
5107 15506
5107 13247
5107 13663
5107 16595
5107 19470
5107 13965
5107 18673
5107 14543
5107 11966
5107 18129
5107 12103
5107 19353
5107 19022
5107 25779
5107 25566
5107 14121
5107 11923
5107 18579
5107 25146
5107 27170
5107 26429
5107 27310
5107 27249
5107 23703
5107 24419
5107 25068
5107 27544
5107 27527
5107 27705
5107 27624
5107 27844
5107 25837
5107 25794
5107 26308
5107 27885
5107 27988
5107 28089
5107 27459
5107 20658
5108 17351
5108 13553
5108 12178
5108 15112
5108 14438
5108 15507
5108 17461
5108 17763
5108 18482
5108 13612
5108 20099
5108 13036
5108 16629
5108 18379
5108 20031
5108 22507
5108 18726
5108 20709
5108 12207
5108 13124
5108 17156
5108 13962
5108 14078
5108 16881
5108 18153
5108 22127
5108 21139
5109 12223
5109 12842
5109 13621
5109 12519
5109 13618
5109 18554
5109 19617
5109 12955
5109 21245
5110 27499
5110 12903
5110 26734
5110 12717
5110 27310
5110 23014
5110 12402
5111 12671
5111 17534
5111 22105
5111 25537
5111 23620
5111 20745
5111 26754
5111 16827
5112 13307
5112 19661
5112 17149
5112 15657
5112 11924
5112 14129
5112 14169
5112 21076
5112 17046
5112 14476
5113 14851
5113 20640
5113 23190
5113 12061
5113 18177
5113 21992
5113 12633
5113 20328
5113 12975
5113 15935
5113 22297
5113 22494
5113 27440
5113 27198
5113 14517
5113 27732
5113 27731
5113 25267
5113 12270
5113 26813
5113 25109
5113 27752
5114 16761
5114 13182
5114 26004
5114 26394
5114 24448
5114 25564
5114 25111
5114 26056
5114 26940
5114 25492
5114 27302
5114 27229
5114 27431
5114 27791
5114 27855
5114 20103
5114 27800
5114 27746
5114 27861
5114 11885
5115 18084
5115 20743
5115 11915
5115 16239
5115 16359
5115 19122
5116 19723
5116 22462
5116 27134
5116 24742
5116 18882
5116 16443
5116 25392
5117 25505
5117 25748
5117 27591
5117 25844
5117 27933
5117 27861
5117 25109
5118 18117
5118 12028
5118 23770
5118 21044
5118 17408
5118 17946
5118 17782
5118 17395
5118 23731
5118 13210
5118 20361
5118 12432
5118 18134
5118 20284
5118 23222
5118 22623
5118 25162
5118 21579
5119 13023
5119 16130
5119 17753
5119 17963
5119 19514
5119 15934
5119 16776
5119 19140
5119 22336
5119 23651
5119 19934
5119 23420
5119 25110
5119 20361
5119 26002
5119 25528
5119 18277
5119 24947
5119 25076
5119 22369
5119 22350
5119 22297
5119 11923
5119 26412
5119 27041
5119 27813
5120 13601
5120 26222
5120 15058
5120 15465
5120 24755
5121 26317
5121 22468
5121 22469
5121 27416
5121 25488
5121 28012
5121 27660
5122 27112
5122 27101
5122 18564
5122 20694
5122 21597
5123 19539
5123 19538
5123 25854
5123 12198
5123 16947
5123 21920
5124 12546
5124 12907
5124 15853
5124 17309
5124 21012
5124 25800
5124 13195
5124 26181
5125 14062
5125 25287
5125 23396
5125 12151
5125 17159
5125 18336
5125 19441
5125 22783
5125 24920
5125 25392
5125 26495
5125 18043
5125 18725
5125 25945
5125 26553
5125 11912
5125 22871
5125 26643
5125 27280
5125 25863
5126 12603
5126 19065
5126 23335
5126 23781
5126 24323
5127 12130
5127 20083
5127 26906
5127 26912
5127 24614
5128 21395
5128 23362
5128 18759
5128 21549
5128 19237
5128 27732
5128 27208
5129 16274
5129 18905
5129 21954
5129 24163
5129 24226
5129 12712
5129 19685
5129 24356
5129 20073
5130 17519
5130 18809
5130 17091
5130 26250
5130 16983
5130 18088
5130 18537
5130 18498
5130 24803
5131 17039
5131 16190
5131 16611
5131 15324
5131 17350
5132 23187
5132 20369
5132 24647
5132 16309
5132 23331
5132 22596
5132 26854
5132 16948
5133 16926
5133 24515
5133 19408
5133 23459
5133 14757
5133 26168
5134 12353
5134 22638
5134 21668
5134 21912
5134 23893
5134 21916
5134 18861
5134 26643
5134 22492
5134 20692
5134 22496
5134 27198
5134 20780
5134 26797
5134 26798
5134 27176
5134 25957
5134 27285
5134 28093
5135 18335
5135 23738
5135 24870
5135 17772
5135 21491
5135 22583
5135 21739
5135 26786
5135 23975
5136 26376
5136 12753
5136 17911
5136 24978
5136 13076
5137 18507
5137 18812
5137 13159
5137 14049
5137 16116
5137 13306
5137 23388
5137 22858
5137 23120
5138 17430
5138 18725
5138 15664
5138 21579
5138 24214
5138 19415
5138 25016
5138 15785
5138 12801
5138 13077
5138 14178
5138 14941
5138 24025
5138 16740
5138 25722
5139 14231
5139 12719
5139 18406
5139 17121
5139 18935
5140 16202
5140 14681
5140 14465
5140 13306
5140 13536
5140 18098
5140 23752
5140 14406
5140 18813
5140 17633
5141 19414
5141 26348
5141 15892
5141 26324
5141 17880
5141 26645
5141 26760
5141 22800
5141 25558
5141 11923
5141 26206
5141 25557
5141 27065
5141 26493
5141 27724
5141 25426
5141 13709
5141 27857
5141 27941
5141 27416
5141 26084
5141 27762
5141 27805
5141 27881
5141 27139
5141 27924
5141 26920
5141 28060
5141 27639
5141 27875
5141 27491
5141 27646
5141 28083
5142 16891
5142 17669
5142 20823
5142 23260
5142 15927
5142 23768
5142 13479
5143 15302
5143 16970
5143 18669
5143 19390
5143 19968
5143 22038
5143 23731
5144 18996
5144 13074
5144 16889
5144 15837
5144 26541
5144 12348
5145 17306
5145 22952
5145 15568
5145 19026
5145 14675
5145 24096
5145 25521
5145 26164
5145 11882
5145 26894
5145 25111
5145 26561
5145 27072
5145 27201
5145 27199
5145 26429
5145 16595
5145 27361
5145 26074
5145 26242
5145 27283
5145 14506
5145 27369
5145 27833
5145 27410
5145 27764
5145 27847
5145 27175
5145 15861
5145 21069
5146 14189
5146 15751
5146 22401
5146 22428
5146 24373
5146 24808
5146 13559
5146 13622
5146 19928
5146 25274
5146 15987
5146 17856
5146 19823
5146 27339
5147 18124
5147 16814
5147 14646
5147 21527
5147 19351
5147 16465
5147 22692
5147 20405
5147 22804
5147 22208
5148 21972
5148 23922
5148 25604
5148 15474
5148 21792
5149 15978
5149 14253
5149 17622
5149 21665
5149 20772
5149 24086
5149 26740
5149 27474
5149 26308
5150 20445
5150 17828
5150 14734
5150 21335
5150 26245
5151 14927
5151 18544
5151 21668
5151 20944
5151 23432
5151 22071
5151 24723
5151 26106
5151 24448
5151 22412
5151 23812
5151 24662
5151 27228
5151 27079
5151 27525
5151 27724
5151 27495
5151 26074
5151 24908
5151 27515
5151 13355
5151 19832
5151 27474
5152 24541
5152 25287
5152 26277
5152 26348
5152 26335
5152 26760
5152 27015
5152 25109
5152 25653
5152 28036
5153 13843
5153 14438
5153 12926
5153 13379
5153 17462
5153 17469
5153 22063
5153 24185
5153 21864
5153 23579
5153 25144
5153 26348
5154 25521
5154 22350
5154 22369
5154 25519
5154 27222
5154 27724
5154 27731
5154 27732
5154 27836
5154 27843
5154 27899
5154 27616
5154 27906
5154 27945
5154 28004
5155 20305
5155 13378
5155 22570
5155 22740
5155 23559
5155 24537
5155 13263
5155 23355
5155 26184
5155 26304
5155 26341
5155 11923
5155 14517
5155 27406
5156 17396
5156 16367
5156 23700
5156 25322
5156 25300
5156 19722
5156 19691
5156 23716
5156 12499
5156 16689
5156 24268
5156 24906
5156 27804
5157 18648
5157 18204
5157 25521
5157 22576
5157 24587
5157 25712
5157 26874
5157 22764
5157 22297
5157 22298
5157 22412
5157 15157
5157 27224
5157 20901
5157 28011
5157 26494
5158 13970
5158 18528
5158 15389
5158 20377
5158 20861
5158 20862
5158 22177
5158 26331
5158 12830
5158 17009
5158 17470
5158 19646
5158 26409
5159 12359
5159 14761
5159 16639
5159 12141
5159 16157
5159 17995
5159 23101
5159 24134
5159 24527
5159 16962
5159 19510
5159 17495
5159 25227
5159 17492
5159 21016
5159 24808
5159 26759
5159 26818
5160 13672
5160 15911
5160 17080
5160 16022
5160 15049
5160 18924
5160 12794
5160 17481
5160 27212
5160 25581
5160 16723
5160 24158
5160 27795
5161 17957
5161 21155
5161 25155
5161 24266
5161 25365
5162 18101
5162 20222
5162 12850
5162 19212
5162 15441
5162 20756
5162 23966
5162 25517
5162 19833
5162 20463
5163 23808
5163 17186
5163 17141
5163 18990
5163 27689
5163 28045
5164 12026
5164 22537
5164 22858
5164 12419
5164 16953
5164 20226
5164 19959
5164 25739
5164 14327
5164 23774
5164 12366
5165 11924
5165 16595
5165 17673
5165 20951
5165 13989
5165 17468
5165 19038
5165 20163
5165 20922
5165 15443
5165 19823
5165 13658
5165 15665
5165 19077
5165 14991
5165 21996
5165 21603
5165 20055
5165 22821
5165 21696
5165 16922
5166 16962
5166 22287
5166 25492
5166 26106
5166 25575
5166 24643
5166 25942
5166 26931
5166 23618
5166 26644
5166 26688
5166 27283
5166 20792
5166 23088
5166 21069
5166 26789
5167 24590
5167 24162
5167 22134
5167 24490
5167 25942
5168 14304
5168 21828
5168 22688
5168 23666
5168 24258
5168 24666
5168 24796
5168 25270
5168 26131
5168 26224
5168 18817
5168 26166
5168 26644
5168 19186
5168 25557
5168 25294
5168 24662
5168 26412
5168 27201
5168 27253
5168 27388
5168 26937
5168 27280
5168 27401
5168 27176
5168 27530
5168 21917
5168 27764
5168 27833
5168 27847
5168 26652
5168 27859
5169 12566
5169 20754
5169 22636
5169 13680
5169 16443
5169 19461
5169 26002
5169 24956
5169 18278
5169 26261
5169 25111
5169 17604
5169 11923
5169 26789
5169 27334
5169 23527
5169 27142
5169 13612
5170 12974
5170 20224
5170 25131
5170 26316
5170 27827
5171 23902
5171 25528
5171 12440
5171 23419
5171 14223
5171 17039
5171 22091
5171 27304
5171 26914
5171 16298
5171 27221
5171 22431
5171 20470
5171 16614
5171 27204
5171 27941
5171 27709
5171 26049
5171 15789
5171 25048
5171 27416
5171 27139
5171 27925
5171 28060
5171 26919
5171 16700
5172 15080
5172 17818
5172 16455
5172 14098
5172 16575
5172 12892
5172 22462
5172 17777
5172 16173
5172 21953
5172 24813
5172 21338
5172 21175
5172 17631
5172 19894
5172 23806
5172 27823
5173 20298
5173 20516
5173 21338
5173 22005
5173 25931
5173 25949
5173 26442
5173 21481
5173 17092
5173 20269
5173 16738
5173 16624
5174 16962
5174 23454
5174 23605
5174 25648
5174 21672
5174 23301
5174 22003
5174 24688
5174 23198
5175 17458
5175 24589
5175 23117
5175 15230
5175 21620
5175 24643
5175 25575
5175 26260
5175 11923
5175 25485
5175 27201
5175 26995
5175 27704
5176 20831
5176 19295
5176 23149
5176 20213
5176 26342
5176 24662
5176 27705
5177 20965
5177 16419
5177 14970
5177 22684
5177 12671
5177 27888
5177 24692
5178 12139
5178 13308
5178 17911
5178 19879
5178 22650
5178 25683
5178 13853
5178 14052
5178 15165
5178 21789
5178 23024
5178 25181
5179 18645
5179 23370
5179 17117
5179 15953
5179 18217
5179 16927
5179 24510
5179 24643
5179 26224
5179 26128
5179 25769
5179 25008
5179 25941
5179 26644
5179 26874
5179 11923
5179 26821
5179 26960
5179 16133
5179 12693
5179 23863
5179 27200
5179 27495
5179 27808
5179 21954
5179 27882
5179 27671
5179 26685
5179 26757
5180 20062
5180 22402
5180 22062
5180 24378
5180 25712
5180 20608
5180 27205
5180 20304
5181 23319
5181 25850
5181 12197
5181 20800
5181 20905
5181 17212
5181 11885
5181 12505
5181 16317
5181 16074
5181 20553
5181 24212
5181 24357
5181 17835
5181 12172
5181 12792
5181 17046
5181 19139
5181 22703
5181 13952
5181 14679
5181 24356
5181 25121
5181 16120
5182 16169
5182 23906
5182 15302
5182 14880
5182 11851
5182 27978
5182 28091
5183 17366
5183 17384
5183 18242
5183 21323
5183 17519
5183 12642
5184 20896
5184 27302
5184 25405
5184 27542
5184 27416
5184 27991
5184 27660
5185 15973
5185 15652
5185 12970
5185 21368
5185 24707
5186 14014
5186 17869
5186 21249
5186 12176
5186 23911
5187 13769
5187 12672
5187 23138
5187 26063
5187 20632
5187 22090
5187 27210
5187 27204
5188 14421
5188 20025
5188 23538
5188 13941
5188 15757
5189 11844
5189 16962
5189 18253
5189 24825
5189 19359
5189 21264
5189 13228
5189 16640
5189 21935
5189 21959
5189 25144
5189 14809
5189 16535
5189 21565
5189 26431
5189 27004
5189 27772
5189 14223
5190 12394
5190 12985
5190 13882
5190 23561
5190 18909
5190 23613
5191 14683
5191 13923
5191 11917
5191 13023
5191 17521
5191 17750
5191 19146
5191 21903
5191 23248
5191 25420
5191 27528
5191 27367
5191 27526
5191 15809
5191 22174
5191 12151
5191 27376
5191 22466
5191 19260
5191 27379
5191 26783
5191 27876
5192 23073
5192 17045
5192 18575
5192 19249
5192 15078
5192 26439
5192 17335
5192 19149
5192 24253
5192 25150
5193 22691
5193 17682
5193 22670
5193 23906
5193 24666
5193 21000
5193 17464
5193 23248
5193 24585
5193 25521
5193 18605
5193 22672
5193 22673
5193 14843
5193 20222
5193 22298
5193 26906
5193 26606
5193 12368
5193 16419
5193 26477
5193 26960
5193 27447
5193 27431
5193 27575
5193 22073
5193 27614
5193 26259
5193 27770
5193 13820
5193 27906
5193 27920
5194 11973
5194 12119
5194 16584
5194 18563
5194 16263
5194 19902
5195 13852
5195 12790
5195 15049
5195 18150
5195 23605
5195 13820
5195 14494
5195 16302
5195 16977
5195 11862
5195 27136
5195 21529
5196 12865
5196 21525
5196 16274
5196 17004
5196 25602
5196 25289
5196 18278
5196 14130
5196 23642
5196 26643
5196 17071
5196 24841
5196 26958
5196 18252
5196 25267
5196 27285
5196 27876
5197 14416
5197 17641
5197 17039
5197 23905
5197 12871
5197 14636
5197 18029
5197 13246
5197 24700
5197 25526
5197 26533
5197 24508
5197 26633
5197 27440
5197 25957
5197 25027
5197 27697
5198 14880
5198 13218
5198 14389
5198 12936
5198 18620
5199 16514
5199 19151
5199 14670
5199 16962
5199 23413
5199 13923
5199 22676
5199 26039
5199 12540
5199 25152
5199 15898
5199 13161
5199 28022
5199 23824
5199 21113
5200 27498
5200 27182
5200 26937
5200 26820
5200 27015
5200 27283
5200 27176
5200 27836
5200 28016
5200 28037
5200 26494
5200 27978
5201 15894
5201 18771
5201 20002
5201 18647
5201 21154
5202 12693
5202 13071
5202 16955
5202 13653
5202 20744
5202 12903
5202 18423
5203 15766
5203 20139
5203 15771
5203 21386
5203 25330
5203 25748
5203 18813
5203 13365
5203 24656
5204 14037
5204 12334
5204 20044
5204 23183
5204 15493
5204 16631
5204 19026
5204 24184
5204 24378
5204 23983
5204 22826
5204 24891
5204 26172
5204 26224
5204 24576
5204 24700
5204 24291
5204 26646
5204 25178
5204 26632
5204 25483
5204 26606
5204 11923
5204 27012
5204 27028
5204 27184
5204 27440
5204 20834
5204 24032
5204 27280
5204 27732
5204 13815
5204 27764
5204 27834
5204 26990
5204 27708
5204 25837
5204 27861
5204 26919
5204 27929
5205 25487
5205 11923
5205 27440
5205 27198
5205 20792
5205 27706
5206 11839
5206 20336
5206 22071
5206 24116
5206 22134
5206 26055
5206 24956
5206 26224
5206 12430
5206 26691
5206 20329
5206 24819
5206 26874
5206 11923
5206 26993
5206 27731
5206 20792
5206 27860
5206 28044
5207 13007
5207 12141
5207 16292
5207 19633
5207 21175
5207 25372
5207 19415
5207 24608
5207 22205
5207 12243
5207 20916
5208 22963
5208 12831
5208 19790
5208 21129
5208 17460
5208 21141
5208 17006
5209 17454
5209 14799
5209 23471
5209 15848
5209 22527
5209 21953
5210 21074
5210 21368
5210 16514
5210 21191
5210 19367
5210 20055
5211 20763
5211 21462
5211 17259
5211 15270
5211 24923
5212 13917
5212 27552
5212 24609
5212 25370
5212 25551
5212 13202
5212 12655
5212 27523
5213 15316
5213 24589
5213 25863
5213 25654
5213 22369
5213 26645
5213 26760
5213 26874
5213 23219
5213 25378
5214 16388
5214 20282
5214 20874
5214 21672
5214 23875
5214 24788
5215 17354
5215 17740
5215 20935
5215 21474
5215 13309
5215 23905
5215 25337
5215 25846
5215 26022
5215 25575
5215 21875
5215 23264
5215 25503
5215 25748
5215 27614
5215 27920
5215 21069
5216 12405
5216 21000
5216 12017
5216 15735
5216 18356
5216 15558
5216 19139
5216 25602
5216 26078
5216 25951
5216 26002
5216 11923
5216 22350
5216 26514
5216 26804
5216 26895
5216 26809
5216 24388
5216 14518
5216 20790
5216 27367
5216 19288
5216 27527
5216 16943
5216 12199
5216 26858
5217 12228
5217 12917
5217 15437
5217 26208
5217 15817
5217 13032
5218 21928
5218 12021
5218 12031
5218 21141
5218 23525
5218 21653
5218 15297
5219 12312
5219 11949
5219 14757
5219 16229
5219 18065
5219 24680
5219 16449
5219 17386
5220 20668
5220 24265
5220 24823
5220 27349
5220 18694
5220 19611
5220 23112
5220 24836
5221 18011
5221 16201
5221 20049
5221 24908
5221 21828
5221 13793
5221 21664
5221 23535
5221 14113
5221 19117
5221 15160
5222 24666
5222 24254
5222 24630
5222 26034
5222 14603
5222 27198
5222 27191
5223 14878
5223 14178
5223 15282
5223 14563
5223 22083
5223 20323
5223 24510
5223 25652
5223 25602
5223 16955
5223 14623
5223 25076
5223 22412
5223 25943
5223 23812
5223 26760
5223 26252
5223 27286
5223 27368
5223 27400
5223 27762
5223 27416
5223 26084
5223 27938
5223 25653
5223 27717
5223 27660
5223 26757
5223 28046
5224 20181
5224 20687
5224 23807
5224 23528
5224 21263
5224 20103
5224 24307
5224 17925
5224 23274
5224 17983
5224 13808
5224 24704
5224 25995
5224 23355
5224 13246
5224 13530
5224 16665
5224 22518
5224 24227
5224 27336
5224 20995
5224 15389
5224 19448
5224 27305
5224 15406
5224 12296
5225 14097
5225 18438
5225 18174
5225 20045
5225 26639
5225 19108
5225 19351
5225 25367
5226 12243
5226 14669
5226 25564
5226 26644
5226 22568
5226 19132
5226 25707
5226 20601
5226 27544
5226 27530
5226 12537
5226 27463
5226 22630
5226 14506
5226 27836
5226 27808
5226 27358
5226 27715
5226 27867
5226 26919
5226 27506
5226 27507
5226 16750
5227 15582
5227 12581
5227 14860
5227 21988
5227 24101
5227 13131
5227 22783
5227 16277
5227 21579
5227 17406
5227 17857
5227 11873
5227 12693
5227 12895
5227 13064
5227 17794
5227 21022
5227 22854
5227 24836
5227 18842
5227 23717
5227 18392
5227 12773
5227 17227
5227 20173
5227 25941
5227 20375
5227 19115
5227 20403
5227 27106
5228 13989
5228 13023
5228 13036
5228 20589
5228 26996
5228 27204
5229 12287
5229 15549
5229 14790
5229 13146
5229 17884
5229 13149
5229 18180
5229 13813
5229 15593
5229 13499
5229 12188
5229 19415
5229 14480
5229 11923
5230 11953
5230 13495
5230 23010
5230 16784
5230 23492
5230 15186
5230 17586
5230 20149
5230 24067
5230 27402
5230 15624
5230 20102
5231 17758
5231 17886
5231 20279
5231 17022
5231 19353
5231 26731
5232 12738
5232 12366
5232 19615
5232 23915
5232 17451
5232 17391
5233 24701
5233 12484
5233 18940
5233 20111
5233 26188
5233 21585
5233 13160
5233 19070
5233 19269
5233 14309
5233 15961
5233 26624
5233 22852
5234 14517
5234 14919
5234 23564
5234 12780
5234 14195
5234 14599
5234 22988
5234 25980
5234 12145
5234 15976
5234 16317
5234 16429
5234 17495
5234 18647
5234 18734
5234 19085
5234 25017
5234 25131
5234 25412
5234 26301
5234 27217
5235 25319
5235 20306
5235 19028
5235 20714
5235 16335
5236 15805
5236 17063
5236 14451
5236 19804
5236 25134
5236 11919
5237 14808
5237 15275
5237 25601
5237 25568
5237 25520
5237 21894
5237 25023
5237 26401
5237 16419
5237 18676
5237 23264
5237 22297
5237 24176
5237 26107
5237 12129
5237 15446
5237 15665
5237 19576
5237 27834
5237 12403
5237 27859
5237 27885
5238 11916
5238 16243
5238 16274
5238 22439
5238 17010
5239 17023
5239 23651
5239 24540
5239 20118
5239 22494
5239 21667
5239 24658
5239 27673
5239 22357
5239 25109
5240 25158
5240 24956
5240 25337
5240 24945
5240 23613
5240 26958
5240 27712
5241 23361
5241 24670
5241 24764
5241 24666
5241 24669
5241 23747
5241 20565
5241 25528
5241 26277
5241 24448
5241 24490
5241 26343
5241 26056
5241 22298
5241 25076
5241 26874
5241 25294
5241 26820
5241 27981
5241 28021
5241 27899
5241 27948
5241 27971
5242 24103
5242 18189
5242 25048
5242 25101
5242 26056
5242 17157
5242 26261
5242 22369
5242 14662
5242 26760
5242 15161
5242 11926
5242 17846
5242 17692
5242 21591
5242 27302
5242 14517
5242 27182
5242 15848
5242 24024
5242 27696
5242 27697
5243 12114
5243 14296
5243 17494
5243 18128
5243 19722
5243 20115
5243 20176
5243 21291
5243 22223
5243 23089
5243 23827
5244 12366
5244 12944
5244 12217
5244 15149
5244 23838
5244 23840
5244 20632
5244 14469
5244 17743
5244 12881
5244 24077
5244 18058
5244 16432
5244 22675
5244 22992
5244 21131
5244 22923
5245 14525
5245 12201
5245 12974
5245 13803
5245 27308
5246 17865
5246 23991
5246 26492
5246 21982
5246 27941
5246 16161
5246 25476
5247 27401
5247 26937
5247 27646
5247 27527
5247 23924
5247 27495
5247 19088
5247 27672
5247 27674
5247 27368
5247 27390
5247 12934
5247 27581
5247 27471
5247 27707
5247 27905
5247 27709
5247 27959
5247 27805
5247 27991
5247 27706
5247 19353
5247 27925
5247 27940
5247 27984
5247 27893
5247 28076
5247 27608
5248 24599
5248 22589
5248 12905
5248 12906
5248 22425
5249 16424
5249 17620
5249 21481
5249 17451
5249 15547
5249 22117
5249 23388
5249 24066
5249 15229
5249 23129
5249 25918
5249 13392
5249 22245
5249 15317
5249 18200
5249 20506
5249 20524
5249 22290
5249 24551
5249 26810
5249 17339
5249 19917
5249 14223
5249 22154
5249 15063
5249 26266
5250 11905
5250 16438
5250 19671
5250 13822
5250 14223
5250 19002
5250 19155
5250 17039
5250 18287
5250 12595
5250 14478
5250 25322
5250 16349
5250 25311
5250 19962
5250 21415
5251 12761
5251 15193
5251 15519
5251 15805
5251 20782
5251 20896
5251 21395
5251 22570
5251 21667
5251 23815
5251 18212
5251 24433
5251 25617
5251 25831
5251 26103
5251 22492
5251 24658
5251 26519
5251 26633
5251 26945
5251 27573
5251 27513
5251 27847
5252 12141
5252 12129
5252 12131
5252 12269
5252 12267
5252 12110
5252 12408
5252 12437
5252 12335
5252 14325
5252 20049
5252 18002
5252 24456
5252 14327
5252 24658
5252 24378
5252 24274
5252 25526
5252 26168
5252 22742
5252 19028
5252 25436
5252 26941
5252 26928
5252 27982
5252 27777
5252 28068
5253 12229
5253 21776
5253 16281
5253 19388
5253 13496
5253 26262
5254 16055
5254 15156
5254 13929
5254 16933
5254 12912
5254 16948
5254 23683
5254 21993
5254 15364
5254 20026
5254 24287
5254 16007
5254 26606
5254 26561
5254 16133
5254 21580
5254 26795
5254 24574
5254 25452
5255 14607
5255 14909
5255 20030
5255 20632
5255 21125
5255 15347
5255 22981
5255 16829
5255 13787
5255 22139
5255 16686
5256 18859
5256 14223
5256 23889
5256 27390
5256 18566
5256 25170
5256 24884
5257 16970
5257 23559
5257 21000
5257 25602
5257 21319
5257 26895
5257 27495
5257 27543
5257 27609
5257 27722
5257 26919
5257 27964
5257 28026
5258 13658
5258 20596
5258 25422
5258 25438
5258 26454
5258 27170
5258 27475
5259 13647
5259 13436
5259 16553
5259 25488
5259 24884
5259 27200
5259 27609
5259 25837
5259 28037
5260 13661
5260 21348
5260 21957
5260 25121
5260 15152
5260 15680
5260 21866
5260 24748
5260 23932
5260 13994
5261 12761
5261 24453
5261 19496
5261 12363
5261 23782
5261 23794
5261 12572
5261 18174
5261 21229
5262 12329
5262 12486
5262 12621
5262 21175
5262 12318
5262 12719
5262 12649
5262 12126
5262 13717
5262 14369
5262 14880
5262 14579
5262 14844
5262 13061
5262 13682
5262 18695
5262 15169
5262 17259
5262 11889
5262 22605
5262 24934
5262 21894
5262 26400
5262 24871
5262 26606
5262 27065
5262 27249
5262 27041
5262 27059
5262 27527
5262 21852
5262 27835
5262 27202
5263 13007
5263 15307
5263 21041
5263 12724
5263 22716
5263 17406
5263 16455
5263 26112
5263 19611
5263 25365
5264 19313
5264 17977
5264 26855
5264 23707
5264 15174
5265 12662
5265 26250
5265 17730
5265 20525
5265 12141
5265 12891
5265 22459
5265 18399
5265 21154
5265 18317
5265 15291
5265 22303
5265 13175
5265 11890
5265 14785
5265 22170
5266 17053
5266 15766
5266 14710
5266 22193
5266 25854
5266 20145
5267 18411
5267 15467
5267 23065
5267 23396
5267 23582
5267 19560
5267 21336
5268 14916
5268 14178
5268 24822
5268 26609
5268 25730
5268 26125
5268 26966
5268 27605
5268 19869
5268 20119
5269 15576
5269 17512
5269 21775
5269 25058
5269 18998
5270 12031
5270 16033
5270 20230
5270 16277
5270 16500
5270 21332
5271 20935
5271 23440
5271 24258
5271 24771
5271 25863
5271 25800
5271 26620
5271 22568
5271 26113
5271 27560
5271 20834
5271 27544
5271 26797
5271 27192
5271 27285
5271 25837
5271 27987
5272 15412
5272 12752
5272 15871
5272 23989
5272 24666
5272 25521
5272 26047
5272 24183
5272 27415
5272 27632
5273 14320
5273 16562
5273 14598
5273 19390
5273 15395
5273 25433
5274 25713
5274 20562
5274 26323
5274 16341
5274 17220
5274 21170
5274 14881
5275 16962
5275 18414
5275 18105
5275 22750
5275 22688
5275 18065
5275 17686
5275 23410
5275 22626
5275 13115
5275 18278
5275 19702
5275 23800
5275 26002
5275 26251
5275 22000
5275 22412
5275 26644
5275 26317
5275 25558
5275 24662
5275 12430
5275 27541
5275 26766
5275 28004
5275 28039
5275 25837
5275 28084
5275 28091
5275 22812
5276 12095
5276 11905
5276 14116
5276 13306
5276 16815
5276 21665
5276 15178
5276 12406
5276 23746
5276 12056
5276 12348
5276 13456
5276 25267
5276 22038
5276 27697
5276 27715
5276 27296
5276 26919
5276 27664
5276 28091
5276 23000
5277 19390
5277 26894
5277 26897
5277 24662
5277 27121
5277 27321
5277 25432
5277 27674
5277 27836
5277 26751
5277 28089
5278 16504
5278 12632
5278 14405
5278 15213
5278 17180
5278 19862
5278 23419
5278 13193
5279 13627
5279 16351
5279 19225
5279 20866
5279 25789
5279 26478
5279 24706
5279 26799
5279 26891
5279 13113
5279 19414
5279 25027
5279 19187
5279 12190
5279 25028
5279 25604
5279 20538
5279 28055
5280 14980
5280 16565
5280 13835
5280 12438
5280 12754
5280 14368
5280 13184
5280 15252
5280 20481
5280 19557
5280 16397
5280 22451
5280 25722
5280 17929
5280 27339
5280 26829
5281 21579
5281 22677
5281 23709
5281 25549
5281 26037
5281 27621
5282 23606
5282 15899
5282 11841
5282 23137
5282 14759
5282 25714
5282 13878
5282 12662
5282 19560
5282 25933
5282 26772
5283 14148
5283 13299
5283 15407
5283 19779
5283 22063
5283 13929
5283 23906
5283 24666
5283 12483
5283 24772
5283 20239
5283 24436
5283 22298
5283 13871
5283 23613
5283 25558
5283 25791
5283 26809
5283 26743
5283 27112
5283 26889
5283 27685
5283 27571
5283 22260
5283 27416
5283 26783
5283 27991
5283 21482
5283 27696
5283 28029
5283 27660
5283 27665
5283 28013
5283 27644
5283 27567
5283 28062
5283 28003
5283 27550
5283 28090
5283 27868
5283 28092
5283 27565
5284 16611
5284 11905
5284 19179
5284 12545
5284 15754
5284 15785
5284 19118
5284 19435
5284 21521
5284 17435
5284 21945
5284 25637
5284 20344
5284 14880
5284 15933
5284 21655
5284 22676
5284 26904
5284 23934
5285 16629
5285 19390
5285 24590
5285 13604
5285 14145
5285 22782
5285 12428
5285 14158
5285 18807
5285 18556
5285 21522
5285 24902
5285 23590
5285 16115
5285 20225
5285 24892
5285 16308
5285 19824
5285 20226
5285 15911
5285 20151
5285 21653
5285 27140
5285 24702
5285 23396
5285 12138
5285 14787
5285 23296
5285 12389
5285 16965
5285 20083
5285 27787
5285 17522
5285 23862
5285 15079
5286 23806
5286 27401
5286 27200
5286 27283
5286 27641
5287 17046
5287 25595
5287 26379
5287 18050
5287 21636
5288 16484
5288 16821
5288 18600
5288 18895
5288 22317
5288 24608
5288 22725
5288 21959
5288 21343
5288 24980
5289 19833
5289 14783
5289 14854
5289 14950
5289 12145
5290 14121
5290 21187
5290 17329
5290 17309
5290 23370
5290 12031
5290 22398
5291 12270
5291 16118
5291 16725
5291 19620
5291 24744
5291 26174
5292 21448
5292 12132
5292 17268
5292 21219
5292 27462
5292 17282
5292 17312
5292 13784
5292 16524
5292 18156
5292 20406
5292 12818
5292 27034
5292 21723
5292 15468
5292 17172
5292 25813
5292 27653
5292 26183
5293 13715
5293 22518
5293 22002
5293 26172
5293 25076
5293 26335
5293 26340
5293 25961
5293 27523
5293 26798
5294 14572
5294 15343
5294 15342
5294 19399
5294 19062
5294 21827
5294 20383
5294 26508
5294 15909
5294 14543
5294 25384
5294 25751
5295 18780
5295 12124
5295 15143
5295 13729
5295 24574
5295 15958
5295 17225
5295 27854
5295 28009
5295 28078
5296 24293
5296 14048
5296 16573
5296 12289
5296 24183
5296 25769
5296 23812
5296 25111
5296 26931
5296 25485
5296 27233
5296 16133
5296 27839
5297 16868
5297 15165
5297 17309
5297 23974
5297 22826
5297 24929
5298 18234
5298 21355
5298 19153
5298 20447
5298 20643
5298 21045
5298 22554
5298 20425
5298 25168
5299 14704
5299 18893
5299 22155
5299 15309
5299 17789
5299 18393
5299 20521
5299 18234
5299 21537
5299 16955
5299 17451
5299 19529
5299 19930
5300 16229
5300 14012
5300 27425
5300 17169
5300 25801
5301 25389
5301 24956
5301 25520
5301 26412
5301 27388
5301 27389
5301 27525
5301 27775
5301 28041
5302 20042
5302 25110
5302 20937
5302 25337
5302 22994
5302 26166
5302 23812
5302 18961
5302 25111
5303 15229
5303 26970
5303 19092
5303 20849
5303 21916
5303 14626
5304 13257
5304 19879
5304 26995
5304 13377
5304 17802
5304 27182
5304 19969
5304 12240
5304 19328
5304 27542
5304 26731
5304 25298
5304 13040
5304 12973
5304 27901
5304 27861
5304 24471
5304 16991
5304 16346
5304 17366
5304 27157
5304 23000
5305 17207
5305 21883
5305 12348
5305 12662
5305 14998
5305 18281
5305 24130
5305 23065
5305 27003
5306 15116
5306 18800
5306 23863
5306 12223
5306 12634
5306 15884
5306 18722
5306 19999
5307 12473
5307 18479
5307 15387
5307 18648
5307 18766
5307 22858
5307 20464
5307 24255
5307 25307
5307 24856
5307 27526
5307 23126
5307 22438
5307 26734
5307 27409
5307 19879
5307 20061
5307 22029
5307 27584
5307 22309
5307 27104
5308 12693
5308 15674
5308 15961
5308 19064
5308 21997
5308 25513
5308 13023
5308 17539
5308 21767
5308 13426
5308 22764
5308 19206
5308 21332
5308 22703
5309 14778
5309 13228
5309 22504
5309 24639
5309 24606
5309 25035
5309 25528
5309 25772
5309 11923
5309 27334
5309 27431
5309 12226
5309 27632
5309 27859
5309 27983
5309 27977
5309 12232
5309 27860
5309 27406
5309 27752
5309 27911
5310 13443
5310 18647
5310 13929
5310 17795
5310 18621
5310 24089
5310 27074
5310 23311
5310 19187
5310 22576
5310 17156
5310 15868
5310 14045
5311 12667
5311 25628
5311 18029
5311 16365
5311 21116
5312 26568
5312 25846
5312 25791
5312 26809
5312 27332
5313 11893
5313 15785
5313 17717
5313 18768
5313 22571
5313 21993
5313 24589
5313 24590
5313 22939
5313 23906
5313 16274
5313 24574
5313 23983
5313 14430
5313 20936
5313 21382
5313 20305
5313 22367
5313 26184
5313 26325
5313 21907
5313 22306
5313 13825
5313 13839
5313 19686
5313 13549
5313 26643
5313 14590
5313 23308
5313 27041
5313 26274
5313 27182
5313 14441
5313 20176
5313 27513
5313 27368
5313 28090
5313 21069
5314 13954
5314 12936
5314 13353
5314 14820
5314 16914
5314 13983
5314 14904
5314 16140
5314 27880
5314 18645
5314 20040
5314 20125
5314 20519
5314 14368
5314 19748
5314 21096
5314 25863
5314 14238
5314 14240
5314 22304
5314 26109
5314 27201
5314 13227
5314 18089
5314 22882
5314 13173
5314 23111
5314 12067
5314 22139
5314 27881
5315 24629
5315 17741
5315 14247
5315 17852
5315 14708
5315 22353
5315 22619
5315 21458
5315 22526
5315 12430
5316 15713
5316 14147
5316 19105
5316 13410
5316 12201
5316 14268
5316 19076
5317 24956
5317 21412
5317 21061
5317 12891
5317 20397
5317 19504
5317 19505
5317 20461
5317 14985
5317 22781
5317 18719
5317 25751
5317 19325
5317 20521
5317 26407
5317 26737
5317 25628
5317 11923
5317 16892
5317 23204
5317 26412
5317 13007
5317 16274
5317 27685
5317 21917
5317 27641
5317 16991
5317 25939
5317 27139
5317 27924
5317 28083
5317 27550
5318 12505
5318 14543
5318 16591
5318 16865
5318 18210
5318 19179
5318 24491
5318 25839
5318 13027
5318 14310
5318 19557
5318 12396
5319 12086
5319 14050
5319 22670
5319 24457
5319 12687
5319 26228
5319 24902
5319 27285
5320 17120
5320 17235
5320 19069
5320 19415
5320 20094
5320 13956
5321 13987
5321 12548
5321 13067
5321 13658
5321 13785
5321 18643
5321 20064
5321 23561
5321 20053
5321 24724
5321 12435
5321 24969
5321 21393
5321 23809
5321 24510
5322 16977
5322 13083
5322 14121
5322 15266
5322 18129
5322 19361
5322 25112
5322 12923
5322 12017
5322 26812
5323 16191
5323 23255
5323 18891
5323 16424
5323 25805
5324 16756
5324 17339
5324 19618
5324 11885
5324 14882
5324 15667
5324 18751
5324 24710
5324 11866
5324 26253
5324 13086
5324 22112
5324 22751
5324 22917
5324 27201
5324 13100
5324 17716
5324 24748
5324 11882
5324 16288
5324 18362
5324 22127
5324 26449
5324 13007
5324 14985
5324 16345
5324 19210
5324 19661
5324 19662
5325 16277
5325 15465
5325 22736
5325 24366
5325 26110
5325 15133
5325 18771
5325 17479
5325 18848
5325 26256
5325 25296
5325 20210
5326 18448
5326 22574
5326 12845
5326 20123
5326 22089
5326 23037
5327 16665
5327 16452
5327 20352
5327 13474
5327 22145
5328 15785
5328 23986
5328 17010
5328 22650
5328 18909
5328 24702
5328 18174
5328 26814
5328 23004
5329 20892
5329 16684
5329 23157
5329 28087
5329 26997
5329 26827
5329 18456
5329 21481
5330 21813
5330 24666
5330 25844
5330 27836
5330 27964
5331 27057
5331 27737
5331 27221
5331 27835
5331 27416
5331 27625
5331 27941
5331 27660
5331 27991
5331 27999
5331 27937
5331 28029
5331 27714
5331 27831
5332 13903
5332 13904
5332 17841
5332 13883
5332 15033
5333 18384
5333 21777
5333 27416
5333 27660
5333 28090
5334 14158
5334 15780
5334 18806
5334 25564
5334 23808
5334 24846
5334 24851
5334 21290
5334 22023
5334 14346
5334 20136
5334 14852
5335 16949
5335 13049
5335 23264
5335 13626
5335 26896
5335 25068
5335 27552
5335 27614
5335 27808
5335 27963
5336 21953
5336 12572
5336 12662
5336 20099
5336 11905
5337 19349
5337 17880
5337 22593
5337 12640
5337 14131
5337 19595
5338 20094
5338 20428
5338 23672
5338 17073
5338 16536
5338 24658
5338 15055
5338 24931
5338 26565
5338 19560
5338 27978
5338 27961
5338 27208
5338 27923
5339 19011
5339 21474
5339 22487
5339 22387
5339 22750
5339 22691
5339 22671
5339 24425
5339 25601
5339 24494
5339 25179
5339 23642
5339 26644
5339 26912
5339 27172
5339 26887
5339 21917
5339 23885
5340 23983
5340 25743
5340 25520
5340 25270
5340 23373
5340 26106
5340 24436
5340 25144
5340 25677
5340 25111
5340 26643
5340 24449
5340 27081
5340 27233
5340 27201
5340 27128
5340 26995
5340 26493
5340 27555
5340 27560
5340 27527
5340 24687
5340 27983
5340 26900
5340 28011
5340 25338
5340 27680
5340 27717
5340 27885
5340 27157
5340 27563
5341 12430
5341 12975
5341 12217
5341 13357
5341 14136
5341 14780
5341 15465
5341 16235
5341 16795
5341 17806
5341 20763
5341 20992
5341 23658
5341 27651
5342 11956
5342 11947
5342 12033
5342 12559
5342 13660
5342 18519
5342 17469
5342 23075
5342 23559
5342 21916
5342 24606
5342 21875
5342 12200
5342 25710
5342 26258
5342 26016
5342 26930
5342 27088
5342 27705
5342 27808
5342 28017
5342 28039
5342 28041
5343 15160
5343 12780
5343 13686
5343 15239
5343 16362
5343 20669
5343 25894
5343 16015
5343 20558
5343 21833
5344 15160
5344 15382
5344 18690
5344 17511
5344 27247
5344 14349
5344 20626
5344 23471
5345 18690
5345 18729
5345 21982
5345 23449
5345 23462
5345 23715
5345 23851
5345 25110
5345 26460
5345 26564
5346 26190
5346 13705
5346 20292
5346 20309
5346 15505
5346 21859
5346 25743
5347 14683
5347 19390
5347 19041
5347 19415
5347 23090
5347 26705
5347 13013
5347 24702
5347 19139
5347 22305
5347 15186
5347 18729
5347 18246
5347 15421
5347 15514
5347 18815
5347 23814
5347 26132
5347 16776
5347 24901
5347 17246
5347 20191
5347 23437
5347 15107
5347 15886
5347 14245
5347 17266
5347 15991
5347 25207
5347 25975
5347 26590
5347 26098
5347 18577
5348 14051
5348 14152
5348 25805
5348 20992
5348 25123
5349 15221
5349 17647
5349 17877
5349 15212
5349 21105
5349 21728
5349 25736
5349 24224
5350 24944
5350 22412
5350 26671
5350 25653
5350 27982
5351 14853
5351 12336
5351 11905
5351 12743
5351 14423
5351 14862
5351 12891
5351 14332
5351 15547
5351 15548
5351 18652
5351 12458
5351 18155
5351 15441
5352 12936
5352 13091
5352 14117
5352 13935
5352 12845
5352 16815
5352 11851
5352 15091
5352 18884
5352 17294
5353 14327
5353 16228
5353 17749
5353 17885
5353 18471
5353 19396
5353 21672
5353 23394
5353 24371
5354 15000
5354 25595
5354 15593
5354 23406
5354 20896
5355 20663
5355 15187
5355 21590
5355 13221
5355 17479
5355 13506
5355 23122
5355 20961
5355 19232
5355 25917
5355 12473
5356 15730
5356 12263
5356 11844
5356 12228
5356 12090
5356 13374
5356 24586
5356 23363
5356 21967
5356 24116
5356 23983
5356 21965
5356 26937
5356 27836
5356 27708
5356 27617
5356 26494
5357 18812
5357 24666
5357 23906
5357 26002
5357 18277
5357 25558
5357 27906
5357 28069
5358 13979
5358 18427
5358 17454
5358 19487
5358 19446
5359 15633
5359 17036
5359 14327
5359 12722
5359 15911
5359 22858
5359 24033
5359 26789
5359 22185
5359 16439
5359 14394
5360 26180
5360 26914
5360 27389
5360 12178
5360 20834
5360 11890
5360 14543
5360 25547
5360 25111
5360 27562
5360 27729
5360 13011
5360 19415
5360 23130
5360 20792
5360 25777
5360 26654
5360 16419
5360 16639
5360 27629
5360 26925
5361 23128
5361 25567
5361 22640
5361 23293
5361 24527
5361 22931
5361 17106
5361 18798
5361 14110
5361 15511
5362 21242
5362 21937
5362 20944
5362 24293
5362 25870
5362 22412
5362 26941
5362 25487
5362 26886
5362 27045
5362 25748
5362 28001
5363 18768
5363 12035
5363 16190
5363 21247
5363 24554
5363 26632
5363 27225
5363 27388
5363 27460
5363 27890
5364 12056
5364 12447
5364 12223
5364 12411
5364 14985
5364 12178
5364 13793
5364 22463
5364 12619
5365 14131
5365 17691
5365 19363
5365 22522
5365 23857
5365 21619
5365 16614
5365 17977
5365 21126
5365 22126
5366 12745
5366 17939
5366 18768
5366 20658
5366 18386
5366 14704
5366 19961
5366 23680
5366 24372
5366 14132
5366 22671
5366 18544
5366 21380
5366 26199
5366 25501
5366 26533
5366 12818
5366 22306
5366 25179
5366 27121
5366 27338
5366 27575
5366 20901
5366 24902
5366 26049
5366 26778
5366 16722
5366 21181
5367 14992
5367 12394
5367 13638
5367 12518
5367 12693
5367 12113
5367 12662
5367 11847
5367 12573
5367 12374
5367 15641
5367 14397
5367 13280
5367 14175
5367 14613
5367 15721
5367 18341
5367 11921
5367 11872
5367 26063
5367 22494
5367 26896
5367 27176
5367 15984
5367 25109
5368 20640
5368 19353
5368 11874
5368 23404
5368 19901
5368 13199
5368 26483
5368 25644
5368 15775
5368 16632
5368 19325
5368 18120
5368 22936
5368 23648
5368 24212
5368 26948
5368 19693
5368 20772
5368 25660
5368 13751
5368 17442
5368 16595
5368 15139
5368 27392
5369 12335
5369 12867
5369 24585
5369 23767
5369 19656
5369 23561
5369 17124
5369 25521
5369 26244
5369 20291
5369 17784
5369 26359
5369 27400
5369 12200
5369 17328
5369 12201
5369 27689
5370 21547
5370 24378
5370 24124
5370 25110
5370 25672
5370 25602
5370 25870
5370 26895
5370 26878
5370 27146
5370 27498
5370 27466
5370 27906
5371 19542
5371 16949
5371 15641
5371 12141
5371 24435
5371 18797
5371 21742
5371 18267
5371 13784
5371 12944
5371 25575
5371 14184
5371 15826
5371 20060
5371 25182
5371 26459
5371 24577
5371 21591
5371 26820
5371 16538
5371 27802
5371 27876
5371 18804
5371 28068
5372 24764
5372 26412
5372 26652
5372 27984
5372 27920
5373 22002
5373 24814
5373 22428
5373 24451
5373 15996
5373 11890
5373 25283
5373 25035
5373 24189
5373 26165
5373 20429
5373 22412
5373 26895
5373 26155
5373 15039
5373 23814
5373 27281
5373 17750
5373 26493
5373 18120
5373 24506
5373 27672
5373 26084
5373 25375
5373 25837
5373 27902
5373 26919
5373 27961
5374 12975
5374 13936
5374 15636
5374 24717
5374 12556
5374 14361
5374 21116
5374 16860
5374 25713
5374 27416
5374 28065
5375 13103
5375 12153
5375 12602
5375 14175
5375 11896
5375 12693
5375 12964
5375 14340
5375 14475
5375 12601
5375 17868
5375 17522
5375 14006
5375 12860
5375 18810
5375 15666
5375 23662
5375 17045
5375 21929
5375 14070
5375 25488
5375 15785
5375 21904
5376 12832
5376 13792
5376 17451
5376 18980
5376 19560
5376 24640
5377 17859
5377 19933
5377 17222
5377 17161
5377 24671
5377 13478
5377 12052
5378 15797
5378 12441
5378 13407
5378 17841
5378 13927
5378 17478
5378 15213
5378 15786
5378 18007
5378 26031
5378 26047
5378 26229
5378 26339
5378 24616
5378 25022
5379 19371
5379 13156
5379 13474
5379 17915
5379 18725
5379 18736
5379 19290
5379 24919
5379 24978
5380 13775
5380 12277
5380 12841
5380 12353
5380 13683
5380 13734
5380 17063
5380 15091
5380 16301
5380 17473
5380 20896
5380 24590
5380 13754
5380 15470
5380 17123
5381 20389
5381 15052
5381 19694
5381 16036
5381 12032
5381 20749
5381 23850
5381 23151
5381 21020
5381 20510
5381 25156
5381 22388
5381 15449
5381 21832
5381 17326
5381 22544
5381 25588
5381 21805
5381 12141
5382 13424
5382 21831
5382 19247
5382 19478
5382 20445
5382 14699
5382 21609
5382 24766
5383 20590
5383 25286
5383 21801
5383 26847
5383 18235
5383 26133
5383 18530
5384 11953
5384 14996
5384 22231
5384 26288
5384 18170
5384 20912
5384 27211
5385 21428
5385 25764
5385 24527
5385 17398
5385 23962
5385 26891
5385 26816
5385 22428
5386 15157
5386 17344
5386 12366
5386 14398
5386 17166
5386 23370
5386 13104
5386 14399
5386 15277
5386 19013
5386 12555
5386 13049
5386 12990
5386 21206
5387 16781
5387 21051
5387 11873
5387 13400
5387 15864
5387 19368
5388 20438
5388 23095
5388 14006
5388 15863
5388 20341
5388 22822
5388 23413
5388 22036
5389 22920
5389 23823
5389 24435
5389 25227
5389 25144
5389 25069
5389 14549
5389 18590
5389 27551
5389 27819
5389 28018
5389 28061
5389 28068
5389 28082
5389 27660
5390 25122
5390 22667
5390 15221
5390 27017
5390 25327
5391 21194
5391 23009
5391 15784
5391 14770
5391 12070
5391 20049
5392 12891
5392 13989
5392 14778
5392 25343
5392 19946
5392 18879
5392 16595
5392 23114
5392 16830
5393 19461
5393 24064
5393 21216
5393 23428
5393 24115
5393 23072
5393 16455
5393 24212
5393 27991
5393 17587
5393 22029
5393 13669
5393 22445
5393 14138
5393 24346
5393 18685
5393 12160
5393 28083
5393 28040
5393 28065
5394 24040
5394 16713
5394 26644
5394 24572
5394 22369
5394 23264
5394 26096
5394 25306
5394 16823
5394 27272
5394 16844
5394 22330
5394 26996
5394 27200
5394 24978
5394 27641
5394 17885
5394 17939
5394 26440
5394 23814
5394 27285
5394 27961
5394 27704
5394 22351
5394 28037
5395 12954
5395 11847
5395 12441
5395 12646
5395 14615
5395 17144
5395 12820
5395 17143
5395 19367
5395 20770
5395 22189
5395 19254
5395 22006
5395 22851
5395 22782
5395 23217
5395 23149
5395 23361
5395 19902
5395 24606
5395 22002
5395 24771
5395 25521
5395 26324
5395 25111
5395 26606
5395 26644
5395 27028
5395 27226
5395 18707
5395 17199
5395 27981
5395 27927
5395 27406
5395 27594
5396 19754
5396 22785
5396 21804
5396 25076
5396 17784
5396 27770
5397 17936
5397 13046
5397 20121
5397 21175
5397 19417
5397 22263
5397 16843
5397 14314
5398 16095
5398 15882
5398 23699
5398 15743
5398 18677
5398 13603
5398 22676
5399 12110
5399 12112
5399 12569
5399 12566
5399 12662
5399 14105
5399 13965
5399 20048
5399 14026
5399 17973
5399 16246
5399 22293
5399 12577
5399 11838
5399 23662
5399 13600
5399 20323
5400 15645
5400 19642
5400 21034
5400 22395
5400 23782
5400 23908
5400 25365
5400 25793
5400 26483
5400 26485
5401 20310
5401 20584
5401 15128
5401 21203
5401 25897
5401 24350
5401 24850
5402 19407
5402 20182
5402 22242
5402 15345
5402 19936
5403 12805
5403 19332
5403 18306
5403 12893
5403 12840
5403 16727
5403 12094
5403 19390
5403 13286
5403 19881
5403 15744
5403 17867
5403 16187
5403 22501
5403 24278
5403 18258
5403 24196
5403 26056
5403 18817
5403 23642
5403 26077
5403 24810
5403 26606
5403 27228
5403 27199
5403 27560
5403 21917
5403 27731
5403 19341
5404 16055
5404 15529
5404 24179
5404 18900
5404 22568
5404 25801
5404 16439
5404 23353
5404 25109
5404 27920
5405 24577
5405 23206
5405 24494
5405 26047
5405 25800
5405 22568
5405 26203
5405 25294
5405 25557
5405 18579
5405 27199
5405 26960
5405 27544
5405 27614
5405 27204
5405 27203
5405 26813
5405 27859
5405 28021
5405 28041
5406 12366
5406 14104
5406 16779
5406 16637
5406 12540
5407 19544
5407 16838
5407 17804
5407 24315
5407 16815
5407 16979
5407 17711
5407 24503
5407 25555
5407 20946
5408 19028
5408 12662
5408 15439
5408 25278
5408 11928
5408 14178
5408 17039
5408 20872
5408 21338
5408 21957
5408 24846
5408 14354
5408 21525
5408 12348
5408 13102
5408 18828
5408 19916
5408 24978
5409 15605
5409 16624
5409 12430
5409 17309
5409 26810
5409 17242
5409 13878
5410 24131
5410 22388
5410 12526
5410 20172
5410 22145
5410 26514
5410 26279
5411 24121
5411 15091
5411 17840
5411 17864
5411 18214
5411 18395
5411 19542
5411 23141
5412 12275
5412 13281
5412 14178
5412 18909
5412 22626
5413 14442
5413 24550
5413 19147
5413 15091
5413 17274
5413 12894
5413 15058
5414 13175
5414 12223
5414 11894
5414 12141
5414 19730
5414 20975
5414 22053
5414 19802
5414 20496
5414 14888
5414 20304
5414 18652
5414 16859
5414 20999
5414 15296
5414 17282
5414 17304
5414 26244
5414 15913
5414 12304
5414 25081
5414 18449
5414 13116
5414 14213
5414 15067
5414 15080
5414 21776
5414 15902
5414 17656
5415 25380
5415 12646
5415 13878
5415 22930
5415 14253
5415 27362
5416 21296
5416 19961
5416 18002
5416 22920
5416 24274
5416 26055
5416 14623
5416 26277
5416 26691
5416 25677
5416 26450
5416 27808
5417 12693
5417 24125
5417 21219
5417 18534
5417 21989
5417 12934
5417 18317
5417 12348
5417 14062
5417 12243
5417 20945
5417 25570
5417 23879
5417 18007
5417 12139
5417 27416
5417 27938
5417 27625
5417 27746
5417 27717
5417 27941
5417 27660
5417 27565
5417 27491
5417 27550
5417 28060
5417 28070
5417 28083
5418 14683
5418 17528
5418 23897
5418 24643
5418 26056
5418 26644
5418 26646
5418 26561
5418 11923
5418 26809
5418 26412
5418 26902
5418 28022
5418 21069
5419 25521
5419 26568
5419 27199
5419 21259
5419 27045
5419 27518
5419 27941
5419 25147
5420 15853
5420 26016
5420 22353
5420 13393
5420 24102
5420 26285
5420 14985
5420 27412
5421 21242
5421 15236
5421 17939
5421 22813
5421 26450
5421 11923
5421 27184
5421 27523
5421 27280
5422 12157
5422 14835
5422 14531
5422 15533
5422 21219
5422 23438
5422 20527
5422 26673
5422 25178
5422 17719
5422 24574
5423 15915
5423 13049
5423 12439
5423 21010
5423 25275
5423 15586
5423 19290
5423 26724
5423 14178
5423 26038
5424 19606
5424 18401
5424 27033
5424 25468
5424 12140
5424 21593
5424 27947
5425 12337
5425 12791
5425 13315
5425 26743
5425 27732
5425 11957
5425 27945
5426 25933
5426 12378
5426 24212
5426 14165
5426 17821
5427 12097
5427 12095
5427 12159
5427 12096
5427 12296
5427 17420
5427 14465
5427 16195
5427 14894
5427 15539
5427 15187
5427 17989
5427 19029
5427 19415
5427 16987
5427 16821
5427 20205
5427 12706
5427 21139
5427 25069
5427 25238
5427 25236
5427 15646
5427 24078
5427 27221
5427 25748
5427 26565
5427 13709
5427 22428
5427 27306
5427 13960
5427 27938
5427 27960
5428 19251
5428 21986
5428 12171
5428 23446
5428 17658
5428 21314
5428 25587
5428 27069
5428 13065
5428 12449
5428 27106
5428 27355
5429 11942
5429 15058
5429 17478
5429 20632
5429 14465
5429 23649
5429 24740
5429 20399
5429 11865
5429 20245
5429 15570
5429 19802
5429 16622
5429 25241
5429 26825
5429 15161
5429 20749
5429 25798
5430 15656
5430 15693
5430 15677
5430 26459
5430 26591
5430 11875
5430 24103
5431 24589
5431 22094
5431 12454
5431 22709
5431 15069
5431 25488
5431 14826
5431 24494
5431 25846
5431 25806
5431 26056
5431 24945
5431 25779
5431 17785
5431 22369
5431 26430
5431 14506
5431 20792
5431 27469
5431 27924
5431 27447
5431 28067
5432 17770
5432 19153
5432 14820
5432 18310
5432 18795
5432 18941
5432 15065
5432 19747
5432 14050
5432 24570
5432 16028
5432 14967
5432 26293
5432 19879
5432 26106
5432 26941
5432 27004
5432 27383
5432 27531
5432 12367
5432 27573
5432 27425
5432 24902
5432 27314
5432 27881
5432 26888
5433 12501
5433 13040
5433 19894
5433 12376
5433 13353
5434 18830
5434 13272
5434 24720
5434 16840
5434 22017
5434 16575
5434 16579
5434 25445
5435 17953
5435 21105
5435 21397
5435 20813
5435 21554
5435 17403
5435 24350
5436 23362
5436 23905
5436 17369
5436 15446
5436 27724
5436 27861
5437 21683
5437 24608
5437 24586
5437 25521
5437 25575
5437 24471
5437 27240
5437 27468
5437 24900
5437 27899
5437 27948
5437 21069
5438 27309
5438 25405
5438 27582
5438 26954
5438 27552
5438 26796
5438 27724
5438 27764
5438 27941
5438 27416
5438 27717
5438 27139
5438 27948
5439 16595
5439 17463
5439 17638
5439 21785
5439 26480
5439 23774
5439 26819
5439 23396
5440 23144
5440 19450
5440 25621
5440 26661
5440 27381
5441 19026
5441 24666
5441 18751
5441 27281
5441 27930
5441 28039
5441 27911
5441 25347
5442 22045
5442 15963
5442 25948
5442 14157
5442 25988
5443 12574
5443 16957
5443 11905
5443 16842
5443 18034
5443 22566
5443 13018
5443 19358
5443 22589
5443 24840
5443 26899
5443 25056
5443 23511
5443 18544
5443 12944
5443 26732
5443 16776
5443 25161
5443 23926
5443 17160
5443 18454
5444 22000
5444 18276
5444 22369
5444 24802
5444 21228
5444 18579
5444 26512
5444 27732
5444 27609
5444 27474
5444 27585
5444 27945
5445 20754
5445 16670
5445 15664
5445 20896
5445 14409
5445 16933
5445 24185
5445 23879
5445 25528
5445 26760
5445 16890
5445 11923
5445 27201
5445 27962
5445 28005
5446 14759
5446 14136
5446 20909
5446 13677
5446 18524
5446 19728
5446 25588
5447 23906
5447 20232
5447 26310
5447 26810
5447 26913
5447 27128
5447 27528
5447 27526
5447 27527
5447 27641
5447 27379
5447 27881
5447 27752
5448 11957
5448 26317
5448 26814
5448 16524
5448 21170
5448 27203
5448 24752
5449 27821
5449 14956
5449 12903
5449 19685
5449 21627
5449 22127
5449 24699
5449 25026
5450 25266
5450 24956
5450 13566
5450 27834
5450 28046
5451 12795
5451 17328
5451 20780
5451 25367
5451 24441
5451 13306
5452 11921
5452 11872
5452 21000
5452 17528
5452 24736
5452 25575
5452 16020
5452 24223
5452 26760
5452 26180
5452 27228
5452 21591
5452 27302
5452 14517
5452 26919
5452 14438
5452 26204
5452 18748
5452 23885
5452 18577
5453 19009
5453 22084
5453 22071
5453 24666
5453 24764
5453 13049
5453 25283
5453 21894
5453 24300
5453 26170
5453 22742
5453 23812
5453 11923
5453 26333
5453 27551
5453 27188
5453 24505
5453 27204
5453 28004
5453 28092
5454 15055
5454 14052
5454 14572
5454 18682
5454 23108
5455 15498
5455 12307
5455 12615
5455 11890
5455 19249
5455 24608
5455 26402
5456 14260
5456 12974
5456 13004
5456 18706
5456 20772
5456 26439
5457 11847
5457 13760
5457 25354
5457 23797
5457 20584
5458 12840
5458 14394
5458 24881
5458 13061
5458 14089
5458 17012
5458 24525
5459 17557
5459 15259
5459 18010
5459 23906
5459 23870
5459 24536
5459 22823
5459 22715
5459 25360
5459 25074
5459 27436
5459 27447
5459 26084
5459 27697
5459 26889
5459 27945
5459 28045
5460 16727
5460 23422
5460 17641
5460 13228
5460 16632
5460 24579
5460 15818
5460 19470
5460 25515
5460 21664
5460 14483
5460 19879
5460 25595
5461 25270
5461 25512
5461 26492
5461 27447
5461 25844
5461 26750
5461 26543
5461 27202
5461 27915
5461 27873
5461 28021
5461 27936
5461 27406
5461 28005
5462 18544
5462 12348
5462 22066
5462 12794
5462 20639
5462 18645
5463 17682
5463 22491
5463 25599
5463 25687
5463 27185
5463 16416
5463 18245
5463 21324
5464 14261
5464 15168
5464 14389
5464 13809
5464 14881
5464 12813
5464 12366
5464 18521
5464 19903
5464 17627
5464 20701
5464 19700
5465 15143
5465 15160
5465 24602
5465 18053
5465 14866
5465 24008
5465 15039
5465 15295
5465 25554
5465 14864
5465 26585
5465 13479
5466 24908
5466 12145
5466 12801
5466 13182
5466 18349
5466 20160
5466 21663
5466 24978
5466 24902
5467 19754
5467 22517
5467 23579
5467 21000
5467 17528
5467 24662
5468 12285
5468 12348
5468 15870
5468 17805
5468 13745
5468 24568
5468 18675
5468 13159
5468 12974
5468 16857
5468 22779
5468 25364
5468 27800
5468 27767
5468 21649
5468 24256
5468 25643
5469 16611
5469 15160
5469 22294
5469 22088
5469 14878
5469 18276
5469 23528
5469 21442
5469 22462
5469 23861
5469 18282
5470 24162
5470 23900
5470 24161
5470 24433
5470 25501
5470 26400
5470 19237
5470 24022
5470 18598
5470 27500
5470 21196
5470 25461
5470 27499
5470 24272
5470 21315
5470 23932
5470 27315
5470 15467
5470 20754
5470 12217
5470 15005
5470 26412
5470 24212
5470 28091
5471 12867
5471 14672
5471 14652
5471 12634
5471 12722
5471 11912
5471 13312
5471 23472
5471 24852
5471 12473
5471 22291
5472 17936
5472 23237
5472 16074
5472 18243
5472 13653
5472 24034
5472 21397
5472 21732
5472 17209
5472 23419
5472 15779
5472 25338
5472 27418
5472 17395
5472 24847
5472 24848
5472 21916
5472 24851
5472 20361
5472 15694
5472 19615
5472 20503
5472 21814
5472 24103
5472 25426
5473 15734
5473 15819
5473 19729
5473 12724
5473 17935
5474 19234
5474 25514
5474 12147
5474 26576
5474 11883
5474 12727
5474 14186
5474 18158
5474 18159
5474 18845
5474 22876
5474 23463
5474 26007
5475 24956
5475 25779
5475 11923
5475 27256
5475 27118
5475 27045
5475 27051
5476 13023
5476 12878
5476 12936
5476 14837
5476 16432
5476 14563
5476 14178
5476 26170
5476 24662
5477 25568
5477 27045
5477 27835
5477 22139
5477 27550
5477 27644
5478 20137
5478 26177
5478 23776
5478 23046
5478 25977
5478 22043
5479 13620
5479 16909
5479 15732
5479 15395
5479 15465
5479 24666
5479 25266
5479 18817
5479 26645
5479 27351
5479 27460
5479 15377
5480 12693
5480 15507
5480 14438
5480 19859
5480 15665
5480 12785
5480 12974
5480 15813
5481 15783
5481 21895
5481 19586
5481 21311
5481 24671
5481 13688
5481 15917
5482 18544
5482 23906
5482 24278
5482 21248
5482 23870
5482 24606
5482 24939
5482 25521
5482 22000
5482 24643
5482 18817
5482 26261
5482 25001
5482 25503
5482 26514
5482 27121
5482 20901
5482 27764
5482 27204
5482 27696
5482 26766
5482 26919
5482 25347
5483 15381
5483 22608
5483 26788
5483 12675
5483 20611
5483 14218
5484 20171
5484 20936
5484 25804
5484 14205
5484 21364
5484 27817
5485 15587
5485 14173
5485 26238
5485 18936
5485 27667
5486 12042
5486 15076
5486 17263
5486 16047
5486 22505
5486 21712
5486 22509
5486 20017
5486 21269
5486 15464
5486 23045
5486 16200
5486 19738
5486 11900
5486 20428
5487 18335
5487 15911
5487 12141
5487 17948
5487 14034
5487 22209
5487 12540
5487 21265
5487 14101
5487 24358
5487 14718
5487 19139
5487 19668
5487 23222
5488 20985
5488 24435
5488 25863
5488 16419
5488 22369
5488 27283
5488 27860
5488 12662
5488 28068
5489 18386
5489 17965
5489 19499
5489 21644
5489 26540
5489 24637
5489 18895
5489 19637
5490 21873
5490 22851
5490 14975
5490 20565
5490 15766
5490 24427
5490 25568
5490 23472
5490 16962
5490 26530
5490 21508
5490 27170
5490 27090
5490 19543
5490 27447
5490 27575
5490 26820
5490 15187
5490 23641
5490 27660
5490 27416
5490 27717
5490 27991
5490 27924
5490 27644
5490 28090
5491 27108
5491 27178
5491 27154
5491 27244
5491 27396
5491 12193
5491 13061
5492 13113
5492 17939
5492 18544
5492 22647
5492 14787
5492 24616
5492 18743
5493 12577
5493 18922
5493 12974
5493 25367
5493 13131
5494 14283
5494 20577
5494 18216
5494 19565
5494 21788
5494 18083
5494 23932
5494 24846
5494 14794
5494 18672
5494 21100
5494 16455
5494 27390
5495 14535
5495 12388
5495 11905
5495 14843
5495 19408
5495 24939
5495 25076
5495 11923
5495 25837
5495 27859
5496 19609
5496 24073
5496 25896
5496 17509
5496 22647
5496 21487
5496 22862
5496 21367
5496 22826
5497 12126
5497 14531
5497 15223
5497 17036
5497 22729
5497 22061
5497 24103
5497 21653
5497 26014
5497 25505
5497 23967
5497 15060
5497 15605
5497 22350
5497 22369
5497 22297
5497 24078
5497 25531
5497 19707
5497 20601
5497 13049
5497 24667
5497 22164
5497 26683
5497 27283
5497 26555
5497 19335
5497 23561
5497 27777
5497 27890
5497 27978
5498 22517
5498 20590
5498 20199
5498 26940
5498 21917
5498 27981
5499 19697
5499 14372
5499 17357
5499 12003
5499 13201
5500 20758
5500 12899
5500 13049
5500 13702
5500 22006
5500 24673
5501 15301
5501 12454
5501 17399
5501 21851
5501 23526
5502 22740
5502 21952
5502 23217
5502 23747
5502 23906
5502 23190
5502 24658
5502 24507
5502 26895
5502 26897
5502 27280
5502 27281
5503 16274
5503 27561
5503 22408
5503 16354
5503 21407
5503 15571
5503 25021
5503 18938
5503 15645
5503 18344
5503 19816
5503 24897
5504 18084
5504 15624
5504 18371
5504 19693
5504 22250
5504 19445
5504 21588
5504 12378
5504 14902
5504 19790
5504 23721
5505 14637
5505 27393
5505 25540
5505 16419
5505 27318
5506 13089
5506 13465
5506 26056
5506 25712
5506 25677
5507 16781
5507 15493
5507 23515
5507 24814
5507 25602
5507 26002
5507 18278
5507 24956
5507 25712
5507 26260
5507 26637
5507 26643
5507 26519
5507 26771
5507 26565
5507 27203
5507 27963
5508 23981
5508 20445
5508 13116
5508 13324
5508 13446
5508 14438
5508 19415
5508 19979
5508 25463
5508 23265
5509 21755
5509 27415
5509 27804
5509 28001
5509 27984
5510 19900
5510 20202
5510 20435
5510 20885
5510 22747
5510 22815
5510 23663
5510 24212
5510 24541
5510 24811
5510 26275
5510 23991
5510 25477
5510 27723
5511 18648
5511 18933
5511 20253
5511 20478
5511 18501
5512 12636
5512 25165
5512 25478
5512 27298
5512 11922
5512 13149
5512 13460
5512 14377
5512 15669
5512 16316
5512 16981
5512 18058
5512 19512
5512 19910
5512 22734
5512 24346
5512 24958
5512 15045
5512 18685
5512 20904
5512 25928
5513 16132
5513 11923
5513 25558
5513 14906
5513 21508
5513 27012
5513 26960
5513 26937
5513 27560
5513 27737
5514 20260
5514 16984
5514 16292
5514 19257
5514 15134
5514 13522
5514 13396
5514 15086
5514 16312
5514 17585
5514 25932
5514 21328
5514 22592
5514 13544
5514 17209
5514 17259
5514 25276
5514 25803
5514 22866
5514 13476
5514 23620
5514 15474
5514 18327
5514 18294
5514 24747
5514 25277
5514 27577
5515 26214
5515 16740
5515 24236
5515 15939
5515 11911
5515 13557
5515 12655
5515 22341
5515 14759
5515 15800
5515 18616
5515 19694
5515 12830
5516 12686
5516 13013
5516 20073
5516 21668
5516 22803
5516 23276
5516 23321
5516 24643
5516 22994
5516 27004
5516 22495
5516 26821
5516 27724
5516 27594
5516 28014
5517 22063
5517 25035
5517 25270
5517 16206
5517 19435
5517 20301
5517 20327
5517 25568
5517 11850
5517 22974
5517 27072
5517 27071
5517 16455
5517 25350
5517 26604
5517 13945
5517 27876
5517 27467
5517 28073
5517 28079
5517 27628
5517 28065
5517 27753
5517 27660
5517 27999
5517 28082
5517 27814
5517 27923
5517 27517
5517 27797
5517 28055
5517 27650
5518 14842
5518 14328
5518 16680
5518 15253
5518 18084
5518 12761
5519 12430
5519 18084
5519 20535
5519 21335
5519 12608
5519 20727
5519 12270
5519 12818
5519 15534
5519 17705
5519 18032
5519 18037
5519 18314
5519 19199
5519 11875
5519 14766
5519 19195
5519 25233
5519 21723
5519 12665
5519 20880
5519 18033
5519 25132
5519 18121
5519 15529
5519 25135
5519 15902
5519 12397
5519 21397
5519 12201
5519 22231
5520 11957
5520 12012
5520 12157
5520 12892
5520 14760
5520 15669
5520 16764
5520 18891
5520 19218
5520 20145
5520 20222
5520 21082
5520 22826
5520 23485
5520 17259
5521 12234
5521 19715
5521 12916
5521 17370
5521 17479
5521 27069
5522 12374
5522 16274
5522 12941
5522 15298
5522 23080
5522 20123
5522 22858
5522 15949
5522 12733
5522 24992
5522 15224
5522 19271
5522 19427
5523 20648
5523 13878
5523 19919
5523 25570
5523 27755
5524 12153
5524 15685
5524 14003
5524 14016
5524 13953
5524 23183
5524 24764
5524 21875
5524 18707
5524 27722
5525 19172
5525 18033
5525 12430
5525 20686
5525 23298
5525 22290
5525 16294
5525 27316
5525 13994
5525 17196
5525 18011
5525 18448
5526 15414
5526 17775
5526 23720
5526 17309
5526 22783
5526 16102
5526 17406
5526 19441
5526 19574
5526 23803
5526 25373
5526 20277
5526 24755
5527 15785
5527 22327
5527 16962
5527 25711
5527 20909
5528 19600
5528 20574
5528 23858
5528 22174
5528 18373
5528 19363
5528 24742
5529 12837
5529 18079
5529 12166
5529 19597
5529 21633
5529 12866
5530 20181
5530 14522
5530 24443
5530 12988
5530 12246
5530 24198
5530 26543
5530 26323
5531 13782
5531 18625
5531 17213
5531 22691
5531 23440
5531 24435
5531 24572
5531 12814
5531 26184
5532 24354
5532 16670
5532 19508
5532 26329
5532 26823
5533 11951
5533 12274
5533 16068
5533 16842
5533 20896
5533 21474
5533 21668
5533 21711
5533 24666
5533 25441
5533 14178
5533 19885
5533 25521
5533 26995
5533 16965
5533 27204
5533 27847
5533 27406
5534 13482
5534 15609
5534 13296
5534 17930
5534 26896
5534 27257
5534 27041
5534 27902
5534 26308
5535 24574
5535 25601
5535 25270
5535 25549
5535 26224
5535 26339
5535 26348
5535 18909
5535 14490
5535 22748
5535 25436
5535 25989
5535 19169
5535 19470
5535 27081
5535 26821
5535 26274
5535 27171
5535 27285
5535 25837
5535 27696
5535 27855
5535 28021
5535 27776
5535 28075
5536 24877
5536 24168
5536 14377
5536 16032
5536 24142
5536 17293
5536 26370
5536 27685
5536 27221
5536 27938
5536 27416
5536 21958
5536 27925
5536 28083
5536 16324
5536 17100
5536 21736
5536 24990
5536 26791
5537 12023
5537 13655
5537 24702
5537 21164
5537 24343
5537 22284
5538 14844
5538 13312
5538 19390
5538 19108
5538 15382
5538 14579
5538 13561
5538 19538
5538 24754
5538 26895
5539 25420
5539 26149
5539 24949
5539 13026
5539 12259
5539 18138
5539 20162
5539 23646
5540 14828
5540 24900
5540 15323
5540 16103
5540 18913
5541 14244
5541 22688
5541 26055
5541 24956
5541 18276
5541 18278
5541 17451
5541 26002
5541 20772
5541 21591
5541 26685
5541 25502
5541 18497
5541 20645
5542 12983
5542 13211
5542 18192
5542 13728
5542 16750
5542 15318
5542 19415
5542 19170
5542 16950
5542 20323
5542 21299
5542 11849
5542 18882
5542 22040
5542 18827
5542 26839
5542 26841
5542 21077
5542 27316
5542 27709
5542 27707
5542 18857
5542 27698
5542 21181
5542 27157
5543 17483
5543 17022
5543 16949
5543 23201
5543 13262
5543 17509
5543 24954
5543 27451
5544 18858
5544 17282
5544 22816
5544 19001
5544 21838
5544 25133
5544 26211
5544 12145
5544 22003
5544 24545
5544 26222
5544 14803
5544 18736
5544 21672
5544 16424
5544 18787
5544 19584
5544 22911
5544 12160
5544 14100
5544 20891
5544 15180
5545 16179
5545 22742
5545 12178
5545 11878
5545 25517
5545 19833
5545 12168
5545 18721
5546 13745
5546 12158
5546 20845
5546 19633
5546 21561
5546 18356
5546 19305
5546 16581
5546 20453
5547 15087
5547 22426
5547 20772
5547 14880
5547 25972
5547 27723
5547 17004
5548 23906
5548 15823
5548 24606
5548 12676
5548 12782
5548 25715
5548 26029
5548 12570
5548 25772
5548 23642
5548 25294
5548 26913
5548 25733
5548 17692
5548 17664
5548 22246
5548 19465
5548 26304
5548 27367
5548 27401
5548 27145
5548 27361
5548 22476
5548 27939
5548 27882
5548 27999
5548 27698
5548 27715
5548 27717
5548 27625
5548 28022
5548 27894
5548 26139
5548 27945
5548 26039
5548 27911
5548 27712
5549 12671
5549 12044
5549 18245
5549 16829
5549 23906
5549 24666
5549 24764
5549 25388
5549 26172
5549 22350
5549 22369
5549 17967
5549 26412
5549 27764
5549 27899
5550 12430
5550 18873
5550 11890
5550 24836
5550 11920
5551 15186
5551 17787
5551 12749
5551 14780
5551 14627
5551 19927
5551 25555
5551 15129
5551 23642
5551 26500
5551 23264
5551 24176
5551 26216
5551 12726
5551 21161
5551 26308
5551 14889
5552 12270
5552 16587
5552 19940
5552 22134
5552 14826
5552 25831
5552 26239
5552 26342
5552 26489
5552 23292
5552 23623
5552 26808
5552 22220
5552 25487
5552 25485
5552 26879
5552 16133
5552 27249
5552 27808
5552 25109
5552 11890
5552 27618
5552 27608
5553 21953
5553 22072
5553 23144
5553 14144
5553 23150
5553 14725
5554 16245
5554 19204
5554 18072
5554 24475
5554 13251
5554 19367
5554 24433
5554 16902
5554 16965
5554 18476
5554 18736
5554 24894
5554 25089
5554 27004
5554 26504
5554 21089
5554 23503
5554 12509
5554 25413
5554 26437
5554 17963
5554 24367
5554 18314
5554 21446
5554 25426
5554 21897
5555 19758
5555 21953
5555 22691
5555 21284
5555 22084
5555 24666
5555 24427
5555 26644
5555 26606
5555 26940
5555 27203
5555 27204
5556 12703
5556 20613
5556 22061
5556 23628
5556 23518
5556 25617
5556 25282
5556 20155
5556 24508
5556 26498
5556 21508
5556 27876
5556 23885
5557 13836
5557 21636
5557 17001
5557 25409
5557 19882
5557 23915
5557 23875
5557 15833
5557 24619
5557 24958
5557 25518
5557 20158
5557 22106
5558 17794
5558 15590
5558 16963
5558 16576
5558 22462
5558 19405
5558 12145
5558 19933
5558 21518
5558 27479
5558 27569
5559 14736
5559 17794
5559 12607
5559 13025
5559 13257
5559 15302
5559 25420
5559 27748
5559 22139
5559 24854
5560 20619
5560 17295
5560 22462
5560 22696
5560 24041
5560 23490
5560 23416
5560 24699
5561 14184
5561 16455
5561 11992
5561 13036
5561 26734
5561 11996
5562 14359
5562 16455
5562 20972
5562 20415
5562 18385
5562 25628
5562 19367
5562 21601
5562 22801
5562 21916
5562 21619
5562 24724
5562 22708
5562 27049
5563 14011
5563 14497
5563 14210
5563 19730
5563 15699
5563 15297
5564 13816
5564 12516
5564 16182
5564 16538
5564 16970
5564 14394
5564 16681
5564 23762
5564 24808
5564 17677
5564 22664
5564 18496
5564 27269
5565 13020
5565 14789
5565 18822
5565 19757
5565 26715
5565 23609
5565 27542
5565 27032
5565 20976
5566 20564
5566 17892
5566 22314
5566 22788
5566 26705
5566 12692
5566 12779
5567 15213
5567 14732
5567 12348
5567 12518
5567 17691
5567 14532
5567 11934
5567 13568
5567 17541
5567 12693
5567 23321
5567 23751
5567 22339
5567 25601
5567 22694
5567 25528
5567 27367
5567 12766
5567 27283
5567 14506
5567 21953
5567 27285
5567 26783
5567 27902
5568 17479
5568 19371
5568 11867
5568 25843
5568 21030
5568 21954
5568 19615
5568 15579
5568 11865
5568 20407
5568 16845
5568 23731
5568 21549
5569 12036
5569 22974
5569 16677
5569 17317
5569 13315
5569 22432
5569 14344
5569 25488
5569 25042
5569 16758
5569 14284
5569 15558
5569 16640
5569 12184
5569 12403
5569 18160
5569 21121
5569 21170
5569 12126
5569 22826
5569 27668
5569 16886
5569 18663
5569 19249
5569 21305
5569 21306
5569 24103
5569 25212
5569 12137
5569 16667
5569 24463
5570 21196
5570 16525
5570 13131
5570 13284
5570 21479
5571 12286
5571 18813
5571 20476
5571 13194
5571 22165
5571 16601
5571 18889
5571 20611
5571 14287
5572 11949
5572 23678
5572 19026
5572 24643
5572 26128
5572 26167
5572 26691
5572 25111
5572 26878
5572 26839
5572 26841
5572 26930
5572 27121
5572 26743
5572 27437
5572 27182
5572 27280
5572 27834
5572 27783
5572 28090
5573 16157
5573 21557
5573 23668
5573 13807
5573 16629
5573 20063
5573 22638
5573 16131
5573 16439
5573 20449
5573 17040
5573 22204
5573 25730
5574 18057
5574 19280
5574 18841
5574 12201
5574 14670
5574 23590
5574 16268
5574 23333
5574 17824
5574 26480
5574 25607
5574 26433
5575 17625
5575 14957
5575 21641
5575 12718
5575 13803
5575 21484
5575 21768
5575 23280
5575 17957
5575 22659
5575 13627
5575 26637
5576 24696
5576 22139
5576 24072
5576 13780
5576 16610
5576 16611
5576 18453
5576 22085
5577 21579
5577 14087
5577 16858
5577 19832
5577 20620
5578 16214
5578 25856
5578 14878
5578 19822
5578 13357
5578 25232
5578 25508
5578 18489
5578 21833
5578 18195
5578 26316
5578 16576
5578 27074
5578 11875
5578 11916
5578 12671
5578 19832
5578 21309
5578 18925
5578 16632
5578 21449
5579 12577
5579 19359
5579 19277
5579 22319
5579 20197
5579 21012
5579 25234
5579 23422
5580 18870
5580 18130
5580 14718
5580 15978
5580 23817
5580 16867
5580 21481
5580 14045
5580 15271
5580 18140
5580 22384
5580 26691
5580 12001
5580 12184
5580 13053
5580 13061
5580 13326
5580 17521
5580 16884
5580 16953
5580 11895
5580 15124
5580 16096
5580 20596
5580 23568
5580 25644
5580 12000
5580 13081
5580 15140
5580 19619
5580 16406
5580 11947
5580 12404
5580 18669
5580 21953
5581 21066
5581 24200
5581 19295
5581 11893
5581 12056
5581 12190
5581 12974
5581 19697
5581 22421
5581 23131
5581 26586
5581 26800
5581 26637
5581 18835
5581 14361
5581 21791
5581 21889
5581 27260
5581 17977
5581 27785
5582 16970
5582 19026
5582 24666
5582 16758
5582 19615
5582 24841
5582 24086
5582 27121
5582 27737
5582 27593
5582 19271
5582 27783
5582 27920
5583 11921
5583 12895
5583 13161
5583 13675
5583 14083
5583 14381
5583 15065
5583 16012
5583 17342
5583 17511
5583 17540
5583 17628
5583 18038
5583 18214
5583 18886
5583 19232
5583 19953
5583 20261
5583 21132
5583 21397
5583 21443
5583 21954
5583 22360
5583 24848
5583 16290
5583 16991
5584 12012
5584 17418
5584 21039
5584 22014
5584 21620
5584 24669
5584 25283
5584 18583
5584 26128
5584 25557
5584 26895
5584 27065
5584 27199
5584 27401
5584 16964
5584 17224
5584 19382
5585 18333
5585 15584
5585 16834
5585 18162
5585 12139
5585 20210
5585 24871
5585 26175
5586 16413
5586 14757
5586 20061
5586 20856
5586 21025
5586 21206
5586 21757
5586 26731
5586 26246
5586 17512
5586 21672
5587 21580
5587 22462
5587 14880
5587 20292
5587 27557
5587 26883
5588 19552
5588 18061
5588 19597
5588 26224
5588 27351
5588 22654
5589 19320
5589 19435
5589 15869
5589 23902
5589 22440
5590 20183
5590 17317
5590 21207
5590 13748
5590 23102
5591 26130
5591 25076
5591 26105
5591 26304
5591 25942
5591 26881
5591 26076
5591 26514
5591 21917
5591 27495
5591 27641
5591 27416
5591 27698
5591 27840
5591 27660
5592 14692
5592 25819
5592 16380
5592 24850
5592 15412
5592 12145
5592 15799
5592 16886
5592 22847
5593 17454
5593 21490
5593 17370
5593 13985
5593 22770
5593 20798
5593 12353
5593 12394
5593 15258
5593 16176
5593 19353
5593 24318
5593 26789
5593 14624
5593 18416
5593 15693
5593 18209
5593 18804
5593 19853
5594 23009
5594 17909
5594 19590
5594 21981
5594 18350
5594 20867
5594 22452
5594 23917
5594 23922
5594 25593
5595 13784
5595 12684
5595 18181
5595 20775
5595 27288
5595 25807
5596 18057
5596 12859
5596 21546
5596 19169
5596 21296
5596 19103
5596 20944
5596 16328
5596 12583
5596 24308
5596 13838
5596 19722
5596 20274
5596 27400
5597 15805
5597 18725
5597 19770
5597 23515
5597 25048
5597 26047
5597 26180
5597 23293
5597 27495
5597 27460
5598 13652
5598 15875
5598 16991
5598 17794
5598 18053
5598 22504
5598 17830
5598 18803
5598 13388
5598 18476
5599 22515
5599 12085
5599 17329
5599 20145
5599 25713
5599 14128
5599 19832
5599 20094
5599 23621
5599 26485
5599 17339
5599 27566
5599 21428
5599 26759
5600 20565
5600 19232
5600 12651
5600 19962
5600 16081
5601 15016
5601 26008
5601 20444
5601 21175
5601 25931
5601 23364
5601 13878
5601 16362
5601 25857
5601 20798
5601 13658
5601 19318
5601 18267
5601 26119
5602 22062
5602 25521
5602 25870
5602 26347
5602 26644
5602 23094
5602 27571
5602 27731
5602 27732
5602 28021
5603 14694
5603 12090
5603 14489
5603 13365
5603 22691
5603 23906
5603 20771
5603 20772
5603 25712
5603 23264
5603 26077
5603 27437
5603 27389
5603 26740
5603 27045
5603 24108
5603 27460
5604 18830
5604 12508
5604 14413
5604 21424
5604 25004
5605 15624
5605 17140
5605 18084
5605 13888
5605 22976
5605 24668
5605 24670
5605 16717
5605 25612
5605 12974
5606 13177
5606 18681
5606 20707
5606 15695
5606 21058
5606 26362
5606 15111
5606 19139
5606 20591
5606 20657
5606 20867
5606 21799
5606 22811
5606 22924
5606 22950
5606 12790
5606 16034
5606 26078
5606 27004
5607 14169
5607 19028
5607 12430
5607 17631
5607 18756
5607 22549
5608 12631
5608 12453
5608 14657
5608 14849
5608 12088
5608 12464
5608 14223
5608 15697
5608 16946
5608 14596
5608 13906
5608 12153
5608 16375
5608 19056
5608 18810
5608 17329
5608 17451
5608 16439
5608 20114
5608 18476
5608 26381
5609 13021
5609 20300
5609 23877
5609 24145
5609 18694
5610 13380
5610 14599
5610 14692
5610 17298
5610 16285
5610 19143
5610 12697
5610 12780
5610 17533
5610 19437
5610 22559
5611 23906
5611 25521
5611 26397
5611 22297
5611 27705
5611 27764
5611 27982
5612 14984
5612 16443
5612 20636
5612 25536
5612 20425
5613 17401
5613 15801
5613 15751
5613 16277
5613 19270
5613 12202
5613 12662
5613 14467
5613 12827
5613 14327
5613 20222
5613 25024
5614 12202
5614 20590
5614 15221
5614 15174
5614 22848
5615 13238
5615 19548
5615 13929
5615 18461
5615 16045
5615 21762
5615 19408
5616 26224
5616 18003
5616 22739
5616 19290
5616 26260
5616 25947
5616 27389
5616 21009
5616 28016
5617 14096
5617 19890
5617 21667
5617 24589
5617 22580
5617 17828
5617 24033
5617 19664
5617 25602
5617 26106
5617 26489
5617 22492
5617 27415
5617 27466
5617 27808
5617 28060
5617 27928
5617 27951
5618 12975
5618 13479
5618 19124
5618 19728
5618 23503
5618 24280
5618 24580
5619 21374
5619 13233
5619 25683
5619 18647
5619 24822
5619 25210
5619 27018
5619 26158
5619 15316
5619 17977
5619 12509
5619 22346
5619 14323
5619 20733
5619 27347
5619 13160
5619 22545
5619 23151
5619 26073
5619 26439
5620 12388
5620 12142
5620 13035
5620 12521
5620 12910
5620 11861
5620 13739
5620 14194
5620 19026
5620 26573
5620 15913
5621 13776
5621 24666
5621 11923
5621 26529
5621 27332
5621 27334
5621 26937
5621 27474
5621 26308
5622 24436
5622 15875
5622 22350
5622 25677
5622 23264
5622 24670
5622 23613
5622 25111
5622 11923
5622 25485
5622 15756
5622 19881
5622 20298
5622 24669
5622 27071
5622 27072
5622 26412
5622 24763
5622 27201
5622 12821
5622 27229
5622 20601
5622 26960
5622 27280
5622 14517
5622 25855
5622 26074
5622 14969
5622 25267
5622 27187
5622 27641
5622 19490
5622 25711
5622 25777
5622 27715
5622 27406
5622 27969
5622 27971
5622 23000
5622 27689
5623 21668
5623 19879
5623 24596
5623 25742
5623 26965
5623 20666
5623 20521
5623 24591
5624 14377
5624 16595
5624 20202
5624 20491
5624 22936
5624 23686
5625 14769
5625 15009
5625 15686
5625 16773
5625 16970
5625 13049
5625 14026
5625 16330
5625 17818
5625 15681
5625 24435
5625 24723
5625 24606
5625 24590
5625 24373
5625 24643
5625 22742
5625 22746
5625 26342
5625 25069
5625 24662
5625 26881
5625 24658
5625 26486
5625 15055
5625 25171
5625 27259
5625 27161
5625 15611
5625 27286
5625 14517
5625 27729
5625 27203
5625 27416
5625 26454
5625 27722
5625 26652
5626 12278
5626 13648
5626 24516
5626 23483
5626 24662
5626 27028
5626 16523
5626 27321
5626 27059
5626 27834
5626 26084
5626 27762
5626 27901
5626 27539
5626 28022
5626 27987
5627 16536
5627 18981
5627 20908
5627 21653
5627 19767
5627 27625
5627 27998
5627 27565
5628 14880
5628 24585
5628 23191
5628 24724
5628 25568
5628 24124
5628 24796
5628 15786
5628 24494
5628 26340
5628 16419
5628 23613
5628 22297
5628 22369
5628 27065
5628 27249
5628 26996
5628 27431
5628 20901
5628 27673
5628 14506
5628 27369
5628 25777
5628 27805
5628 28011
5628 27397
5629 18788
5629 18952
5629 20896
5629 19325
5629 25828
5630 22164
5630 12234
5630 12777
5630 12905
5630 11947
5630 19735
5630 13011
5630 16037
5630 14718
5631 15630
5631 23479
5631 24669
5631 16339
5631 14176
5631 17392
5631 27960
5632 11950
5632 12095
5632 12624
5632 14104
5632 17239
5632 18290
5632 12157
5632 16826
5632 23638
5632 21000
5632 23928
5632 13107
5632 12467
5632 21894
5632 17078
5632 25986
5632 25806
5632 23787
5632 27310
5632 23293
5632 21917
5632 15765
5632 27615
5633 21898
5633 16813
5633 15186
5633 20060
5633 26922
5634 19699
5634 14973
5634 21806
5634 19507
5634 21332
5634 19833
5634 13928
5634 14686
5634 12031
5634 24266
5634 16606
5634 15049
5634 17158
5634 22013
5634 15782
5634 16845
5635 12697
5635 13380
5635 16599
5635 16812
5635 18192
5635 21512
5635 16793
5635 17682
5635 26611
5635 26317
5635 20165
5635 21814
5635 13741
5635 14275
5635 15140
5635 15900
5635 15978
5635 21315
5635 26690
5635 12016
5635 12147
5635 16032
5635 19322
5635 20145
5635 12693
5635 17113
5635 18738
5635 22085
5635 26501
5636 13656
5636 16274
5636 12348
5636 12726
5636 14425
5636 11901
5636 12141
5636 14128
5636 15386
5636 17403
5636 16641
5636 15722
5636 16634
5636 14427
5636 20016
5636 12217
5636 13205
5636 24435
5636 23939
5636 24808
5636 18144
5636 14087
5636 25601
5636 19470
5636 25266
5636 21894
5636 21996
5636 27201
5636 27835
5636 27971
5636 27911
5637 18499
5637 19737
5637 22694
5637 21916
5637 12662
5637 24103
5638 16292
5638 16831
5638 19417
5638 23324
5638 13375
5638 15043
5638 16365
5638 19633
5638 20399
5638 21981
5638 25080
5638 16332
5638 20990
5638 21879
5639 24435
5639 24666
5639 24827
5639 25036
5639 26055
5639 26309
5639 26344
5639 26644
5639 27071
5639 27072
5639 27320
5639 27552
5639 27833
5639 27834
5639 25837
5639 27776
5640 14986
5640 15992
5640 21000
5640 26342
5640 26521
5640 25837
5641 24435
5641 24278
5641 25270
5641 20317
5641 26022
5641 27637
5641 26652
5642 14244
5642 19031
5642 19029
5642 19875
5642 22891
5642 24278
5642 19902
5642 22002
5642 24804
5642 27004
5642 27844
5643 23941
5643 24175
5643 14888
5643 20794
5643 23536
5643 27048
5644 26053
5644 24278
5644 12031
5644 16245
5644 22284
5644 26491
5644 17999
5645 21919
5645 16327
5645 23843
5645 18882
5645 16469
5646 18941
5646 11923
5646 27941
5646 26308
5646 27831
5646 27868
5647 18014
5647 19857
5647 12915
5647 15465
5647 15558
5647 15516
5648 17720
5648 20400
5648 21397
5648 22025
5648 23005
5648 21099
5648 24844
5648 24861
5648 18741
5648 18968
5648 17684
5648 22959
5648 15091
5649 12752
5649 22563
5649 22754
5649 26510
5649 23868
5650 22638
5650 12073
5650 23813
5650 25396
5650 12139
5650 13562
5650 23564
5651 15766
5651 24507
5651 24585
5651 24516
5651 25519
5651 24643
5651 25337
5651 24458
5651 26165
5651 13007
5651 26313
5651 26310
5651 26644
5651 23264
5651 25294
5651 21380
5651 11923
5651 24662
5651 17443
5651 27118
5651 27170
5651 26886
5651 27332
5651 22145
5651 27525
5651 27401
5651 27541
5651 24026
5651 27834
5651 27915
5651 27876
5651 27775
5651 28025
5651 28092
5652 17939
5652 21973
5652 19367
5652 16595
5652 24027
5652 13878
5653 11957
5653 13357
5653 20007
5653 24358
5653 12139
5653 12197
5653 22081
5653 22851
5653 27651
5654 14919
5654 26079
5654 25915
5654 26926
5654 27527
5654 27768
5655 15290
5655 12919
5655 15094
5655 18074
5655 16948
5655 18843
5655 13487
5655 12974
5655 22126
5655 12856
5655 15052
5655 27060
5655 15267
5655 25657
5656 12051
5656 13673
5656 18800
5656 18943
5656 12777
5656 12085
5656 15934
5656 12712
5656 25555
5656 12389
5656 11891
5656 25649
5656 14138
5657 18201
5657 23678
5657 22071
5657 26131
5657 24287
5657 26498
5657 25557
5657 27555
5657 27575
5657 21463
5657 25957
5657 27592
5658 22374
5658 15129
5658 15437
5658 17586
5658 18065
5658 18612
5658 23988
5658 21656
5658 16357
5658 17451
5658 23933
5658 24594
5658 24980
5659 13800
5659 14590
5659 15293
5659 12348
5659 22294
5659 16412
5659 23239
5659 27503
5659 19208
5659 27680
5659 26759
5660 12341
5660 12140
5660 12330
5660 12053
5660 12141
5660 12534
5660 12693
5660 15250
5660 12226
5660 12394
5660 13239
5660 12782
5660 18648
5660 18457
5660 22000
5660 25549
5660 26325
5660 27182
5660 27191
5660 19100
5660 27186
5660 27187
5660 27283
5660 20896
5660 21653
5660 27581
5660 27689
5661 13809
5661 14689
5661 14820
5661 14625
5661 14261
5661 14896
5661 12891
5661 15273
5661 17084
5661 20534
5661 14880
5661 13379
5661 15505
5661 18588
5661 20444
5661 24273
5661 22504
5661 24520
5661 22826
5661 26810
5662 25492
5662 26130
5662 26131
5662 26077
5662 16670
5662 26821
5662 15160
5662 27367
5662 23540
5662 25700
5663 23362
5663 26644
5663 27259
5663 26640
5663 27121
5663 27296
5663 27221
5663 27811
5663 27064
5663 27583
5663 27824
5663 27763
5663 27781
5663 27871
5663 27870
5663 27416
5663 27820
5663 27959
5663 27858
5663 27864
5663 27793
5663 27139
5663 27980
5663 28009
5663 27976
5663 27893
5663 27660
5663 28060
5663 27089
5663 26757
5663 28027
5663 28047
5663 27814
5663 28040
5663 28074
5663 28007
5663 28019
5663 28090
5663 28091
5664 15300
5664 17911
5664 19849
5664 23666
5664 25492
5664 19453
5664 26090
5664 27153
5664 15549
5664 15645
5664 24379
5665 17465
5665 19390
5665 19331
5665 14186
5665 25180
5665 13084
5665 26644
5665 20904
5665 27031
5666 12085
5666 18879
5666 26299
5666 13262
5666 25127
5666 25734
5666 27604
5667 12526
5667 14177
5667 15818
5667 20858
5667 20920
5667 24179
5667 22507
5667 19722
5667 24643
5667 19252
5667 23791
5667 22710
5667 26757
5668 12181
5668 12790
5668 16099
5668 18439
5668 17706
5668 18480
5668 22330
5668 19729
5668 26454
5668 26750
5669 24626
5669 21939
5669 22203
5669 24771
5669 19360
5669 20368
5669 20992
5669 26891
5670 19030
5670 20016
5670 13360
5670 14297
5670 21635
5670 26017
5671 13066
5671 16756
5671 22768
5671 19821
5671 17144
5672 23138
5672 20972
5672 15966
5672 26832
5672 14036
5673 24162
5673 25602
5673 26106
5673 24490
5673 25076
5673 26310
5673 22350
5673 25294
5673 26016
5673 26901
5673 16133
5673 27270
5674 14626
5674 18533
5674 20628
5674 20981
5674 22755
5674 22906
5674 22513
5674 23937
5674 12479
5674 16573
5674 22178
5674 18612
5674 19805
5675 24186
5675 24541
5675 24287
5675 22742
5675 25111
5675 26241
5675 25267
5675 27983
5676 24666
5676 23989
5676 24969
5676 25270
5676 25652
5676 25337
5676 27191
5677 19353
5677 13131
5677 17771
5677 25628
5677 15592
5677 27250
5678 11840
5678 13507
5678 15465
5678 21992
5678 26243
5679 12153
5679 22559
5679 25043
5679 19367
5679 18511
5680 13042
5680 21609
5680 22171
5680 24025
5680 16386
5680 20763
5680 15262
5680 15263
5680 25011
5680 12484
5680 12792
5680 17370
5680 19014
5680 25586
5680 25588
5680 25899
5680 22169
5681 22282
5681 21068
5681 12446
5681 15766
5681 16900
5681 14659
5681 25077
5681 19510
5681 12201
5681 26822
5682 23084
5682 24386
5682 26105
5682 22350
5682 27201
5682 27170
5682 26688
5682 27729
5682 27791
5682 27931
5682 27881
5683 15766
5683 12867
5683 19271
5683 20905
5683 14104
5683 16768
5683 14249
5683 14131
5683 17587
5683 20481
5683 20953
5683 17860
5683 12160
5683 16949
5683 17315
5683 21769
5683 17280
5683 25931
5683 27829
5683 27122
5684 13683
5684 19526
5684 22287
5684 22818
5684 24589
5684 22803
5684 23185
5684 17342
5684 22550
5684 11923
5684 22350
5684 27339
5684 27285
5684 27406
5685 15155
5685 17454
5685 16389
5685 12056
5685 16824
5685 17587
5685 15952
5686 22487
5686 14607
5686 12624
5686 14793
5686 16805
5686 20221
5686 21109
5686 12635
5686 20752
5686 22310
5686 25785
5687 22641
5687 25110
5687 25364
5687 26864
5687 14113
5687 23007
5687 24917
5687 19446
5687 22122
5687 17039
5687 15386
5687 16583
5687 16595
5687 24004
5687 24683
5687 19473
5687 22135
5687 12905
5687 13957
5687 21537
5688 23452
5688 20969
5688 25848
5688 22174
5688 24498
5688 20886
5688 22197
5688 25921
5688 26256
5688 26421
5689 12373
5689 13551
5689 11951
5689 12301
5689 13039
5689 14186
5689 22922
5689 25318
5689 27240
5689 19862
5689 24343
5689 25738
5689 24341
5689 13482
5689 24340
5689 26996
5689 22693
5689 14725
5690 12689
5690 22063
5690 19026
5690 24666
5690 24397
5690 13262
5690 15984
5690 27442
5690 28026
5691 15121
5691 15418
5691 23085
5691 17272
5691 19462
5691 23721
5692 24194
5692 14627
5692 24487
5692 18215
5692 23072
5692 25743
5692 24643
5692 25781
5692 26224
5692 14846
5692 19415
5692 16360
5692 25575
5692 22297
5692 26691
5692 12027
5692 26941
5692 25557
5692 24658
5692 27065
5692 20601
5692 22709
5692 16586
5692 27527
5692 17135
5692 25147
5692 27859
5692 27665
5692 27945
5692 12346
5693 22175
5693 15324
5693 16217
5693 17562
5693 21029
5693 12673
5694 12969
5694 19467
5694 12125
5694 15915
5694 19710
5694 16934
5694 18259
5694 11941
5694 16661
5694 18091
5694 20979
5694 15730
5694 12430
5694 14129
5694 12118
5694 17911
5694 14955
5694 12126
5694 17326
5694 17621
5694 23720
5694 25819
5695 12577
5695 14411
5695 11893
5695 17046
5695 17313
5695 21855
5695 12252
5695 13749
5695 23934
5695 22303
5695 25395
5695 12348
5695 23851
5695 11934
5695 15112
5695 22480
5695 12180
5695 14377
5695 18728
5696 17361
5696 20961
5696 21806
5696 17815
5696 13070
5697 23186
5697 19061
5697 24764
5697 25101
5697 26031
5697 26346
5697 19237
5697 25791
5697 27526
5697 27619
5697 27859
5697 27911
5698 12891
5698 21509
5698 23217
5698 24425
5698 26317
5698 21993
5698 24700
5698 21804
5698 26620
5698 26912
5698 27228
5698 27437
5699 21491
5699 22623
5699 11890
5699 16500
5699 18716
5699 20671
5700 17395
5700 21069
5700 12304
5700 12306
5700 13306
5700 15122
5700 15638
5700 18920
5700 23806
5700 24978
5700 27273
5701 14989
5701 21828
5701 12200
5701 12238
5701 25361
5701 24354
5702 15714
5702 23765
5702 24723
5702 16443
5702 17648
5702 17711
5702 21635
5702 22617
5702 21472
5702 21764
5702 25198
5702 23748
5702 23040
5703 12451
5703 21070
5703 21321
5703 23772
5703 20294
5704 11902
5704 14564
5704 17562
5704 13296
5704 19611
5705 24276
5705 12085
5705 20902
5705 12073
5705 16831
5705 18935
5705 21492
5705 18520
5705 22228
5705 25327
5705 25354
5705 21259
5705 27685
5706 23399
5706 13985
5706 19852
5706 23533
5706 21141
5706 27167
5706 13186
5706 13673
5706 15593
5707 15095
5707 17356
5707 22294
5707 24511
5707 27895
5708 13257
5708 20127
5708 23358
5708 19987
5708 20945
5708 27004
5708 13629
5708 25414
5708 13918
5708 19919
5708 21880
5709 24064
5709 16168
5709 14106
5709 15039
5709 15241
5709 21441
5709 21766
5709 22282
5709 23853
5709 25814
5710 21541
5710 22062
5710 22005
5710 22001
5710 24666
5710 24643
5710 24934
5710 24956
5710 21580
5710 19237
5710 16853
5710 18668
5710 14557
5710 20608
5710 22110
5710 23115
5710 11923
5710 14223
5710 17180
5710 25628
5710 18177
5710 25423
5710 25415
5710 27813
5711 12197
5711 22767
5711 12368
5711 12668
5711 26194
5711 27250
5711 21758
5712 12223
5712 17948
5712 15210
5712 14178
5712 15231
5713 19363
5713 20686
5713 20996
5713 16506
5713 16858
5713 25420
5713 12663
5713 21536
5713 14670
5713 19351
5713 12905
5713 26922
5713 15630
5713 26741
5713 20870
5713 20896
5713 12693
5713 14196
5713 25480
5714 18813
5714 22165
5714 12139
5714 25330
5714 19367
5714 25592
5714 17929
5714 19124
5714 21045
5714 19779
5714 26549
5715 20444
5715 22982
5715 24666
5715 26896
5715 26820
5715 27726
5715 23332
5716 14767
5716 12492
5716 20045
5716 14005
5716 18467
5716 16484
5716 22281
5716 25648
5716 13086
5716 18635
5717 15722
5717 15754
5717 24311
5717 25568
5717 13178
5717 16983
5717 25337
5717 26070
5717 25076
5717 22089
5717 27059
5717 20123
5717 27762
5717 27901
5718 13500
5718 20999
5718 15065
5718 16028
5718 14365
5718 19832
5718 24172
5718 13951
5718 16986
5718 19510
5718 21659
5718 23514
5718 21713
5718 17228
5719 20953
5719 14878
5719 16190
5719 19367
5719 26001
5720 23721
5720 24538
5720 23292
5720 22348
5720 11923
5720 24048
5720 24110
5720 16439
5720 27332
5720 27333
5720 26797
5720 17284
5720 25109
5720 25502
5720 27945
5720 27963
5721 18129
5721 11845
5721 14966
5721 15460
5721 24971
5721 14420
5721 20222
5721 21073
5721 16635
5721 12662
5721 18130
5721 18322
5721 21234
5721 14121
5721 16914
5721 22639
5721 15399
5721 15465
5721 19228
5721 22716
5721 24679
5722 24060
5722 12215
5722 12390
5722 20399
5722 22185
5722 25517
5722 22186
5722 13181
5722 13847
5722 15074
5722 22177
5722 21991
5722 20094
5722 21052
5722 23988
5722 19664
5722 23150
5722 13253
5722 15140
5722 17536
5722 25803
5722 17424
5722 26841
5722 14045
5722 17945
5722 21893
5722 11894
5722 15694
5722 24697
5722 13784
5722 20255
5722 22677
5723 12529
5723 16629
5723 13596
5723 13991
5723 14364
5723 12151
5723 16409
5724 17326
5724 23559
5724 27764
5724 26685
5724 26757
5725 19415
5725 25143
5725 22274
5725 25994
5725 14888
5725 15808
5725 22284
5725 15324
5725 22969
5726 12139
5726 12406
5726 16611
5726 15533
5726 22147
5726 11916
5726 15238
5726 15870
5726 12693
5726 26055
5726 26482
5726 13629
5726 16420
5726 11912
5726 14389
5726 14715
5726 14812
5726 15721
5726 16099
5727 16093
5727 16056
5727 27228
5727 18281
5727 19571
5727 27686
5727 19652
5728 23515
5728 17840
5728 16641
5728 26016
5728 26821
5728 20160
5728 27572
5728 20901
5728 22145
5728 25276
5728 25367
5728 26604
5728 27731
5728 27901
5728 17578
5729 19576
5729 17927
5729 21940
5729 22114
5729 13776
5729 21852
5730 24435
5730 26079
5730 18661
5730 17929
5730 23291
5730 16028
5730 25555
5730 28006
5731 21205
5731 21204
5731 23255
5731 25386
5731 25397
5731 21482
5731 23068
5731 13888
5731 18171
5731 26067
5731 24249
5732 16926
5732 27003
5732 12058
5732 17911
5732 25157
5732 22139
5733 23991
5733 20839
5733 22784
5733 24587
5733 24666
5733 25270
5733 25568
5733 26128
5733 23705
5733 20771
5733 25870
5733 22742
5733 18278
5733 25942
5733 24662
5733 11923
5733 15126
5733 26002
5733 17949
5733 21419
5734 23983
5734 24116
5734 24056
5734 25557
5734 26643
5734 16093
5734 26241
5734 27010
5734 20283
5734 25458
5734 12085
5734 22061
5734 11885
5734 11922
5734 12504
5734 12760
5734 14004
5734 14517
5734 15000
5734 19693
5734 27065
5734 26995
5734 27059
5734 20399
5734 27674
5734 27808
5734 27706
5734 27894
5734 27929
5734 27971
5735 17087
5735 13867
5735 15191
5735 16169
5735 20253
5735 19426
5735 14393
5735 15074
5735 23906
5735 25528
5735 23694
5735 15755
5735 25564
5735 18909
5735 26643
5735 20450
5735 20614
5735 15611
5735 11993
5735 13013
5735 27198
5735 16446
5735 24349
5735 26363
5735 27401
5735 21192
5735 27286
5735 25957
5735 27474
5735 27867
5735 22731
5735 27895
5735 27860
5735 15938
5735 16481
5736 17648
5736 17469
5736 19105
5736 18766
5736 14880
5736 13850
5736 15393
5736 19381
5736 19756
5736 17013
5736 21175
5736 19073
5736 13131
5736 23218
5736 16121
5736 17293
5736 16674
5736 20081
5736 24606
5736 25488
5736 25521
5736 26229
5736 26348
5736 24277
5736 22974
5736 26820
5736 27500
5736 27847
5737 14828
5737 18625
5737 15519
5737 19061
5737 20935
5737 12042
5737 25521
5737 22882
5737 24841
5737 21828
5737 27228
5737 27855
5738 16196
5738 21474
5738 18280
5738 18192
5738 19928
5738 22577
5738 23790
5738 17204
5738 26966
5738 26969
5738 19455
5739 24031
5739 26243
5739 27069
5739 19267
5739 19065
5740 12663
5740 21998
5740 12246
5740 15610
5740 21593
5740 20246
5741 19869
5741 22589
5741 13378
5741 19078
5741 19560
5741 21492
5741 27001
5741 22165
5742 12234
5742 14655
5742 16538
5742 12394
5742 19750
5742 12011
5742 18056
5742 25337
5742 24871
5742 26002
5742 11923
5742 21508
5742 26989
5742 26798
5742 27400
5742 27619
5742 27881
5742 26757
5743 14110
5743 15001
5743 16455
5743 19691
5743 27256
5743 17124
5743 21161
5743 26626
5743 12701
5744 18059
5744 12145
5744 20313
5744 20686
5744 19851
5744 15302
5744 23833
5745 21455
5745 25326
5745 12693
5745 21614
5745 15903
5746 20108
5746 13840
5746 17955
5746 21926
5746 12505
5746 23847
5746 22484
5746 20502
5746 24217
5746 24486
5747 14179
5747 18762
5747 14670
5747 15395
5747 13793
5747 21190
5748 21377
5748 23893
5748 23767
5748 18645
5748 19902
5748 18142
5748 24274
5748 12902
5748 24425
5748 25516
5748 23355
5748 25227
5748 25976
5748 16758
5748 14573
5748 15187
5748 17668
5748 27010
5748 27012
5748 26728
5748 26412
5748 24032
5748 18677
5748 15701
5748 19364
5749 24956
5749 23642
5749 19958
5749 24890
5749 28022
5749 27899
5750 12215
5750 19052
5750 23680
5750 24373
5750 23906
5750 24586
5750 14343
5750 24666
5750 26165
5750 18817
5750 20772
5750 25564
5750 27281
5750 27775
5751 24639
5751 25266
5751 24956
5751 25076
5751 26691
5751 26643
5752 17762
5752 18204
5752 17469
5752 20016
5752 21835
5752 22576
5752 24435
5752 24666
5752 15475
5752 25568
5752 19237
5752 25712
5752 25908
5752 15161
5752 11923
5752 16277
5752 26996
5752 27191
5752 27286
5752 27560
5752 27192
5752 27474
5752 26924
5752 15402
5752 27969
5753 12067
5753 12980
5753 15800
5753 18128
5753 20722
5753 13302
5753 23169
5753 19431
5753 21773
5753 24007
5753 11938
5753 13463
5753 23766
5753 11935
5753 12031
5753 12139
5753 16824
5753 17501
5753 17705
5754 23924
5754 22077
5754 17207
5754 24506
5754 26010
5754 27383
5754 22674
5754 27008
5754 14465
5755 14072
5755 12518
5755 19390
5755 25717
5755 25896
5755 23255
5755 25397
5756 14077
5756 19638
5756 22755
5756 20333
5756 23456
5756 14036
5756 22650
5756 27267
5757 24590
5757 17911
5757 26344
5757 26760
5757 26995
5758 12302
5758 12734
5758 21665
5758 25570
5758 25285
5758 18277
5758 26352
5758 26912
5758 21508
5758 27804
5758 27833
5758 27857
5758 27931
5758 27722
5758 28013
5759 15360
5759 23248
5759 27233
5759 27221
5759 27379
5759 27416
5759 27941
5759 27939
5759 16540
5759 28061
5759 28076
5760 20404
5760 26662
5760 22187
5760 17479
5760 25855
5760 19913
5760 27133
5760 19735
5760 19962
5761 15006
5761 14727
5761 14791
5761 18131
5761 16106
5761 19059
5761 19065
5761 21327
5762 15302
5762 13374
5762 19337
5762 20077
5762 23680
5762 23432
5762 24589
5762 24584
5762 18277
5762 26224
5762 26685
5762 20548
5763 25764
5763 12151
5763 15245
5763 20616
5763 23144
5763 14142
5763 13131
5763 23296
5763 24303
5763 12735
5763 17395
5763 27661
5764 15235
5764 18745
5764 16980
5764 21299
5764 21835
5764 23906
5764 18154
5764 12430
5764 13365
5764 26224
5764 24372
5764 22428
5764 27544
5764 27441
5764 27539
5764 27961
5764 21069
5764 15861
5764 26494
5764 28091
5765 17284
5765 20226
5765 19604
5765 22186
5765 15597
5765 16142
5765 18563
5765 15024
5765 13194
5765 27636
5765 26525
5765 27510
5765 27556
5766 17954
5766 22501
5766 25690
5766 23732
5766 16962
5767 12151
5767 12870
5767 17867
5767 12193
5767 16479
5767 12118
5767 20181
5767 24640
5767 12777
5767 14196
5767 23108
5767 23303
5768 14370
5768 15790
5768 14675
5768 17974
5768 18667
5768 20885
5768 17692
5768 20990
5768 27331
5768 27155
5768 14610
5768 26801
5768 17346
5768 18736
5768 22215
5768 23631
5768 26697
5768 26680
5768 14543
5768 19176
5768 13793
5768 21555
5768 12883
5769 12034
5769 12201
5769 23728
5769 24532
5769 15919
5769 23548
5769 18554
5770 12672
5770 11957
5770 17238
5770 21196
5770 22959
5770 23851
5770 23025
5770 24656
5771 13989
5771 12156
5771 12634
5771 14347
5771 11920
5771 11872
5771 24586
5771 12668
5771 18044
5771 27182
5772 16683
5772 16194
5772 20937
5772 20936
5772 25712
5772 24506
5772 26451
5772 26565
5772 21009
5772 27960
5772 27961
5772 27208
5773 13007
5773 24435
5773 26055
5773 21894
5773 23642
5773 25976
5773 24658
5773 26412
5773 20375
5773 27334
5773 27367
5773 24032
5773 27609
5773 27835
5773 18857
5773 27881
5773 27678
5773 27906
5774 12749
5774 14327
5774 17631
5774 22276
5774 15302
5774 22487
5774 12220
5774 12168
5774 18238
5774 21141
5774 17175
5774 22627
5774 13087
5774 23688
5774 17770
5774 12740
5774 22273
5774 16014
5774 18402
5774 22135
5774 16608
5774 19620
5774 21185
5774 15554
5774 20922
5774 20923
5774 12221
5774 17668
5774 22139
5774 25842
5774 20951
5774 22145
5774 20946
5774 13191
5774 23662
5774 25156
5774 22665
5774 18554
5774 18033
5774 21603
5774 24067
5774 27416
5774 16368
5774 28040
5775 12157
5775 12972
5775 19104
5775 21542
5775 24531
5775 15060
5775 16925
5775 21561
5775 24853
5775 24895
5775 19847
5776 13014
5776 14474
5776 12862
5776 12540
5776 17913
5776 16740
5776 12428
5776 13856
5776 13937
5776 12724
5776 12804
5776 14262
5776 16303
5776 13650
5776 13923
5776 17589
5776 12693
5776 19063
5776 15460
5776 14742
5776 16287
5776 18117
5776 19176
5776 17719
5776 18920
5776 24435
5776 18800
5776 14143
5776 25602
5776 12319
5776 17684
5776 23046
5776 23725
5776 17767
5776 14009
5776 11923
5776 26180
5776 26076
5776 27228
5776 24552
5776 27541
5776 27542
5776 25653
5777 25712
5777 16419
5777 22297
5777 22412
5777 19786
5777 11923
5777 27434
5777 27045
5777 27573
5777 27376
5777 26937
5777 27571
5777 27466
5777 27737
5777 27731
5777 26954
5777 27203
5777 27764
5777 27891
5777 18857
5777 27983
5777 27859
5777 27885
5777 26494
5778 25511
5778 12364
5778 12853
5778 19091
5778 19500
5778 25183
5778 17022
5778 25852
5778 18781
5778 21931
5778 13752
5778 21586
5778 22116
5778 22773
5778 15976
5778 25975
5779 20307
5779 23152
5779 16805
5779 20254
5779 26547
5779 15428
5779 18119
5780 12777
5780 14360
5780 14619
5780 15911
5780 12724
5780 21700
5780 20702
5780 19367
5780 26040
5780 24263
5780 27464
5781 18010
5781 24451
5781 24640
5781 13177
5781 21476
5782 25275
5782 25365
5782 21898
5782 19163
5782 20647
5782 24141
5782 25901
5782 24850
5782 24890
5782 19367
5783 13928
5783 25409
5783 12024
5783 21740
5783 22813
5783 26678
5783 22449
5784 22786
5784 25528
5784 25712
5784 26165
5784 23628
5785 20850
5785 14048
5785 22727
5785 25153
5785 15558
5786 13375
5786 18386
5786 22688
5786 20772
5786 25557
5786 22994
5786 22568
5786 26896
5786 27304
5786 27609
5786 21917
5787 12049
5787 13011
5787 13716
5787 14895
5787 21665
5787 22298
5787 22412
5787 25294
5787 27637
5787 27616
5787 26494
5788 17758
5788 15522
5788 20738
5788 20240
5788 27680
5788 23576
5789 12891
5789 20594
5789 17293
5789 25889
5789 11905
5789 15864
5790 15959
5790 12662
5790 12693
5790 14559
5790 15665
5790 18075
5790 18422
5790 18968
5790 19322
5790 19323
5790 19415
5790 21585
5790 25350
5791 18882
5791 12270
5791 23573
5791 12449
5791 24814
5792 16576
5792 22365
5792 23516
5792 12950
5792 16383
5792 25157
5792 22959
5792 25657
5792 26170
5792 21441
5792 24948
5792 26543
5792 21442
5792 22662
5792 24305
5792 16675
5792 27232
5793 12980
5793 21091
5793 13778
5793 20891
5793 21802
5794 19850
5794 12988
5794 14223
5794 12000
5794 26543
5794 18834
5795 14197
5795 26579
5795 26228
5795 26364
5795 21380
5795 15058
5795 17913
5795 19696
5795 20863
5795 23017
5795 23693
5795 25556
5795 27793
5796 14848
5796 16513
5796 17595
5796 20380
5796 22009
5796 13064
5796 13982
5796 23966
5796 20551
5796 21318
5796 14106
5796 23812
5796 22930
5796 19587
5796 22165
5796 17742
5796 17623
5796 16109
5796 25263
5796 16436
5796 16082
5797 15206
5797 12548
5797 21528
5797 19900
5797 24588
5797 25521
5797 11957
5797 14663
5797 26188
5797 26996
5797 26215
5797 20790
5797 14091
5797 27764
5797 12236
5797 24471
5798 22699
5798 20891
5798 21988
5798 24929
5798 12667
5798 14358
5798 27874
5799 23136
5799 24336
5799 24666
5799 25110
5799 24814
5799 24956
5799 26309
5799 26344
5799 25471
5799 23264
5799 27210
5799 22496
5799 27145
5799 27609
5799 27254
5799 27835
5799 26652
5799 27776
5799 27963
5799 28014
5799 28045
5800 14396
5800 16088
5800 20937
5800 17088
5800 20936
5800 14281
5800 19238
5800 21660
5800 21732
5800 24763
5800 21347
5800 17692
5800 25816
5800 27069
5800 17199
5800 20739
5800 17682
5800 16848
5800 19065
5800 22189
5800 20819
5800 12139
5800 16849
5800 24982
5800 13217
5800 20260
5800 17200
5800 21311
5800 19869
5800 16107
5800 17593
5800 23561
5800 14511
5800 27111
5801 13282
5801 12493
5801 17204
5801 23890
5801 22166
5801 23370
5802 12225
5802 12617
5802 15188
5802 19059
5802 16962
5803 12936
5803 19377
5803 20880
5803 23799
5803 21338
5803 21811
5803 23296
5803 24371
5803 22366
5803 14223
5803 23706
5803 15901
5803 20235
5803 26509
5803 22343
5803 19238
5803 26458
5803 21523
5803 17770
5804 18482
5804 19841
5804 13156
5804 18372
5804 17388
5804 26921
5804 21177
5804 26570
5804 27900
5805 15938
5805 16047
5805 22263
5805 13539
5805 14270
5805 14438
5805 21351
5805 17602
5805 14094
5805 20445
5805 13943
5805 20645
5805 17085
5805 13985
5805 16382
5805 24017
5805 19378
5805 27419
5805 12011
5805 13828
5805 22200
5805 25508
5805 22806
5805 17831
5806 14838
5806 17788
5806 24195
5806 25908
5806 26606
5806 26637
5806 27369
5806 27983
5807 17274
5807 23400
5807 11940
5807 24564
5807 27411
5808 18470
5808 16550
5808 23484
5808 20375
5808 14318
5808 23733
5808 23529
5808 12139
5808 13363
5808 20764
5808 26229
5808 12830
5808 13733
5808 19145
5808 22058
5808 18013
5808 18622
5809 14325
5809 15378
5809 17622
5809 18202
5809 23247
5809 19472
5809 24467
5809 17165
5809 21441
5809 12637
5809 13118
5809 14412
5809 17705
5809 18362
5809 20800
5809 26371
5809 15896
5809 24860
5809 13675
5809 17617
5809 17618
5809 24994
5810 12088
5810 13923
5810 17356
5810 16716
5810 12454
5810 12659
5810 14130
5810 14480
5810 15651
5810 16504
5810 16829
5810 18377
5810 19367
5810 19470
5810 20976
5810 21148
5810 24017
5810 17939
5810 16606
5810 14147
5810 21695
5810 22061
5810 23336
5810 26055
5810 15317
5810 22847
5810 26315
5810 21763
5810 27454
5810 24139
5811 15756
5811 16838
5811 12348
5811 19763
5811 12139
5811 21330
5812 15808
5812 11885
5812 14930
5812 13386
5812 18765
5812 20749
5812 26036
5812 27758
5812 12127
5812 12434
5812 13100
5812 13789
5812 15469
5812 22643
5812 25131
5813 12818
5813 25486
5813 11891
5813 17335
5813 19879
5813 26425
5814 13810
5814 18881
5814 21187
5814 21593
5814 13929
5814 16805
5814 22286
5814 13362
5814 22193
5814 19600
5814 25037
5815 23906
5815 22742
5815 23264
5815 26903
5815 27315
5815 27731
5816 25966
5816 22312
5816 17534
5816 26393
5816 15778
5816 15221
5816 17151
5816 19315
5816 21537
5816 22034
5816 25083
5816 16619
5816 22556
5816 18608
5816 24813
5816 24978
5816 19799
5817 15572
5817 22629
5817 14223
5817 19779
5817 21456
5817 20425
5817 19542
5817 16836
5817 25594
5818 21676
5818 24666
5818 16726
5818 25388
5818 24606
5818 27079
5818 22830
5818 21384
5818 23889
5818 25844
5818 26685
5818 27910
5819 21904
5819 16465
5819 12891
5819 21518
5819 14631
5819 14223
5819 25686
5819 17115
5819 24278
5819 27416
5820 22402
5820 22891
5820 23117
5820 22937
5820 23642
5820 25294
5820 27573
5820 27837
5820 27202
5820 25653
5820 27592
5821 19379
5821 24077
5821 25945
5821 15464
5821 15785
5821 26697
5822 27729
5822 27221
5822 27368
5822 27491
5822 13878
5822 25517
5822 19615
5822 27416
5822 27865
5822 27998
5822 27660
5822 27632
5822 26990
5822 27925
5822 28083
5822 27628
5822 27941
5822 28065
5822 27550
5822 28040
5822 28094
5822 27721
5823 14270
5823 15766
5823 16388
5823 18288
5823 19955
5823 14110
5823 15066
5823 15302
5823 21957
5823 17143
5824 13565
5824 22231
5824 26403
5824 27018
5824 24009
5824 24948
5825 12556
5825 18462
5825 16180
5825 15602
5825 13278
5825 22779
5825 25053
5825 27174
5825 16417
5825 18524
5825 21537
5826 13306
5826 15109
5826 15112
5826 16032
5826 17856
5826 19289
5826 19763
5826 23503
5826 23869
5826 13673
5826 25296
5826 20203
5826 21777
5826 21624
5827 13878
5827 14819
5827 19576
5827 19353
5827 19691
5827 17194
5827 17644
5828 14234
5828 17065
5828 17430
5828 17789
5828 19139
5828 19250
5828 19804
5829 16605
5829 16287
5829 17118
5829 12417
5829 15652
5829 13722
5829 20551
5829 15558
5829 15690
5829 19024
5829 12189
5829 13013
5829 18412
5829 12777
5829 24085
5829 18089
5829 17080
5829 16962
5830 11890
5830 15879
5830 18010
5830 14046
5830 21379
5830 14092
5830 18128
5830 16559
5830 24744
5830 27410
5830 15143
5830 16913
5830 25693
5830 17024
5831 24000
5831 17443
5831 20492
5831 22800
5831 20042
5831 25661
5831 21385
5831 12279
5831 12778
5831 14190
5831 13426
5831 21341
5831 23211
5832 12493
5832 21154
5832 15961
5832 22031
5832 25043
5832 21177
5832 16801
5832 27188
5833 13857
5833 14124
5833 24629
5833 22537
5833 17977
5833 20133
5833 13673
5833 20147
5833 21555
5833 25862
5833 23224
5834 14248
5834 12611
5834 11890
5834 11983
5834 12013
5834 12160
5834 12198
5834 12277
5834 12322
5834 12326
5834 12327
5834 12620
5834 12845
5834 13052
5834 13699
5834 14138
5834 14428
5834 14445
5834 15006
5834 15750
5834 16209
5834 16482
5834 11914
5834 11967
5834 12363
5834 12437
5834 11951
5834 12056
5834 11973
5834 15876
5834 18312
5834 19961
5834 12215
5834 18231
5834 16631
5835 16215
5835 17867
5835 21239
5835 25293
5835 27316
5836 12042
5836 13596
5836 21934
5836 17672
5836 27429
5836 19430
5836 21218
5836 21372
5836 24712
5836 24846
5837 17677
5837 12507
5837 20034
5837 23113
5837 21806
5837 19850
5837 24733
5837 19451
5837 20552
5837 22721
5837 22797
5837 23564
5837 17933
5837 25150
5837 22627
5837 25696
5837 24301
5837 22400
5837 22222
5837 24670
5837 24669
5837 18793
5837 11922
5837 26262
5838 21380
5838 13051
5838 21535
5838 26540
5838 17046
5838 18049
5839 24728
5839 24008
5839 24894
5839 23248
5839 24471
5839 22296
5839 16665
5840 12015
5840 15529
5840 12207
5840 12208
5840 15507
5840 15509
5840 16950
5840 19658
5840 19529
5840 25044
5840 18787
5840 15342
5840 24004
5840 21305
5841 19209
5841 19256
5841 19065
5841 13131
5841 16640
5841 17146
5841 15312
5841 19663
5841 19424
5841 13051
5841 24617
5841 13538
5841 23905
5841 18457
5841 23459
5841 13141
5841 25870
5841 25908
5841 21444
5841 21479
5841 25677
5841 26090
5841 27285
5841 17105
5841 27895
5841 27968
5841 28023
5842 12095
5842 12105
5842 12781
5842 13246
5842 13335
5842 14129
5842 14881
5842 19077
5843 12432
5843 17511
5843 23099
5843 25486
5843 12068
5843 19268
5843 26203
5844 18769
5844 24013
5844 22174
5844 21677
5844 12906
5844 23776
5844 25812
5845 13056
5845 12762
5845 16215
5845 21597
5845 15816
5845 13673
5845 15775
5846 13174
5846 13821
5846 17042
5846 21644
5846 19400
5846 24042
5846 28087
5846 12201
5846 25525
5846 25308
5846 20308
5846 18795
5847 12868
5847 14391
5847 16413
5847 15369
5847 12158
5847 15254
5847 19470
5847 21644
5847 27294
5847 16655
5848 19910
5848 19727
5848 12605
5848 25228
5848 21653
5848 16424
5849 13447
5849 19815
5849 22380
5849 24321
5849 12017
5849 26445
5849 19767
5849 20127
5849 12182
5849 15031
5849 19050
5849 24836
5849 16140
5849 20052
5850 12823
5850 16824
5850 15161
5850 19883
5850 15147
5850 18775
5850 14234
5850 22297
5850 26203
5850 22568
5850 27304
5851 12112
5851 13988
5851 17872
5851 15726
5851 12804
5851 12847
5851 14720
5851 19089
5851 20658
5851 25530
5851 21726
5851 23655
5851 20145
5851 14600
5851 16424
5851 17729
5851 23627
5852 25198
5852 26532
5852 19994
5852 16537
5852 12891
5852 26240
5852 16224
5852 19315
5852 12635
5852 13295
5852 17614
5852 17862
5852 18666
5852 21073
5852 21857
5852 23402
5852 23776
5852 23826
5852 25292
5852 14607
5852 21279
5852 15023
5852 23775
5852 22885
5853 20090
5853 25722
5853 19764
5853 22775
5853 13177
5853 17037
5853 17190
5853 25415
5853 13007
5853 16754
5853 15000
5853 13918
5853 14538
5853 18061
5853 22139
5853 24368
5854 11949
5854 12253
5854 12548
5854 24589
5854 24939
5854 26401
5854 26685
5855 13347
5855 23006
5855 21014
5855 16296
5855 18549
5855 21042
5855 27325
5855 24756
5855 27227
5855 20818
5856 19269
5856 26506
5856 16464
5856 21769
5856 23829
5856 24902
5856 27274
5857 12141
5857 24787
5857 14732
5857 22919
5857 19702
5857 14887
5857 14797
5857 13072
5857 19477
5857 15339
5857 26476
5857 17259
5857 22484
5857 25711
5857 12473
5857 22930
5857 20000
5857 12509
5857 21141
5857 22324
5857 25586
5857 25413
5857 15140
5857 26579
5857 27122
5857 27004
5857 19466
5857 27019
5858 14818
5858 19059
5858 16947
5858 18195
5858 17865
5859 15555
5859 12412
5859 11923
5859 23812
5859 26895
5859 26930
5859 14517
5859 27527
5859 27837
5859 25777
5859 27762
5859 25837
5860 12662
5860 17429
5860 18667
5860 13878
5860 19115
5860 22001
5860 24827
5860 18336
5860 24510
5860 12891
5860 21312
5860 25227
5860 25285
5860 24643
5860 26224
5860 26056
5860 25712
5860 26644
5860 20608
5860 17749
5860 19529
5860 25557
5860 24176
5860 26772
5860 24136
5860 27861
5860 26919
5860 27860
5860 23885
5860 21069
5861 13557
5861 14327
5861 19289
5861 20774
5861 24275
5861 18120
5861 13142
5861 26317
5861 28055
5861 28076
5861 28018
5861 28040
5862 22740
5862 21248
5862 25601
5862 25492
5862 26079
5862 27282
5862 20790
5862 27582
5862 27802
5862 27861
5863 14216
5863 13908
5863 12158
5863 17896
5863 17107
5864 18226
5864 12651
5864 18981
5864 23046
5864 12707
5864 16892
5864 18593
5865 16213
5865 14076
5865 20558
5865 22959
5865 25944
5865 16580
5866 15468
5866 19140
5866 13324
5866 16561
5866 24067
5866 20836
5867 13104
5867 18882
5867 24752
5867 12200
5867 12202
5867 14034
5867 20028
5867 25573
5867 21998
5867 24885
5867 12899
5867 15474
5867 25668
5867 26468
5867 26307
5867 12693
5867 23627
5868 22779
5868 13873
5868 24471
5868 20647
5868 19615
5868 22177
5869 16513
5869 15536
5869 17960
5869 18454
5869 13658
5870 12795
5870 15765
5870 12745
5870 16573
5870 12525
5870 17281
5870 17571
5870 14878
5870 16167
5870 15741
5870 12832
5870 15221
5870 12576
5870 20074
5870 22801
5870 16389
5870 19585
5870 14223
5870 14880
5870 25595
5870 12286
5870 14195
5871 12491
5871 17947
5871 19611
5871 22995
5871 16539
5871 18442
5871 14869
5871 22339
5871 17466
5871 24607
5871 13717
5871 11917
5871 13546
5871 17300
5871 24985
5871 15638
5871 12911
5871 16829
5871 13327
5871 19985
5871 15072
5872 12086
5872 12336
5872 12056
5872 11950
5872 21873
5872 16274
5872 22821
5872 20527
5872 23075
5872 22071
5872 22026
5872 24186
5872 23939
5872 22000
5872 26644
5872 11923
5872 13365
5872 13491
5872 27182
5872 26719
5872 17502
5872 27149
5872 27934
5872 27139
5873 14757
5873 12220
5873 15718
5873 23138
5873 24266
5873 22657
5873 24666
5873 24956
5873 26400
5873 24291
5873 27228
5873 28092
5874 23169
5874 25176
5874 16749
5874 19371
5874 19691
5874 25749
5874 27167
5874 13063
5875 23186
5875 22071
5875 25651
5875 25270
5875 25519
5875 25501
5875 27188
5875 21463
5875 27983
5875 27539
5875 27406
5876 24050
5876 27583
5876 27870
5876 27871
5876 27938
5876 27939
5876 27842
5876 27741
5876 27846
5876 28009
5876 26403
5876 28065
5876 28067
5876 28070
5876 28073
5876 27554
5876 28007
5876 28018
5876 28040
5876 28056
5876 28074
5876 28076
5876 28083
5876 28003
5876 28047
5876 28055
5876 28027
5876 26942
5876 27628
5876 28082
5876 28061
5876 28062
5876 28085
5876 27660
5876 28031
5876 28086
5876 28078
5876 28094
5876 17878
5876 28010
5877 21806
5877 14329
5877 21623
5877 26826
5877 24527
5878 12158
5878 13013
5878 20314
5878 20937
5878 16434
5878 22617
5878 12538
5878 13360
5878 25303
5878 18901
5878 12419
5878 25393
5878 20541
5879 22318
5879 24224
5879 19519
5879 13398
5879 22025
5880 13278
5880 20355
5880 23557
5880 23855
5880 25341
5880 26182
5880 12309
5880 14880
5880 17945
5880 20661
5880 22189
5880 26998
5880 13484
5880 12004
5881 20096
5881 21699
5881 21356
5881 20094
5881 21293
5882 22610
5882 20976
5882 12422
5882 17039
5882 13658
5883 23542
5883 12348
5883 17492
5883 19746
5883 17400
5884 23868
5884 23311
5884 23553
5884 24356
5884 21175
5884 27566
5884 16743
5884 25595
5884 24355
5884 21737
5884 26674
5884 20291
5884 16962
5884 13603
5884 20298
5884 23152
5884 26690
5884 15533
5885 19424
5885 20881
5885 15664
5885 19879
5885 26183
5885 19908
5885 14803
5885 19937
5885 19973
5885 20596
5885 24004
5885 19453
5885 26857
5886 14934
5886 25188
5886 22412
5886 25557
5886 25558
5886 24383
5886 27609
5886 27931
5887 11889
5887 22061
5887 25270
5887 25521
5887 25800
5887 20771
5887 25076
5887 26077
5887 23264
5887 26422
5887 26644
5887 27573
5887 27591
5887 27255
5887 27835
5887 27203
5887 27902
5887 27715
5887 27962
5887 27617
5888 16563
5888 22221
5888 19355
5888 17409
5888 14106
5888 14715
5888 13707
5888 20482
5888 13410
5888 12067
5888 22182
5888 24836
5888 16844
5888 15978
5888 26042
5888 24677
5888 22987
5888 27613
5889 22095
5889 24796
5889 26095
5889 18961
5889 26522
5889 26930
5889 26743
5889 27280
5889 15103
5889 27495
5889 27691
5889 27463
5889 27416
5889 27983
5890 16597
5890 22846
5890 15574
5890 23423
5890 21080
5890 17648
5890 18191
5890 16595
5891 23686
5891 24258
5891 24666
5891 24764
5891 24543
5891 24669
5891 23905
5891 12348
5891 23983
5891 25261
5891 23845
5891 25227
5891 26130
5891 21959
5891 27065
5891 27401
5891 27383
5891 28021
5891 27406
5891 17587
5892 11893
5892 12348
5892 13077
5892 13474
5892 13985
5892 14178
5892 16395
5892 17536
5892 18544
5892 21579
5892 22501
5892 23170
5892 26922
5892 11901
5892 12572
5892 17223
5892 18640
5892 22049
5893 23183
5893 23680
5893 24956
5893 18707
5893 27705
5893 14438
5893 27819
5893 27678
5893 17184
5894 13061
5894 18734
5894 21653
5894 24978
5894 19088
5895 14050
5895 16013
5895 12941
5895 13113
5895 18614
5895 15078
5895 25375
5896 20125
5896 17345
5896 20222
5896 19598
5896 17206
5897 20504
5897 22702
5897 13082
5897 13306
5897 14973
5897 15511
5897 16856
5897 23904
5897 12207
5897 12662
5897 16455
5897 18499
5898 16107
5898 20784
5898 12538
5898 11993
5898 12424
5898 16459
5898 16941
5898 13378
5899 19705
5899 22646
5899 21043
5899 12881
5899 12098
5899 13272
5899 21603
5899 20843
5899 27636
5899 25434
5899 19879
5900 14756
5900 14880
5900 21332
5900 20211
5900 21354
5900 14926
5901 18873
5901 13259
5901 13262
5901 13741
5901 14188
5901 14887
5901 14193
5901 19879
5901 23851
5901 24212
5902 15160
5902 17328
5902 18389
5902 12650
5902 19188
5903 20200
5903 18211
5903 23217
5903 22528
5903 14543
5903 24174
5903 12201
5903 26786
5904 25143
5904 25273
5904 23991
5904 21486
5904 25476
5904 17479
5904 22023
5904 26182
5904 26649
5905 14994
5905 24666
5905 12993
5905 26379
5905 24139
5906 12878
5906 13660
5906 14967
5906 17587
5906 19815
5906 13673
5906 16318
5906 17776
5906 21678
5906 17451
5906 18698
5906 19789
5906 25526
5906 24956
5906 20567
5906 14397
5906 19796
5906 22350
5906 22880
5906 26627
5906 17698
5906 24809
5906 27201
5906 23738
5906 24825
5906 22822
5906 26157
5906 27464
5906 21290
5906 23408
5906 27285
5907 20330
5907 26314
5907 19722
5907 23250
5907 24705
5907 20305
5908 19009
5908 19745
5908 18523
5908 21509
5908 21474
5908 22920
5908 23408
5908 24186
5908 24585
5908 24541
5908 18645
5908 27434
5908 27835
5908 27941
5908 27416
5908 27704
5908 27717
5908 28090
5908 27660
5909 18736
5909 25520
5909 25282
5909 24287
5909 22742
5909 22343
5909 23642
5909 25943
5909 18961
5909 24884
5909 26261
5909 26808
5909 26643
5909 26522
5909 25557
5909 26180
5909 11923
5909 18579
5909 24432
5909 27199
5909 27172
5909 26995
5909 26252
5909 25116
5909 21917
5909 27791
5909 27941
5909 27722
5909 27876
5909 27717
5909 27991
5909 27900
5909 27139
5909 17743
5909 27899
5909 27924
5909 27923
5909 18502
5910 17399
5910 24438
5910 18494
5910 12180
5910 25662
5910 23619
5910 13011
5910 25644
5910 25661
5910 11929
5910 15779
5910 12693
5910 14191
5910 13159
5910 13271
5910 16614
5910 19085
5910 24978
5910 15310
5910 19105
5910 12838
5910 12882
5910 14819
5910 11893
5910 21851
5910 14543
5910 19340
5910 22779
5910 11915
5910 13272
5910 17683
5910 12695
5910 23609
5910 26421
5910 13535
5910 19496
5911 16953
5911 24506
5911 26126
5911 11991
5911 25089
5912 17847
5912 12668
5912 21968
5912 12583
5912 13211
5913 19941
5913 12855
5913 15065
5913 15863
5913 23156
5913 24822
5914 16831
5914 21745
5914 24813
5914 15593
5914 14587
5914 15540
5914 17091
5914 20934
5915 14043
5915 22542
5915 16152
5915 18920
5915 23222
5915 21653
5915 12971
5915 17015
5916 16612
5916 18882
5916 13122
5916 14000
5916 16200
5916 14694
5916 21825
5916 20504
5916 13165
5916 26850
5916 24874
5916 11875
5916 17711
5916 12672
5916 14610
5916 16263
5917 21530
5917 25285
5917 25394
5917 24474
5917 27079
5917 27249
5917 27724
5917 27726
5917 27609
5918 12026
5918 12138
5918 15302
5918 16828
5918 18084
5918 23025
5918 16629
5919 14291
5919 17420
5919 21242
5919 22516
5919 24606
5919 24796
5919 22297
5919 27882
5920 23231
5920 17644
5920 24471
5920 26759
5920 27231
5920 14036
5920 20535
5920 12016
5920 14812
5920 15507
5920 22995
5920 24253
5920 24324
5921 12702
5921 18767
5921 18694
5921 12623
5921 14120
5921 17627
5921 13374
5921 15689
5921 21600
5921 22006
5921 19128
5921 25389
5921 24956
5921 18378
5921 18149
5921 24871
5921 26335
5921 25654
5921 25712
5921 24277
5921 12461
5921 21800
5921 26777
5921 11923
5921 27376
5921 16876
5921 27630
5921 27400
5921 27036
5921 27203
5921 27802
5921 27378
5922 15722
5922 11939
5922 11968
5922 16110
5922 20849
5922 24671
5922 22660
5922 18675
5923 21175
5923 12337
5923 13004
5923 21141
5923 24232
5924 21806
5924 22061
5924 23767
5924 25101
5924 16419
5924 22369
5924 26645
5924 21019
5924 26996
5924 27499
5924 21917
5924 27609
5924 24813
5924 27351
5925 15305
5925 16611
5925 15150
5925 20249
5925 21011
5925 21236
5925 13470
5925 21989
5925 20002
5925 23883
5926 23072
5926 12936
5926 14603
5926 14724
5926 19435
5926 19671
5926 20197
5926 18191
5926 25380
5926 23130
5926 20336
5926 19168
5926 21170
5926 25815
5926 17304
5926 22794
5926 24547
5927 15175
5927 14464
5927 20772
5927 17770
5927 25951
5927 20308
5927 22826
5927 23975
5927 24278
5927 14016
5927 21579
5928 25339
5928 12707
5928 20284
5928 21344
5928 23041
5928 15904
5928 17876
5928 24699
5929 21529
5929 23444
5929 18690
5929 14084
5929 14676
5929 15539
5929 12394
5929 12409
5929 13190
5929 13878
5929 14782
5930 24956
5930 26079
5930 24287
5930 25076
5930 11923
5930 27388
5930 27437
5930 21123
5930 26797
5930 20626
5930 21338
5930 25078
5930 12280
5930 16065
5930 23932
5930 27737
5930 20794
5930 27945
5930 16159
5930 28090
5931 17770
5931 18198
5931 20199
5931 20960
5931 21919
5931 23305
5931 12176
5931 21660
5931 19396
5931 16092
5931 21563
5931 16277
5931 18298
5931 17013
5931 15467
5931 17001
5931 21587
5931 17335
5931 25100
5931 24556
5931 22974
5931 19470
5931 25892
5931 18261
5931 15558
5931 24995
5931 27319
5931 23133
5931 22514
5931 16329
5931 26574
5931 22667
5931 12776
5931 15052
5931 20576
5931 25086
5931 20146
5931 26528
5931 25536
5931 25954
5931 14052
5931 20313
5932 19908
5932 26431
5932 21481
5932 16088
5932 27252
5932 19139
5932 24393
5932 25126
5933 20224
5933 20110
5933 19415
5933 23678
5933 16184
5933 17528
5933 21828
5933 25021
5933 24576
5933 25654
5933 26309
5933 17519
5933 13351
5933 27691
5934 20156
5934 18120
5934 19415
5934 23250
5934 24132
5934 13235
5935 15359
5935 21499
5935 17281
5935 20288
5935 24471
5935 27681
5936 14327
5936 23284
5936 26323
5936 21011
5936 20896
5936 26991
5937 13330
5937 16962
5937 24514
5937 23422
5937 18829
5937 20772
5937 17100
5937 21721
5937 21722
5937 24776
5937 18164
5937 25717
5937 21579
5937 13529
5937 27076
5937 27111
5938 13841
5938 19415
5938 12246
5938 14433
5938 16830
5938 18544
5939 12707
5939 14519
5939 17039
5939 19001
5939 12351
5939 14683
5939 17824
5939 18416
5940 22767
5940 23361
5940 23515
5940 24369
5940 16477
5940 22682
5940 21735
5940 25035
5940 25652
5940 24842
5940 25021
5940 26229
5940 26272
5940 26215
5940 12936
5940 23247
5940 12200
5940 14394
5940 23841
5940 23382
5940 26647
5940 12145
5940 14950
5940 25844
5940 16202
5940 17309
5940 19435
5940 26845
5940 15221
5940 27867
5941 12761
5941 16362
5941 20712
5941 22127
5941 21616
5941 23250
5941 23971
5941 18996
5941 25619
5941 16028
5941 22734
5941 25131
5941 15646
5941 14709
5941 17221
5941 25845
5941 27068
5942 27824
5942 27781
5942 27707
5942 27709
5942 27710
5942 27706
5942 27821
5942 27717
5942 27740
5942 27831
5942 27741
5942 27934
5942 27960
5942 27846
5942 28065
5942 28083
5942 28086
5942 28003
5942 28067
5942 28047
5942 28078
5942 27814
5942 28018
5942 28056
5942 28076
5942 28010
5943 13936
5943 22813
5943 19793
5943 17230
5943 25034
5944 14196
5944 16634
5944 22796
5944 13360
5944 17184
5944 17817
5944 13262
5944 15372
5945 12145
5945 18902
5945 23271
5945 15187
5945 16827
5945 16962
5946 16436
5946 13365
5946 22974
5946 23922
5946 23290
5946 13592
5946 15354
5946 14377
5947 11855
5947 21940
5947 18283
5947 16933
5947 24188
5947 24454
5948 12473
5948 14838
5948 12509
5948 13085
5948 14919
5948 17889
5948 24948
5949 20992
5949 12646
5949 15044
5949 22738
5949 13353
5949 19365
5949 16484
5949 18787
5949 19027
5949 19833
5949 21033
5949 22127
5949 23063
5949 20996
5949 21815
5949 26373
5949 25151
5949 27019
5949 15646
5949 16275
5950 27302
5950 26771
5950 23364
5950 28015
5950 23378
5950 27971
5950 28044
5950 28084
5951 12942
5951 13845
5951 14344
5951 14961
5951 18696
5951 19543
5951 22949
5951 14331
5952 12872
5952 13222
5952 13223
5952 12185
5952 25814
5953 20896
5953 20937
5953 22782
5953 23183
5953 12619
5953 12911
5953 24184
5953 19902
5953 17847
5953 24606
5953 23870
5953 24516
5953 25528
5953 25800
5953 26165
5953 23292
5953 22568
5953 26630
5953 26274
5953 27729
5953 25957
5953 27202
5953 27843
5953 17964
5954 16573
5954 22402
5954 24947
5954 26346
5954 23812
5954 27729
5954 27737
5954 27283
5954 27915
5954 25147
5954 27983
5955 25528
5955 26821
5955 23570
5955 25109
5955 27455
5956 16534
5956 21373
5956 13237
5956 18754
5956 12013
5956 12801
5956 13763
5956 12011
5956 21805
5956 21241
5956 20688
5956 21148
5956 21830
5956 23546
5956 27673
5956 19088
5956 26837
5956 12201
5956 15456
5956 19415
5956 25106
5957 12125
5957 12151
5957 12419
5957 17216
5957 17328
5957 21786
5957 13081
5957 25383
5957 18787
5957 19389
5958 14895
5958 13843
5958 13332
5958 12427
5958 12782
5958 19405
5958 15443
5958 18194
5958 17823
5958 16769
5958 21367
5958 15552
5958 23989
5958 21618
5958 19702
5958 25863
5958 16219
5958 16199
5958 24841
5959 19033
5959 18604
5959 22578
5959 19035
5959 24288
5960 26568
5960 26644
5960 26897
5960 14884
5960 27281
5960 27283
5961 18443
5961 20434
5961 19271
5961 25488
5961 15376
5961 15593
5961 21725
5961 14054
5961 23833
5961 26853
5961 24666
5961 27279
5961 21386
5962 13845
5962 12417
5962 12426
5962 22268
5962 15328
5962 24082
5962 15344
5963 20935
5963 18929
5963 11872
5963 22786
5963 14744
5963 17188
5963 24590
5963 24169
5963 24606
5963 24213
5963 24944
5963 18861
5963 24643
5963 22746
5963 25076
5963 26310
5963 25584
5963 25675
5963 26324
5963 26810
5963 23613
5963 18748
5963 26606
5963 25733
5963 11923
5963 26334
5963 24388
5963 25986
5963 26887
5963 27551
5963 27379
5963 27933
5963 27860
5963 27997
5963 27899
5963 27911
5964 12540
5964 25918
5964 12151
5964 15785
5964 19108
5965 14880
5965 21709
5965 16185
5965 18070
5965 22250
5966 20163
5966 21866
5966 24822
5966 19467
5966 13630
5966 24645
5967 14343
5967 13086
5967 12336
5967 14806
5967 13535
5967 13989
5967 16824
5967 13516
5967 13544
5967 20944
5967 23680
5967 13761
5967 16631
5967 17686
5967 22001
5967 16917
5967 24639
5967 17847
5967 14589
5967 23722
5967 25492
5967 25337
5967 26106
5967 22350
5967 23264
5967 25942
5967 26874
5967 27705
5967 27808
5967 27857
5967 13131
5967 20362
5967 24017
5967 24990
5967 25777
5967 26919
5967 28025
5967 27885
5968 20010
5968 20937
5968 22783
5968 23183
5968 24187
5968 24587
5968 24541
5968 17016
5968 12254
5968 13005
5968 24300
5968 26345
5968 26894
5968 25987
5968 12255
5968 27280
5968 27591
5968 27466
5968 27541
5968 20125
5968 27978
5969 16066
5969 13799
5969 13817
5969 21491
5969 26864
5970 20672
5970 15260
5970 23426
5970 26873
5970 23971
5970 25165
5970 27580
5971 12815
5971 11949
5971 15344
5971 14001
5971 12464
5971 27045
5971 27527
5971 26798
5971 27608
5972 13935
5972 14154
5972 16261
5972 22833
5972 16274
5972 21294
5973 14568
5973 15617
5973 25805
5973 23247
5973 23891
5973 22545
5973 17285
5974 23510
5974 19729
5974 12348
5974 14224
5974 17085
5974 22289
5974 20419
5974 16233
5974 18476
5974 22052
5975 19000
5975 19970
5975 14837
5975 14374
5975 14985
5975 18538
5975 13059
5975 25906
5975 21344
5975 20426
5975 19564
5975 25073
5975 25859
5975 12754
5976 12353
5976 14055
5976 14357
5976 12878
5976 25791
5976 26937
5977 12750
5977 12974
5977 18800
5977 24673
5977 16088
5977 13262
5977 26891
5978 13346
5978 17794
5978 18346
5978 24668
5978 24669
5978 26483
5978 14610
5978 17001
5978 19383
5978 19847
5978 22109
5978 25111
5979 13082
5979 12892
5979 15766
5979 15213
5979 19974
5979 24892
5979 14502
5979 23564
5979 12615
5979 24035
5979 14131
5979 26937
5980 16190
5980 15766
5980 21175
5980 14438
5980 20658
5980 20770
5980 21242
5980 22562
5980 25568
5980 26895
5980 27191
5980 27673
5980 27585
5980 27902
5980 25653
5980 27594
5981 23686
5981 19864
5981 22742
5981 21894
5981 24490
5981 25677
5981 25942
5981 22348
5981 26352
5981 24045
5981 27941
5981 27416
5981 27625
5981 27998
5981 27991
5981 26756
5981 27660
5981 28083
5981 27444
5981 27565
5981 28090
5981 28091
5981 25347
5981 28040
5981 28094
5982 20151
5982 17123
5982 24161
5982 25388
5982 23897
5982 26055
5982 26172
5982 25076
5982 25712
5982 26760
5982 26606
5982 24658
5982 26821
5982 14923
5982 27202
5982 25642
5982 12891
5982 23322
5983 16918
5983 19351
5983 13725
5983 14465
5983 19250
5983 17840
5984 14870
5984 14819
5984 12625
5984 14880
5984 21555
5984 22397
5984 23234
5985 14275
5985 20438
5985 24466
5985 25678
5985 19842
5985 22139
5985 22584
5985 24349
5985 25151
5985 25248
5985 26242
5986 23141
5986 11901
5986 12046
5986 15064
5986 16502
5986 18197
5986 13660
5987 17927
5987 21806
5987 21428
5987 21338
5987 21316
5987 16259
5988 25076
5988 21094
5988 24086
5988 27201
5988 27616
5989 20444
5989 23515
5989 24274
5989 21338
5989 16771
5989 23897
5989 25519
5989 25516
5989 26348
5989 27233
5989 27269
5989 27389
5989 26901
5989 27437
5990 12528
5990 16595
5990 16799
5990 16713
5990 13902
5990 19332
5990 20880
5990 20290
5990 17275
5990 17063
5990 21600
5990 18081
5990 15664
5990 22209
5990 23906
5990 15315
5990 24510
5990 25743
5990 25270
5990 25568
5990 15347
5990 13733
5990 15409
5990 24658
5990 26333
5990 27282
5990 27339
5990 28090
5990 28092
5990 19367
5991 15221
5991 12246
5991 13951
5991 21274
5991 21600
5992 24162
5992 24161
5992 24332
5992 13041
5992 26317
5992 26170
5992 24287
5992 26096
5992 26530
5992 16523
5992 25069
5992 25238
5992 15795
5992 15875
5992 22494
5992 26450
5992 26359
5992 24822
5992 26930
5992 27196
5992 26743
5992 16962
5992 22959
5992 22651
5992 21259
5992 21917
5992 27641
5992 27179
5992 21901
5992 27808
5992 27763
5992 27791
5992 27797
5992 27868
5992 27709
5992 27708
5992 18857
5992 28060
5992 28083
5993 13213
5993 13400
5993 14131
5993 12031
5993 13905
5993 18648
5993 21768
5994 27069
5994 27075
5994 27096
5994 27149
5994 27168
5994 27268
5994 27248
5994 27396
5994 27213
5995 14223
5995 14394
5995 15221
5995 15282
5995 17562
5995 21338
5995 22551
5995 24471
5995 25420
5996 13773
5996 17394
5996 18591
5996 21338
5996 23770
5996 24836
5996 25440
5996 26891
5997 20141
5997 18731
5997 17474
5997 17536
5997 27018
5997 12905
5997 24879
5998 15669
5998 19955
5998 21289
5998 25719
5998 22371
5998 23662
5998 14905
5998 19194
5998 20129
5998 16972
5998 24568
5998 26440
5998 19847
5999 13161
5999 23276
5999 16497
5999 22858
5999 19477
5999 15646
5999 22185
5999 22186
5999 22973
5999 13259
5999 14327
5999 20855
5999 13741
5999 17536
5999 21927
5999 23978
5999 24836
5999 27274
5999 15039
6000 24435
6000 21000
6000 24764
6000 26106
6000 25942
6000 25558
6000 27732
6000 27204
6000 26308
6001 19028
6001 12974
6001 13041
6001 13081
6001 18911
6001 22627
6001 22507
6001 18130
6001 18248
6001 20099
6001 25024
6001 18594
6002 16713
6002 17207
6002 20663
6002 21981
6002 16970
6002 18988
6002 23615
6002 21916
6002 22917
6003 19473
6003 22025
6003 15931
6003 12201
6003 12368
6003 26684
6004 16894
6004 19415
6004 22388
6004 18279
6004 21205
6004 18376
6004 25385
6004 18130
6004 22686
6004 17386
6005 18482
6005 23812
6005 23801
6005 27281
6005 27543
6005 15874
6005 17342
6005 22602
6005 27569
6005 27416
6005 27991
6005 25668
6005 24825
6005 27660
6005 28083
6005 25931
6005 28075
6005 28090
6005 27911
6005 28065
6006 12335
6006 12223
6006 12504
6006 16233
6006 20944
6006 24435
6006 21676
6006 24764
6006 23983
6006 25388
6006 16965
6006 26533
6006 11923
6006 26995
6006 27401
6006 27171
6006 27542
6007 12139
6007 12389
6007 19814
6007 20415
6007 24461
6007 14513
6007 14759
6007 20503
6007 20880
6007 21867
6007 12978
6007 18911
6007 18436
6007 19106
6007 18276
6007 19007
6007 23785
6007 26002
6007 20188
6007 22949
6007 21594
6007 16671
6007 16153
6007 14746
6007 16235
6007 19738
6008 17124
6008 17709
6008 23549
6008 13639
6008 13859
6008 18728
6008 21543
6008 25882
6008 13637
6009 23720
6009 23829
6009 23886
6009 14174
6009 22529
6009 26608
6009 26922
6009 26337
6009 13011
6009 15911
6009 20813
6010 18958
6010 17044
6010 21864
6010 13049
6010 19444
6010 24640
6010 18979
6011 25071
6011 12046
6011 22589
6011 19032
6011 20654
6011 14327
6011 21807
6011 22889
6011 12667
6011 23044
6011 23986
6011 15157
6011 19694
6011 20955
6011 20957
6011 24170
6011 25913
6012 17445
6012 13217
6012 18441
6012 18047
6012 20881
6012 12934
6012 16424
6012 16324
6012 19933
6012 24666
6012 24643
6012 25526
6012 25076
6012 13272
6012 25296
6012 18949
6012 26691
6012 26261
6012 26645
6012 26760
6012 11923
6012 27199
6012 26996
6012 28001
6012 27899
6012 27911
6012 28005
6012 28046
6012 14643
6012 15665
6012 25121
6012 27280
6012 27712
6013 23991
6013 21206
6013 16636
6013 14757
6013 17623
6013 19453
6013 16235
6013 18089
6013 25039
6013 12693
6014 18625
6014 17077
6014 25602
6014 24956
6014 27641
6014 27203
6014 27873
6015 12133
6015 23566
6015 24585
6015 23478
6015 26646
6015 27225
6015 26820
6015 27729
6015 27376
6015 27737
6015 27840
6015 27909
6016 21175
6016 21281
6016 24195
6016 24939
6016 23905
6016 24643
6016 12570
6016 11923
6016 27731
6016 27551
6016 27678
6017 12158
6017 12693
6017 13353
6017 13989
6017 15895
6017 16536
6017 17165
6017 18425
6017 23118
6017 12028
6017 25122
6017 21913
6017 25947
6017 25546
6018 14412
6018 24081
6018 18276
6018 19433
6018 23208
6018 24679
6018 20229
6018 25319
6019 18812
6019 23666
6019 14762
6019 24188
6019 26164
6019 25398
6019 25111
6019 27834
6019 27932
6019 27984
6019 27208
6020 12954
6020 16481
6020 17205
6020 21284
6020 22063
6020 26274
6020 27064
6021 26339
6021 23642
6021 26930
6021 25109
6021 27696
6021 28022
6022 13979
6022 17983
6022 18794
6022 14223
6022 12042
6022 19107
6022 23926
6022 22826
6022 15708
6022 19117
6022 25367
6022 19092
6022 25150
6022 26675
6023 23728
6023 18875
6023 19689
6023 24113
6023 14997
6023 14223
6023 19470
6023 20648
6023 27696
6024 14554
6024 14747
6024 16504
6024 24712
6024 18747
6024 27915
6024 27932
6025 20413
6025 21013
6025 21012
6025 22927
6025 24483
6025 27074
6025 13131
6025 16506
6025 22438
6025 12666
6025 19855
6025 16898
6026 17686
6026 22093
6026 22095
6026 26251
6026 27332
6026 27614
6026 27696
6027 15529
6027 17606
6027 15766
6027 12509
6027 17649
6027 24836
6027 22397
6027 27246
6028 12024
6028 14138
6028 21290
6028 16259
6028 27886
6029 20423
6029 16181
6029 18661
6029 12202
6029 14234
6029 23342
6029 16025
6029 25002
6029 25752
6030 14150
6030 12144
6030 12936
6030 21469
6030 24520
6030 14377
6030 20318
6030 25228
6030 15698
6030 26952
6030 27046
6030 24379
6031 27685
6031 27518
6031 27495
6031 27491
6031 27565
6031 27871
6031 26995
6031 27941
6031 27717
6031 28020
6031 27139
6031 22454
6031 28040
6031 28082
6031 28086
6031 21069
6031 15640
6031 27660
6032 16629
6032 19390
6032 17310
6032 24640
6032 12781
6032 17070
6032 15666
6032 25707
6032 26021
6032 12200
6032 27117
6032 24186
6032 12376
6032 17147
6032 27549
6032 17142
6032 23738
6033 22694
6033 13419
6033 16125
6033 20127
6033 12003
6033 23152
6033 16948
6033 17161
6033 17160
6034 23075
6034 14791
6034 15441
6034 12891
6034 15785
6034 12781
6034 22123
6034 17717
6035 23822
6035 25491
6035 15766
6035 14429
6035 21290
6035 12243
6035 13793
6035 13276
6035 14543
6035 15596
6035 17071
6035 17666
6035 20259
6036 22612
6036 23059
6036 22204
6036 21593
6036 17031
6036 17842
6036 14543
6036 13732
6036 13204
6036 15149
6036 15645
6036 22061
6036 23829
6037 13374
6037 18810
6037 22783
6037 25015
6037 25016
6037 12973
6037 22451
6038 19470
6038 21654
6038 26006
6038 21978
6038 24032
6039 16061
6039 16062
6039 16064
6039 17332
6039 14153
6039 18521
6039 18803
6039 13181
6039 17680
6039 15790
6039 22740
6039 19396
6039 24736
6039 15533
6039 15302
6039 24712
6039 18909
6039 15934
6040 18414
6040 22955
6040 13659
6040 14878
6040 15010
6040 15198
6040 24878
6041 18084
6041 19415
6041 21224
6041 22475
6041 12655
6041 17767
6041 26108
6041 17255
6041 18045
6041 18980
6041 22458
6042 27724
6042 27614
6042 27641
6042 26954
6042 27941
6042 26084
6042 27416
6042 22650
6042 27998
6042 19712
6042 27901
6042 19377
6042 27717
6042 27991
6042 27539
6042 27961
6042 28060
6042 27740
6042 27660
6042 27754
6042 27831
6042 27924
6042 27925
6042 28083
6042 26756
6042 27550
6042 28079
6042 27565
6042 27444
6042 27646
6042 28033
6042 28034
6042 24509
6042 27746
6042 27649
6043 12217
6043 14985
6043 15302
6043 19235
6043 19496
6043 22726
6043 25644
6043 20818
6043 23770
6043 26410
6044 24574
6044 21953
6044 23845
6044 26879
6044 14889
6044 28006
6045 17313
6045 11865
6045 12137
6045 12563
6045 13211
6045 13728
6045 14126
6045 21116
6046 15766
6046 15666
6046 21154
6046 19353
6046 13296
6046 13353
6046 15810
6046 20787
6046 25077
6047 12236
6047 21864
6047 22823
6047 23326
6047 26224
6047 26691
6047 22298
6047 22350
6047 11933
6047 15473
6047 26894
6047 26645
6047 19814
6047 11923
6047 12243
6047 18627
6047 24312
6047 26155
6047 21591
6047 27199
6047 26996
6047 26960
6047 23353
6047 26250
6047 27560
6047 20901
6047 27376
6047 20985
6047 27513
6047 27808
6047 27474
6047 27285
6047 27860
6047 21094
6047 28014
6047 27963
6047 11873
6047 27216
6048 18694
6048 22476
6048 11865
6048 22648
6048 16274
6048 14783
6048 12957
6048 25817
6048 16673
6048 24069
6048 16696
6049 12179
6049 15006
6049 12748
6049 11941
6049 15311
6049 20896
6049 18130
6050 18177
6050 18711
6050 14167
6050 15241
6050 12803
6050 17228
6050 22484
6050 15302
6051 14234
6051 17829
6051 12141
6051 17576
6051 15109
6051 16514
6051 12563
6051 15186
6051 16274
6051 22799
6051 23151
6051 13545
6051 25663
6051 27114
6051 16611
6051 22779
6051 27626
6051 13161
6051 17933
6051 21161
6051 24759
6051 22288
6052 13300
6052 13782
6052 17625
6052 13777
6052 15664
6052 25150
6052 13294
6053 22379
6053 15058
6053 25590
6053 22112
6053 27494
6053 20772
6053 17460
6053 12620
6053 11990
6053 15432
6053 21916
6054 16653
6054 26123
6054 27422
6054 13557
6054 15961
6055 12761
6055 23388
6055 14997
6055 17002
6055 17207
6055 17712
6055 19041
6055 19937
6055 21274
6055 19464
6055 23470
6055 12936
6055 24334
6055 19078
6055 13820
6055 24894
6055 25149
6055 19643
6055 24322
6056 14446
6056 13382
6056 18479
6056 18858
6056 20289
6056 14318
6056 21555
6056 21664
6056 12891
6056 24943
6056 25642
6056 13348
6056 21468
6056 22630
6056 18334
6056 13223
6056 18892
6056 22349
6057 13627
6057 18653
6057 13980
6057 13482
6057 18800
6057 19820
6057 24643
6057 22742
6057 24287
6057 20739
6057 17461
6058 13698
6058 15272
6058 17179
6058 23044
6058 12031
6058 12217
6058 12727
6058 25644
6058 17293
6058 12348
6058 16259
6058 19295
6058 21219
6058 18544
6058 16401
6058 16817
6058 14327
6058 24706
6058 27367
6058 26203
6059 24666
6059 24764
6059 27199
6059 27351
6059 27698
6059 27962
6060 17995
6060 12903
6060 15158
6060 19031
6060 21514
6060 22364
6060 23832
6060 24316
6060 26651
6060 27275
6060 20297
6060 22264
6060 27083
6060 27605
6060 15278
6061 14440
6061 19011
6061 14878
6061 19073
6061 19560
6061 19526
6061 19485
6061 21575
6061 22891
6061 22562
6061 24162
6061 23905
6061 12692
6061 22672
6061 21894
6061 22742
6061 22297
6061 22369
6061 25754
6061 11923
6061 26180
6061 26930
6061 27121
6061 27161
6061 17784
6061 27145
6061 27286
6061 27431
6061 25405
6061 27614
6061 27857
6061 27708
6061 27709
6061 27902
6061 27706
6061 27715
6061 27899
6061 27929
6061 27967
6061 27989
6061 27689
6062 14081
6062 13970
6062 16948
6062 19108
6062 16292
6063 16486
6063 19270
6063 16991
6063 17643
6063 15030
6063 16458
6063 14603
6064 13757
6064 18566
6064 18929
6064 12227
6064 18653
6065 14848
6065 12297
6065 13804
6065 12618
6065 12623
6065 12797
6065 12367
6065 13783
6065 13366
6065 18648
6065 17627
6065 20770
6065 19353
6065 24007
6066 19997
6066 20224
6066 19690
6066 20635
6066 13100
6066 18688
6066 17342
6066 18382
6066 23763
6066 18611
6066 21631
6066 18163
6066 17246
6066 25036
6066 12141
6066 22031
6066 22658
6066 14659
6066 12595
6066 25602
6066 23996
6066 25285
6066 21693
6066 17470
6066 18830
6066 20345
6066 22742
6066 26208
6066 16439
6066 16306
6066 16982
6066 25557
6066 26013
6066 25446
6066 24260
6066 22036
6066 14081
6066 26771
6066 26798
6066 26796
6066 27861
6066 26240
6066 26249
6066 28090
6067 19290
6067 17451
6067 21928
6067 23869
6067 24471
6067 25012
6068 16734
6068 12031
6068 13653
6068 26207
6068 18912
6068 23254
6068 25832
6069 16778
6069 12680
6069 19614
6069 13485
6069 25240
6069 14880
6069 21800
6069 14223
6069 16825
6069 20632
6069 15356
6069 23172
6069 25321
6069 18697
6069 20064
6069 11957
6069 12603
6069 13575
6069 26299
6069 27755
6069 20224
6069 17948
6069 24371
6069 14051
6069 25495
6070 13286
6070 19756
6070 17265
6070 21601
6070 19749
6070 13944
6070 14190
6070 12925
6070 13041
6070 11921
6070 16978
6070 14962
6070 16631
6070 24643
6070 25076
6070 25712
6070 25558
6070 22350
6070 24176
6070 16236
6070 27071
6070 27229
6070 27310
6070 26274
6070 14517
6070 25267
6070 27551
6070 27370
6070 27442
6070 27474
6070 27938
6070 27915
6070 22532
6070 25837
6070 17578
6070 19659
6071 23678
6071 24639
6071 24543
6071 25270
6071 26158
6071 26643
6071 26644
6071 25844
6072 22779
6072 24629
6072 12974
6072 12440
6072 20277
6072 22874
6072 23498
6072 27022
6073 12415
6073 12353
6073 14318
6073 14216
6073 16980
6073 15824
6073 16106
6073 17469
6073 14967
6073 14478
6074 22959
6074 15529
6074 19322
6074 14004
6074 22988
6074 15302
6074 20678
6074 15131
6074 22859
6074 13479
6074 25750
6074 16418
6074 14379
6074 24812
6074 14198
6074 18915
6074 12293
6075 15109
6075 17094
6075 17619
6075 16980
6075 25745
6075 26834
6076 18385
6076 18481
6076 21235
6076 11890
6076 14280
6076 23652
6076 11911
6076 17093
6076 17977
6076 13557
6076 21317
6076 26258
6076 21316
6076 12379
6076 16370
6076 16962
6076 17005
6076 24975
6076 19702
6077 11951
6077 14756
6077 20937
6077 24266
6077 25568
6077 21755
6077 23325
6077 27282
6077 27188
6077 23236
6077 27941
6077 15079
6077 27644
6078 15379
6078 19192
6078 12891
6078 20794
6078 22128
6078 12556
6078 22404
6078 17160
6078 20320
6078 20462
6078 13673
6078 14188
6078 22440
6078 22847
6078 12643
6078 13861
6078 14348
6078 18947
6079 14048
6079 22650
6079 19072
6079 26502
6079 16120
6079 22413
6079 25426
6079 20984
6079 13546
6079 25469
6079 13318
6079 24453
6079 24822
6080 13815
6080 24603
6080 15241
6080 17915
6080 19825
6080 27757
6080 16735
6080 26358
6081 19450
6081 17977
6081 23566
6081 11921
6081 11872
6081 19108
6081 25526
6081 26324
6081 15141
6081 26897
6081 26606
6081 13011
6081 12141
6081 21524
6081 21518
6081 20181
6081 12067
6081 25590
6081 20403
6081 23077
6081 23103
6081 19131
6081 25628
6081 22685
6081 27861
6082 15543
6082 18058
6082 19809
6082 12540
6082 12752
6082 14178
6082 15310
6082 16213
6082 20179
6082 12722
6083 26412
6083 15128
6083 20733
6083 22533
6083 24978
6083 23265
6083 26411
6084 14645
6084 11905
6084 22280
6084 27663
6084 17112
6085 14842
6085 12936
6085 16963
6085 17205
6085 18933
6085 16355
6085 19176
6085 24639
6085 24666
6085 22571
6085 17434
6085 24370
6085 25519
6085 26643
6085 25712
6085 26878
6085 26995
6085 21567
6085 27620
6085 26937
6085 27837
6085 27902
6086 15060
6086 15073
6086 16818
6086 22676
6086 23531
6086 24881
6087 14240
6087 15960
6087 21970
6087 12368
6087 16985
6087 23469
6087 17039
6087 23672
6087 12707
6087 24383
6088 24827
6088 25521
6088 26313
6088 11923
6088 26412
6088 27389
6088 27729
6088 27673
6088 27891
6088 27928
6088 27978
6089 25521
6089 25266
6089 12570
6089 25253
6089 22496
6089 27334
6089 18941
6089 27204
6089 27941
6089 27416
6089 27717
6089 27139
6089 28022
6089 27991
6089 27506
6089 27924
6089 23253
6089 27671
6089 27660
6089 28040
6089 28094
6090 16906
6090 18995
6090 24103
6090 23011
6090 25846
6090 24666
6090 26309
6090 26691
6090 23812
6090 26645
6090 18909
6090 27698
6091 12034
6091 21529
6091 23720
6091 20002
6091 14905
6091 20611
6091 16191
6091 24289
6092 14423
6092 14616
6092 20432
6092 15505
6092 23641
6092 21776
6092 16215
6092 22936
6092 21593
6092 23478
6092 14689
6092 23167
6092 22106
6092 23953
6092 22553
6092 24022
6092 22494
6092 26737
6092 27012
6092 20867
6092 27274
6092 27641
6092 27855
6092 16614
6092 28039
6093 14326
6093 23044
6093 22939
6093 16995
6093 17309
6093 26272
6093 16636
6093 18277
6093 27367
6093 26922
6093 25319
6094 11920
6094 11921
6094 16631
6094 18152
6094 21000
6094 22002
6094 14498
6094 22536
6094 23983
6094 17528
6094 24533
6094 12822
6094 16492
6094 18471
6094 17799
6094 17960
6094 25283
6094 22000
6094 25526
6094 24538
6094 26343
6094 24387
6094 22348
6094 22298
6094 23264
6094 22350
6094 23613
6094 25111
6094 12814
6094 26874
6094 13303
6094 11923
6094 15649
6094 21228
6094 15468
6094 15471
6094 15467
6094 27065
6094 27161
6094 27210
6094 26996
6094 13768
6094 26960
6095 20307
6095 14276
6095 18467
6095 14302
6095 23065
6096 14757
6096 11957
6096 14686
6096 17995
6096 23583
6096 24554
6096 15664
6096 22286
6096 19663
6096 19879
6096 20631
6096 20959
6096 13131
6096 27733
6096 25742
6097 14863
6097 22114
6097 25513
6097 24034
6097 26749
6097 27647
6098 18519
6098 22691
6098 21653
6098 23812
6098 26906
6098 25989
6098 25146
6098 27572
6098 27358
6098 27929
6098 27984
6099 12693
6099 13848
6099 18975
6099 16651
6099 20318
6099 12608
6099 14081
6099 19024
6099 12311
6099 12103
6099 23798
6099 14878
6099 15775
6099 14327
6099 16866
6099 18065
6099 26810
6100 23906
6100 24517
6100 24739
6100 24814
6100 25652
6100 25568
6100 25337
6100 24956
6100 26168
6100 26309
6100 25712
6100 26303
6100 23264
6100 23812
6100 26895
6100 26643
6100 25111
6100 27088
6100 26901
6100 14549
6100 27609
6100 27722
6100 27983
6100 28021
6100 28039
6101 20896
6101 12237
6101 12693
6101 12774
6101 23860
6101 25652
6101 17578
6101 14466
6101 17282
6101 27768
6102 25564
6102 11901
6102 14327
6102 17495
6102 17726
6102 21861
6102 25264
6103 24187
6103 22670
6103 24764
6103 24541
6103 24300
6103 24945
6103 26352
6103 27498
6103 26694
6103 27834
6103 27899
6104 11964
6104 22397
6104 25686
6104 15977
6104 20872
6104 20284
6104 22826
6105 14318
6105 21653
6105 20314
6105 22223
6105 15586
6105 22871
6106 15364
6106 14725
6106 15393
6106 24639
6106 24669
6106 15093
6106 25043
6106 23132
6106 25863
6106 26229
6106 22826
6106 25575
6106 27541
6107 16185
6107 19033
6107 18790
6107 18791
6107 19265
6108 15420
6108 11953
6108 14373
6108 14569
6108 17944
6108 20243
6108 20632
6108 22689
6108 15393
6109 15529
6109 25602
6109 19577
6109 27065
6109 20896
6109 12741
6110 14431
6110 26201
6110 11920
6110 12434
6110 13950
6110 20441
6110 20564
6110 22676
6110 27214
6110 24163
6110 27105
6110 27719
6110 28058
6110 27759
6110 27177
6110 27533
6110 15695
6111 14880
6111 15221
6111 16190
6111 24435
6111 24608
6111 25602
6111 25266
6111 21627
6111 26691
6111 26629
6111 26895
6111 26512
6111 27210
6111 27441
6111 27724
6111 27204
6111 27966
6111 27860
6111 27507
6112 18915
6112 25128
6112 26838
6112 12974
6112 16116
6112 22779
6112 23503
6112 25815
6112 23967
6112 20972
6112 22950
6112 22384
6112 27331
6112 17017
6113 22006
6113 23639
6113 24666
6113 24372
6113 20317
6113 22297
6113 17300
6113 26930
6113 25405
6113 27732
6113 27808
6113 27930
6113 22354
6113 28013
6113 28014
6114 13049
6114 22991
6114 23269
6114 21219
6114 18335
6114 26229
6114 20407
6114 24437
6114 13018
6114 14267
6114 18336
6114 24920
6114 27991
6114 13041
6115 15690
6115 16641
6115 22920
6115 14474
6115 22084
6115 22026
6115 23651
6115 19481
6115 23897
6115 26055
6115 19237
6115 25769
6115 25733
6115 26334
6115 26633
6115 27707
6116 13506
6116 15465
6116 15668
6116 17100
6116 17197
6116 20216
6117 21175
6117 22269
6117 24506
6117 24824
6117 23012
6117 25928
6117 25930
6117 21187
6117 27069
6117 14837
6117 26051
6118 17813
6118 19622
6118 14828
6118 12658
6118 20431
6118 20533
6118 23561
6118 13761
6118 23906
6118 22823
6118 25655
6118 26691
6118 26606
6118 27361
6118 27731
6118 27732
6119 12176
6119 13013
6119 14138
6119 14129
6119 11893
6119 13690
6119 13892
6119 17749
6119 25158
6119 25076
6119 16190
6119 26804
6119 24662
6119 15221
6120 22466
6120 12151
6120 12367
6120 19435
6120 11957
6121 15138
6121 18706
6121 13549
6121 22174
6121 16949
6121 17345
6121 16253
6121 24602
6121 27331
6121 22426
6121 12371
6122 20056
6122 14218
6122 12687
6122 12092
6122 12693
6122 12201
6122 13271
6122 17238
6122 18299
6122 18771
6122 21591
6122 12822
6122 15063
6122 19911
6122 24477
6122 12659
6122 26075
6122 25071
6122 13170
6122 13402
6122 16740
6122 17750
6122 19734
6123 24589
6123 25283
6123 26079
6123 26352
6123 27283
6123 27552
6123 27834
6123 27677
6123 27906
6123 28093
6124 25380
6124 21131
6124 23770
6124 25933
6124 25725
6125 14476
6125 18404
6125 25837
6125 27819
6125 25347
6126 24188
6126 24385
6126 22852
6126 21549
6126 12178
6126 16536
6126 15463
6126 24577
6126 15450
6126 19447
6126 25652
6126 24494
6126 25285
6126 21103
6126 22369
6126 26079
6126 24825
6126 26568
6126 17794
6126 22298
6126 26172
6126 15755
6126 21397
6126 26644
6126 23425
6126 25294
6126 26760
6126 26840
6126 26996
6126 18730
6126 21290
6126 26458
6126 13131
6126 26783
6126 27414
6126 27460
6126 27095
6126 28039
6127 12983
6127 14389
6127 18710
6127 15607
6127 21620
6127 24103
6127 26031
6127 19900
6127 23642
6127 27229
6127 27526
6127 27609
6127 27873
6128 20193
6128 24435
6128 23184
6128 24143
6128 16582
6128 17875
6128 13056
6128 16469
6128 16359
6128 24956
6128 18313
6128 26021
6128 21295
6128 11844
6128 24662
6128 26435
6128 26995
6128 27737
6128 26597
6128 17090
6128 27358
6128 27715
6128 16589
6128 28023
6129 25550
6129 13599
6129 21196
6129 24455
6129 24174
6129 23660
6129 25838
6130 24796
6130 25283
6130 26106
6130 26346
6130 25505
6130 25575
6130 26644
6130 25294
6130 27834
6130 27204
6130 27791
6130 25653
6130 27752
6130 27906
6130 17184
6130 27689
6130 28046
6130 25347
6131 20935
6131 23566
6131 23751
6131 24666
6131 24427
6131 25672
6131 25021
6131 20429
6131 24910
6131 28004
6132 18256
6132 14053
6132 12036
6132 13128
6132 27455
6133 16274
6133 15790
6133 14829
6133 23999
6133 22932
6134 24543
6134 13217
6134 20317
6134 24956
6134 26881
6134 11923
6134 27210
6134 27228
6134 14857
6134 27834
6134 27833
6134 23332
6135 12090
6135 19611
6135 19968
6135 25488
6135 22435
6135 24033
6135 24436
6135 26400
6135 24108
6135 18962
6135 25564
6135 25575
6135 22298
6135 18120
6135 22412
6135 26913
6135 25733
6135 21537
6135 15229
6135 26966
6135 20587
6135 26030
6135 26777
6135 27128
6135 27401
6135 27255
6135 13629
6135 27833
6135 14584
6135 27865
6135 27881
6135 27969
6135 27491
6136 25731
6136 26310
6136 25566
6136 24884
6136 26450
6136 26180
6136 25405
6136 27342
6136 27902
6136 27970
6136 19435
6137 11859
6137 15545
6137 21115
6137 13328
6137 23681
6137 20277
6137 20686
6138 12693
6138 13049
6138 13221
6138 19028
6138 19351
6139 24944
6139 25943
6139 26644
6139 26643
6139 26958
6139 11923
6139 26912
6139 22496
6139 27440
6140 11913
6140 13224
6140 14748
6140 16128
6140 15723
6140 20044
6140 19751
6140 19749
6140 23440
6140 16631
6140 25733
6140 26818
6140 26914
6140 27495
6140 25653
6140 28016
6140 26757
6140 27989
6141 14316
6141 14314
6141 20663
6141 19323
6141 13196
6141 18713
6141 13574
6141 13757
6141 12036
6141 17938
6141 17201
6141 19050
6141 20123
6141 12230
6141 18185
6141 17740
6141 13553
6141 13557
6141 12172
6141 21374
6141 21204
6141 16996
6141 20116
6141 17004
6141 12361
6141 15449
6141 14249
6141 17932
6141 17259
6141 21460
6141 13515
6141 17916
6141 24744
6141 17699
6142 12450
6142 20305
6142 18103
6142 22504
6142 21828
6142 21284
6142 22952
6142 23440
6142 24572
6142 26184
6142 25627
6142 26396
6142 22348
6142 25076
6142 26606
6142 25549
6142 26643
6142 26743
6142 27334
6142 27441
6142 27527
6142 25653
6142 27776
6142 27920
6142 28046
6143 15006
6143 15533
6143 14204
6143 12430
6143 18401
6143 19442
6143 25628
6143 19359
6143 20134
6143 26804
6143 27065
6143 12695
6143 27528
6143 27543
6143 20534
6143 23532
6143 26572
6143 26619
6143 12309
6143 27136
6143 15371
6143 17578
6143 26582
6143 27911
6144 12464
6144 15273
6144 15221
6144 17869
6144 20497
6144 23150
6145 15082
6145 16848
6145 17315
6145 16671
6145 21470
6146 13206
6146 16996
6146 22436
6146 19979
6146 26508
6147 22504
6147 24796
6147 22134
6147 27257
6147 27059
6147 27333
6147 27051
6148 20269
6148 12444
6148 23487
6148 25616
6148 25546
6148 20595
6148 13386
6148 24768
6148 26525
6148 23960
6149 13408
6149 24023
6149 24606
6149 20232
6149 25610
6149 26172
6149 22739
6149 25076
6149 22348
6149 26913
6149 24662
6149 20912
6149 26901
6149 24419
6149 27571
6149 20792
6149 27379
6149 27834
6149 27844
6149 28001
6149 27406
6149 19832
6149 25347
6149 26494
6150 13571
6150 13734
6150 18386
6150 12430
6150 13878
6150 14327
6150 12176
6150 16261
6151 17552
6151 15522
6151 18977
6151 18013
6151 22228
6151 22605
6151 13862
6151 20604
6151 23662
6151 24387
6151 15700
6151 22305
6151 13250
6151 12635
6151 13447
6151 19596
6151 15039
6151 20031
6151 16981
6151 13597
6151 13254
6151 15131
6152 25150
6152 20209
6152 22812
6152 25902
6152 15766
6153 12474
6153 16367
6153 19661
6153 20772
6153 13471
6153 15749
6154 12945
6154 15522
6154 23578
6154 18015
6154 18648
6154 17486
6154 21694
6154 18694
6154 20481
6154 20305
6154 20629
6154 21515
6154 20843
6154 21602
6154 22527
6154 24734
6154 24608
6154 19423
6154 19453
6154 26227
6154 20771
6154 17845
6154 14288
6154 11923
6154 17263
6154 26493
6154 27367
6154 26691
6154 25957
6154 27624
6154 15775
6154 13063
6154 13131
6154 17706
6154 21451
6154 27882
6154 22848
6155 21722
6155 19001
6155 16942
6155 25923
6155 12891
6155 20080
6155 13691
6156 17408
6156 17492
6156 17395
6156 16146
6156 16147
6156 17514
6156 18519
6156 19847
6156 21062
6156 24437
6156 15317
6157 23533
6157 23282
6157 22763
6157 20599
6157 12932
6157 20181
6157 16525
6157 21585
6157 26363
6157 25350
6158 15187
6158 18544
6158 19471
6158 20961
6158 21377
6158 20856
6159 17804
6159 18544
6159 13763
6159 14043
6159 19367
6159 20917
6159 21148
6160 15141
6160 14270
6160 19309
6160 12229
6160 12434
6160 13063
6160 16424
6161 14084
6161 12662
6161 14231
6161 12944
6161 12374
6161 14988
6161 16186
6161 12964
6161 12679
6161 17285
6161 19469
6161 18409
6161 15733
6161 23436
6161 21617
6161 21988
6162 22517
6162 22813
6162 23149
6162 23217
6162 22094
6162 23459
6162 22000
6162 25870
6162 26047
6162 23897
6162 25521
6162 26166
6162 18817
6162 26492
6162 25712
6162 26760
6162 25294
6162 26512
6162 27191
6162 27466
6162 27836
6162 24026
6162 27819
6162 27696
6162 27717
6162 27991
6162 27139
6162 27934
6162 28015
6162 27406
6162 27885
6162 28013
6162 28069
6163 19961
6163 22162
6163 24372
6163 24515
6163 26168
6163 26643
6163 25558
6163 27254
6163 28021
6163 28037
6163 27752
6163 14812
6164 22093
6164 24658
6164 23845
6164 25879
6164 22000
6164 25639
6164 25069
6164 25236
6164 22494
6164 25238
6164 27306
6164 27389
6164 22400
6164 27107
6164 27705
6164 27905
6164 27416
6164 27982
6164 27889
6164 27843
6164 27860
6164 28025
6164 28003
6164 28040
6164 28055
6164 28065
6164 28067
6164 28090
6165 17064
6165 19150
6165 18671
6165 13011
6165 22666
6166 19367
6166 18813
6166 21147
6166 13448
6166 14280
6166 18153
6167 20496
6167 14465
6167 18347
6167 25179
6167 21219
6167 26604
6167 26316
6167 12577
6167 13129
6167 15371
6167 19359
6167 27904
6168 14607
6168 16594
6168 16926
6168 16597
6168 20264
6168 20212
6168 22090
6168 15926
6168 12002
6168 20896
6168 24671
6168 12281
6168 12506
6168 16876
6168 13161
6168 23957
6168 17960
6168 20263
6168 25991
6168 14837
6168 27898
6169 20896
6169 21600
6169 20935
6169 24473
6169 25772
6169 24291
6169 25564
6169 26881
6169 27689
6170 12803
6170 12974
6170 18173
6170 19731
6170 21953
6171 13042
6171 17565
6171 20247
6171 23503
6171 25586
6171 24532
6171 23725
6171 20611
6171 18422
6171 22589
6171 25214
6171 12173
6171 26310
6172 12310
6172 12793
6172 22784
6172 24435
6172 21828
6172 26606
6173 11878
6173 17498
6173 16562
6173 17451
6173 20996
6173 22650
6173 14543
6173 24471
6173 13474
6173 24942
6173 27352
6174 19130
6174 24390
6174 12181
6174 15190
6174 25734
6175 22785
6175 24516
6175 26158
6175 26313
6175 26345
6175 26310
6175 26760
6175 20756
6175 26098
6175 25957
6175 27641
6175 27836
6175 25653
6175 25837
6175 27923
6176 14119
6176 15500
6176 12693
6176 19642
6176 13132
6177 12194
6177 16652
6177 16606
6177 13799
6177 22974
6178 21396
6178 16230
6178 17395
6178 27103
6178 21635
6179 24666
6179 22298
6179 23613
6179 25558
6179 27691
6179 28022
6179 27813
6180 27076
6180 12030
6180 12672
6180 16065
6180 19290
6180 19611
6180 24956
6180 25595
6180 26888
6181 26401
6181 22350
6181 23264
6181 25557
6181 26996
6181 27705
6182 12228
6182 12019
6182 12135
6182 12733
6182 13444
6182 17756
6182 14400
6182 12623
6182 11957
6182 18664
6182 21471
6182 13513
6183 21061
6183 21829
6183 22974
6183 14190
6183 25279
6183 16463
6183 22133
6183 20292
6184 24723
6184 24956
6184 26760
6184 11923
6184 27285
6184 28005
6184 28046
6185 19453
6185 27496
6185 21206
6185 24190
6185 19930
6185 27481
6185 22288
6185 21370
6185 15998
6185 26034
6186 21579
6186 23270
6186 25243
6186 23822
6186 22949
6186 12997
6186 27091
6186 17995
6186 24360
6186 25713
6186 16536
6186 12891
6186 19470
6186 20976
6186 17492
6186 19061
6186 12594
6186 18842
6186 25078
6186 26374
6186 23299
6186 23427
6186 26963
6186 24060
6186 15666
6186 19024
6186 19578
6186 15677
6186 12752
6186 16359
6186 17915
6187 12168
6187 18510
6187 23957
6187 24365
6187 23765
6187 26240
6187 22442
6187 14223
6187 17080
6187 24445
6188 19093
6188 24621
6188 17335
6188 13056
6188 12419
6188 24868
6189 21408
6189 15014
6189 14469
6189 23398
6189 16329
6190 16851
6190 11916
6190 12818
6190 18501
6190 18002
6190 23117
6190 23190
6190 23410
6190 24435
6190 24161
6190 24669
6190 21593
6190 24643
6190 26224
6190 25557
6190 11923
6190 27229
6190 27200
6190 25653
6190 27378
6190 28013
6191 19139
6191 20816
6191 20863
6191 21799
6191 24095
6191 15843
6191 21338
6191 17395
6191 17492
6191 13131
6191 24698
6191 12753
6191 19838
6191 25151
6192 18338
6192 13627
6192 17794
6192 19711
6192 19801
6192 22833
6192 24549
6192 25713
6193 22784
6193 26078
6193 26056
6193 22297
6193 26412
6193 27456
6193 26937
6193 25147
6194 14756
6194 12088
6194 14321
6194 14092
6194 17125
6194 18103
6194 13142
6194 23725
6194 17535
6194 12319
6194 17196
6194 11905
6194 11917
6194 11899
6194 17203
6194 18525
6194 17909
6194 19686
6194 25036
6194 25037
6194 18030
6194 25791
6194 18350
6194 25109
6195 13043
6195 13186
6195 16506
6195 12864
6195 14139
6195 11885
6195 20478
6195 12208
6195 13175
6195 18779
6195 16362
6195 20516
6195 26032
6196 15463
6196 19890
6196 22209
6196 26215
6196 12763
6197 16692
6197 25276
6197 27852
6197 20036
6197 24004
6198 12556
6198 19496
6198 18065
6198 12459
6198 21665
6198 24639
6198 26339
6198 24026
6198 27835
6199 15934
6199 18967
6199 11957
6199 13131
6199 24234
6199 23307
6200 24024
6200 22081
6200 15261
6200 15262
6200 15508
6200 15944
6200 14759
6200 17927
6200 12662
6200 24790
6200 25133
6200 24471
6201 17531
6201 18476
6201 27116
6201 18746
6201 23977
6201 26573
6201 14705
6202 12012
6202 18323
6202 22667
6202 15952
6202 18562
6202 18800
6202 20468
6202 18222
6202 20427
6202 20501
6202 23862
6202 22700
6202 11880
6202 11890
6202 18519
6203 12794
6203 14153
6203 23025
6203 16568
6203 22367
6203 23862
6203 24850
6203 24035
6204 12605
6204 12722
6204 12935
6204 14919
6204 19031
6204 21600
6204 22287
6204 24666
6204 24188
6204 24736
6204 25266
6204 24643
6204 27228
6204 27861
6205 20271
6205 12337
6205 12339
6205 23317
6205 14164
6205 18686
6205 19014
6205 25296
6205 19105
6206 17302
6206 14306
6206 13557
6206 17977
6206 15766
6206 15999
6206 13365
6206 14305
6206 15913
6206 17430
6206 19811
6206 15049
6206 23615
6206 18325
6206 19262
6206 24975
6206 16904
6206 20772
6206 15689
6206 13508
6207 25949
6207 16397
6207 26019
6207 22575
6207 25071
6207 26514
6207 22139
6208 19026
6208 25398
6208 25528
6208 22412
6208 26895
6208 11923
6208 20104
6208 13057
6208 18591
6208 25691
6208 26182
6208 27549
6208 16239
6208 19386
6208 27421
6208 27495
6208 27731
6208 20792
6208 27873
6209 12601
6209 19875
6209 20935
6209 21450
6209 23747
6209 22026
6209 22952
6209 24515
6209 26168
6209 26310
6209 27835
6209 21904
6209 27931
6209 27722
6209 27977
6210 24053
6210 12755
6210 12570
6210 12379
6210 19569
6210 17618
6210 17705
6210 21618
6210 22411
6210 16486
6211 20730
6211 24580
6211 14104
6211 19627
6211 25805
6211 12974
6212 16554
6212 17682
6212 20247
6212 24497
6212 15014
6212 26590
6212 15874
6213 22265
6213 19960
6213 24018
6213 14658
6213 12016
6213 16831
6213 20418
6213 25330
6213 25476
6213 25207
6213 18812
6213 19088
6213 23991
6213 27261
6213 19846
6213 22717
6214 19875
6214 22516
6214 20922
6214 20923
6214 15302
6214 15777
6214 21539
6214 23561
6214 24764
6214 21641
6214 25388
6214 22535
6214 23845
6214 20953
6214 18166
6214 25568
6214 19006
6214 25075
6214 25337
6214 24781
6214 26180
6214 26734
6214 27161
6214 15911
6214 27315
6214 26261
6214 18009
6215 13216
6215 14262
6215 12356
6215 17012
6215 17343
6215 19665
6215 22843
6215 16569
6215 23283
6215 19671
6215 16831
6215 21305
6215 17105
6215 19722
6215 25476
6215 26991
6216 25283
6216 26519
6216 27304
6216 26671
6216 24032
6216 12741
6216 19690
6216 27591
6216 25405
6216 27204
6216 27762
6216 27981
6216 27406
6216 26139
6216 21069
6216 28090
6217 13488
6217 12045
6217 13564
6217 15236
6217 16761
6217 12067
6217 12974
6217 20222
6217 25071
6217 25579
6217 24312
6217 21323
6217 27425
6217 13635
6217 23239
6217 19495
6217 24243
6217 18330
6218 22089
6218 26572
6218 17127
6218 25317
6218 26922
6218 26882
6219 20200
6219 20114
6219 20118
6219 14469
6219 23894
6219 27025
6219 24075
6220 25466
6220 24701
6220 26789
6220 18016
6220 14447
6220 26669
6220 25504
6220 26770
6220 22161
6221 12056
6221 15809
6221 15811
6221 15813
6221 19162
6221 21856
6221 15477
6221 13049
6221 21065
6221 21496
6221 24476
6221 26808
6222 22172
6222 21175
6222 19210
6222 21709
6222 23047
6222 13051
6222 14583
6222 20447
6222 18089
6222 12903
6222 16399
6222 21957
6222 14847
6222 15241
6222 16415
6222 12371
6222 23700
6222 23884
6222 16700
6222 20164
6222 16808
6222 22605
6222 18320
6222 12201
6222 12141
6223 15864
6223 12319
6223 12726
6223 12908
6223 14818
6223 17104
6223 14130
6223 16631
6223 11910
6223 13809
6223 18403
6223 17144
6223 15984
6223 14787
6223 12505
6223 18246
6223 17426
6223 15184
6223 14375
6223 15938
6223 20034
6223 13790
6223 11903
6223 21635
6223 11919
6223 11928
6223 13673
6224 24939
6224 25110
6224 25521
6224 25101
6224 21894
6224 25076
6224 26166
6224 25294
6224 11923
6224 26937
6224 27560
6224 27859
6224 27677
6224 28093
6225 15373
6225 12753
6225 13630
6225 19676
6225 15347
6225 24570
6225 26759
6225 23108
6225 17825
6226 24856
6226 20896
6226 13314
6226 20737
6226 20969
6226 20289
6226 22127
6226 19629
6226 25476
6226 26570
6227 24643
6227 19651
6227 24490
6227 25076
6227 25557
6227 26694
6227 27015
6227 27982
6227 26757
6227 28046
6228 13647
6228 12784
6228 13989
6228 14121
6228 12839
6228 12377
6228 15001
6228 21379
6228 12741
6229 14104
6229 16297
6229 12493
6229 12099
6229 20207
6229 25570
6229 17057
6229 12495
6229 13584
6229 19928
6229 13353
6229 14023
6229 15695
6229 15911
6229 14368
6229 18507
6229 12042
6229 25546
6229 26879
6229 26778
6229 25029
6229 27588
6229 13966
6229 19689
6229 27978
6229 26953
6229 27531
6230 24278
6230 22580
6230 26106
6230 25076
6230 26644
6230 26523
6230 23613
6230 27045
6230 27593
6230 27732
6230 28022
6230 28084
6231 11901
6231 18395
6231 12056
6231 13061
6231 16877
6231 13879
6231 13878
6231 11893
6231 21547
6231 23374
6231 16612
6231 18721
6231 22783
6231 21711
6231 23329
6231 16551
6231 24103
6231 26047
6231 26076
6231 16125
6231 17160
6231 18800
6231 25405
6231 27182
6231 26565
6231 27442
6231 27581
6231 24836
6231 25147
6231 26757
6231 27911
6232 25166
6232 12583
6232 25659
6232 12580
6232 12280
6232 12693
6232 20062
6232 27001
6232 26613
6233 12151
6233 21693
6233 16708
6233 24695
6233 15051
6233 16740
6233 24906
6233 14864
6233 19997
6233 23695
6233 25166
6233 20564
6233 21549
6233 21645
6233 20762
6233 12198
6233 14771
6234 21806
6234 22464
6234 18029
6234 21301
6234 13036
6234 18166
6235 21175
6235 12693
6235 12961
6235 17627
6235 19832
6235 20044
6235 19068
6235 15171
6235 20770
6235 13144
6235 21952
6235 16905
6235 22061
6235 15085
6235 12634
6235 24608
6235 25150
6235 24162
6235 24724
6235 12174
6235 23120
6235 12095
6235 26251
6235 24436
6235 22673
6235 26096
6235 26912
6235 27221
6235 27499
6235 27500
6235 27763
6235 27369
6235 14506
6235 27646
6235 27791
6235 25147
6235 27805
6235 26919
6235 27989
6236 13878
6236 21080
6236 16170
6236 26916
6236 22234
6236 18336
6237 24185
6237 19221
6237 24300
6237 22297
6237 27902
6237 17046
6238 12348
6238 12876
6238 15951
6238 12281
6238 13023
6238 13043
6238 16441
6238 24021
6238 17357
6238 19371
6238 23302
6239 17631
6239 19341
6239 20005
6239 23218
6239 15347
6240 12147
6240 18159
6240 16424
6240 17332
6240 17882
6240 20691
6240 22773
6240 12000
6240 17395
6240 19204
6240 13023
6240 13326
6240 13983
6240 17719
6240 26120
6240 24669
6240 24488
6240 21052
6240 21244
6240 24203
6240 25295
6240 22460
6240 23101
6240 18098
6240 19712
6240 22946
6240 27446
6241 23961
6241 12430
6241 12180
6241 12646
6241 14518
6242 12348
6242 13131
6242 23983
6242 12761
6242 22790
6242 23207
6242 15947
6242 17618
6242 18441
6242 20407
6242 17508
6242 23478
6242 25568
6242 26128
6242 19237
6242 13870
6242 23928
6242 22238
6242 12442
6242 15312
6242 22737
6242 26763
6242 27200
6242 27283
6242 27705
6242 27474
6243 24797
6243 12540
6243 14735
6243 16281
6243 26429
6243 25879
6244 24884
6244 26912
6244 23082
6244 19509
6244 27221
6244 28083
6244 28090
6245 23070
6245 24008
6245 26852
6245 19481
6245 27004
6245 27236
6246 22979
6246 13759
6246 16745
6246 22627
6246 23238
6247 12218
6247 12056
6247 13832
6247 14726
6247 11901
6247 13013
6247 21873
6247 20935
6247 21530
6247 21828
6247 18090
6247 21676
6247 24195
6247 23459
6247 23845
6247 25521
6247 22686
6247 27229
6247 27440
6247 20643
6247 27200
6248 11951
6248 12746
6248 19330
6248 16822
6248 23871
6248 22095
6248 25387
6249 15729
6249 14295
6249 16638
6249 17208
6249 22098
6249 14796
6249 18941
6249 24707
6249 23627
6250 12139
6250 12572
6250 13131
6250 15117
6250 16150
6250 17190
6250 20465
6250 20836
6250 22236
6250 22302
6250 23789
6250 15987
6250 21620
6250 22029
6251 12145
6251 12740
6251 21668
6251 16540
6251 22847
6251 23721
6251 17037
6251 24990
6251 26470
6251 21667
6251 23278
6251 26499
6251 22812
6251 27274
6251 27305
6251 27439
6252 12375
6252 12152
6252 12153
6252 12013
6252 12371
6252 14005
6253 13364
6253 15720
6253 22563
6253 17358
6253 22270
6253 20852
6253 14596
6253 26690
6253 22117
6254 23189
6254 14454
6254 22425
6254 15766
6254 18911
6254 21290
6254 13049
6254 24502
6254 19176
6254 14054
6255 11994
6255 12417
6255 14469
6255 17683
6255 19177
6255 15074
6255 17189
6255 19365
6255 19690
6255 20535
6255 15774
6255 12319
6256 12662
6256 25829
6256 17509
6256 17704
6256 17656
6257 13710
6257 18336
6257 24586
6257 23906
6257 23945
6257 18972
6257 15143
6257 18828
6257 25337
6257 20301
6257 26995
6257 27041
6257 23118
6257 27295
6257 13584
6257 27981
6257 28084
6258 15444
6258 15506
6258 14697
6258 25805
6258 11882
6258 28065
6258 28094
6259 12157
6259 18172
6259 14336
6259 15894
6259 21141
6259 25053
6259 26261
6260 13035
6260 24378
6260 25712
6260 27201
6260 26995
6260 14549
6260 27724
6260 27732
6260 27737
6260 14081
6260 26685
6260 27208
6260 27618
6260 28044
6260 28084
6261 12366
6261 22740
6261 22952
6261 23517
6261 24969
6261 23459
6261 25652
6261 26055
6261 24490
6261 25712
6261 24138
6261 11923
6261 26412
6261 27121
6261 26886
6261 14506
6261 27416
6261 27859
6261 27991
6261 27660
6262 27852
6262 12669
6262 23799
6262 14081
6262 14607
6263 19024
6263 22193
6263 15222
6263 17600
6263 17091
6263 22822
6263 12936
6263 23471
6264 16857
6264 22304
6264 22335
6264 17096
6264 18236
6264 22810
6264 11917
6264 13400
6264 15647
6264 19125
6264 22432
6264 13653
6264 15846
6264 19615
6264 21572
6264 11916
6264 23250
6264 17925
6264 24356
6264 13069
6264 13506
6264 26461
6264 12655
6264 19424
6264 20596
6264 21862
6264 26038
6264 13838
6265 11867
6265 12599
6265 13289
6265 18173
6265 18528
6265 13308
6265 16179
6266 23607
6266 23046
6266 12603
6266 22697
6266 25110
6266 26690
6266 24571
6267 21474
6267 24167
6267 26203
6267 27171
6267 27731
6268 13070
6268 15286
6268 14081
6268 19060
6268 14114
6268 19470
6268 14123
6268 18088
6268 18360
6268 22972
6268 18410
6268 22064
6268 13739
6268 12678
6268 14318
6268 15549
6268 19435
6268 24899
6268 15409
6268 17832
6268 15039
6268 16910
6268 26593
6269 14244
6269 14205
6269 18425
6269 15463
6269 15911
6269 23720
6270 22396
6270 14327
6270 16970
6270 23059
6270 24141
6270 17039
6270 24274
6270 21593
6270 24506
6270 25515
6270 18817
6270 20429
6270 18909
6270 24628
6270 27202
6270 26049
6270 26084
6270 19028
6271 12936
6271 14579
6271 14623
6271 17004
6271 19543
6271 20615
6271 11865
6271 12055
6271 12139
6271 12406
6271 16277
6271 19537
6271 18911
6271 17240
6272 23075
6272 24385
6272 17822
6272 18508
6272 25942
6272 23264
6272 27110
6272 23116
6272 27542
6272 27982
6272 25147
6272 28075
6273 19492
6273 16885
6273 23447
6273 23780
6273 27227
6273 26365
6274 19520
6274 24119
6274 22553
6274 19974
6274 12701
6274 15793
6275 13296
6275 15121
6275 22111
6275 25854
6275 15549
6275 13478
6276 13816
6276 13196
6276 14183
6276 16883
6276 17202
6276 20253
6276 20782
6276 20674
6276 21242
6276 18929
6276 13649
6276 23217
6276 21711
6276 18493
6276 23906
6276 21000
6276 24669
6276 24253
6276 23905
6276 22002
6276 23983
6276 25863
6276 25337
6276 25076
6276 26077
6276 25558
6276 11923
6276 26333
6276 27010
6276 27162
6276 26529
6276 24032
6276 25975
6276 27274
6276 27609
6276 27705
6276 26757
6276 27406
6277 22023
6277 14445
6277 18978
6277 20745
6277 20837
6277 11886
6277 14234
6277 20124
6277 25301
6278 13230
6278 15187
6278 13233
6278 17695
6278 14086
6278 13488
6278 14275
6278 16303
6278 16538
6278 19483
6278 17810
6278 24153
6278 20757
6278 20375
6278 23339
6278 14223
6278 15915
6279 12164
6279 15731
6279 14270
6279 17718
6279 14223
6279 20638
6279 16970
6279 16805
6279 23518
6279 23294
6279 26078
6279 22209
6279 23642
6279 24769
6279 25403
6279 27184
6279 27523
6279 27732
6279 27513
6279 27855
6279 26049
6279 27901
6279 27843
6279 27539
6279 26139
6279 27406
6279 28025
6280 12755
6280 15625
6280 16950
6280 12654
6280 12134
6280 12198
6280 14698
6280 16503
6280 15968
6280 23478
6280 21459
6280 22181
6280 16032
6281 18065
6281 16818
6281 15645
6281 13557
6281 18670
6281 11920
6281 11921
6281 18467
6281 14252
6281 21383
6281 11872
6281 14962
6281 14486
6281 24169
6281 22003
6281 17847
6281 13204
6281 21000
6281 24670
6281 25870
6281 23599
6281 22550
6281 25988
6281 26247
6281 25712
6281 26260
6281 15161
6281 26996
6281 24454
6281 27334
6281 27560
6281 25267
6281 27283
6281 21332
6281 13015
6281 26738
6281 27665
6281 27911
6281 27590
6282 23387
6282 17052
6282 20137
6282 26980
6282 27219
6282 26143
6282 27212
6283 16949
6283 15317
6283 14892
6283 19029
6283 20533
6283 21176
6283 19363
6283 23362
6283 23517
6283 24188
6283 24435
6283 19934
6283 24608
6283 24808
6283 24536
6283 24577
6283 24187
6283 25806
6283 24494
6283 26172
6283 26313
6283 24287
6283 24300
6283 25779
6283 25800
6283 26406
6283 27229
6283 27729
6283 26797
6283 27641
6283 27836
6283 27859
6283 26924
6283 27861
6283 27876
6283 27175
6283 27984
6284 17982
6284 12057
6284 14518
6284 14121
6284 12026
6284 17358
6284 12763
6284 12003
6285 23566
6285 23219
6285 24808
6285 16954
6285 22278
6285 23459
6285 25601
6285 25568
6285 25846
6285 26069
6285 24300
6285 26164
6285 24802
6285 25294
6285 26522
6285 26113
6285 27172
6285 27388
6285 27437
6285 26960
6285 26784
6285 27581
6285 27839
6285 27901
6286 12566
6286 26777
6286 23343
6286 13048
6286 23263
6286 23590
6287 12676
6287 18175
6287 24116
6287 24587
6287 21668
6287 23905
6287 25652
6287 26839
6287 27899
6288 14106
6288 14637
6288 17309
6288 21959
6288 13077
6288 14178
6288 15790
6288 17995
6288 12549
6288 19204
6288 19205
6288 20181
6288 12845
6288 16432
6289 16355
6289 20403
6289 12197
6289 15482
6289 17466
6289 20654
6290 20959
6290 12986
6290 12988
6290 13500
6290 18129
6290 19778
6290 13499
6290 14121
6290 14323
6290 23590
6290 24594
6290 18721
6290 19049
6291 18631
6291 20123
6291 22615
6291 14304
6291 15450
6291 15816
6291 23123
6291 20871
6292 13478
6292 23230
6292 16424
6292 18574
6292 18570
6292 18943
6292 24219
6292 16625
6292 22730
6292 25447
6292 19702
6293 12465
6293 19595
6293 24764
6293 24945
6293 25844
6293 27624
6293 27285
6293 27193
6293 27969
6294 16595
6294 13131
6294 13887
6294 20923
6294 22477
6294 17668
6294 18824
6294 13353
6294 19006
6294 22543
6294 18293
6294 11912
6294 15809
6294 20263
6294 13095
6294 15639
6294 15643
6294 17772
6294 21194
6294 22831
6294 24535
6294 25440
6294 25679
6294 15619
6294 25312
6295 12521
6295 15369
6295 15192
6295 20103
6295 22440
6295 22300
6295 12004
6295 20405
6295 27169
6295 23177
6295 12430
6295 16374
6295 22070
6295 20846
6295 25111
6296 22572
6296 20173
6296 23632
6296 26193
6296 25360
6296 18671
6297 21759
6297 26289
6297 22185
6297 21135
6297 26750
6297 26853
6297 13228
6297 14132
6297 22547
6297 14131
6298 12381
6298 13625
6298 16549
6298 16438
6298 16809
6298 13626
6298 13989
6298 17130
6298 16112
6298 18864
6298 12384
6298 18994
6298 18655
6298 13984
6298 19857
6298 15247
6298 23167
6298 23519
6298 26567
6298 22526
6298 16965
6299 12278
6299 16611
6299 20555
6299 23606
6299 24822
6299 17399
6300 15014
6300 25962
6300 12861
6300 20535
6300 18714
6300 23993
6300 24492
6301 14840
6301 12194
6301 13229
6301 18718
6301 13954
6301 17192
6301 17459
6301 18884
6301 15126
6301 15700
6301 23072
6302 15895
6302 14811
6302 26620
6302 24051
6302 13126
6302 23418
6302 13704
6302 19691
6302 27199
6302 20375
6302 20540
6302 23417
6302 26288
6303 22545
6303 19995
6303 13220
6303 17105
6303 12915
6303 12039
6303 12040
6303 14327
6303 21311
6303 16970
6303 16995
6303 25575
6303 20775
6303 24695
6303 26906
6303 21591
6303 26728
6303 27199
6303 26989
6303 27145
6303 27609
6303 27203
6303 27941
6303 23318
6303 27139
6303 27671
6303 27617
6303 27945
6303 27925
6303 28029
6304 15881
6304 16560
6304 25133
6304 17374
6304 15507
6305 13565
6305 17029
6305 16412
6305 19325
6305 15412
6305 15645
6305 16472
6305 22296
6305 14186
6305 12693
6305 15136
6305 21294
6305 16831
6306 15593
6306 17736
6306 18635
6306 14502
6306 26883
6307 18025
6307 24274
6307 25021
6307 26184
6307 26346
6307 22980
6307 23642
6307 26897
6307 23343
6307 23296
6307 26113
6307 27010
6307 27233
6307 26777
6307 27028
6307 23787
6307 17784
6307 26740
6307 20834
6307 27624
6307 27804
6307 24026
6307 20792
6307 21009
6307 25653
6307 25837
6307 26718
6307 26139
6308 14848
6308 13406
6308 19451
6308 17829
6308 18533
6309 18194
6309 21667
6309 24639
6309 24666
6309 25076
6310 12201
6310 16603
6310 18891
6310 23986
6310 24074
6310 15665
6310 26562
6311 19415
6311 20904
6311 24198
6311 24539
6311 16478
6311 24008
6311 17614
6311 15235
6311 17969
6311 19865
6311 24807
6311 13678
6311 26235
6311 27122
6311 13641
6311 21154
6311 21833
6311 18233
6311 26142
6311 20663
6311 26188
6312 18648
6312 24179
6312 24764
6312 22861
6312 13937
6313 13704
6313 17237
6313 17293
6313 22054
6313 19798
6313 27111
6314 21220
6314 14837
6314 15507
6314 16675
6314 17093
6314 17761
6314 18041
6314 18467
6314 21668
6314 22004
6314 17085
6314 13638
6314 16891
6314 17354
6314 19588
6314 21636
6314 23558
6315 12563
6315 15785
6315 15095
6315 12175
6315 16608
6315 14613
6315 13246
6315 16456
6315 14024
6315 17020
6315 20501
6315 18063
6315 13271
6315 20500
6315 21957
6316 13843
6316 15500
6316 18267
6316 19069
6316 22025
6316 17825
6316 21392
6316 13974
6317 26055
6317 26309
6317 27283
6317 27609
6317 27416
6317 27991
6317 27906
6317 27660
6317 28040
6317 28065
6317 28094
6318 12026
6318 12629
6318 18991
6318 24219
6318 27731
6319 23515
6319 24378
6319 25768
6319 24841
6319 27819
6319 27984
6319 28044
6320 17125
6320 18011
6320 13989
6320 18570
6320 11890
6320 15911
6320 22523
6320 12693
6320 20518
6320 27247
6321 19590
6321 15132
6321 17417
6321 19560
6321 12790
6321 18994
6321 21766
6321 21520
6321 13512
6321 13517
6321 13544
6322 18459
6322 14465
6322 11877
6322 12759
6322 15507
6322 18263
6322 19546
6322 13427
6322 16527
6322 23683
6322 24588
6322 24589
6322 24047
6322 20003
6322 25365
6322 15529
6322 24480
6322 25500
6322 13924
6322 26640
6322 27259
6322 26403
6322 20901
6322 27542
6322 27474
6323 12668
6323 22006
6323 24023
6323 26808
6323 25294
6323 21591
6323 26772
6323 27204
6323 27860
6324 12721
6324 15009
6324 19498
6324 14591
6324 17424
6324 22042
6324 23520
6324 13416
6324 16950
6324 26749
6324 13984
6324 19335
6324 14287
6325 12392
6325 14689
6325 16949
6325 19132
6325 18912
6325 20701
6325 21159
6325 17124
6326 12201
6326 24787
6326 25595
6326 17585
6326 19615
6327 14677
6327 21338
6327 17159
6327 15733
6327 25476
6327 25477
6327 12016
6327 13768
6327 14563
6327 20498
6327 13689
6327 18238
6327 24783
6328 19290
6328 19969
6328 15772
6328 16339
6328 19506
6328 20224
6328 22386
6328 20555
6328 21808
6328 15166
6328 13045
6328 21953
6328 13365
6328 12085
6329 19975
6329 17957
6329 14062
6329 18331
6329 22679
6330 22659
6330 13419
6330 15468
6330 15677
6330 18450
6330 18607
6330 25652
6330 20581
6330 25519
6330 17291
6330 21984
6330 24638
6330 25266
6330 17668
6330 23923
6330 24197
6330 24956
6330 13991
6330 25602
6330 22039
6330 26500
6330 23419
6330 19558
6330 22506
6330 23608
6330 22412
6330 11923
6330 18734
6330 27705
6330 25908
6330 27991
6331 21475
6331 22782
6331 19902
6331 24033
6331 19664
6331 25565
6331 22858
6331 25101
6331 22000
6331 25967
6331 24910
6331 24662
6331 27081
6331 12139
6331 27436
6331 27355
6331 24045
6331 27376
6331 27673
6331 27674
6331 28084
6332 14844
6332 12801
6332 12842
6332 12844
6332 14742
6332 13392
6332 19281
6332 14880
6332 22856
6333 26930
6333 26960
6333 27240
6333 27045
6333 27085
6333 26820
6333 27345
6333 27551
6333 24045
6333 27283
6333 27835
6333 27202
6333 27833
6333 27857
6333 27358
6333 27876
6333 27860
6333 27990
6333 28084
6334 13021
6334 17406
6334 18895
6334 18919
6334 13374
6334 12190
6334 12272
6334 12855
6334 13084
6334 13217
6334 13296
6334 13985
6334 14614
6334 15061
6334 15549
6334 16402
6334 17190
6334 17976
6334 18246
6334 18612
6334 18647
6334 18714
6334 20473
6334 21373
6334 12067
6334 13268
6334 15900
6334 16275
6334 18174
6334 20812
6334 21080
6334 21576
6334 24573
6334 22757
6335 14481
6335 17464
6335 20416
6335 17456
6335 14368
6335 13653
6335 25576
6335 22951
6335 23569
6335 27657
6336 24666
6336 24956
6336 26345
6336 27637
6336 27833
6336 27930
6336 28021
6336 27406
6337 12366
6337 14096
6337 23117
6337 24183
6337 24621
6337 25076
6337 27172
6338 15311
6338 21498
6338 19702
6338 19401
6338 17711
6338 21507
6338 12753
6338 17490
6338 25790
6338 26332
6338 19006
6338 22070
6338 20750
6338 25458
6338 23945
6338 24275
6338 25265
6338 21593
6338 14759
6338 17805
6338 17821
6338 22889
6339 20063
6339 20421
6339 26234
6339 26827
6339 23953
6339 25387
6339 26580
6339 28000
6340 23512
6340 23110
6340 12891
6340 15785
6340 26634
6340 25756
6340 17684
6340 21219
6340 27468
6340 13481
6341 12366
6341 12348
6341 12651
6341 12701
6341 13087
6341 13725
6341 17039
6341 20992
6341 21549
6341 18924
6341 18266
6342 19073
6342 26165
6342 26313
6342 27269
6342 27891
6343 12246
6343 12266
6343 12281
6343 13389
6343 21397
6343 21990
6343 22284
6343 21653
6343 17309
6343 17242
6343 27596
6343 25906
6343 27362
6343 27829
6343 20793
6343 25194
6343 23885
6343 26016
6343 27744
6344 14607
6344 14728
6344 14846
6344 21274
6344 23686
6344 24537
6344 13330
6344 15360
6344 24808
6344 24722
6344 24534
6344 14623
6344 12814
6344 26341
6344 26401
6344 26128
6344 26340
6344 26533
6344 23355
6344 24820
6344 27028
6344 27079
6344 27257
6344 27332
6344 27368
6344 27285
6344 27981
6344 27901
6344 27592
6344 27967
6344 27925
6344 27911
6344 28046
6345 13917
6345 24186
6345 25150
6345 24328
6345 27966
6346 23117
6346 21813
6346 23515
6346 23681
6346 22994
6346 22350
6346 23264
6346 26638
6346 20792
6346 24026
6347 24587
6347 24666
6347 18276
6347 23642
6347 25712
6347 27388
6347 26924
6347 27813
6347 27910
6348 18125
6348 13530
6348 20632
6348 23772
6348 24527
6349 17375
6349 14766
6349 20803
6349 16730
6349 12482
6349 17282
6349 16831
6349 27346
6349 26891
6350 13129
6350 15825
6350 26250
6350 14055
6350 15543
6350 13989
6350 14189
6350 16665
6350 27256
6350 16965
6350 26094
6350 13810
6350 18446
6350 20937
6350 23009
6350 19733
6350 26077
6350 25791
6350 26809
6350 26743
6350 27045
6350 27560
6350 26270
6350 26772
6350 27956
6350 28075
6351 14104
6351 22711
6351 12139
6351 14980
6351 17505
6351 20245
6351 14869
6351 17268
6351 17968
6351 13131
6351 17732
6351 14076
6351 20785
6351 15415
6351 19337
6351 27838
6352 25601
6352 21894
6352 25570
6352 22298
6352 25558
6352 23812
6352 27855
6353 22583
6353 25713
6353 12139
6353 14130
6353 26201
6353 16756
6353 12034
6353 20896
6353 20605
6354 24584
6354 15766
6354 23897
6354 25287
6354 25516
6354 24643
6354 20429
6354 26614
6354 25111
6354 12439
6354 23781
6354 25253
6354 27389
6354 27221
6354 27139
6354 27416
6354 27717
6354 27641
6355 25216
6355 26401
6355 25144
6355 21814
6355 21815
6356 11950
6356 12005
6356 12112
6356 12945
6356 12944
6356 12822
6356 15344
6356 13791
6356 14201
6356 13886
6356 11911
6356 12348
6356 13452
6356 14615
6356 15836
6356 13129
6356 12798
6356 11870
6356 11905
6356 13095
6356 15314
6357 16099
6357 19797
6357 19953
6357 23419
6357 24275
6358 15549
6358 18084
6358 12030
6358 27075
6358 27515
6358 25058
6359 22908
6359 25489
6359 26221
6359 20922
6359 25051
6359 26461
6359 26546
6359 27220
6359 24571
6359 17699
6360 21285
6360 18753
6360 23117
6360 23361
6360 24435
6360 26937
6361 23531
6361 21586
6361 24705
6361 15235
6361 20061
6361 26839
6361 19351
6361 16234
6361 18951
6361 25428
6361 21299
6361 17994
6361 20116
6362 12084
6362 17418
6362 16804
6362 24451
6362 17412
6362 26305
6362 22920
6362 22987
6362 24278
6362 27788
6363 24135
6363 22129
6363 24037
6363 20741
6363 16914
6363 25794
6364 14256
6364 22771
6364 25622
6364 16576
6364 25297
6364 16481
6364 16814
6365 19745
6365 19670
6365 14000
6365 18470
6365 19108
6365 18033
6366 13271
6366 13531
6366 23284
6366 13605
6366 13667
6366 14674
6366 16141
6366 16162
6366 17613
6366 18084
6366 18879
6366 20829
6366 23570
6366 24853
6366 25712
6366 26476
6366 27576
6366 13013
6366 16424
6366 16507
6366 25093
6366 13888
6366 14518
6366 17209
6366 25529
6367 11887
6367 17516
6367 12178
6367 20398
6367 26388
6367 14593
6367 20836
6368 14683
6368 11841
6368 17128
6368 13328
6368 15295
6368 13887
6368 17929
6368 18949
6368 18463
6368 12598
6368 18263
6368 21866
6368 15775
6368 20197
6368 17963
6368 25476
6368 25703
6368 21761
6368 13064
6368 23172
6368 19702
6368 16155
6368 23377
6368 15737
6368 12151
6368 13801
6368 25071
6368 25739
6368 23347
6369 18445
6369 19290
6369 19415
6369 18978
6369 19634
6369 23663
6369 26647
6369 13271
6369 14138
6369 15770
6369 21236
6369 24348
6369 24913
6369 27256
6369 17060
6369 13011
6369 16424
6369 16729
6369 19514
6369 22422
6369 17463
6369 23030
6369 23327
6369 26107
6369 21594
6370 13049
6370 12864
6370 20015
6370 22097
6370 16401
6370 19176
6370 20613
6371 14502
6371 20226
6371 24892
6371 14287
6371 16143
6371 17412
6371 22045
6371 25083
6372 13238
6372 17094
6372 17418
6372 17451
6372 14191
6372 19024
6372 17560
6372 12141
6372 15195
6373 14397
6373 21741
6373 18309
6373 22277
6373 19064
6373 22616
6373 25648
6373 16991
6374 14024
6374 19367
6374 14469
6374 16395
6374 18068
6374 20819
6374 20821
6374 23087
6375 26319
6375 15557
6375 17337
6375 16116
6375 12175
6376 15393
6376 13784
6376 17740
6376 13222
6376 16167
6376 17864
6376 14178
6376 11912
6376 17243
6376 23065
6376 12405
6376 13326
6376 17933
6376 23151
6377 12150
6377 12348
6377 12738
6377 15261
6377 15262
6377 16631
6377 17568
6377 17856
6377 18267
6377 20525
6377 21838
6377 21913
6377 26250
6377 12627
6377 20672
6377 21487
6378 22130
6378 24529
6378 28087
6378 25997
6378 15207
6378 22295
6378 26299
6378 11953
6379 12876
6379 12741
6379 15671
6379 14628
6379 16627
6379 21683
6379 22034
6379 20973
6379 18559
6379 27304
6379 24867
6379 17858
6379 24883
6379 25482
6379 18342
6379 19290
6379 15219
6380 26210
6380 27256
6380 21587
6380 21571
6380 21661
6380 15201
6380 16294
6380 19701
6380 21443
6380 24714
6380 26204
6380 26791
6380 22705
6380 18527
6380 21549
6380 19280
6380 16075
6380 12000
6381 21031
6381 14757
6381 12252
6381 15186
6381 19615
6381 16970
6381 14538
6381 16923
6382 14263
6382 18184
6382 13767
6382 12693
6382 21898
6382 21900
6382 12151
6382 23823
6382 14282
6382 21666
6382 25418
6382 19615
6382 16962
6382 23279
6382 14985
6382 20300
6382 19418
6382 26177
6382 25009
6382 16385
6382 16930
6382 19139
6382 19415
6382 16905
6382 19977
6382 22664
6383 19934
6383 24666
6383 24764
6383 24577
6383 25076
6383 25144
6383 26260
6384 22038
6384 16112
6384 20444
6384 19433
6384 21779
6384 14223
6384 24277
6384 19847
6384 15187
6384 22936
6384 12139
6384 26203
6385 15320
6385 18648
6385 27609
6385 21446
6385 27991
6385 28073
6385 28005
6386 12815
6386 19029
6386 19073
6386 18753
6386 18220
6386 21654
6386 25601
6386 25941
6386 26522
6386 22007
6387 22462
6387 20746
6387 18743
6387 12210
6387 22779
6387 19481
6387 17450
6387 21675
6387 19028
6387 22858
6387 19290
6387 20880
6387 19985
6387 14036
6387 15558
6387 22089
6387 23621
6387 14034
6387 14940
6387 17451
6387 12211
6387 14543
6387 18267
6387 19318
6387 17337
6387 12439
6387 15665
6387 13115
6387 28040
6387 28065
6388 22026
6388 24736
6388 21894
6388 26079
6388 23613
6389 12615
6389 17937
6389 13499
6389 15505
6389 19415
6389 21000
6389 17958
6389 15199
6389 22379
6389 19065
6389 25791
6389 18084
6389 27361
6389 27283
6389 27911
6390 18456
6390 23605
6390 24636
6390 23112
6390 12966
6391 16907
6391 20203
6391 23068
6391 12016
6391 20421
6391 18534
6391 13763
6391 24296
6391 13336
6392 16514
6392 16636
6392 15430
6392 13566
6392 22031
6393 23515
6393 24666
6393 25492
6393 21894
6393 25772
6393 22348
6393 27609
6394 24666
6394 25568
6394 24956
6394 25505
6394 24646
6394 21228
6394 27240
6394 27525
6394 27552
6394 27931
6394 28045
6395 16514
6395 21255
6395 18556
6395 25122
6395 12603
6396 26025
6396 26826
6396 13131
6396 13166
6396 17792
6396 18084
6396 14610
6396 15445
6396 25111
6396 25557
6396 14670
6396 14573
6396 19353
6396 19461
6396 21216
6396 23254
6396 26821
6396 24388
6396 27675
6396 27726
6396 27775
6396 27616
6396 23332
6396 28046
6397 22298
6397 26208
6397 27085
6397 27441
6397 27764
6398 21828
6398 21822
6398 23559
6398 24417
6398 24608
6398 23989
6398 26500
6398 25566
6398 27332
6399 13132
6399 14730
6399 20222
6399 17325
6399 12141
6399 12027
6399 12364
6399 15725
6399 16808
6399 20560
6399 20717
6399 22440
6399 13851
6399 18376
6399 19496
6399 21325
6399 12937
6399 19435
6399 22966
6399 13675
6400 24701
6400 16235
6400 20259
6400 12679
6400 20170
6400 25122
6400 26754
6400 18236
6400 15446
6400 19529
6400 19988
6400 14075
6400 27251
6400 27684
6400 27779
6400 24145
6400 22683
6400 17224
6400 26750
6401 23680
6401 18661
6401 25566
6401 27528
6401 27401
6402 24981
6402 22374
6402 23388
6402 23645
6402 16667
6402 20423
6403 22399
6403 23265
6403 12801
6403 24580
6403 27159
6404 18395
6404 21242
6404 15493
6404 24764
6404 24585
6404 24841
6404 21591
6404 26945
6404 27732
6404 27615
6404 28021
6404 28039
6405 15331
6405 16058
6405 16359
6405 18800
6405 18854
6405 19819
6405 15284
6405 15468
6406 12049
6406 14853
6406 15006
6406 17204
6406 14518
6406 18696
6406 13553
6406 22694
6406 27069
6407 12430
6407 19116
6407 13463
6407 15298
6407 18848
6407 24857
6408 12339
6408 15428
6408 26570
6408 13553
6408 14143
6408 22125
6408 24738
6409 21627
6409 26570
6409 25290
6409 25135
6409 23955
6409 20792
6409 13474
6410 12243
6410 15123
6410 23914
6410 14659
6410 20647
6410 20998
6410 19988
6410 13087
6410 14101
6410 15053
6410 16836
6410 21435
6410 21492
6410 21916
6410 26300
6411 13777
6411 14200
6411 17448
6411 12518
6411 14585
6411 22145
6411 24727
6411 14510
6411 25232
6411 14584
6412 23422
6412 25164
6412 15317
6412 20935
6412 20936
6412 24884
6413 21361
6413 25570
6413 24464
6413 16603
6413 13884
6413 23831
6413 12801
6413 27669
6413 26543
6413 26789
6413 15104
6413 19436
6414 14618
6414 13938
6414 13225
6414 16955
6414 18280
6414 13985
6414 12916
6414 15143
6415 12303
6415 13922
6415 23928
6415 24162
6415 24536
6415 26164
6415 25654
6415 26224
6415 26644
6415 24871
6415 27698
6415 27861
6416 14736
6416 25662
6416 25910
6416 13506
6416 15960
6417 12572
6417 13984
6417 17586
6417 18571
6417 21244
6417 22858
6417 24044
6417 21537
6417 21746
6417 24156
6418 21367
6418 27306
6418 27121
6418 20834
6418 25116
6418 23353
6418 14517
6418 25405
6418 26694
6418 27495
6418 27729
6418 27361
6418 27614
6418 27847
6418 27902
6418 23318
6418 25653
6418 27861
6418 27876
6418 27859
6418 25837
6418 27860
6418 26925
6418 27899
6419 16841
6419 20375
6419 18051
6419 19802
6419 16832
6419 26028
6419 18058
6419 22418
6419 15282
6420 14881
6420 16700
6420 20502
6420 20911
6420 21141
6420 21198
6420 22206
6420 23150
6420 23350
6421 24224
6421 25344
6421 18363
6421 20073
6421 22683
6421 24993
6421 24994
6422 15533
6422 14024
6422 21635
6422 16986
6422 16128
6422 16638
6423 21505
6423 16640
6423 20906
6423 13882
6423 22242
6423 18335
6423 20192
6423 12824
6423 16861
6423 17601
6423 19295
6423 14452
6423 27548
6423 15822
6423 12693
6423 19980
6423 20314
6423 15286
6423 17692
6423 18807
6423 21019
6423 20633
6423 12752
6423 12566
6423 12569
6424 20565
6424 12922
6424 19176
6424 16681
6424 21922
6425 25748
6425 27059
6425 27401
6425 20901
6425 27729
6425 14506
6425 27369
6425 27867
6425 27156
6426 17357
6426 14889
6426 20224
6426 15904
6426 23134
6427 12927
6427 15542
6427 26078
6427 15646
6427 25654
6427 22145
6427 27729
6427 27705
6427 27764
6427 26783
6427 27985
6427 27971
6427 27051
6428 24422
6428 14381
6428 21294
6428 21290
6428 24843
6428 27170
6428 27316
6428 18611
6428 21441
6428 21442
6428 14327
6428 17039
6428 20375
6428 24095
6429 26923
6429 26966
6429 26969
6429 15072
6429 14344
6429 16373
6429 21731
6429 22073
6429 18484
6429 16758
6429 12151
6429 14506
6429 24857
6429 28021
6429 27955
6430 14967
6430 22374
6430 23886
6430 24423
6430 12807
6430 13603
6430 16224
6430 16719
6430 20744
6430 20760
6431 13131
6431 14910
6431 15465
6431 22438
6431 26509
6431 15803
6431 17656
6431 18721
6431 22982
6431 13811
6432 15175
6432 12693
6432 15821
6432 17723
6432 12625
6432 19367
6432 18138
6432 24460
6432 22826
6432 25941
6432 26644
6432 26606
6432 27495
6433 11847
6433 23815
6433 24161
6433 27434
6433 27367
6433 27379
6434 15187
6434 22779
6434 12974
6434 15645
6434 15785
6434 26285
6434 19461
6435 12367
6435 11957
6435 18694
6435 18883
6435 22570
6435 23906
6435 24124
6435 24510
6435 21255
6435 26131
6435 26492
6435 25768
6435 26096
6435 27162
6435 23529
6435 27121
6435 25068
6435 26049
6435 27891
6435 27901
6435 27677
6436 16424
6436 12147
6436 13584
6436 24197
6436 11878
6436 17278
6436 16287
6436 26915
6436 25575
6436 16874
6436 25713
6437 18060
6437 22275
6437 23364
6437 13134
6437 16646
6437 24629
6437 22418
6437 15749
6438 16965
6438 23982
6438 25677
6438 24658
6438 27010
6438 27199
6438 26995
6438 26429
6438 15185
6438 20834
6438 21415
6438 27527
6438 27673
6438 27534
6438 27672
6438 27844
6438 18857
6438 27882
6438 27406
6438 27592
6439 12131
6439 12114
6439 12127
6439 12518
6439 18648
6439 15723
6439 20674
6439 22891
6439 17847
6439 21000
6439 24274
6439 25520
6439 26185
6439 27513
6439 27069
6440 13428
6440 24344
6440 24941
6440 24942
6440 27141
6441 20754
6441 21873
6441 23517
6441 13761
6441 24589
6441 24116
6441 21000
6441 19588
6441 18900
6441 25460
6441 25943
6441 24293
6441 25503
6441 11923
6441 25483
6441 26113
6441 26930
6441 27210
6441 17263
6441 20834
6441 14517
6441 27593
6441 27865
6441 27696
6441 27697
6441 27704
6442 20896
6442 19961
6442 23475
6442 24195
6442 23361
6442 21828
6442 24666
6442 27255
6442 14889
6443 15035
6443 15510
6443 19068
6443 21804
6443 22062
6443 24184
6443 24033
6443 24427
6443 20232
6443 25460
6443 26810
6443 26430
6443 20834
6443 27833
6443 27865
6444 25565
6444 19353
6444 15858
6444 13650
6444 19568
6444 20292
6444 15642
6444 18236
6444 19001
6444 23922
6444 12056
6444 23777
6444 13976
6444 23266
6445 15825
6445 16394
6445 13573
6445 12535
6445 21506
6445 18286
6445 12642
6446 12682
6446 22822
6446 22778
6446 13929
6446 14670
6446 22559
6447 20945
6447 25803
6447 16522
6447 24503
6447 26242
6448 20010
6448 20434
6448 20564
6448 23906
6448 15533
6448 23897
6448 14826
6448 26895
6448 27201
6448 22394
6448 13709
6448 27672
6448 27641
6448 27891
6448 25147
6448 27881
6448 21074
6448 26864
6448 28021
6448 28075
6448 28084
6449 17469
6449 14878
6449 15221
6449 16190
6449 19073
6449 22061
6449 22094
6449 24078
6449 18961
6449 27118
6449 27282
6449 27498
6449 25748
6449 27254
6449 27361
6449 27624
6450 16750
6450 25211
6450 14440
6450 22858
6450 17928
6450 27991
6451 12983
6451 14736
6451 11934
6451 13938
6451 24118
6451 22726
6452 20375
6452 16617
6452 16287
6452 22350
6452 23594
6452 23390
6452 14415
6452 18070
6452 12348
6452 16667
6452 20117
6452 24326
6452 26821
6453 13392
6453 24469
6453 21355
6453 23459
6453 22718
6453 25568
6453 26022
6453 26056
6453 26163
6453 26874
6453 26450
6453 26474
6453 24662
6453 27090
6453 26771
6453 26772
6453 24976
6453 26565
6453 27204
6453 25777
6453 27358
6453 27972
6454 20825
6454 19626
6454 24838
6454 15165
6454 22198
6454 20318
6454 22738
6454 25081
6454 24767
6454 20027
6455 15161
6455 16789
6455 12112
6455 17395
6455 20676
6455 14959
6455 15646
6455 20615
6455 13087
6455 24635
6455 24640
6455 13565
6455 17466
6456 17770
6456 26482
6456 20375
6456 24153
6456 23799
6457 21450
6457 15808
6457 24590
6457 25675
6457 27865
6457 27715
6458 15543
6458 13982
6458 20735
6458 12931
6458 19065
6458 24976
6458 26329
6458 18634
6458 16551
6458 27019
6458 16424
6458 17126
6458 19947
6458 21282
6458 15574
6459 22643
6459 25098
6459 13177
6459 13151
6459 16138
6459 20896
6459 22124
6459 26370
6460 15299
6460 17055
6460 16361
6460 14880
6460 17039
6460 20672
6461 17828
6461 26445
6461 19904
6461 25108
6461 25392
6461 16481
6462 25082
6462 13482
6462 16424
6462 17224
6462 23054
6463 18746
6463 18711
6463 19351
6463 13004
6463 26060
6464 12696
6464 12157
6464 16916
6464 13365
6464 14290
6464 12540
6464 13076
6464 22523
6465 25602
6465 25076
6465 26643
6465 27206
6465 27456
6465 26996
6465 27440
6465 27984
6465 27920
6466 15894
6466 12672
6466 13345
6466 12974
6466 14345
6466 15140
6466 15695
6466 17274
6466 19256
6466 22704
6466 24284
6466 25587
6466 26437
6466 26719
6466 14024
6466 16008
6466 21141
6466 16948
6466 17451
6466 12016
6466 15228
6466 15465
6466 19085
6467 21676
6467 11923
6467 26475
6467 26886
6467 27283
6467 27819
6467 27775
6467 28044
6468 19823
6468 19724
6468 15655
6468 20012
6468 22306
6468 15737
6468 11864
6468 19512
6468 20471
6468 26250
6468 15221
6468 26166
6469 23503
6469 16081
6469 22455
6469 23695
6469 25465
6469 24765
6470 18084
6470 12434
6470 18109
6470 14438
6470 11953
6470 14670
6470 21332
6470 13864
6470 18803
6470 22936
6470 12674
6470 21529
6470 19669
6470 15495
6470 22990
6470 13372
6470 23485
6470 18970
6470 20444
6470 24449
6470 19879
6470 23540
6470 16439
6470 22023
6470 18525
6470 16128
6470 16127
6470 23065
6470 13451
6470 20923
6470 17847
6470 12850
6470 21100
6470 25948
6471 12151
6471 14012
6471 14967
6471 15665
6471 18665
6471 18792
6471 20361
6471 12361
6472 15947
6472 14178
6472 13340
6472 23626
6472 22095
6472 20857
6472 24814
6472 24124
6472 23518
6472 24606
6472 23294
6472 25282
6472 24448
6472 26165
6472 16419
6472 25111
6472 26325
6472 26995
6472 27224
6472 26671
6472 27203
6472 27641
6472 26813
6472 27840
6473 13856
6473 13379
6473 13013
6473 11867
6473 13298
6473 15361
6473 19029
6473 21667
6473 11921
6473 23218
6473 15493
6473 11920
6473 26130
6473 26339
6473 25654
6473 18188
6473 21429
6473 23817
6473 24734
6473 24919
6473 26128
6473 26113
6473 26879
6473 27041
6473 26796
6473 25267
6473 27614
6473 27416
6473 27708
6473 27819
6473 27861
6473 27139
6474 12348
6474 14377
6474 16901
6474 16996
6474 23986
6475 12990
6475 12988
6475 24640
6475 25845
6475 25532
6475 26242
6476 19916
6476 20620
6476 14645
6476 21841
6476 17693
6476 20396
6476 20121
6476 26967
6476 16015
6476 26365
6477 12248
6477 13627
6477 16636
6477 18495
6477 16204
6477 16277
6477 14110
6477 13306
6477 14436
6477 23441
6477 24789
6477 26855
6477 24740
6477 13819
6478 14756
6478 12233
6478 18625
6478 13917
6478 12759
6478 19223
6478 12687
6478 16455
6478 24969
6478 22672
6478 24643
6478 23967
6478 25076
6478 27281
6478 27286
6478 27361
6478 27203
6478 27416
6478 27983
6478 27876
6479 15091
6479 17660
6479 12709
6479 13157
6479 14423
6479 20125
6479 12368
6479 17175
6480 17308
6480 11980
6480 19528
6480 22379
6480 21689
6480 14603
6480 16092
6480 20375
6481 16289
6481 16351
6481 18815
6481 19498
6481 22601
6481 13148
6481 16439
6481 16964
6481 20483
6481 21043
6481 22683
6481 24186
6481 25380
6482 16065
6482 19290
6482 14205
6482 15805
6482 15963
6482 20691
6482 25828
6482 15593
6483 14783
6483 15573
6483 16274
6483 15800
6483 18650
6483 20192
6483 20453
6483 21219
6483 23512
6483 23470
6484 15810
6484 23042
6484 18558
6484 12891
6484 25056
6485 11921
6485 23459
6485 14826
6485 20317
6485 14742
6485 22296
6485 26172
6485 22739
6485 26568
6485 22348
6485 25779
6485 26643
6485 24910
6485 25294
6485 26896
6485 26155
6485 24918
6485 11923
6485 27012
6485 25991
6485 26518
6485 16858
6485 26740
6485 25757
6485 24032
6485 27281
6485 27441
6485 27729
6485 18039
6485 27513
6485 27835
6485 27839
6485 19513
6485 27671
6485 25156
6485 14889
6485 19659
6485 18735
6485 28084
6486 15136
6486 12270
6486 17251
6486 18217
6486 21635
6486 22380
6486 22439
6486 22035
6486 13565
6486 19140
6486 11852
6486 14085
6486 17097
6486 22577
6487 14104
6487 19367
6487 19280
6487 20758
6487 21584
6487 22007
6487 24587
6487 24589
6487 18645
6487 13196
6487 17676
6487 22583
6487 20917
6487 25602
6487 25521
6487 22000
6487 20889
6487 26056
6487 24643
6487 25526
6487 23812
6487 26521
6487 26644
6487 13472
6487 13952
6487 16450
6487 22025
6487 22170
6487 23689
6487 18707
6487 27282
6487 27705
6487 27614
6487 25837
6487 26084
6487 27762
6487 26652
6487 27127
6487 21069
6488 21434
6488 23445
6488 25292
6488 12779
6488 15678
6488 22760
6488 23309
6488 23311
6488 12732
6488 12693
6488 15874
6488 16520
6488 12776
6488 12961
6488 12775
6488 21370
6488 16209
6488 12556
6488 11940
6488 14193
6488 18477
6488 25230
6488 14199
6488 12778
6488 13087
6488 13265
6488 13266
6488 16064
6488 16595
6488 21108
6488 21767
6488 25555
6488 20454
6488 14200
6488 12377
6488 18290
6488 15938
6488 16384
6489 16388
6489 17762
6489 16439
6489 20168
6489 17501
6489 11934
6489 19615
6489 16041
6489 18764
6489 19997
6489 19290
6489 12201
6489 23984
6489 26933
6490 20254
6490 26810
6490 26652
6490 27678
6490 15861
6491 24666
6491 24585
6491 22348
6491 26643
6491 24662
6491 27199
6492 13125
6492 20082
6492 21549
6492 22240
6492 25278
6492 25529
6492 18010
6493 14552
6493 17323
6493 13577
6493 13324
6493 23940
6494 24588
6494 26055
6494 26272
6494 27983
6494 23959
6495 22738
6495 17996
6495 26261
6495 18685
6495 19063
6496 25429
6496 23142
6496 19353
6496 27305
6496 27126
6496 27123
6496 12016
6496 20327
6496 23428
6497 16595
6497 21856
6497 18263
6497 13915
6497 18900
6497 21500
6497 27416
6498 15380
6498 17332
6498 14969
6498 16062
6498 19698
6498 19894
6498 21206
6498 18222
6499 21529
6499 17528
6499 25754
6499 25743
6499 24643
6499 26165
6499 26348
6499 12126
6499 23812
6499 25487
6499 26903
6499 27121
6499 23144
6499 27731
6499 23065
6499 21463
6499 27834
6499 24026
6499 20792
6499 27351
6499 27983
6499 27876
6499 28021
6499 28022
6499 27885
6499 27913
6499 27990
6499 26925
6499 28046
6499 15861
6500 24050
6500 24400
6500 24708
6500 21270
6500 13985
6500 15143
6500 18058
6500 19125
6500 25803
6500 18301
6500 17903
6501 12864
6501 16744
6501 13738
6501 16955
6501 22952
6501 23416
6501 18657
6501 19065
6501 20772
6501 21000
6501 14327
6501 24274
6501 14862
6501 24370
6501 22672
6501 13393
6501 24700
6501 26277
6501 26304
6501 26303
6501 15795
6501 24291
6501 15665
6501 26906
6501 11923
6501 26078
6501 21338
6501 25405
6501 27441
6501 27542
6501 25296
6501 13227
6501 27203
6501 25644
6501 16172
6501 26049
6501 16505
6502 21667
6502 20354
6502 24167
6502 25190
6502 26030
6502 21864
6502 24643
6502 26277
6502 25943
6502 25111
6502 25294
6502 27210
6502 26772
6502 27281
6502 27737
6502 26766
6502 28021
6502 27934
6502 28060
6502 28039
6502 27491
6502 28073
6503 22322
6503 18956
6503 20896
6503 14610
6503 18130
6503 26210
6503 23046
6504 12151
6504 21894
6504 27152
6504 26960
6504 27932
6505 21029
6505 16689
6505 19359
6505 27145
6505 26141
6506 24666
6506 24725
6506 24296
6506 22485
6506 15291
6506 25964
6506 21228
6506 26874
6506 27115
6506 27332
6506 27431
6506 25844
6506 27562
6506 27724
6506 27204
6506 27860
6506 27507
6506 27899
6507 19821
6507 18218
6507 17712
6507 19376
6507 11947
6507 12025
6507 12818
6507 26449
6507 19431
6507 17692
6507 22627
6507 25156
6507 19825
6507 19926
6507 15910
6507 21653
6507 23600
6507 24220
6507 18833
6507 18981
6507 22896
6507 24442
6507 18360
6507 16962
6508 22416
6508 18354
6508 19898
6508 22462
6508 26243
6509 15863
6509 23632
6509 17395
6509 21514
6509 23168
6509 23696
6509 13032
6509 13794
6509 15235
6509 18882
6509 13133
6510 23387
6510 24951
6510 12767
6510 22826
6510 18830
6510 19464
6510 25560
6510 12252
6510 17411
6510 22624
6510 23340
6511 21530
6511 23666
6511 23823
6511 24670
6511 22000
6511 25870
6511 25101
6511 22006
6511 26333
6511 26486
6511 23293
6511 26772
6511 27673
6511 27674
6511 27876
6511 27775
6511 27895
6511 16611
6511 14889
6512 26078
6512 25076
6512 26094
6512 22348
6512 26002
6512 27320
6512 27202
6512 27836
6512 27982
6512 28039
6513 15766
6513 16190
6513 12214
6513 13043
6513 13353
6513 13357
6513 13921
6513 25618
6513 24679
6513 15051
6513 23071
6513 27657
6514 19376
6514 22670
6514 24332
6514 17939
6514 13630
6514 25589
6514 25943
6514 19631
6514 19318
6514 22040
6514 25011
6514 24593
6514 15923
6514 14187
6514 14037
6514 14195
6514 12141
6514 26429
6514 26978
6514 27179
6514 27824
6514 27416
6514 16949
6514 27925
6515 13230
6515 12202
6515 12348
6515 18577
6515 13733
6515 18178
6515 25863
6515 19406
6515 27434
6515 25485
6515 27526
6515 25268
6515 23384
6515 27902
6515 13676
6515 25837
6515 26922
6516 14880
6516 15985
6516 12333
6516 12935
6516 23772
6516 16962
6516 22090
6516 14532
6516 15891
6516 26736
6516 22116
6516 22388
6517 17451
6517 17829
6517 15317
6517 21289
6517 23351
6517 24353
6518 15652
6518 14726
6518 13351
6518 12129
6518 13989
6518 12988
6518 19205
6518 14452
6518 13534
6518 14973
6518 21994
6518 14057
6518 13831
6518 24594
6518 26097
6518 18010
6518 25043
6518 15533
6518 22605
6518 13020
6518 27782
6518 12116
6519 18541
6519 19641
6519 17121
6519 14066
6519 12201
6519 24959
6519 18730
6519 20300
6519 25867
6519 13889
6519 21834
6519 20235
6519 17461
6519 20621
6519 21652
6519 23998
6519 26453
6519 26969
6520 17305
6520 16129
6520 22760
6520 13437
6520 12662
6521 12662
6521 16277
6521 14828
6521 16879
6521 26237
6521 16735
6521 13564
6521 12651
6521 25502
6521 12290
6521 14024
6522 12141
6522 12807
6522 18055
6522 12892
6522 13103
6522 12201
6522 15033
6522 12203
6522 12200
6522 19204
6522 17548
6522 18922
6522 18784
6522 16877
6522 11865
6522 15302
6522 17752
6522 15593
6522 18736
6522 14148
6522 24275
6522 14937
6522 16359
6522 20277
6523 18625
6523 12891
6523 13075
6523 23751
6523 23909
6523 12229
6523 24516
6523 20435
6523 20012
6523 24956
6523 24287
6523 24436
6523 26346
6523 27245
6523 27059
6523 24181
6523 23256
6523 27715
6524 15956
6524 12180
6524 12185
6524 12616
6524 14023
6524 14955
6524 15419
6524 22865
6524 18603
6524 22858
6524 23143
6524 23219
6524 27190
6525 15377
6525 12205
6525 23175
6525 13121
6525 21009
6525 20497
6525 25640
6525 16306
6525 13599
6525 16247
6525 21481
6526 12407
6526 18812
6526 15805
6526 22062
6526 23219
6526 12682
6526 24435
6526 27748
6527 26874
6527 26960
6527 27525
6527 27283
6527 27847
6528 14327
6528 12891
6528 21828
6528 22782
6528 21055
6528 24439
6528 24124
6528 25602
6528 26055
6528 22739
6528 25779
6528 25144
6528 22298
6528 27059
6528 27732
6528 27334
6528 27724
6528 27833
6528 27901
6528 27707
6528 27406
6529 14612
6529 21873
6529 24586
6529 24608
6529 24771
6529 24510
6529 21593
6529 25568
6529 23355
6529 26500
6529 22994
6529 25654
6529 26163
6529 26342
6529 26113
6529 24884
6529 25844
6529 27179
6529 27764
6529 27859
6530 23324
6530 12368
6530 12668
6530 12229
6530 25133
6531 12722
6531 19517
6531 18939
6531 22390
6531 18203
6532 24666
6532 25270
6532 27281
6532 27637
6532 25837
6532 27860
6532 27964
6533 12185
6533 19468
6533 24139
6533 26789
6533 26370
6533 19685
6534 16455
6534 23906
6534 15039
6534 15374
6534 19538
6534 14440
6534 13599
6534 13600
6534 26056
6534 23967
6534 14327
6534 18909
6534 26810
6534 21256
6534 11923
6534 26914
6534 21498
6534 27182
6534 12172
6534 19270
6534 13982
6534 27787
6534 27876
6534 27966
6534 27776
6534 28022
6535 20062
6535 12864
6535 13131
6535 26116
6535 16758
6535 16962
6535 19002
6535 19421
6535 23752
6535 13878
6535 24548
6535 27227
6535 13553
6535 22949
6535 18873
6535 15139
6535 27111
6536 22652
6536 14860
6536 16739
6536 24190
6536 14505
6536 13781
6536 24745
6536 21682
6536 22061
6536 26194
6536 25814
6536 19759
6536 21076
6536 13306
6536 25392
6536 24278
6536 24687
6536 15523
6536 17794
6536 22537
6536 13351
6536 19735
6536 22589
6536 13820
6536 26605
6536 26791
6536 27049
6536 24783
6536 12612
6536 23615
6536 27966
6537 17629
6537 18325
6537 23799
6537 22114
6537 13535
6537 14978
6537 20713
6537 25859
6538 12176
6538 13981
6538 16760
6538 17457
6538 16537
6538 16534
6538 22061
6538 16379
6538 26317
6538 26342
6538 26897
6538 15497
6538 22847
6538 26005
6538 12748
6538 14202
6538 17423
6538 22427
6538 23787
6538 27572
6538 27361
6538 27376
6538 25405
6538 27672
6538 27724
6538 27861
6538 27416
6539 13675
6539 25249
6539 17275
6539 25736
6539 17393
6539 20156
6539 25175
6539 15055
6540 12751
6540 12371
6540 12983
6540 11920
6540 12763
6540 25337
6541 18941
6541 18433
6541 20182
6541 12243
6541 14342
6541 17149
6541 20094
6541 19061
6542 13724
6542 11882
6542 12505
6542 13015
6542 19415
6542 21635
6543 17207
6543 23812
6543 26519
6543 26412
6543 26544
6543 24982
6543 14517
6543 18519
6544 20887
6544 21843
6544 13779
6544 16177
6544 21883
6544 22139
6544 16388
6544 19958
6544 27311
6544 22400
6545 16642
6545 13138
6545 13355
6545 16273
6545 19802
6545 20394
6545 23762
6545 26553
6545 15764
6545 27392
6545 20256
6546 20411
6546 22373
6546 19372
6546 21522
6546 22148
6546 22404
6546 24095
6547 14272
6547 14578
6547 19073
6547 17011
6547 26711
6548 20491
6548 20356
6548 22128
6548 22164
6548 23503
6548 26198
6548 15319
6548 16494
6548 16834
6548 24442
6548 18718
6548 24283
6548 17192
6548 20077
6548 21481
6548 20036
6548 24705
6549 12871
6549 16103
6549 15043
6549 15368
6549 12660
6549 23183
6549 23823
6549 24589
6549 15978
6549 26394
6549 23264
6549 18780
6549 26275
6549 26412
6549 12121
6549 20635
6549 26995
6549 26996
6549 19981
6549 20055
6549 25588
6549 26757
6549 28023
6550 13776
6550 12085
6550 14304
6550 15123
6550 12160
6550 22158
6551 13474
6551 16376
6551 17093
6551 19060
6551 19305
6551 20812
6551 21048
6551 21260
6551 22397
6551 22440
6551 24600
6551 25298
6551 16977
6551 16021
6551 17536
6552 17166
6552 15213
6552 24304
6552 16926
6552 19498
6553 16673
6553 17487
6553 18544
6553 18780
6553 21175
6553 19408
6553 24510
6553 25584
6553 25769
6553 26606
6553 22350
6553 22369
6553 26637
6553 27145
6553 26937
6553 22523
6553 25844
6553 27960
6553 26925
6554 13565
6554 13658
6554 16467
6554 12391
6554 13345
6554 13023
6554 14766
6554 21579
6554 16398
6554 25732
6554 25026
6554 25436
6555 13845
6555 11890
6555 13791
6555 13730
6555 13796
6555 20754
6555 20935
6555 13584
6555 24293
6555 23845
6555 25521
6555 24643
6555 25654
6555 25076
6555 24884
6555 18909
6555 25942
6555 27575
6555 27541
6555 27542
6556 12139
6556 25750
6556 15400
6556 24749
6556 23726
6556 24241
6556 20179
6556 13650
6556 23625
6556 27471
6556 11890
6556 16280
6556 23306
6556 24565
6556 24835
6556 14247
6556 17384
6556 22754
6557 23255
6557 24189
6557 21204
6557 18160
6557 21336
6557 25834
6557 26856
6558 22770
6558 22055
6558 25443
6558 22288
6558 16611
6558 17039
6559 19367
6559 12736
6559 18929
6559 23157
6559 20937
6559 17804
6560 16227
6560 15220
6560 16573
6560 11891
6560 18879
6560 14869
6560 21916
6560 19439
6560 22417
6560 21338
6560 23278
6560 24041
6561 12141
6561 12501
6561 14816
6561 15277
6561 12215
6561 17454
6561 15460
6561 17245
6561 15533
6561 11920
6561 23580
6561 21580
6561 23361
6561 24336
6561 22094
6561 21360
6561 12505
6561 21894
6561 20772
6561 22412
6561 25943
6561 23613
6561 25503
6561 16476
6561 20405
6561 27376
6561 27283
6561 24742
6561 27960
6561 28004
6561 28075
6562 21175
6562 19758
6562 23939
6562 25270
6562 26606
6562 27162
6562 16133
6562 27586
6562 26797
6562 27283
6562 27530
6563 25565
6563 24796
6563 24494
6563 26913
6563 26941
6563 11923
6563 26688
6563 27090
6563 27498
6563 26274
6563 27526
6563 26074
6563 27368
6563 22826
6563 27671
6563 27843
6563 28041
6564 16361
6564 17907
6564 23296
6564 21377
6564 14949
6564 17584
6564 12165
6564 22086
6564 24917
6564 11901
6564 20444
6564 19470
6564 13888
6564 15029
6565 18893
6565 21320
6565 18258
6565 15103
6565 20732
6565 18539
6565 12366
6565 11873
6565 19879
6565 23542
6565 14200
6565 18534
6565 20100
6565 15984
6565 13613
6565 19415
6565 24050
6565 16215
6565 12988
6565 14195
6565 22882
6565 16979
6565 17451
6565 17743
6565 22127
6565 12936
6565 13170
6565 12693
6565 21957
6565 24640
6566 16435
6566 16947
6566 11867
6566 15934
6566 16455
6566 25224
6566 16434
6566 19709
6566 21471
6566 22722
6566 26866
6566 11995
6566 15001
6566 15098
6566 12662
6566 16509
6566 12141
6566 14563
6566 21916
6566 23655
6566 27042
6566 16862
6567 18087
6567 19480
6567 15027
6567 22533
6567 23711
6567 26042
6567 25805
6567 14138
6567 15463
6567 13878
6567 17455
6568 22688
6568 23275
6568 15923
6568 25270
6568 27541
6569 16831
6569 14880
6569 12215
6569 20896
6569 22504
6569 21828
6569 23638
6569 24666
6569 25863
6569 26335
6569 25076
6569 24662
6569 27351
6569 26002
6569 27819
6569 25653
6570 18519
6570 23440
6570 23191
6570 24185
6570 19934
6570 24538
6570 25575
6570 25943
6570 25844
6570 27984
6570 28044
6571 23581
6571 26606
6571 27332
6571 15441
6571 27834
6571 17775
6571 28090
6571 28091
6572 15766
6572 12662
6572 14517
6572 14837
6572 14127
6572 21370
6572 21471
6572 13075
6572 18198
6572 21141
6572 15665
6572 12428
6572 21722
6572 21045
6572 20323
6572 15778
6572 16976
6572 19388
6572 15564
6572 24412
6572 15309
6572 25302
6572 14670
6572 14329
6572 13521
6572 25300
6572 13306
6572 13417
6572 16986
6572 19317
6572 12161
6573 20935
6573 22576
6573 18461
6573 22287
6573 12375
6573 22702
6573 20381
6573 23432
6573 24435
6573 23751
6573 24588
6573 12147
6573 13438
6573 16140
6573 21000
6573 19422
6573 22002
6573 22134
6573 15153
6573 18648
6573 25617
6573 26002
6573 26346
6573 22298
6573 23812
6573 20601
6573 27321
6573 15149
6573 17991
6573 27731
6573 27855
6573 26919
6573 27899
6573 27406
6574 13820
6574 15041
6574 15937
6574 15749
6574 19467
6574 20323
6575 21953
6575 12092
6575 18454
6575 15970
6575 22400
6575 21045
6575 14725
6575 27069
6576 25071
6576 15897
6576 16954
6576 20235
6576 25855
6576 22794
6576 23296
6576 23933
6576 14223
6577 13829
6577 20083
6577 15775
6577 16322
6577 16838
6577 14346
6577 16011
6577 21487
6578 14287
6578 16636
6578 18724
6578 22619
6578 21036
6578 12143
6578 26019
6579 23185
6579 25021
6579 25337
6579 16177
6579 13635
6579 23642
6579 23613
6579 21485
6579 12936
6579 12145
6579 27855
6579 27715
6579 12289
6580 21239
6580 24666
6580 26069
6580 24956
6580 27857
6580 16104
6581 13243
6581 16940
6581 20253
6581 14085
6581 13248
6581 25365
6581 23415
6581 18039
6581 15126
6581 18379
6581 22899
6581 18015
6581 25099
6581 20839
6582 14605
6582 14438
6582 14877
6582 14789
6582 14878
6582 18648
6582 15651
6582 19073
6582 21668
6582 22750
6582 23694
6582 22061
6582 23906
6582 24666
6582 26077
6582 25179
6582 26498
6582 26896
6582 26737
6582 18081
6582 25837
6582 26919
6582 27406
6582 27712
6583 13615
6583 15065
6583 24323
6583 26532
6583 14538
6583 20896
6583 21777
6584 14612
6584 16810
6584 14235
6584 12494
6584 17211
6584 18035
6584 20235
6584 23719
6584 13267
6584 22801
6584 14157
6584 22228
6584 25513
6584 21619
6584 13304
6584 16358
6585 19291
6585 25456
6585 24203
6585 27245
6585 18472
6585 26932
6586 16417
6586 20120
6586 20428
6586 19470
6586 26002
6586 24956
6586 25076
6586 18277
6587 12178
6587 15663
6587 13324
6587 16299
6587 24548
6588 14737
6588 22903
6588 16592
6588 25557
6588 14178
6588 26504
6588 18516
6588 13296
6588 26359
6588 20415
6588 27508
6589 12556
6589 12679
6589 21014
6589 23633
6589 23141
6589 27810
6590 19393
6590 14236
6590 22445
6590 18943
6590 27426
6591 26106
6591 22348
6591 25558
6591 27499
6591 27941
6591 27915
6591 27051
6592 13404
6592 19307
6592 19738
6592 21854
6592 24884
6592 23060
6592 16956
6592 24640
6592 19686
6592 20152
6593 11852
6593 22104
6593 26507
6593 17093
6593 23612
6593 20145
6593 25855
6593 27392
6593 25627
6593 16147
6593 12160
6593 24350
6593 27883
6593 19351
6593 20399
6594 24990
6594 23165
6594 13131
6594 20350
6594 25202
6594 13985
6594 16107
6594 16439
6594 17702
6594 22284
6594 24617
6595 19391
6595 12662
6595 13007
6595 13659
6595 13925
6595 17479
6595 23476
6595 20023
6595 24999
6595 25872
6595 26119
6596 14210
6596 21953
6596 16684
6596 13064
6596 13142
6596 20445
6596 26881
6596 13353
6596 14189
6596 14223
6596 12662
6596 15611
6596 12389
6597 13539
6597 17825
6597 17933
6597 19061
6597 14537
6598 16571
6598 21994
6598 19595
6598 21722
6598 23941
6599 13037
6599 15585
6599 12500
6599 13480
6599 22437
6599 24433
6599 23111
6599 20066
6599 20727
6599 26220
6599 14450
6599 17451
6599 20686
6600 14233
6600 14063
6600 16435
6600 11847
6600 17358
6600 20632
6600 21057
6600 21338
6600 21922
6600 24452
6600 19453
6600 22125
6600 22582
6600 15613
6600 18582
6600 23240
6600 17430
6600 22461
6600 19208
6600 23072
6600 19351
6600 24471
6601 12366
6601 15915
6601 16809
6601 17999
6601 16089
6601 18126
6601 22813
6601 20563
6601 23722
6601 23248
6601 24572
6601 25270
6601 25515
6601 24543
6601 26016
6601 27226
6601 27412
6601 27989
6601 28015
6601 27712
6602 22619
6602 21619
6602 11966
6602 12013
6602 12067
6602 13806
6602 13869
6602 14452
6602 14610
6602 19041
6602 19823
6602 23503
6602 24025
6602 24954
6602 27258
6602 17763
6602 17806
6602 20930
6602 22388
6602 25110
6602 25762
6602 25336
6603 12917
6603 14157
6603 15376
6603 18724
6603 18163
6603 24643
6604 21726
6604 15812
6604 22193
6604 12023
6604 19836
6604 17969
6604 20754
6604 16379
6604 13064
6604 13115
6604 19415
6604 22587
6604 13184
6604 24593
6604 13676
6604 25014
6605 21653
6605 23559
6605 24588
6605 26924
6605 27981
6605 25347
6606 19804
6606 22951
6606 12575
6606 13987
6606 26734
6607 12410
6607 12920
6607 18648
6607 23136
6607 24456
6607 24658
6607 24666
6607 24814
6607 25675
6607 25526
6607 22298
6607 19186
6607 23264
6607 23613
6607 26960
6607 26937
6607 27286
6607 27176
6607 27614
6607 25180
6607 27991
6608 23621
6608 12057
6608 19434
6608 20376
6608 20467
6608 26183
6609 25510
6609 24767
6609 18904
6609 18967
6609 27004
6609 17770
6609 17699
6609 24609
6610 16056
6610 17576
6610 12141
6610 14085
6610 18348
6610 22114
6610 27377
6610 27521
6610 27657
6611 20016
6611 12145
6611 12861
6611 17677
6611 19738
6611 22243
6611 21750
6611 25570
6611 16515
6611 19959
6612 21722
6612 18317
6612 23630
6612 25318
6612 19681
6612 19918
6612 23956
6612 13070
6612 13357
6612 13192
6612 26261
6613 14979
6613 24588
6613 26170
6613 22298
6613 22348
6613 26996
6613 27737
6613 14028
6614 15142
6614 14880
6614 16704
6614 15221
6614 12861
6614 20126
6614 13851
6614 18977
6615 13569
6615 14932
6615 17020
6615 17825
6615 11890
6615 12722
6615 22905
6615 24477
6615 15947
6615 21728
6615 15668
6615 13091
6615 25757
6615 27541
6615 25186
6616 15960
6616 20510
6616 13496
6616 16357
6616 20749
6616 20763
6616 24444
6616 15645
6616 21108
6616 18326
6616 20314
6616 20627
6616 27483
6617 11898
6617 12464
6617 12086
6617 25712
6617 22412
6617 24022
6617 27079
6617 24102
6617 27983
6618 12743
6618 14378
6618 14200
6618 13777
6618 25706
6618 12141
6618 14236
6618 27651
6618 27872
6619 12428
6619 16424
6619 20474
6619 20819
6619 12948
6619 13275
6619 16174
6619 17070
6619 19279
6619 21672
6619 22441
6619 12073
6619 16507
6619 24465
6620 16504
6620 12444
6620 13733
6620 12618
6620 16148
6620 21081
6620 20937
6620 22805
6620 20304
6621 17451
6621 14135
6621 19349
6621 23213
6621 18708
6622 21177
6622 17070
6622 22803
6622 24124
6622 23651
6622 20587
6622 18901
6622 24574
6622 14736
6622 25863
6622 26172
6622 19237
6622 25733
6622 25392
6622 26734
6622 26887
6622 26995
6622 27321
6622 27463
6622 27562
6622 25653
6622 27987
6622 27990
6622 28090
6623 14848
6623 12662
6623 14085
6623 15868
6623 16259
6623 14244
6624 15174
6624 19686
6624 17652
6624 22936
6624 16317
6624 19590
6624 22185
6624 19615
6624 25596
6625 26881
6625 27283
6625 27915
6625 20903
6625 18544
6625 27730
6625 26494
6626 20980
6626 26991
6626 19879
6626 23163
6626 26505
6626 26854
6627 24764
6627 25565
6627 24494
6627 25337
6627 24945
6627 25081
6627 25712
6627 25111
6627 11923
6627 24662
6627 27065
6627 22496
6627 23353
6627 14517
6627 14190
6627 27543
6627 27982
6627 26086
6627 28014
6627 27911
6628 12437
6628 12356
6628 13850
6628 16471
6628 12252
6628 12634
6628 17281
6628 16611
6628 17469
6628 14295
6628 16715
6628 13769
6628 25575
6628 25558
6628 12754
6629 22387
6629 23678
6629 25054
6629 22348
6629 26521
6629 27775
6629 28014
6630 20632
6630 16424
6630 24293
6630 17967
6630 20208
6630 22550
6630 16914
6630 16014
6630 26260
6630 20990
6630 19065
6630 11923
6630 27333
6630 26308
6630 27920
6631 27042
6631 26559
6631 12023
6631 16568
6631 18760
6631 26590
6631 20422
6632 24603
6632 25421
6632 22810
6632 18763
6632 21621
6632 26361
6633 23943
6633 13064
6633 19627
6633 26258
6633 17791
6633 19353
6633 16033
6634 20327
6634 15507
6634 16317
6634 18895
6634 15078
6635 22824
6635 15221
6635 22676
6635 18562
6635 23034
6635 27374
6635 23398
6635 15847
6635 26388
6635 19835
6635 22457
6636 12964
6636 12905
6636 13653
6636 16401
6636 16388
6636 20253
6636 20199
6636 18873
6636 19918
6636 26892
6636 12944
6637 12577
6637 17484
6637 18723
6637 21039
6637 19451
6637 15389
6637 19806
6637 23683
6637 14256
6637 23187
6637 23264
6637 27545
6637 19919
6637 28093
6638 13810
6638 16871
6638 13944
6638 12141
6638 13553
6638 21001
6639 13797
6639 13844
6639 12721
6639 14440
6639 15627
6639 14878
6639 16190
6640 19073
6640 20658
6640 21937
6640 23466
6640 24590
6640 22671
6640 18212
6640 24606
6640 26106
6640 22504
6640 26913
6640 18861
6640 26874
6640 26912
6641 16433
6641 12657
6641 12207
6641 15511
6641 16849
6641 20747
6641 24790
6641 13393
6641 23934
6641 22783
6641 13603
6641 23745
6641 17395
6641 20530
6641 22541
6641 23869
6641 25598
6641 27218
6642 22298
6642 20528
6642 25500
6642 26808
6642 11923
6642 21508
6642 14368
6642 14668
6642 19832
6642 26995
6642 27145
6642 23353
6642 27685
6642 21259
6642 27519
6642 27463
6642 27370
6642 27808
6642 27938
6642 26813
6642 27999
6642 27991
6642 20763
6642 20992
6642 28021
6642 27860
6642 27925
6642 26757
6642 27864
6642 27507
6642 28061
6642 28062
6642 13353
6642 20511
6642 27660
6642 27565
6642 27550
6642 23000
6643 19934
6643 24643
6643 22494
6643 26622
6643 27081
6643 27199
6643 27269
6643 27086
6643 27376
6643 25147
6643 28084
6644 12059
6644 12486
6644 17419
6644 22422
6644 20042
6644 20240
6644 22562
6644 24584
6644 24808
6644 25337
6644 25555
6644 25575
6644 27228
6644 23720
6644 27499
6644 23477
6645 12809
6645 12916
6645 14295
6645 15126
6645 13983
6645 15185
6645 24637
6645 14465
6645 14699
6645 15343
6645 17770
6645 17933
6645 14513
6645 15729
6645 16235
6646 13378
6646 19271
6646 17693
6646 18506
6646 22842
6646 18277
6646 25976
6646 12491
6646 26203
6646 13367
6646 22661
6646 27920
6647 12749
6647 17088
6647 12139
6647 21119
6647 23150
6648 11923
6648 21087
6648 12234
6648 11882
6648 27228
6648 11912
6648 18615
6648 27280
6648 27526
6648 24391
6648 27495
6648 25267
6648 14517
6648 13386
6648 27582
6648 24035
6648 16247
6648 27633
6648 27696
6648 21183
6648 25585
6648 17125
6649 22291
6649 21003
6649 16829
6649 26834
6649 24873
6649 25094
6649 25738
6649 26982
6649 21131
6649 13227
6649 15645
6649 27864
6650 16107
6650 17741
6650 22416
6650 16865
6650 19945
6650 19772
6650 15669
6650 18679
6650 26148
6650 17577
6650 20446
6650 18058
6651 11990
6651 12371
6651 24195
6651 25568
6651 24956
6651 24300
6651 25076
6651 22994
6651 26002
6651 27259
6651 27112
6651 27015
6651 27491
6652 19827
6652 16471
6652 17644
6652 12662
6652 27100
6653 19300
6653 18764
6653 17105
6653 20042
6653 23540
6653 20791
6653 13921
6653 26614
6653 24465
6653 26775
6653 27390
6653 23097
6653 24649
6653 16254
6653 14075
6654 13592
6654 15187
6654 19938
6654 23299
6654 16436
6655 14880
6655 15221
6655 12518
6655 19899
6655 11858
6655 11921
6655 11872
6655 25131
6656 12556
6656 21873
6656 22071
6656 24623
6656 24508
6656 27401
6656 27731
6656 27791
6656 25653
6656 27899
6656 27906
6657 14699
6657 19735
6657 14513
6657 11893
6657 13146
6657 14136
6657 21373
6657 21740
6657 25644
6657 26250
6657 13291
6657 13776
6657 14860
6657 16224
6657 20611
6657 22047
6657 23615
6657 23933
6657 24917
6657 17643
6658 22933
6658 20561
6658 22288
6658 26337
6658 16002
6658 16507
6658 19983
6658 11840
6658 26610
6658 26972
6658 14007
6658 20007
6658 26027
6659 25654
6659 25121
6659 11877
6659 22504
6659 23792
6660 18195
6660 16434
6660 20047
6660 22887
6660 24243
6660 20144
6660 24527
6660 19790
6660 26298
6661 17729
6661 12509
6661 17409
6661 16318
6661 11860
6661 20104
6661 20002
6661 21312
6661 20880
6661 17099
6661 22912
6661 14342
6661 17394
6661 21243
6661 15408
6661 17309
6661 22462
6661 22773
6661 21204
6661 21205
6661 21091
6661 25005
6661 13828
6661 15453
6661 16692
6661 24108
6661 13976
6661 26988
6661 27857
6662 15766
6662 24693
6662 23212
6662 25056
6662 25199
6662 22655
6663 26723
6663 12193
6663 14538
6663 17751
6663 18152
6663 22114
6663 25607
6664 18975
6664 24527
6664 25263
6664 27170
6664 26349
6664 19131
6665 14972
6665 17778
6665 26079
6665 26303
6665 13606
6665 27302
6665 27088
6665 27310
6665 13582
6665 27379
6665 27179
6665 27932
6665 28091
6666 27817
6666 19327
6666 19371
6666 17420
6666 16116
6667 24666
6667 12570
6667 21894
6667 18276
6667 18278
6667 11923
6667 26005
6667 27321
6667 25844
6667 24026
6667 27876
6667 27616
6668 26022
6668 21397
6668 25648
6668 15037
6668 12718
6668 16419
6668 19583
6668 24291
6668 21514
6668 18160
6668 26689
6668 26872
6668 14128
6668 19853
6668 19947
6668 27332
6668 15096
6668 27333
6668 26984
6668 17691
6668 27406
6669 19222
6669 19729
6669 13892
6669 22090
6669 23830
6669 26028
6669 24126
6669 12662
6669 12264
6669 22936
6669 18988
6669 25143
6669 22631
6669 18236
6669 22176
6669 24278
6669 13577
6670 16419
6670 19390
6670 22348
6670 19290
6670 23812
6670 26808
6670 22364
6670 25989
6670 21380
6670 26688
6670 22394
6670 27281
6670 27280
6670 20912
6670 24978
6670 27200
6670 14517
6670 27571
6670 27729
6670 27351
6670 27855
6670 23384
6670 27791
6670 27762
6670 27859
6670 27861
6670 27929
6670 27193
6670 27899
6670 27911
6670 28046
6670 28084
6671 24623
6671 25521
6671 22672
6671 22000
6671 26184
6671 26224
6671 21894
6671 24585
6671 24658
6671 27310
6671 27121
6671 17263
6671 27367
6671 25292
6671 27095
6671 27835
6671 25147
6671 27923
6672 15289
6672 13306
6672 19691
6672 15558
6672 12215
6672 14759
6672 22345
6672 25101
6672 24896
6673 15361
6673 22000
6673 24643
6673 25337
6673 21174
6673 27851
6673 22369
6673 26643
6673 25111
6673 26606
6673 27162
6673 15502
6673 27361
6673 27283
6673 16640
6673 27791
6673 15487
6673 27854
6673 27858
6673 12518
6673 16907
6673 27889
6673 16632
6673 16639
6673 28009
6673 14040
6673 14044
6673 15645
6673 28078
6673 25121
6673 27280
6674 12026
6674 13894
6674 14543
6674 19480
6674 23399
6674 24795
6674 14960
6674 27627
6674 18306
6674 13009
6675 23270
6675 19427
6675 23810
6675 25271
6675 24066
6675 13774
6675 23484
6675 19847
6675 27409
6675 18598
6675 27919
6675 27003
6675 25479
6676 23152
6676 25266
6676 26751
6676 27079
6676 25368
6676 27836
6677 12335
6677 13013
6677 15863
6677 15317
6677 13039
6677 20127
6677 15354
6677 13878
6677 22381
6678 15762
6678 19074
6678 20909
6678 23649
6678 24822
6678 27581
6679 12442
6679 11866
6679 13533
6679 12586
6679 15154
6679 14424
6679 14570
6679 19940
6679 18753
6679 22402
6679 22767
6679 23362
6679 17847
6679 24608
6679 23355
6679 25394
6679 26172
6679 25654
6679 22746
6679 25715
6679 26629
6679 22861
6679 22739
6679 26533
6680 17802
6680 21378
6680 13066
6680 13431
6680 20277
6680 21433
6680 13982
6680 17510
6680 21549
6680 23297
6681 14848
6681 13103
6681 20429
6681 22014
6681 23783
6682 13902
6682 13733
6682 17770
6682 12223
6682 21875
6682 25283
6682 25575
6682 25076
6682 25471
6682 21508
6682 27028
6682 27320
6682 25957
6682 27835
6682 28039
6683 11953
6683 12680
6683 15126
6683 15435
6683 15616
6683 20943
6684 15874
6684 21290
6684 14905
6684 21141
6684 24795
6684 16520
6684 16522
6684 19280
6685 12800
6685 12660
6685 16274
6685 15360
6685 19771
6685 23019
6686 15208
6686 13809
6686 16513
6686 13592
6686 15838
6686 17684
6686 19318
6686 23201
6686 12461
6686 13636
6686 13856
6686 17431
6686 18267
6686 21904
6686 23131
6686 25367
6686 14502
6687 19359
6687 21210
6687 20578
6687 22950
6687 16159
6687 18276
6687 22732
6687 12141
6687 20535
6687 23668
6687 27040
6688 26630
6688 26810
6688 22139
6688 14549
6688 27526
6688 27280
6688 26820
6688 13895
6688 25405
6688 27543
6688 27379
6688 27203
6688 27358
6688 27706
6688 27697
6688 27715
6688 27894
6688 27985
6688 27988
6688 27948
6688 28084
6689 18317
6689 20761
6689 24218
6689 21469
6689 25648
6690 15225
6690 14683
6690 16504
6690 15714
6690 16189
6690 15713
6690 16809
6690 14270
6690 20431
6690 20432
6690 19754
6690 21575
6690 20211
6690 23185
6690 24764
6690 25521
6690 24891
6690 26646
6690 18909
6690 26544
6690 27552
6690 26652
6690 28012
6691 20405
6691 24954
6691 12693
6691 15302
6691 26700
6691 21509
6691 24001
6691 26759
6692 18809
6692 19435
6692 26185
6692 24892
6692 14439
6692 27162
6693 20277
6693 26121
6693 20298
6693 23659
6693 22483
6693 22954
6693 24060
6693 24155
6693 25157
6693 26754
6694 14984
6694 23949
6694 18875
6694 17501
6694 19156
6694 14553
6694 24163
6694 21910
6694 27424
6695 13195
6695 18915
6695 14626
6695 20981
6695 20982
6695 19807
6695 16618
6695 19632
6696 24211
6696 15188
6696 20396
6696 15471
6696 25948
6697 24293
6697 24725
6697 21332
6697 22805
6697 23423
6697 23226
6697 23812
6697 18510
6697 27715
6697 15187
6697 26579
6697 15861
6698 14761
6698 24124
6698 24538
6698 11923
6698 24643
6698 27171
6698 28046
6699 11949
6699 12215
6699 12133
6699 12634
6699 12518
6699 12839
6699 12164
6699 12886
6699 21676
6699 25654
6700 22006
6700 23183
6700 21993
6700 24606
6700 24124
6700 24372
6700 26172
6700 23642
6700 26486
6700 26960
6700 17263
6700 27620
6700 26074
6700 27833
6700 27902
6700 18335
6700 26919
6700 23378
6700 26308
6700 23071
6701 12202
6701 21410
6701 21657
6701 19952
6701 15186
6701 22739
6702 12850
6702 15259
6702 16864
6702 24907
6702 21397
6702 22804
6702 26777
6702 18029
6702 22446
6702 16962
6703 18625
6703 26643
6703 23812
6703 27225
6703 27456
6703 19543
6703 27127
6703 27616
6704 22217
6704 12913
6704 24181
6704 19928
6704 16701
6704 14014
6704 26551
6704 21236
6704 16502
6704 13558
6705 12518
6705 16629
6705 13661
6705 11997
6705 12822
6705 17331
6705 18787
6705 18456
6705 19918
6705 16024
6705 19408
6705 16734
6705 19174
6705 24956
6705 18276
6705 26341
6705 22298
6705 26808
6705 27233
6705 27224
6705 27225
6705 23352
6705 27602
6705 27931
6705 27416
6705 27660
6705 24957
6705 28090
6705 27910
6706 15146
6706 12938
6706 16230
6706 23571
6706 23871
6706 24723
6706 17528
6706 24577
6706 24433
6706 25076
6706 23416
6706 26406
6706 23700
6706 16758
6706 26076
6706 25320
6706 23633
6706 20834
6706 27202
6706 27994
6706 22354
6706 23500
6706 26494
6706 28092
6707 16660
6707 21517
6707 17511
6707 14199
6707 19579
6707 20215
6707 22986
6708 16611
6708 17901
6708 17328
6708 22106
6708 16634
6708 15605
6709 12955
6709 12693
6709 13101
6709 16830
6709 15645
6709 11901
6709 12139
6709 16743
6709 22896
6709 14543
6709 21254
6709 12902
6710 19729
6710 12580
6710 23329
6710 21537
6710 14223
6710 24997
6710 25464
6711 24543
6711 24956
6711 26229
6711 26260
6711 27436
6711 26494
6711 27712
6712 14715
6712 18793
6712 23505
6712 25420
6712 22085
6713 13816
6713 12521
6713 14250
6713 19256
6713 20743
6713 13229
6713 13642
6713 14178
6713 11879
6713 20704
6713 13018
6713 23492
6713 23892
6713 18464
6713 18736
6713 12763
6713 22127
6714 25488
6714 16221
6714 21055
6714 18708
6714 17794
6714 25314
6714 22496
6714 18812
6714 25330
6714 24419
6714 22074
6714 22165
6714 26278
6714 25071
6714 24990
6714 27646
6714 27864
6714 20256
6714 27398
6714 27820
6714 27412
6714 27854
6714 22619
6714 21764
6714 27875
6714 22854
6714 27961
6714 28009
6714 27925
6714 28029
6714 28027
6714 28078
6714 28077
6714 28010
6715 16949
6715 23107
6715 14587
6715 19959
6715 15078
6715 27601
6715 27688
6715 21482
6715 21278
6715 16928
6716 25648
6716 18097
6716 12280
6716 14197
6716 15917
6716 18223
6716 19023
6716 21585
6716 23834
6717 12501
6717 16781
6717 18862
6717 15809
6717 22402
6717 20941
6717 15334
6717 15558
6717 21549
6717 24142
6717 23086
6717 24030
6717 24478
6718 25442
6718 18647
6718 12294
6718 13927
6718 19615
6718 14165
6718 16162
6718 15645
6718 20406
6718 21549
6718 25284
6718 15422
6718 15874
6718 18061
6718 23271
6718 25793
6718 27336
6718 15265
6718 27038
6718 15067
6718 27744
6718 20229
6718 24688
6718 27310
6718 23304
6719 17943
6719 21281
6719 12201
6719 21953
6719 25652
6719 22826
6719 26317
6720 14895
6720 12575
6720 24833
6720 25239
6720 21772
6720 25788
6720 15559
6720 23398
6721 14169
6721 15515
6721 22813
6721 14131
6721 23618
6721 22936
6721 24666
6721 17528
6721 23983
6721 24790
6721 20772
6721 26002
6721 22849
6721 28092
6722 15602
6722 27004
6722 15465
6722 12339
6722 18562
6722 18772
6722 26822
6723 15159
6723 22009
6723 16611
6723 12617
6723 16203
6723 16277
6723 23451
6723 17702
6723 25283
6723 14607
6723 19767
6723 26549
6723 27871
6723 15976
6723 23668
6723 16608
6724 15548
6724 17907
6724 18794
6724 13372
6724 18879
6724 23146
6724 26774
6724 24539
6724 27198
6724 13195
6724 19919
6725 21509
6725 24435
6725 26168
6725 25564
6725 26523
6725 24802
6725 27962
6726 20206
6726 22105
6726 17926
6726 19072
6726 25122
6726 16455
6726 12139
6726 18799
6726 21754
6726 16983
6726 22231
6727 20880
6727 23066
6727 11972
6727 12141
6727 14389
6727 21338
6727 12662
6728 14870
6728 19281
6728 21281
6728 24606
6728 21894
6728 25557
6728 25601
6728 26878
6728 27432
6728 27286
6728 25405
6728 27731
6728 27835
6728 27614
6728 27791
6728 27902
6728 28017
6729 17420
6729 23986
6729 25072
6729 25489
6729 25866
6729 19145
6729 20863
6729 22537
6729 27106
6729 22444
6729 27510
6729 27886
6730 15302
6730 14894
6730 19610
6730 23186
6730 24586
6730 17123
6730 24510
6730 25568
6730 24608
6730 23355
6730 26015
6730 25337
6730 26170
6730 26077
6730 22369
6730 22350
6730 22412
6730 25989
6730 27199
6730 27225
6730 27045
6730 25536
6731 23721
6731 22053
6731 22826
6731 24603
6731 17784
6731 22559
6732 23092
6732 17945
6732 25571
6732 12223
6732 14926
6732 16068
6732 12156
6732 12634
6732 18908
6732 19063
6732 13795
6732 13886
6732 14327
6732 19227
6732 17977
6732 13023
6732 24004
6732 17454
6732 20060
6732 25863
6733 22379
6733 27372
6733 22127
6733 11920
6733 18465
6733 27410
6734 16444
6734 18904
6734 23906
6734 19934
6734 23463
6734 18903
6734 24643
6734 25526
6734 27764
6734 22115
6734 26685
6735 13505
6735 13506
6735 13509
6735 13893
6735 16424
6735 25424
6735 27110
6735 13121
6735 13138
6735 13148
6735 17367
6735 17787
6735 18348
6735 20412
6735 20749
6735 23352
6735 25332
6735 26609
6735 12281
6735 20151
6735 25470
6735 13657
6735 14639
6735 14670
6735 15039
6735 18033
6735 24892
6735 16388
6735 20564
6735 25308
6735 14346
6735 12201
6735 18225
6735 18576
6735 21132
6735 26029
6735 18177
6735 14372
6736 12707
6736 20647
6736 20505
6736 16926
6736 13184
6737 12799
6737 17091
6737 14949
6737 17849
6737 26606
6737 19803
6737 20035
6738 13566
6738 20674
6738 17328
6738 22920
6738 23411
6738 13340
6738 13454
6738 15895
6738 17528
6738 26096
6738 23191
6738 25940
6738 26401
6738 26343
6738 26530
6738 25566
6738 26561
6738 26643
6738 26881
6738 22350
6738 27171
6738 14506
6738 27370
6738 27369
6738 27791
6738 25837
6738 25147
6738 27906
6738 27978
6739 12805
6739 15465
6739 17458
6739 21645
6739 24407
6740 22045
6740 17528
6740 23459
6740 17840
6740 24956
6740 22350
6740 23264
6740 22298
6740 26937
6740 27999
6741 12445
6741 16682
6741 15187
6741 20778
6741 12444
6741 12202
6741 16944
6741 23269
6741 15458
6742 25948
6742 25949
6742 19686
6742 15701
6742 21324
6742 25920
6743 20753
6743 14394
6743 21397
6743 23024
6743 14913
6743 14019
6743 13637
6743 13009
6743 19596
6744 15658
6744 18683
6744 12042
6744 14014
6744 22928
6744 12279
6744 15248
6744 19135
6745 12198
6745 17129
6745 14478
6745 20609
6745 22858
6745 22505
6746 12984
6746 15634
6746 21403
6746 15637
6746 15640
6746 25839
6746 15092
6746 15095
6746 17745
6746 19557
6746 23658
6746 12973
6746 18377
6746 22634
6747 14880
6747 19073
6747 21804
6747 24606
6747 19107
6747 22298
6747 26155
6747 16631
6747 26821
6747 25748
6747 27764
6748 20718
6748 20930
6748 23295
6748 15889
6748 25991
6748 23065
6748 22889
6748 13007
6748 14712
6748 20896
6748 22101
6748 22826
6748 14381
6748 23752
6748 15467
6748 16183
6748 18735
6748 17948
6748 11920
6748 11921
6748 20645
6748 27657
6749 17407
6749 22830
6749 25111
6749 16683
6749 22779
6749 24849
6750 21208
6750 22437
6750 24665
6750 12056
6750 23754
6750 20723
6750 24738
6750 14732
6750 15603
6750 17098
6750 18250
6750 19705
6750 19959
6750 21533
6750 23037
6751 16613
6751 22696
6751 20654
6751 23721
6751 23540
6751 15245
6751 20852
6751 23985
6751 20818
6751 20701
6751 17647
6752 11885
6752 13673
6752 15259
6752 15444
6752 19467
6752 19832
6752 15876
6752 22679
6752 17364
6752 27265
6752 22233
6752 23772
6752 23243
6752 27316
6752 27587
6752 27289
6753 18522
6753 22504
6753 22339
6753 23191
6753 23751
6753 24666
6753 23217
6753 26172
6753 18909
6753 19786
6753 27835
6753 27202
6753 15861
6754 20101
6754 20899
6754 13182
6754 18943
6754 22858
6755 12689
6755 15728
6755 22398
6755 17963
6755 27070
6756 17796
6756 25392
6756 23772
6756 26822
6756 27095
6757 17890
6757 12418
6757 15507
6757 20961
6757 12458
6757 12693
6757 12780
6757 14394
6757 15616
6757 16629
6757 16693
6757 17036
6757 18030
6757 18460
6757 18652
6757 20031
6757 21115
6757 21303
6757 22296
6757 22572
6757 25108
6757 24990
6757 25194
6758 12636
6758 25125
6758 21039
6758 22545
6758 21309
6758 22045
6758 26198
6758 21763
6758 23305
6758 14100
6759 12015
6759 12493
6759 19390
6759 14212
6759 26418
6759 26588
6759 17178
6760 23680
6760 23651
6760 18278
6760 23144
6760 27507
6760 27972
6761 19270
6761 13164
6761 14465
6761 21953
6761 15371
6761 20134
6761 21548
6761 17126
6761 13131
6762 12690
6762 12570
6762 14842
6762 12964
6762 21796
6762 14632
6762 17451
6762 13378
6762 18070
6763 16069
6763 14950
6763 15317
6763 14391
6763 15790
6763 17622
6763 18897
6763 19041
6763 15865
6763 22765
6763 18192
6763 20632
6763 17649
6763 16503
6763 22343
6763 18168
6764 21627
6764 13793
6764 16177
6764 17442
6764 19790
6764 22088
6764 20085
6765 25270
6765 23800
6765 26199
6765 26304
6765 22974
6765 27198
6765 27283
6765 27254
6766 20042
6766 21556
6766 18393
6766 22781
6766 14316
6767 15790
6767 23751
6767 26930
6767 26412
6767 26914
6768 24701
6768 24609
6768 24356
6768 24979
6768 16028
6768 16081
6768 25810
6768 25811
6768 15235
6768 15793
6768 20156
6768 22318
6768 26412
6768 15645
6768 17001
6768 21587
6768 27515
6768 25470
6768 24211
6769 12841
6769 15159
6769 20213
6769 25488
6769 14623
6769 22992
6769 13433
6769 26820
6769 26476
6770 25521
6770 25021
6770 25337
6770 25111
6770 18961
6770 26643
6770 27551
6770 20901
6770 27836
6770 27202
6770 27791
6770 27285
6770 25837
6771 15849
6771 13393
6771 15802
6771 15524
6771 12709
6771 16963
6771 14003
6771 15220
6771 17445
6771 23566
6771 20771
6771 26777
6771 14875
6771 27495
6771 27808
6771 27416
6772 15996
6772 15026
6772 12765
6772 12754
6772 13426
6772 12864
6772 14090
6772 14918
6772 21238
6772 21665
6772 21952
6772 11920
6772 18079
6772 23651
6772 24621
6772 24427
6772 23196
6772 26897
6772 24658
6772 27310
6772 22394
6772 24032
6772 25957
6772 27902
6772 27416
6772 21181
6772 27920
6773 12763
6773 24017
6773 15646
6773 27069
6773 12905
6773 26969
6773 19132
6773 12493
6773 25155
6773 17763
6773 18032
6773 13129
6773 21123
6773 19615
6773 21817
6773 17456
6773 12348
6774 17715
6774 13747
6774 18568
6774 21204
6774 24707
6774 16895
6774 26855
6775 23218
6775 23361
6775 23906
6775 21739
6775 12728
6775 22493
6775 25942
6776 24660
6776 13400
6776 25613
6776 13362
6776 15012
6776 12021
6776 13081
6776 13334
6776 15122
6776 19687
6776 17921
6776 12139
6776 25622
6776 18735
6776 17170
6777 23150
6777 22664
6777 21894
6777 23967
6777 24152
6777 22350
6777 26688
6777 17784
6777 27729
6777 25267
6777 27876
6777 27860
6778 23591
6778 12234
6778 16899
6778 25654
6778 20862
6778 20818
6778 24419
6779 16170
6779 19026
6779 25488
6779 25942
6779 16748
6779 21112
6780 22765
6780 17644
6780 22064
6780 22779
6780 13049
6780 13306
6781 12748
6781 23003
6781 20145
6781 21891
6781 13113
6781 23622
6781 11875
6781 25794
6781 20336
6781 21699
6781 20001
6781 25607
6781 13011
6781 13056
6781 23347
6781 17727
6781 11984
6781 17510
6781 14052
6781 21767
6781 17618
6781 19295
6781 25197
6781 24060
6781 19580
6782 24161
6782 23845
6782 24796
6782 26106
6782 25076
6782 26077
6782 24891
6782 11923
6782 25844
6782 27737
6782 27202
6782 25837
6783 27306
6783 27112
6783 21259
6783 27221
6783 27602
6783 27518
6783 27564
6783 27797
6783 27416
6783 27938
6783 27959
6783 27717
6783 27139
6783 27660
6783 21544
6783 28060
6783 28083
6783 27941
6783 27868
6783 27550
6784 12522
6784 22577
6784 25904
6784 20845
6784 20045
6785 17102
6785 14312
6785 19252
6785 15517
6785 26889
6785 13489
6785 17629
6785 19901
6785 15900
6785 19631
6785 25193
6785 27856
6786 12768
6786 14490
6786 15174
6786 25035
6786 15549
6787 17041
6787 17822
6787 26103
6787 21018
6787 20002
6787 19825
6787 13594
6787 25415
6787 15634
6787 16829
6787 21019
6787 22367
6787 24527
6788 25564
6788 26691
6788 21500
6788 25296
6788 27964
6788 27712
6789 12209
6789 11939
6789 12192
6789 12210
6789 19278
6789 26226
6789 17867
6789 26291
6789 15506
6790 20235
6790 21838
6790 23296
6790 25458
6790 24276
6790 19351
6790 23375
6790 22830
6790 24703
6790 22139
6790 26777
6790 18630
6790 25360
6790 12471
6790 20396
6790 24955
6790 14327
6791 13784
6791 22783
6791 16278
6791 13714
6791 15393
6791 18183
6792 21690
6792 12003
6792 12233
6792 19493
6792 16873
6792 19833
6792 13009
6793 15876
6793 17693
6793 17284
6793 15665
6793 25048
6793 25389
6793 24956
6793 26401
6793 22550
6793 15161
6793 18579
6793 25193
6793 27732
6793 16028
6793 25777
6793 27971
6793 23288
6793 21069
6794 19628
6794 21667
6794 22605
6794 13653
6794 18069
6794 18792
6794 17337
6794 22023
6794 19145
6794 19832
6794 25828
6794 12475
6794 26317
6794 26888
6795 19508
6795 13089
6795 16507
6795 14776
6795 14777
6795 16061
6795 24773
6795 19401
6795 15241
6795 22484
6795 24812
6795 25639
6796 20671
6796 11941
6796 18269
6796 20619
6796 20931
6797 20375
6797 25610
6797 26239
6797 26620
6797 26002
6797 24662
6797 27269
6797 27280
6797 27367
6797 27447
6797 27526
6797 27609
6797 27379
6797 27608
6798 23061
6798 22055
6798 21223
6798 12196
6798 15221
6798 23690
6798 25194
6798 20375
6799 12843
6799 15370
6799 15295
6799 25038
6799 14552
6799 14275
6799 18270
6800 19301
6800 22992
6800 24956
6800 24436
6800 26166
6800 26691
6800 25294
6800 27118
6800 26771
6800 27388
6800 27447
6800 27283
6800 25405
6800 26308
6800 27618
6800 28041
6800 28093
6800 28068
6801 16675
6801 18027
6801 14754
6801 19108
6801 21385
6802 12140
6802 12490
6802 13954
6802 16110
6802 20196
6802 20626
6802 23471
6803 13365
6803 12031
6803 16524
6803 16424
6803 23445
6803 12081
6803 21767
6803 12102
6803 14104
6803 22388
6803 26299
6803 17139
6804 24586
6804 21327
6804 24956
6804 20753
6804 23264
6804 26821
6804 27210
6804 27525
6804 27593
6804 27345
6804 27857
6804 27847
6804 27899
6805 17567
6805 24584
6805 24666
6805 24332
6805 25964
6805 15317
6805 26671
6805 17948
6805 27315
6805 27724
6805 27614
6805 27416
6805 27565
6805 27567
6805 27941
6805 26084
6805 27717
6805 27991
6805 27139
6805 27660
6805 28029
6805 28037
6805 28083
6805 27628
6805 13233
6806 13350
6806 17951
6806 13983
6806 12190
6806 15913
6806 18902
6806 23503
6806 21529
6806 16882
6806 14052
6806 22167
6806 17921
6806 22533
6806 12171
6806 19415
6806 19600
6806 20344
6806 13859
6806 23590
6806 23754
6806 15284
6806 22529
6806 16537
6806 12569
6807 12462
6807 13816
6807 12031
6807 12794
6807 13717
6807 14829
6807 13660
6807 17120
6807 18192
6807 17309
6807 15025
6807 12211
6807 22918
6807 22451
6807 25015
6807 25016
6807 25802
6807 15881
6807 20397
6807 16066
6807 12141
6807 26626
6808 27791
6808 27204
6808 27565
6808 27797
6808 27416
6808 27442
6808 27358
6808 27938
6808 27625
6808 27746
6808 27710
6808 27983
6808 26756
6808 27628
6808 27953
6808 27660
6808 22871
6808 27139
6808 27717
6808 27991
6808 28029
6808 27714
6808 27740
6808 27925
6808 27594
6808 12828
6808 28083
6808 27491
6808 28067
6808 28061
6808 28065
6808 28040
6808 28074
6808 27550
6808 28003
6808 28055
6808 27013
6808 27868
6808 27890
6808 28062
6808 27941
6808 27608
6809 14175
6809 15333
6809 16260
6809 19435
6809 17908
6809 17445
6809 19467
6809 12712
6809 12959
6809 17612
6809 18350
6810 19593
6810 16455
6810 20891
6810 22525
6810 15765
6811 12342
6811 12719
6811 12517
6811 12373
6811 12747
6811 12936
6811 16274
6811 15915
6811 16337
6811 15460
6811 18406
6811 21452
6811 19646
6811 23545
6811 25330
6811 16720
6811 18813
6811 23566
6811 12956
6811 13985
6811 25157
6811 24942
6811 19393
6811 12692
6811 12762
6811 23587
6811 25684
6811 25415
6811 21411
6811 24705
6811 19879
6811 13126
6811 18743
6812 25476
6812 12790
6812 19813
6812 20985
6812 22075
6812 23394
6812 26759
6812 25634
6813 21338
6813 22481
6813 14951
6813 18236
6813 16691
6814 13793
6814 19590
6814 14062
6814 15802
6814 13306
6814 15656
6814 24273
6814 12006
6814 26863
6814 14186
6814 22830
6814 14111
6814 26386
6814 28052
6814 17945
6814 22954
6814 21762
6814 24925
6815 21012
6815 15493
6815 19408
6815 24639
6815 24266
6815 24666
6815 22671
6815 24585
6815 25101
6815 24643
6815 25528
6815 24871
6815 26164
6815 22369
6815 26451
6815 27210
6815 27333
6815 27351
6815 27200
6815 27724
6815 25109
6815 27406
6815 28039
6815 28005
6816 24580
6816 17534
6816 26094
6816 18815
6816 27054
6817 19982
6817 18689
6817 16268
6817 23708
6817 19691
6818 24764
6818 18277
6818 24884
6818 27210
6818 24026
6818 27617
6819 16551
6819 16595
6819 16005
6819 21744
6819 23748
6819 21776
6820 12891
6820 13649
6820 14709
6820 19219
6820 27327
6820 26827
6820 22127
6821 12519
6821 28038
6821 27540
6821 27177
6821 27756
6821 27868
6822 18189
6822 19758
6822 21242
6822 21894
6822 16274
6822 12407
6822 21591
6822 14549
6822 15441
6822 28090
6823 24931
6823 11890
6823 20181
6823 19242
6823 15803
6823 21585
6823 16482
6824 13688
6824 18674
6824 25894
6824 25896
6824 26376
6824 22250
6824 27711
6824 27866
6825 24435
6825 26047
6825 25001
6825 27145
6825 27639
6825 15221
6825 27712
6826 18557
6826 24738
6826 12493
6826 22677
6826 20025
6826 19273
6826 17550
6826 22205
6826 18062
6827 18533
6827 19806
6827 20977
6827 24548
6827 12657
6827 13496
6827 20979
6827 14626
6827 15596
6827 17479
6827 20465
6827 21315
6827 15153
6827 18231
6828 12464
6828 13869
6828 20444
6828 22388
6828 23166
6828 14246
6828 18785
6828 12356
6828 20819
6828 14985
6828 19997
6828 22934
6828 27305
6829 17770
6829 24053
6829 12201
6829 13878
6829 19627
6829 22487
6829 26415
6829 15071
6829 12687
6829 25024
6829 26699
6829 21820
6830 11934
6830 18788
6830 19060
6830 13513
6830 14594
6830 21995
6830 14592
6830 20987
6830 11840
6830 13643
6830 20436
6830 12900
6830 13512
6830 24956
6830 18276
6830 23775
6830 24480
6830 16525
6830 19359
6830 19415
6830 20663
6830 12405
6830 14483
6831 20062
6831 23722
6831 23939
6831 22742
6831 25558
6831 27332
6831 22354
6831 26652
6831 19659
6832 19615
6832 18467
6832 14935
6832 18501
6832 21135
6832 12617
6832 17309
6832 21627
6832 16430
6832 17497
6832 17446
6832 25664
6832 20948
6832 14780
6832 24356
6832 21343
6832 22976
6832 13092
6833 12561
6833 12512
6833 14889
6833 17331
6833 20763
6833 17770
6833 12287
6833 24606
6833 19784
6833 19422
6833 18647
6833 21154
6833 25021
6833 13485
6833 20772
6833 25076
6833 26002
6833 18909
6833 26606
6833 20082
6833 11923
6833 18996
6833 26889
6833 19367
6833 20917
6833 27249
6833 27225
6833 24419
6833 20323
6833 25068
6833 27221
6833 26589
6833 19139
6833 27744
6833 27915
6833 22306
6833 27775
6833 26757
6834 24956
6834 25337
6834 25111
6834 21228
6834 26544
6834 27210
6835 25266
6835 26643
6835 27228
6835 27609
6835 27204
6835 25837
6836 12340
6836 15039
6836 12115
6836 12129
6836 14872
6836 23485
6837 12905
6837 15946
6837 13641
6837 23325
6837 22658
6837 23619
6837 13705
6837 13301
6838 15309
6838 11862
6838 15805
6838 13228
6838 20123
6838 21693
6838 21672
6838 21433
6838 15449
6838 25004
6838 25933
6838 26570
6838 24158
6838 26810
6839 18180
6839 13856
6839 14537
6839 15379
6839 20896
6839 20937
6839 21176
6839 24639
6839 21587
6839 14826
6839 20771
6839 25557
6839 26317
6839 14670
6839 26821
6839 27441
6839 25837
6839 24002
6839 26973
6839 27899
6840 19134
6840 15336
6840 16647
6840 18734
6840 26042
6840 16636
6840 16824
6840 19290
6840 26281
6841 14950
6841 16481
6841 19031
6841 19030
6841 20658
6841 20831
6841 24293
6841 22084
6841 23906
6841 19934
6841 22944
6841 26224
6841 22742
6841 25961
6841 25294
6841 24436
6841 22496
6841 25748
6841 27552
6841 27641
6841 27836
6841 27982
6841 27539
6841 27899
6841 25347
6842 19108
6842 15668
6842 20490
6842 23916
6842 23413
6843 12813
6843 15582
6843 12625
6843 14647
6843 16805
6843 13387
6843 17982
6843 25713
6844 21520
6844 25962
6844 14796
6844 16646
6844 24314
6845 18783
6845 22221
6845 17595
6845 18544
6845 15211
6845 18786
6845 23157
6846 14318
6846 18153
6846 19353
6846 17790
6846 23986
6846 24970
6846 26470
6847 15113
6847 20772
6847 20498
6847 21939
6847 25773
6847 26888
6848 25676
6848 24043
6848 18381
6848 24306
6848 21612
6848 22556
6848 15665
6848 24813
6849 23683
6849 23515
6849 24764
6849 23264
6849 26412
6850 18233
6850 12124
6850 14670
6850 23065
6850 22038
6851 15091
6851 12138
6851 13007
6851 19537
6851 20209
6851 24350
6851 25452
6852 17121
6852 21175
6852 24186
6852 24666
6852 24541
6852 24188
6852 26489
6852 26606
6852 26737
6852 26894
6852 24388
6852 27270
6852 22394
6852 26797
6852 27463
6852 27737
6852 27513
6852 27834
6852 27933
6853 14105
6853 14835
6853 16949
6853 17549
6853 19424
6853 20416
6853 14368
6853 19691
6853 20914
6853 20611
6853 12662
6853 12679
6854 14537
6854 17665
6854 14130
6854 13793
6854 13790
6854 25816
6854 18830
6854 17063
6855 12974
6855 14604
6855 16000
6855 19946
6855 20733
6855 21549
6855 22779
6855 19728
6855 26107
6855 26891
6856 12364
6856 13810
6856 17824
6856 17221
6856 18200
6856 15004
6856 23759
6856 12595
6856 18813
6856 13301
6856 14021
6856 15120
6856 15555
6856 18058
6856 13007
6856 20846
6857 20465
6857 21886
6857 23636
6857 23798
6857 25134
6858 20658
6858 16556
6858 18219
6858 23506
6858 16711
6858 18830
6858 24356
6859 18010
6859 15377
6859 15240
6859 18795
6859 27054
6860 17091
6860 12202
6860 17706
6860 25884
6860 15198
6860 25591
6861 23749
6861 20094
6861 22181
6861 18149
6861 14578
6861 20646
6861 20566
6861 17943
6861 24780
6861 25981
6862 13746
6862 23459
6862 27609
6862 20792
6862 27351
6862 28036
6863 12856
6863 16220
6863 17771
6863 18963
6863 20323
6863 23038
6863 23875
6863 24886
6863 18277
6864 21480
6864 22857
6864 25534
6864 25939
6864 26085
6864 26574
6864 17682
6864 20506
6864 18168
6864 19072
6864 19985
6864 12145
6864 12348
6864 13131
6864 13136
6864 22462
6864 23150
6864 19353
6865 16804
6865 23571
6865 22939
6865 26172
6865 18909
6865 27819
6865 27963
6866 23075
6866 24169
6866 26644
6866 25628
6866 23613
6866 18961
6866 26996
6866 25844
6866 21599
6866 27899
6866 27910
6867 20969
6867 25131
6867 24603
6867 26321
6867 13413
6867 19139
6867 15841
6867 27381
6867 21668
6867 28038
6868 15666
6868 20616
6868 22801
6868 13049
6868 17647
6868 21205
6868 25894
6868 11957
6868 12540
6868 14759
6868 17929
6868 18406
6868 22250
6868 19371
6869 19348
6869 22062
6869 24643
6869 23466
6869 23642
6869 25558
6869 27456
6869 26996
6869 25957
6869 28036
6869 17184
6870 15598
6870 14164
6870 12975
6870 12475
6870 15561
6870 18648
6870 11852
6870 17801
6870 19518
6870 15006
6870 15978
6870 12891
6870 21637
6871 12170
6871 25602
6871 26395
6871 23817
6871 11923
6871 12662
6871 27620
6871 27200
6871 27705
6871 26757
6872 20702
6872 19769
6872 26892
6872 27411
6872 20459
6872 21434
6872 19910
6872 17192
6872 22658
6873 12335
6873 21242
6873 18812
6873 27415
6873 19244
6874 11891
6874 13011
6874 13976
6874 20754
6874 21039
6874 21514
6874 21732
6874 21948
6874 23669
6874 12724
6875 24073
6875 26595
6875 25174
6875 14917
6875 20470
6875 20202
6876 11847
6876 22636
6876 22571
6876 21575
6876 23722
6876 23680
6876 24666
6876 26055
6876 24739
6876 26029
6876 24480
6876 25575
6876 26737
6876 26777
6876 26914
6876 27309
6876 27463
6876 27495
6876 27513
6876 21463
6876 27202
6876 27791
6876 27855
6876 27894
6877 21546
6877 23678
6877 21813
6877 25943
6877 15084
6877 27204
6878 12348
6878 18706
6878 22828
6878 14698
6878 13825
6878 25415
6879 13945
6879 17900
6879 24397
6879 12936
6879 26258
6880 12090
6880 14521
6880 15663
6880 25069
6880 25236
6880 25558
6880 21259
6880 27705
6880 27518
6880 27416
6880 27678
6880 27831
6880 27999
6880 28005
6880 27868
6881 20849
6881 20635
6881 26540
6881 26236
6881 21535
6881 26678
6881 27284
6881 16586
6881 23254
6881 26556
6881 27902
6881 26505
6882 17380
6882 20787
6882 21525
6882 13183
6882 24698
6882 20094
6882 24687
6882 25877
6883 19037
6883 12206
6883 12208
6883 23231
6883 22268
6883 25911
6883 26313
6883 26485
6884 14726
6884 24755
6884 24640
6884 20645
6884 26916
6884 23693
6884 27384
6885 14754
6885 22744
6885 17810
6885 20465
6885 23087
6885 23088
6885 23271
6885 15305
6885 13306
6885 15389
6885 19093
6885 17869
6885 14543
6886 24373
6886 24666
6886 22348
6886 27334
6886 28023
6887 13102
6887 14144
6887 11844
6887 13702
6887 18647
6887 23162
6887 14965
6887 15390
6887 23939
6887 24274
6887 23983
6887 13658
6887 23845
6887 25651
6887 21875
6887 21769
6887 25568
6887 16537
6887 26691
6887 26880
6887 27415
6887 24419
6887 27367
6887 25683
6887 27281
6887 27064
6887 21917
6887 27202
6887 27819
6887 26652
6887 27618
6888 14810
6888 19471
6888 16602
6888 14757
6888 23571
6888 25190
6888 24661
6888 12366
6888 14621
6888 13784
6889 14483
6889 20444
6889 13218
6889 18804
6889 20864
6889 23875
6889 13162
6889 19689
6889 26889
6890 15200
6890 20914
6890 22974
6890 14678
6890 16700
6890 19359
6890 17061
6890 13958
6890 14241
6890 16962
6891 24588
6891 24666
6891 12527
6891 27737
6891 27857
6892 12864
6892 13793
6892 19554
6892 13352
6892 22950
6893 15507
6893 12980
6893 17929
6893 19815
6893 15511
6893 15876
6893 20643
6893 22650
6893 17039
6894 16173
6894 24515
6894 24287
6894 27172
6894 27015
6894 27463
6894 14172
6895 13700
6895 14192
6895 15494
6895 16955
6895 13277
6895 16224
6895 19530
6896 27048
6896 16955
6896 13446
6896 22675
6896 25394
6896 17159
6896 19935
6896 27138
6896 14860
6896 27159
6897 18775
6897 20288
6897 20339
6897 25110
6897 19661
6898 22428
6898 12667
6898 14625
6898 27004
6898 20960
6898 12693
6898 27622
6899 18042
6899 14825
6899 12405
6899 25238
6899 11985
6899 21259
6899 18612
6899 17803
6899 15549
6899 27060
6899 27519
6899 27518
6899 27416
6899 27660
6899 28083
6899 27550
6900 20850
6900 23832
6900 14967
6900 24141
6900 17091
6900 18716
6901 17111
6901 13246
6901 21281
6901 23459
6901 19408
6901 26325
6901 25654
6901 27280
6901 26796
6901 27724
6901 26783
6901 26919
6901 27963
6902 20444
6902 22225
6902 26509
6902 19680
6902 24749
6902 24526
6902 26468
6902 26717
6902 15055
6902 21220
6902 17249
6902 13389
6902 17234
6902 11891
6902 25539
6902 12607
6902 24705
6902 14394
6902 24781
6902 16638
6902 16624
6902 26183
6903 12348
6903 14586
6903 18480
6903 20022
6903 24667
6903 26599
6903 24211
6903 14381
6903 27087
6904 19241
6904 13023
6904 17945
6904 19488
6904 23476
6904 20984
6904 26759
6905 14965
6905 18904
6905 17067
6905 20568
6905 17874
6905 16836
6905 18076
6905 17406
6905 25292
6905 27941
6905 27416
6905 27491
6905 27991
6905 27139
6905 25301
6905 28065
6906 15185
6906 17002
6906 12891
6906 25270
6906 17794
6906 21280
6906 26172
6906 18817
6906 26347
6906 22348
6906 18909
6906 26804
6906 25558
6906 26688
6906 27560
6906 27705
6906 27203
6906 26783
6906 27707
6906 25147
6906 27911
6906 27920
6907 26464
6907 27364
6907 17212
6907 19141
6907 19643
6908 17119
6908 20632
6908 16767
6908 12905
6908 26926
6909 22438
6909 27159
6909 21627
6909 15558
6909 15645
6910 12215
6910 12625
6910 12550
6910 11885
6910 17557
6910 18910
6910 17713
6910 20211
6910 13673
6910 23680
6910 11921
6910 14962
6910 24639
6910 24451
6910 24666
6910 21000
6910 22002
6910 24510
6910 25754
6910 25769
6910 19186
6910 26874
6910 27257
6910 26074
6910 27671
6911 12368
6911 13748
6911 23687
6911 17794
6911 25492
6911 22749
6911 17230
6911 20261
6911 26272
6912 11920
6912 23906
6912 16631
6912 22001
6912 17847
6912 24764
6912 17123
6912 24666
6912 25388
6912 12045
6912 25601
6912 25568
6912 25652
6912 17941
6912 18422
6912 22000
6912 14178
6912 18277
6912 24460
6912 25908
6912 23812
6912 25294
6912 18909
6912 19786
6912 26486
6912 27065
6912 26451
6912 15775
6912 27240
6912 27560
6912 24052
6912 25156
6912 14517
6912 16475
6912 26247
6912 26845
6912 27351
6912 27370
6912 27581
6912 28084
6912 19978
6913 21784
6913 21063
6913 13548
6913 21537
6913 17880
6913 20366
6913 16720
6913 21055
6913 21057
6913 13301
6914 18323
6914 12672
6914 21100
6914 23326
6914 21738
6914 25926
6914 18095
6914 12306
6914 23420
6915 12134
6915 20589
6915 23772
6915 22826
6915 24183
6916 12313
6916 15143
6916 13593
6916 15785
6916 19105
6917 18725
6917 22803
6917 24266
6917 14517
6917 25287
6917 26227
6917 14408
6917 25712
6917 22348
6917 27286
6917 27281
6917 27495
6917 27200
6917 27283
6917 17406
6917 27902
6917 24917
6917 27890
6918 20222
6918 26351
6918 26751
6918 12733
6918 15221
6918 17870
6918 20464
6918 27383
6919 23296
6919 17361
6919 16730
6919 15848
6919 25778
6919 27053
6919 27595
6920 12118
6920 15018
6920 16106
6920 14656
6920 21450
6920 23906
6920 25076
6920 23308
6920 22568
6920 12892
6920 28092
6921 15347
6921 12348
6921 12141
6921 12177
6921 17551
6921 21502
6921 13087
6921 22779
6921 26418
6921 12594
6921 13266
6921 18720
6922 13611
6922 25045
6922 17390
6922 21116
6922 25143
6922 25685
6922 25704
6923 16571
6923 18277
6923 27310
6923 12139
6923 28022
6923 18706
6923 23359
6923 18061
6924 16470
6924 15734
6924 13233
6924 12693
6924 13910
6924 14186
6924 15201
6924 20823
6924 11865
6924 16342
6924 16625
6924 20371
6924 22428
6924 26093
6925 15766
6925 22992
6925 12679
6925 23701
6925 22185
6925 23480
6925 12864
6925 20904
6925 24471
6925 25157
6925 27857
6925 23097
6925 23031
6925 19456
6926 21877
6926 22462
6926 21277
6926 25270
6926 25568
6926 25910
6927 13557
6927 19774
6927 20628
6927 21164
6927 22889
6927 14368
6927 22249
6927 13077
6927 16224
6927 20835
6927 21318
6927 22341
6927 12753
6927 14178
6927 14312
6927 16740
6927 16953
6927 19748
6927 22545
6927 24737
6927 24653
6927 26432
6927 23370
6928 16886
6928 16123
6928 22995
6928 12893
6928 25562
6928 25671
6929 17377
6929 22505
6929 23117
6929 23276
6929 24796
6929 14337
6929 24576
6929 21154
6929 27614
6929 14506
6929 28039
6930 14892
6930 11953
6930 22990
6930 18544
6930 24335
6930 15785
6930 13049
6930 17684
6930 19323
6930 14202
6930 18255
6930 16455
6930 19322
6930 21295
6930 13467
6930 27414
6930 13465
6930 27098
6930 19014
6931 13305
6931 19808
6931 20982
6931 23430
6931 19902
6931 19371
6931 27142
6931 11893
6932 23270
6932 24103
6932 19814
6932 20247
6932 24956
6932 25337
6932 25526
6932 25111
6932 21305
6932 24658
6932 15467
6933 12867
6933 16801
6933 19321
6933 12789
6933 14366
6933 14438
6933 23411
6933 23618
6934 15805
6934 25156
6934 24903
6934 24946
6934 26605
6935 12722
6935 22784
6935 23459
6935 23888
6935 26335
6935 21413
6935 26643
6935 24871
6935 27233
6935 27028
6935 26734
6935 14506
6935 25056
6935 26049
6935 27881
6935 27961
6935 28021
6935 26757
6935 27193
6936 12525
6936 15700
6936 14663
6936 20094
6936 22667
6936 12973
6936 15083
6936 22751
6936 16848
6936 22918
6936 12147
6936 27503
6936 13131
6936 27161
6936 27305
6936 27476
6937 14919
6937 13604
6937 14796
6937 20505
6937 17435
6937 19312
6937 15299
6937 24891
6938 20059
6938 20889
6938 21667
6938 22001
6938 24435
6938 24764
6938 24666
6938 12570
6938 23411
6938 25076
6938 25566
6938 26960
6938 27286
6938 27582
6938 27638
6938 27834
6939 23909
6939 24764
6939 26348
6939 23812
6939 22139
6939 27735
6940 14054
6940 17782
6940 18668
6940 17901
6940 15775
6940 20715
6940 12158
6940 17410
6940 23260
6940 20306
6940 22243
6940 18879
6940 21141
6940 19467
6940 22676
6940 24303
6941 20876
6941 17175
6941 13880
6941 17509
6941 19858
6942 18558
6942 21957
6942 14538
6942 13306
6942 21175
6942 13056
6942 26907
6943 24309
6943 17794
6943 25262
6943 26024
6943 27385
6943 17277
6943 23976
6943 15529
6943 20793
6944 11908
6944 11912
6944 11916
6944 11917
6944 13673
6944 18804
6944 12026
6944 11918
6944 14128
6944 15465
6944 18153
6944 18993
6944 18994
6944 21140
6944 15874
6944 12190
6944 13675
6944 15284
6944 14314
6944 12139
6944 25839
6944 21055
6944 23233
6944 13971
6944 23940
6944 25255
6944 20773
6945 12388
6945 12389
6945 20915
6945 20770
6945 20445
6945 24413
6945 17335
6945 24976
6945 15775
6945 19555
6945 22090
6945 12145
6945 20247
6945 12046
6945 28040
6945 28065
6945 28094
6945 28067
6946 12493
6946 12153
6946 12342
6946 14856
6946 13989
6946 17762
6946 19029
6946 19068
6946 18964
6946 16695
6946 22006
6946 22813
6946 19280
6946 23680
6946 24184
6946 24643
6946 25961
6946 23694
6946 22298
6946 21540
6946 27283
6946 27495
6946 27801
6946 19087
6946 22589
6946 27203
6946 27808
6946 12272
6946 12037
6946 20992
6946 26919
6946 28083
6946 28023
6946 20373
6946 28073
6947 12841
6947 11866
6947 11947
6947 12801
6947 12131
6947 13404
6947 18694
6947 19009
6947 20658
6947 20770
6947 24956
6947 26325
6947 26324
6947 22550
6947 26343
6947 22298
6947 27200
6947 27678
6948 13048
6948 16141
6948 18916
6948 22585
6948 18931
6948 25438
6948 12903
6948 19367
6948 23821
6948 24839
6948 16487
6948 18831
6948 27773
6949 21397
6949 18091
6949 21853
6949 22577
6949 18671
6949 25400
6949 26480
6950 14137
6950 15340
6950 22826
6950 16624
6950 20996
6950 23986
6950 11875
6950 12366
6950 22672
6950 19070
6950 26712
6950 17493
6950 15559
6950 19461
6950 12193
6951 12722
6951 12573
6951 13129
6951 13670
6951 15198
6951 17270
6951 15061
6951 16030
6951 14465
6951 12693
6951 15073
6951 24479
6951 17027
6951 17515
6951 19472
6951 25530
6951 27975
6951 13346
6951 16048
6951 26891
6951 27231
6952 13262
6952 12697
6952 16116
6952 15369
6952 21029
6953 20025
6953 14138
6953 18490
6953 25105
6953 25021
6953 24608
6953 24510
6953 26078
6953 25436
6953 26128
6953 25941
6953 25712
6953 22350
6953 25558
6953 15600
6953 19671
6953 19977
6953 23407
6953 26519
6953 22412
6953 21508
6953 27161
6953 27249
6953 27059
6953 27182
6953 24574
6953 25815
6953 26604
6953 24656
6953 27708
6953 25109
6953 27709
6953 27978
6953 27706
6953 27876
6953 27539
6953 27592
6953 23885
6954 12672
6954 16891
6954 17669
6954 21126
6954 24903
6955 13793
6955 14025
6955 15785
6955 16088
6955 20539
6955 13938
6955 15628
6955 16925
6955 19069
6955 21954
6956 21294
6956 14412
6956 23510
6956 23451
6956 21648
6956 16676
6956 14106
6956 13784
6956 19560
6956 22944
6956 20495
6956 26762
6956 15258
6956 18225
6956 18605
6956 20430
6956 24866
6957 12022
6957 12378
6957 22843
6957 24027
6957 12172
6957 18782
6958 13985
6958 18943
6958 26390
6958 13497
6958 25029
6958 25649
6958 19691
6958 22484
6958 25135
6959 11843
6959 23555
6959 15787
6959 27975
6959 12693
6960 16208
6960 12890
6960 15305
6960 20420
6960 22193
6960 17121
6960 12367
6960 26895
6960 27320
6960 23570
6961 15259
6961 23611
6961 17309
6961 22462
6961 25953
6961 14750
6961 27004
6961 19560
6962 18384
6962 24425
6962 27221
6962 27941
6962 27416
6962 27881
6962 28060
6963 14476
6963 16326
6963 19069
6963 12936
6963 14166
6963 12145
6963 12974
6963 14162
6963 14924
6963 17536
6963 21587
6963 23625
6963 14192
6963 26234
6963 20311
6963 15890
6963 13493
6963 18264
6963 12509
6963 14223
6963 17927
6964 11872
6964 11889
6964 25526
6964 24947
6964 26645
6964 11923
6964 24662
6964 26996
6964 26937
6964 27729
6964 27202
6964 27722
6964 27677
6964 23000
6965 14319
6965 11890
6965 13793
6965 18264
6965 12693
6965 13365
6966 11852
6966 18698
6966 17198
6966 12215
6966 13989
6966 15585
6966 15967
6967 14950
6967 20657
6967 17808
6967 12771
6967 13978
6967 16172
6967 25845
6967 14089
6967 12693
6967 12765
6967 16586
6967 26833
6968 15065
6968 19918
6968 16472
6968 12178
6968 22854
6968 19288
6968 16514
6968 21603
6969 20632
6969 19415
6969 18322
6969 20420
6969 19894
6969 12974
6969 15912
6970 12415
6970 12514
6970 15503
6970 14681
6970 17770
6970 12438
6970 21873
6970 21828
6970 19880
6970 24666
6970 25601
6970 20001
6970 23787
6970 27045
6970 20793
6970 27930
6971 12662
6971 23209
6971 15505
6971 25832
6971 21171
6972 12580
6972 14096
6972 14683
6972 25283
6972 25791
6972 26930
6972 23787
6972 27198
6972 27592
6973 14723
6973 14449
6973 19415
6973 13277
6973 12279
6973 12319
6973 15549
6973 18761
6974 23138
6974 23906
6974 24494
6974 26490
6974 24291
6974 26260
6974 25942
6974 26561
6974 26902
6974 25068
6974 27775
6975 18562
6975 22826
6975 23484
6975 12093
6975 13013
6975 17242
6976 15766
6976 18051
6976 12003
6976 18812
6976 16962
6976 25512
6976 14252
6976 26752
6976 15666
6976 25319
6976 25985
6976 24205
6977 24796
6977 13553
6977 24020
6977 25733
6977 25695
6977 26912
6977 27199
6977 27224
6977 16323
6977 27283
6977 17976
6977 27442
6977 25111
6977 27819
6977 27285
6977 27861
6977 13146
6977 27704
6978 13708
6978 14022
6978 23239
6978 17372
6978 13635
6978 14414
6979 12748
6979 12342
6979 20253
6979 17896
6979 22985
6979 25505
6979 26163
6979 25294
6979 27255
6980 21002
6980 26379
6980 12913
6980 23986
6980 24208
6980 26536
6981 12505
6981 14881
6981 16066
6981 19029
6981 19223
6981 15723
6981 17265
6981 21873
6981 21281
6981 21450
6981 14962
6981 23362
6981 23905
6981 23983
6981 24666
6981 23190
6981 24643
6981 26069
6981 26014
6981 24841
6981 25111
6981 25558
6981 26105
6981 11923
6981 27228
6981 27310
6981 27434
6981 27614
6981 25653
6981 27876
6982 14609
6982 21061
6982 16252
6982 16685
6982 19913
6982 13738
6982 19002
6982 12378
6982 18655
6982 19107
6982 15329
6982 12161
6982 18658
6982 17747
6982 18157
6982 20557
6982 17585
6982 18795
6982 20686
6982 19432
6982 12570
6982 25900
6982 25629
6982 18821
6982 16455
6982 21110
6982 25991
6982 14468
6982 12693
6983 13845
6983 14244
6983 17729
6983 16616
6983 19726
6983 18981
6983 22262
6983 23065
6983 24072
6983 20714
6984 13810
6984 12891
6984 20444
6984 15302
6984 18553
6985 22782
6985 26095
6985 26096
6985 11923
6985 21508
6985 25957
6985 27204
6986 14782
6986 12453
6986 14279
6986 12017
6986 26485
6986 12114
6986 15589
6986 12733
6987 23091
6987 24827
6987 26313
6987 26304
6987 26688
6987 23715
6988 19057
6988 14354
6988 14736
6988 21345
6988 11911
6988 11860
6988 12002
6988 25933
6989 19517
6989 15608
6989 24069
6989 17767
6989 18754
6989 12642
6989 13079
6989 18668
6990 17591
6990 16817
6990 18236
6990 14546
6990 24694
6990 14878
6990 22088
6990 13154
6991 16149
6991 16595
6991 11890
6991 12141
6991 12801
6991 18185
6991 17901
6992 16465
6992 21037
6992 21183
6992 21850
6992 26669
6992 20702
6992 24166
6992 15397
6992 19581
6992 22166
6992 24358
6992 25131
6992 26002
6993 13845
6993 20314
6993 18935
6993 24628
6993 12548
6993 24155
6993 18912
6994 16962
6994 23037
6994 23419
6994 18298
6994 27220
6995 13841
6995 21242
6995 22402
6995 23747
6995 23206
6995 24796
6995 26095
6995 27559
6995 27200
6995 27495
6995 27204
6995 27983
6995 27776
6996 21841
6996 12287
6996 14110
6996 16327
6996 16489
6996 17786
6996 26399
6996 27514
6997 13610
6997 17629
6997 15785
6997 24666
6997 17528
6997 20602
6997 26055
6997 18817
6997 12944
6997 26874
6997 27065
6997 22790
6997 27436
6997 27560
6997 27203
6997 27876
6997 28021
6997 28004
6997 27208
6998 23618
6998 12974
6998 13478
6998 19085
6998 21428
6998 23503
6998 24170
6999 15796
6999 24985
6999 26329
6999 18352
6999 18353
6999 18920
6999 17101
6999 21555
6999 26469
6999 16398
6999 18622
7000 26901
7000 26903
7000 27203
7000 14889
7000 27665
7000 27945
7001 17770
7001 20789
7001 19351
7001 24812
7001 24683
7002 13661
7002 16701
7002 16815
7002 21392
7002 23341
7002 19065
7002 12397
7002 14394
7002 15735
7002 21177
7002 23340
7002 26156
7002 26436
7002 12158
7002 16817
7002 17222
7002 19900
7002 24577
7002 12243
7002 25327
7003 21692
7003 22691
7003 22688
7003 11844
7003 18708
7003 27974
7004 24370
7004 25282
7004 26079
7004 23642
7004 26645
7004 26643
7004 22298
7004 22350
7004 24187
7004 25942
7004 25526
7004 23459
7004 24537
7004 11923
7004 27499
7004 27474
7004 27819
7004 27929
7005 12522
7005 12788
7005 18226
7005 12302
7005 12298
7005 12153
7005 16809
7005 15905
7005 16449
7005 17210
7006 17517
7006 21828
7006 22591
7006 18007
7006 16117
7006 17335
7006 26821
7006 23691
7006 25845
7006 13536
7006 24302
7007 23139
7007 15302
7007 19415
7007 21229
7007 23145
7007 24399
7007 24436
7008 19065
7008 14843
7008 15056
7008 19911
7008 22546
7008 12308
7008 13400
7008 13004
7008 12198
7008 12977
7008 15324
7008 24894
7008 11885
7008 23193
7008 16066
7009 21971
7009 25314
7009 14847
7009 14279
7009 17384
7009 17010
7009 23572
7009 27213
7009 26732
7010 14959
7010 12878
7010 12145
7010 18898
7010 19028
7010 14532
7010 23478
7010 20157
7010 20429
7010 24425
7010 24078
7010 24796
7010 26896
7010 25487
7010 26412
7010 26445
7010 27161
7010 27591
7010 27376
7010 18687
7010 27764
7010 13343
7010 27706
7010 27378
7010 26139
7010 27406
7010 27899
7011 13917
7011 15748
7011 14178
7011 17406
7011 16819
7011 22517
7011 20206
7011 15144
7011 23806
7011 15982
7011 24435
7011 23070
7011 25526
7011 24465
7011 26621
7011 26359
7011 27265
7011 27306
7011 27090
7011 27332
7011 27565
7011 27567
7011 27367
7011 27221
7011 27745
7011 27811
7011 27416
7011 27991
7011 27976
7011 28060
7011 28005
7012 12034
7012 13276
7012 20303
7012 26456
7012 14556
7013 13584
7013 17858
7013 16886
7013 21258
7013 21650
7014 12483
7014 14137
7014 16883
7014 12608
7014 24394
7014 12509
7014 14327
7015 21904
7015 17881
7015 16058
7015 18497
7015 17677
7015 26250
7015 26904
7015 20641
7016 15465
7016 19767
7016 22045
7016 25125
7016 13262
7016 15073
7016 17536
7016 25476
7016 26322
7016 26509
7016 13479
7016 21039
7017 22571
7017 11889
7017 24969
7017 22412
7017 27552
7017 27379
7017 28022
7017 27906
7017 27730
7017 27910
7017 27911
7018 12407
7018 13040
7018 19367
7018 22795
7018 12406
7018 13658
7019 14804
7019 18708
7019 14043
7019 13233
7019 19530
7019 22619
7019 23367
7019 13174
7019 25416
7020 16105
7020 18955
7020 19270
7020 17451
7020 17876
7020 19127
7020 12847
7020 20685
7020 19379
7020 20611
7020 12439
7020 22231
7020 16039
7020 19321
7020 16858
7020 21400
7020 17684
7020 27188
7021 13882
7021 12779
7021 16591
7021 16770
7021 18069
7021 19632
7021 16931
7021 13365
7021 16595
7021 14085
7021 17748
7021 12314
7021 21967
7021 19241
7022 18905
7022 21549
7022 23422
7022 12175
7022 14623
7022 25489
7022 26038
7022 16908
7022 26360
7023 21287
7023 21866
7023 21868
7023 22764
7023 24939
7023 14173
7023 17493
7024 14115
7024 19111
7024 23107
7024 19333
7024 11890
7025 23689
7025 18347
7025 13503
7025 18177
7025 13346
7025 13519
7025 16852
7025 13135
7025 14308
7025 16077
7025 12065
7025 23243
7025 24069
7025 17366
7026 22837
7026 20335
7026 12190
7026 23994
7026 15221
7026 27759
7027 12944
7027 14269
7027 16436
7027 17041
7027 12412
7027 15498
7027 26482
7027 23986
7028 19209
7028 21575
7028 14137
7028 22688
7028 23678
7028 23361
7028 23906
7028 25270
7028 20880
7028 25076
7028 27835
7028 27836
7029 16758
7029 20870
7029 23300
7029 24231
7029 24914
7029 17612
7029 25163
7029 27044
7029 23258
7029 27815
7030 21827
7030 18035
7030 15900
7030 21748
7030 16624
7030 19479
7031 12008
7031 12042
7031 12304
7031 14641
7031 11961
7031 13374
7031 25111
7031 22746
7031 17858
7031 11923
7031 27836
7032 17318
7032 12950
7032 12663
7032 17178
7032 22693
7032 20849
7032 22235
7032 15379
7032 16689
7032 18068
7032 20119
7032 26185
7032 23563
7032 16881
7032 27795
7033 12515
7033 12031
7033 14757
7033 18613
7033 22036
7033 15976
7033 21933
7033 25392
7034 19216
7034 22517
7034 23928
7034 22095
7034 24536
7034 25800
7034 25951
7034 26633
7034 26914
7034 27544
7034 27724
7034 27737
7034 19593
7035 14479
7035 11978
7035 15460
7035 19007
7035 17203
7036 22784
7036 19026
7036 21000
7036 17528
7036 16665
7036 13629
7036 14138
7036 21691
7036 23574
7036 26055
7036 25266
7036 24643
7036 22868
7036 25566
7036 25677
7036 14538
7036 26412
7036 27199
7036 27161
7036 27090
7036 19278
7036 14517
7036 27837
7036 18398
7036 28004
7036 25585
7036 27777
7036 21069
7036 28073
7036 28040
7036 28094
7037 12818
7037 17682
7037 16277
7037 16740
7037 18755
7037 23973
7037 12200
7037 12845
7038 23897
7038 25780
7038 21389
7038 26754
7038 15040
7039 19415
7039 23909
7039 23517
7039 24515
7039 14973
7039 24370
7039 24300
7039 26168
7039 27161
7039 27955
7040 20329
7040 20729
7040 21627
7040 21838
7040 26908
7040 26476
7040 26575
7041 24666
7041 14130
7041 23518
7041 25521
7041 24210
7041 26056
7041 26277
7041 25564
7041 24802
7041 27081
7041 27269
7041 27334
7041 27731
7041 27732
7041 27474
7041 27855
7041 27652
7041 27929
7041 27910
7041 28044
7041 28045
7042 14633
7042 14675
7042 15560
7042 20314
7042 15371
7042 17335
7042 19359
7042 16393
7042 20677
7043 16190
7043 22327
7043 23123
7043 25110
7043 25657
7043 26749
7043 20815
7043 21092
7043 21342
7043 23326
7043 15221
7043 18943
7043 13138
7043 22732
7043 21866
7043 19974
7043 24273
7043 16923
7043 19627
7043 27719
7044 20340
7044 25432
7044 21649
7044 25284
7044 26418
7044 26243
7045 16054
7045 25270
7045 26002
7045 25076
7045 18278
7045 27057
7045 27255
7045 27474
7045 25147
7046 15393
7046 16854
7046 18690
7046 26087
7046 21235
7047 16789
7047 16153
7047 12392
7047 13660
7047 15354
7047 16147
7047 12171
7047 12223
7047 15835
7047 17163
7047 13323
7047 14516
7047 16632
7047 16172
7047 25557
7047 11923
7047 25146
7047 26818
7047 12870
7047 27272
7047 24863
7047 27083
7047 26156
7047 15616
7047 22174
7048 21873
7048 22023
7048 19961
7048 12186
7048 15115
7048 12774
7048 12801
7048 18788
7048 14178
7048 13076
7048 12368
7048 23191
7048 11872
7048 15587
7048 19408
7048 23906
7048 24666
7048 21000
7048 21916
7048 24808
7048 26224
7048 22742
7048 25076
7048 23642
7048 25144
7048 26643
7048 23812
7048 15875
7048 26180
7048 12171
7048 14736
7048 23724
7048 15354
7048 26633
7048 26274
7048 27560
7048 27705
7048 27283
7048 27855
7048 26924
7048 25837
7048 26685
7048 26139
7049 12202
7049 24512
7049 11840
7049 25900
7049 24074
7050 13351
7050 13937
7050 17187
7050 21039
7050 13675
7050 15340
7050 18130
7050 25359
7050 26117
7051 20176
7051 15808
7051 22518
7051 22783
7051 24608
7051 23459
7051 26002
7051 24956
7051 24490
7051 25943
7051 26261
7051 26629
7051 26805
7051 26874
7051 24662
7051 26180
7051 26477
7051 27201
7051 23375
7051 20834
7051 26820
7051 27729
7051 27697
7052 14026
7052 13734
7052 20630
7052 23721
7052 24894
7053 19702
7053 24617
7053 27392
7053 12540
7053 20043
7053 20639
7053 22176
7053 22723
7053 23113
7053 23615
7053 24673
7053 24784
7053 26195
7053 26248
7053 26509
7053 19140
7054 19960
7054 27110
7054 22367
7054 11912
7054 23599
7054 12229
7054 13064
7054 23394
7054 25683
7054 18236
7055 26343
7055 26519
7055 27302
7055 16816
7055 27283
7055 27530
7055 27513
7055 27004
7055 27982
7055 26990
7055 15317
7055 21181
7055 27639
7055 27929
7055 14805
7056 12662
7056 20061
7056 22504
7056 23581
7056 18716
7056 20213
7056 24590
7056 24764
7056 24540
7056 23729
7056 24956
7056 26164
7056 25943
7056 24802
7056 25294
7056 27376
7056 27705
7056 27731
7056 24026
7056 19679
7056 27906
7057 19879
7057 12462
7057 20982
7057 15655
7057 16638
7057 21505
7058 25391
7058 16310
7058 19883
7058 24668
7058 24669
7058 12217
7058 25121
7059 14878
7059 18015
7059 18402
7059 20542
7059 17616
7059 18492
7059 19621
7059 19875
7059 21828
7059 17617
7059 13566
7059 20336
7059 16443
7059 23050
7059 27774
7059 27952
7059 27973
7060 13734
7060 15894
7060 17880
7060 26056
7060 15007
7060 20594
7060 21337
7060 22842
7060 22739
7060 26339
7060 22297
7060 25111
7060 26016
7060 27065
7060 25988
7060 13441
7060 21289
7060 27376
7060 27764
7060 19593
7060 27285
7060 27857
7060 27861
7060 25147
7060 27873
7060 27927
7060 27777
7060 25734
7060 21441
7060 26846
7060 27919
7060 27978
7061 13709
7061 25320
7061 27931
7061 27938
7061 27717
7061 27605
7061 27139
7061 27994
7061 27995
7062 27201
7062 26901
7062 27028
7062 27184
7062 14549
7062 27729
7062 27724
7062 26518
7062 26084
7062 27901
7062 26139
7063 23248
7063 26280
7063 25585
7063 28039
7063 19978
7064 18943
7064 25294
7064 18570
7064 22908
7064 17511
7064 21428
7064 26207
7064 13018
7064 24008
7064 21444
7064 26004
7064 15839
7064 20240
7064 25698
7064 24421
7064 19715
7064 26894
7064 23468
7064 26896
7064 20915
7064 15483
7064 26290
7064 26787
7064 26952
7064 25068
7064 26671
7064 26275
7064 23056
7064 15775
7064 13086
7064 21791
7064 27031
7064 23863
7064 27005
7064 16297
7064 24354
7064 17599
7064 12151
7064 15049
7064 15861
7065 11953
7065 23686
7065 24385
7065 24435
7065 24956
7065 22412
7065 27065
7065 25986
7065 27691
7065 27981
7066 13376
7066 16164
7066 14190
7066 12891
7066 17791
7066 20754
7066 14373
7066 19026
7066 26317
7066 25712
7066 22297
7066 11923
7066 12207
7066 15035
7066 15507
7066 15510
7066 12208
7066 12509
7066 13365
7066 15185
7066 15511
7066 21443
7066 27059
7066 27283
7066 27495
7066 27764
7066 27474
7066 27983
7067 20937
7067 15641
7067 22786
7067 23906
7067 24666
7068 20431
7068 20228
7068 22505
7068 20890
7068 23893
7068 24435
7068 23928
7068 24666
7068 25519
7068 25549
7068 24871
7068 11923
7068 27252
7068 21259
7068 27685
7068 27221
7068 27187
7068 27938
7068 27962
7068 25157
7069 24480
7069 27302
7069 26820
7069 26604
7069 27283
7069 27906
7070 19398
7070 18236
7070 17324
7070 25819
7070 12518
7070 13326
7070 13918
7070 12255
7070 15583
7070 12254
7071 24006
7071 13738
7071 13553
7071 20864
7071 21362
7072 22562
7072 24643
7072 25772
7072 11923
7072 25815
7072 26924
7072 17184
7073 12770
7073 20626
7073 24592
7073 25463
7073 27449
7073 22456
7074 13054
7074 11847
7074 25259
7074 19240
7074 26909
7074 14262
7074 20645
7074 24740
7074 27493
7075 17784
7075 26274
7075 21259
7075 27309
7075 27519
7075 27552
7075 27518
7075 27862
7075 27416
7075 27857
7075 27641
7075 27770
7075 27625
7075 23318
7075 27746
7075 27855
7075 27722
7075 27660
7075 25752
7075 27089
7075 28009
7075 28029
7075 27831
7075 28083
7075 28007
7075 28082
7075 27776
7075 28061
7075 28076
7075 28085
7075 28090
7075 28065
7075 28078
7075 28077
7075 28055
7075 28010
7076 15519
7076 20044
7076 20533
7076 16631
7076 23871
7076 23410
7076 24435
7076 23681
7076 23939
7076 23459
7076 24510
7076 25054
7076 26224
7076 26106
7076 26172
7076 22739
7076 21555
7076 26644
7076 19786
7076 25989
7076 26113
7076 27286
7076 14517
7076 27582
7076 26783
7076 27915
7076 25653
7076 27982
7076 25109
7076 13324
7076 26757
7076 28091
7077 13750
7077 14185
7077 18882
7077 15665
7077 12951
7077 14233
7077 19753
7077 18981
7077 20904
7077 22487
7077 21060
7077 22016
7078 21281
7078 21952
7078 24124
7078 23684
7078 24589
7078 25021
7078 26645
7078 22350
7078 25111
7078 17867
7078 26960
7078 27724
7079 18886
7079 25644
7079 17964
7079 19033
7079 23131
7080 26069
7080 26345
7080 25076
7080 22348
7080 27731
7080 27732
7080 27283
7080 27930
7080 17184
7081 18275
7081 20940
7081 15001
7081 16033
7081 23564
7081 12572
7081 20702
7082 18054
7082 15609
7082 12615
7082 19286
7082 12470
7082 24240
7082 24978
7082 12009
7082 13660
7082 19879
7082 26275
7082 24836
7082 26007
7082 12614
7082 17611
7083 18740
7083 26207
7083 14104
7083 18413
7083 25734
7083 19353
7084 13658
7084 25392
7084 18267
7084 13077
7084 18491
7085 24586
7085 24588
7085 24666
7085 25652
7085 25285
7085 25654
7085 23642
7085 26902
7085 27732
7085 27813
7086 12234
7086 12858
7086 19205
7086 16817
7086 16814
7086 12518
7086 18959
7086 22696
7086 18130
7086 21108
7086 15666
7086 22158
7086 21667
7087 17046
7087 17461
7087 17462
7087 23043
7087 24917
7087 21740
7087 13041
7087 13586
7087 15413
7087 25723
7087 23051
7087 12572
7087 18422
7087 26516
7087 13199
7087 15329
7087 21467
7087 22341
7087 17331
7087 24004
7088 20030
7088 12099
7088 14734
7088 16065
7088 25549
7089 25035
7089 20582
7089 20820
7089 17546
7089 24748
7089 26514
7089 17804
7089 20349
7089 11957
7089 14165
7089 12603
7089 27409
7089 15679
7089 19560
7090 15352
7090 23478
7090 26691
7090 27269
7090 26743
7090 14549
7090 26308
7091 14424
7091 15344
7091 11973
7091 12652
7091 14186
7091 13592
7091 13810
7091 20770
7091 20782
7091 21175
7091 13271
7091 18929
7091 22518
7091 16962
7091 19560
7091 13756
7091 24796
7091 24934
7091 26096
7091 26203
7091 25806
7091 25748
7091 27059
7091 13308
7091 12491
7091 27708
7091 27706
7091 27843
7091 28041
7092 14638
7092 27229
7092 27320
7092 19852
7092 21141
7092 16277
7092 24338
7092 27819
7092 27844
7092 27592
7093 21813
7093 23219
7093 24666
7093 11923
7093 27302
7093 27638
7093 27837
7093 21463
7093 27834
7093 27945
7093 28013
7093 14889
7094 14917
7094 21235
7094 15651
7094 24930
7094 26335
7094 26277
7094 23121
7094 25210
7094 14912
7094 18661
7094 23292
7094 26113
7094 26881
7094 26637
7094 25485
7094 21538
7094 26912
7094 26633
7094 26930
7094 26982
7094 27339
7094 27338
7094 27555
7094 27170
7094 26074
7094 27463
7094 14506
7094 24026
7094 27585
7094 19593
7094 26652
7094 27563
7095 12892
7095 20897
7095 18169
7095 21813
7095 22764
7095 22634
7095 24185
7095 23980
7095 24666
7095 24183
7095 24639
7095 25337
7095 25076
7095 26102
7095 25144
7095 26760
7095 25111
7095 11923
7096 12056
7096 12906
7096 13204
7096 13351
7096 13569
7096 13570
7096 13571
7096 13572
7096 13574
7096 13994
7096 14181
7096 14445
7096 11885
7096 12013
7096 13124
7096 14797
7096 12886
7096 12379
7096 12687
7096 14509
7096 18766
7096 20290
7096 18911
7096 11872
7096 25602
7096 23812
7096 11923
7096 18909
7096 26451
7096 27188
7096 26671
7096 22394
7096 27376
7096 27370
7096 27938
7096 27707
7096 27709
7096 27717
7096 27920
7097 17536
7097 24836
7097 12701
7097 20000
7097 18673
7097 19637
7097 14607
7097 22420
7097 21871
7097 25000
7097 15342
7097 18319
7097 21698
7097 23664
7097 15243
7097 26077
7097 11923
7097 12667
7097 14046
7097 16294
7097 19099
7097 11917
7097 14161
7097 27383
7097 27391
7097 22165
7097 13149
7097 17699
7097 26936
7097 24688
7098 21509
7098 23680
7098 23186
7098 25021
7098 26277
7098 26474
7098 27201
7098 27057
7098 25757
7098 27495
7098 27543
7098 28021
7098 27977
7099 17063
7099 14607
7099 18825
7099 18823
7099 24928
7099 25044
7099 24279
7099 14308
7099 25043
7099 17519
7099 14289
7099 25421
7100 12855
7100 13131
7100 17880
7100 19825
7100 21837
7100 24431
7101 13515
7101 22350
7101 21591
7101 27609
7101 27833
7101 28011
7101 27969
7102 18239
7102 17197
7102 21996
7102 23870
7102 22638
7102 27152
7102 21808
7102 22898
7102 23150
7102 16623
7102 16428
7102 19650
7102 14577
7102 22561
7102 13326
7102 25766
7102 12444
7102 12003
7102 12607
7102 18209
7102 18435
7102 12254
7102 12299
7102 21069
7103 21828
7103 24666
7103 26492
7103 26914
7103 27229
7103 27351
7103 26919
7104 12145
7104 15062
7104 17901
7104 20002
7104 26078
7104 27918
7105 22294
7105 22193
7105 15308
7105 20937
7105 21691
7106 15213
7106 25800
7106 26329
7106 18709
7106 20409
7107 24956
7107 12600
7107 27560
7107 27855
7107 17058
7108 14919
7108 16171
7108 16190
7108 20080
7108 20105
7108 16136
7109 15032
7109 27202
7109 24932
7109 25909
7109 23922
7110 12056
7110 12735
7110 15267
7110 20972
7110 22879
7110 22771
7110 25689
7110 16006
7110 26859
7110 17154
7110 24686
7111 23160
7111 21290
7111 24268
7111 13377
7111 24687
7111 24048
7111 25458
7111 22574
7111 13763
7111 20625
7111 24527
7111 26492
7111 16846
7111 26789
7111 12707
7111 17536
7111 18647
7111 12234
7111 24255
7111 26089
7111 26765
7111 23996
7111 25801
7111 25803
7111 20860
7111 26532
7111 26738
7111 22979
7111 15913
7111 23652
7111 21943
7112 20609
7112 24672
7112 14026
7112 15082
7112 15271
7112 20170
7112 24765
7112 26876
7112 19085
7113 12008
7113 11967
7113 12148
7113 12505
7113 13878
7113 13353
7113 13041
7113 13586
7113 13755
7113 13993
7113 15042
7113 17538
7113 16065
7113 15750
7113 20105
7113 14504
7113 17591
7113 20632
7113 21768
7113 16120
7113 17896
7113 20125
7113 13924
7113 20993
7114 21380
7114 25203
7114 12693
7114 24014
7114 24084
7114 25512
7114 26827
7114 24465
7114 26205
7114 14146
7114 15187
7114 19415
7114 24038
7114 14821
7115 12164
7115 12070
7115 12518
7115 12110
7115 12201
7115 13882
7115 13939
7115 17740
7115 19529
7115 14543
7115 13580
7115 19478
7116 25133
7116 14716
7116 25421
7116 15597
7116 22298
7116 23296
7117 19927
7117 13258
7117 17689
7117 21140
7117 22045
7117 25626
7117 15132
7117 23531
7118 14787
7118 17004
7118 20880
7118 15529
7118 21435
7118 19435
7118 19920
7118 23540
7118 14223
7119 21175
7119 21536
7119 22871
7119 24476
7119 12178
7119 13322
7119 15103
7119 15463
7119 16356
7119 25570
7119 18690
7119 12600
7119 16279
7119 20904
7119 14080
7119 15897
7119 23760
7119 25847
7119 18311
7119 16204
7119 20529
7119 27266
7119 22672
7119 25064
7119 20061
7119 16652
7119 15014
7119 18734
7119 19395
7119 24011
7119 25775
7119 26988
7119 27128
7120 22562
7120 25110
7120 26394
7120 22348
7120 27609
7121 23906
7121 24585
7121 17794
7121 21514
7121 23025
7121 25500
7121 27737
7122 15582
7122 16541
7122 14262
7122 19205
7122 15558
7122 22026
7122 11933
7122 14935
7122 18721
7122 19950
7122 24764
7122 19465
7122 19998
7122 26078
7122 22619
7122 26898
7122 15952
7122 26995
7123 12560
7123 14170
7123 16809
7123 17469
7123 17434
7123 23149
7123 22688
7123 23683
7123 12914
7123 24052
7123 25791
7123 27203
7123 24006
7124 17131
7124 24371
7124 19632
7124 18195
7124 21226
7124 12187
7124 15549
7124 18007
7124 23128
7124 19825
7124 20136
7124 27220
7124 15688
7124 21227
7125 12493
7125 12944
7125 22869
7125 15591
7125 19542
7125 19164
7125 22208
7125 14520
7125 16398
7125 24098
7125 13784
7125 19064
7126 17110
7126 22688
7126 26260
7126 22568
7126 15928
7126 27065
7126 27836
7126 13485
7126 27910
7126 27477
7127 14783
7127 12759
7127 22517
7127 22504
7127 12556
7127 27572
7127 27542
7127 27791
7127 27704
7128 17057
7128 16329
7128 18882
7128 21241
7128 26186
7128 25243
7128 13308
7128 13738
7128 14976
7128 12419
7128 12423
7128 12900
7128 13235
7128 22268
7128 23930
7128 12378
7129 16690
7129 21922
7129 20444
7129 26419
7129 18588
7129 21529
7129 25244
7129 25921
7129 26480
7129 18309
7129 18606
7129 21271
7130 19665
7130 19025
7130 18813
7130 21664
7130 24304
7130 19194
7130 24152
7131 14254
7131 14810
7131 15730
7131 19942
7131 24544
7131 15585
7131 15646
7131 16609
7131 12761
7131 15398
7131 14649
7131 21170
7131 26789
7131 14047
7131 19985
7131 23978
7131 24476
7131 27308
7131 22625
7132 27088
7132 14549
7132 27731
7132 27834
7132 27617
7132 27477
7133 14621
7133 16460
7133 12157
7133 20678
7133 20653
7133 25043
7133 13400
7133 24663
7133 16962
7133 12662
7134 24187
7134 27112
7134 27685
7134 21259
7134 27221
7134 20708
7134 22936
7134 25267
7134 27527
7134 13131
7134 27416
7134 25957
7134 26165
7134 27641
7134 19513
7134 20265
7134 23468
7134 24541
7134 25679
7134 21512
7134 23613
7134 25559
7134 27309
7134 23318
7134 28043
7134 28029
7134 28060
7134 28083
7134 28018
7134 28040
7134 28074
7134 28056
7134 28061
7134 28065
7134 28085
7134 27941
7134 27660
7134 28094
7134 28055
7134 28076
7135 14520
7135 17121
7135 12587
7135 13906
7135 15112
7135 13993
7135 13491
7135 12390
7135 12818
7135 18715
7135 22397
7135 22504
7135 20923
7135 22056
7135 22509
7135 20988
7135 20922
7135 23561
7135 21953
7135 24185
7135 20294
7135 17528
7135 26303
7135 22994
7135 20090
7135 25557
7135 26477
7135 26809
7135 21383
7135 23787
7135 27860
7135 27906
7136 17927
7136 16506
7136 14248
7136 26416
7136 21732
7136 21441
7136 23596
7136 25977
7136 21229
7136 23467
7137 14168
7137 16716
7137 22472
7137 20430
7137 22805
7137 15729
7137 27219
7137 14000
7137 18325
7137 24306
7138 12758
7138 15236
7138 18588
7138 19339
7138 17209
7138 20314
7139 23908
7139 23638
7139 23459
7139 26646
7139 27072
7139 27334
7140 13845
7140 12721
7140 16781
7140 21390
7140 14023
7140 19105
7140 20256
7141 22573
7141 11964
7141 23945
7141 13945
7141 24051
7141 24386
7141 25976
7141 19028
7141 19262
7141 18780
7141 13184
7141 26795
7141 27163
7141 17644
7141 26493
7141 27560
7141 27171
7141 27614
7141 27855
7141 27995
7141 20939
7142 14244
7142 13771
7142 13711
7142 13712
7142 19949
7142 17329
7142 18769
7143 23411
7143 24956
7143 26808
7143 26989
7143 27088
